tick,cycle,router_id,nocname,nps_type,queue_kind,inport,vc,depth
21000,21,0,NOC_NPS_VNOC_X3Y1,VNOC,data_vc,0,5,1
22000,22,0,NOC_NPS_VNOC_X3Y1,VNOC,data_vc,0,5,1
23000,23,0,NOC_NPS_VNOC_X3Y1,VNOC,credit,0,-1,1
23000,23,0,NOC_NPS_VNOC_X3Y1,VNOC,data_vc,0,5,1
23000,23,1,NOC_NPS_VNOC_X3Y0,VNOC,data_vc,1,5,1
24000,24,0,NOC_NPS_VNOC_X3Y1,VNOC,credit,0,-1,1
24000,24,0,NOC_NPS_VNOC_X3Y1,VNOC,data_vc,0,5,1
24000,24,1,NOC_NPS_VNOC_X3Y0,VNOC,data_vc,1,5,1
25000,25,0,NOC_NPS_VNOC_X3Y1,VNOC,credit,0,-1,1
25000,25,0,NOC_NPS_VNOC_X3Y1,VNOC,data_vc,0,5,1
25000,25,1,NOC_NPS_VNOC_X3Y0,VNOC,credit,1,-1,1
25000,25,1,NOC_NPS_VNOC_X3Y0,VNOC,data_vc,1,5,1
26000,26,0,NOC_NPS_VNOC_X3Y1,VNOC,credit,0,-1,1
26000,26,0,NOC_NPS_VNOC_X3Y1,VNOC,data_vc,0,5,1
26000,26,1,NOC_NPS_VNOC_X3Y0,VNOC,credit,1,-1,1
26000,26,1,NOC_NPS_VNOC_X3Y0,VNOC,data_vc,1,5,1
27000,27,0,NOC_NPS_VNOC_X3Y1,VNOC,credit,0,-1,1
27000,27,0,NOC_NPS_VNOC_X3Y1,VNOC,data_vc,0,5,1
27000,27,1,NOC_NPS_VNOC_X3Y0,VNOC,credit,1,-1,1
27000,27,1,NOC_NPS_VNOC_X3Y0,VNOC,data_vc,1,5,1
28000,28,0,NOC_NPS_VNOC_X3Y1,VNOC,credit,0,-1,1
28000,28,0,NOC_NPS_VNOC_X3Y1,VNOC,data_vc,0,5,1
28000,28,1,NOC_NPS_VNOC_X3Y0,VNOC,credit,1,-1,1
28000,28,1,NOC_NPS_VNOC_X3Y0,VNOC,data_vc,1,5,1
29000,29,0,NOC_NPS_VNOC_X3Y1,VNOC,credit,0,-1,1
29000,29,0,NOC_NPS_VNOC_X3Y1,VNOC,data_vc,0,5,1
29000,29,1,NOC_NPS_VNOC_X3Y0,VNOC,credit,1,-1,1
29000,29,1,NOC_NPS_VNOC_X3Y0,VNOC,data_vc,1,5,1
30000,30,0,NOC_NPS_VNOC_X3Y1,VNOC,credit,0,-1,1
30000,30,0,NOC_NPS_VNOC_X3Y1,VNOC,data_vc,0,5,1
30000,30,1,NOC_NPS_VNOC_X3Y0,VNOC,credit,1,-1,1
30000,30,1,NOC_NPS_VNOC_X3Y0,VNOC,data_vc,1,5,1
31000,31,0,NOC_NPS_VNOC_X3Y1,VNOC,credit,0,-1,1
31000,31,0,NOC_NPS_VNOC_X3Y1,VNOC,data_vc,0,5,1
31000,31,1,NOC_NPS_VNOC_X3Y0,VNOC,credit,1,-1,1
31000,31,1,NOC_NPS_VNOC_X3Y0,VNOC,data_vc,1,5,1
32000,32,0,NOC_NPS_VNOC_X3Y1,VNOC,credit,0,-1,1
32000,32,0,NOC_NPS_VNOC_X3Y1,VNOC,data_vc,0,5,1
32000,32,1,NOC_NPS_VNOC_X3Y0,VNOC,credit,1,-1,1
32000,32,1,NOC_NPS_VNOC_X3Y0,VNOC,data_vc,1,5,1
33000,33,0,NOC_NPS_VNOC_X3Y1,VNOC,credit,0,-1,1
33000,33,0,NOC_NPS_VNOC_X3Y1,VNOC,data_vc,0,5,1
33000,33,1,NOC_NPS_VNOC_X3Y0,VNOC,credit,1,-1,1
33000,33,1,NOC_NPS_VNOC_X3Y0,VNOC,data_vc,1,5,1
34000,34,0,NOC_NPS_VNOC_X3Y1,VNOC,credit,0,-1,1
34000,34,0,NOC_NPS_VNOC_X3Y1,VNOC,data_vc,0,5,1
34000,34,1,NOC_NPS_VNOC_X3Y0,VNOC,credit,1,-1,1
34000,34,1,NOC_NPS_VNOC_X3Y0,VNOC,data_vc,1,5,1
35000,35,0,NOC_NPS_VNOC_X3Y1,VNOC,credit,0,-1,1
35000,35,0,NOC_NPS_VNOC_X3Y1,VNOC,data_vc,0,5,1
35000,35,1,NOC_NPS_VNOC_X3Y0,VNOC,credit,1,-1,1
35000,35,1,NOC_NPS_VNOC_X3Y0,VNOC,data_vc,1,5,1
36000,36,0,NOC_NPS_VNOC_X3Y1,VNOC,credit,0,-1,1
36000,36,0,NOC_NPS_VNOC_X3Y1,VNOC,data_vc,0,5,1
36000,36,1,NOC_NPS_VNOC_X3Y0,VNOC,credit,1,-1,1
36000,36,1,NOC_NPS_VNOC_X3Y0,VNOC,data_vc,1,5,1
37000,37,0,NOC_NPS_VNOC_X3Y1,VNOC,credit,0,-1,1
37000,37,0,NOC_NPS_VNOC_X3Y1,VNOC,data_vc,0,5,1
37000,37,1,NOC_NPS_VNOC_X3Y0,VNOC,credit,1,-1,1
37000,37,1,NOC_NPS_VNOC_X3Y0,VNOC,data_vc,1,5,1
38000,38,0,NOC_NPS_VNOC_X3Y1,VNOC,credit,0,-1,1
38000,38,0,NOC_NPS_VNOC_X3Y1,VNOC,data_vc,0,5,1
38000,38,1,NOC_NPS_VNOC_X3Y0,VNOC,credit,1,-1,1
38000,38,1,NOC_NPS_VNOC_X3Y0,VNOC,data_vc,1,5,1
39000,39,0,NOC_NPS_VNOC_X3Y1,VNOC,credit,0,-1,1
39000,39,0,NOC_NPS_VNOC_X3Y1,VNOC,data_vc,0,5,1
39000,39,1,NOC_NPS_VNOC_X3Y0,VNOC,credit,1,-1,1
39000,39,1,NOC_NPS_VNOC_X3Y0,VNOC,data_vc,1,5,1
40000,40,0,NOC_NPS_VNOC_X3Y1,VNOC,credit,0,-1,1
40000,40,0,NOC_NPS_VNOC_X3Y1,VNOC,data_vc,0,5,1
40000,40,1,NOC_NPS_VNOC_X3Y0,VNOC,credit,1,-1,1
40000,40,1,NOC_NPS_VNOC_X3Y0,VNOC,data_vc,1,5,1
41000,41,0,NOC_NPS_VNOC_X3Y1,VNOC,credit,0,-1,1
41000,41,0,NOC_NPS_VNOC_X3Y1,VNOC,data_vc,0,5,1
41000,41,1,NOC_NPS_VNOC_X3Y0,VNOC,credit,1,-1,1
41000,41,1,NOC_NPS_VNOC_X3Y0,VNOC,data_vc,1,5,1
42000,42,0,NOC_NPS_VNOC_X3Y1,VNOC,credit,0,-1,1
42000,42,0,NOC_NPS_VNOC_X3Y1,VNOC,data_vc,0,5,1
42000,42,1,NOC_NPS_VNOC_X3Y0,VNOC,credit,1,-1,1
42000,42,1,NOC_NPS_VNOC_X3Y0,VNOC,data_vc,1,5,1
43000,43,0,NOC_NPS_VNOC_X3Y1,VNOC,credit,0,-1,1
43000,43,0,NOC_NPS_VNOC_X3Y1,VNOC,data_vc,0,5,1
43000,43,1,NOC_NPS_VNOC_X3Y0,VNOC,credit,1,-1,1
43000,43,1,NOC_NPS_VNOC_X3Y0,VNOC,data_vc,1,5,1
44000,44,0,NOC_NPS_VNOC_X3Y1,VNOC,credit,0,-1,1
44000,44,0,NOC_NPS_VNOC_X3Y1,VNOC,data_vc,0,5,1
44000,44,1,NOC_NPS_VNOC_X3Y0,VNOC,credit,1,-1,1
44000,44,1,NOC_NPS_VNOC_X3Y0,VNOC,data_vc,1,5,1
45000,45,0,NOC_NPS_VNOC_X3Y1,VNOC,credit,0,-1,1
45000,45,0,NOC_NPS_VNOC_X3Y1,VNOC,data_vc,0,5,1
45000,45,1,NOC_NPS_VNOC_X3Y0,VNOC,credit,1,-1,1
45000,45,1,NOC_NPS_VNOC_X3Y0,VNOC,data_vc,1,5,1
46000,46,0,NOC_NPS_VNOC_X3Y1,VNOC,credit,0,-1,1
46000,46,0,NOC_NPS_VNOC_X3Y1,VNOC,data_vc,0,5,1
46000,46,1,NOC_NPS_VNOC_X3Y0,VNOC,credit,1,-1,1
46000,46,1,NOC_NPS_VNOC_X3Y0,VNOC,data_vc,1,5,1
47000,47,0,NOC_NPS_VNOC_X3Y1,VNOC,credit,0,-1,1
47000,47,0,NOC_NPS_VNOC_X3Y1,VNOC,data_vc,0,5,1
47000,47,1,NOC_NPS_VNOC_X3Y0,VNOC,credit,1,-1,1
47000,47,1,NOC_NPS_VNOC_X3Y0,VNOC,data_vc,1,5,1
48000,48,0,NOC_NPS_VNOC_X3Y1,VNOC,credit,0,-1,1
48000,48,0,NOC_NPS_VNOC_X3Y1,VNOC,data_vc,0,5,1
48000,48,1,NOC_NPS_VNOC_X3Y0,VNOC,credit,1,-1,1
48000,48,1,NOC_NPS_VNOC_X3Y0,VNOC,data_vc,1,5,1
49000,49,0,NOC_NPS_VNOC_X3Y1,VNOC,credit,0,-1,1
49000,49,0,NOC_NPS_VNOC_X3Y1,VNOC,data_vc,0,5,1
49000,49,1,NOC_NPS_VNOC_X3Y0,VNOC,credit,1,-1,1
49000,49,1,NOC_NPS_VNOC_X3Y0,VNOC,data_vc,1,5,1
50000,50,0,NOC_NPS_VNOC_X3Y1,VNOC,credit,0,-1,1
50000,50,0,NOC_NPS_VNOC_X3Y1,VNOC,data_vc,0,5,1
50000,50,1,NOC_NPS_VNOC_X3Y0,VNOC,credit,1,-1,1
50000,50,1,NOC_NPS_VNOC_X3Y0,VNOC,data_vc,1,5,1
51000,51,0,NOC_NPS_VNOC_X3Y1,VNOC,credit,0,-1,1
51000,51,0,NOC_NPS_VNOC_X3Y1,VNOC,data_vc,0,5,1
51000,51,1,NOC_NPS_VNOC_X3Y0,VNOC,credit,1,-1,1
51000,51,1,NOC_NPS_VNOC_X3Y0,VNOC,data_vc,1,5,1
52000,52,0,NOC_NPS_VNOC_X3Y1,VNOC,credit,0,-1,1
52000,52,0,NOC_NPS_VNOC_X3Y1,VNOC,data_vc,0,5,1
52000,52,1,NOC_NPS_VNOC_X3Y0,VNOC,credit,1,-1,1
52000,52,1,NOC_NPS_VNOC_X3Y0,VNOC,data_vc,1,5,1
53000,53,0,NOC_NPS_VNOC_X3Y1,VNOC,credit,0,-1,1
53000,53,0,NOC_NPS_VNOC_X3Y1,VNOC,data_vc,0,5,1
53000,53,1,NOC_NPS_VNOC_X3Y0,VNOC,credit,1,-1,1
53000,53,1,NOC_NPS_VNOC_X3Y0,VNOC,data_vc,1,5,1
54000,54,0,NOC_NPS_VNOC_X3Y1,VNOC,credit,0,-1,1
54000,54,0,NOC_NPS_VNOC_X3Y1,VNOC,data_vc,0,5,1
54000,54,1,NOC_NPS_VNOC_X3Y0,VNOC,credit,1,-1,1
54000,54,1,NOC_NPS_VNOC_X3Y0,VNOC,data_vc,1,5,1
55000,55,0,NOC_NPS_VNOC_X3Y1,VNOC,credit,0,-1,1
55000,55,0,NOC_NPS_VNOC_X3Y1,VNOC,data_vc,0,5,1
55000,55,1,NOC_NPS_VNOC_X3Y0,VNOC,credit,1,-1,1
55000,55,1,NOC_NPS_VNOC_X3Y0,VNOC,data_vc,1,5,1
56000,56,0,NOC_NPS_VNOC_X3Y1,VNOC,credit,0,-1,1
56000,56,0,NOC_NPS_VNOC_X3Y1,VNOC,data_vc,0,5,1
56000,56,1,NOC_NPS_VNOC_X3Y0,VNOC,credit,1,-1,1
56000,56,1,NOC_NPS_VNOC_X3Y0,VNOC,data_vc,1,5,1
57000,57,0,NOC_NPS_VNOC_X3Y1,VNOC,credit,0,-1,1
57000,57,0,NOC_NPS_VNOC_X3Y1,VNOC,data_vc,0,5,1
57000,57,1,NOC_NPS_VNOC_X3Y0,VNOC,credit,1,-1,1
57000,57,1,NOC_NPS_VNOC_X3Y0,VNOC,data_vc,1,5,1
58000,58,0,NOC_NPS_VNOC_X3Y1,VNOC,credit,0,-1,1
58000,58,0,NOC_NPS_VNOC_X3Y1,VNOC,data_vc,0,5,1
58000,58,1,NOC_NPS_VNOC_X3Y0,VNOC,credit,1,-1,1
58000,58,1,NOC_NPS_VNOC_X3Y0,VNOC,data_vc,1,5,1
59000,59,0,NOC_NPS_VNOC_X3Y1,VNOC,credit,0,-1,1
59000,59,0,NOC_NPS_VNOC_X3Y1,VNOC,data_vc,0,5,1
59000,59,1,NOC_NPS_VNOC_X3Y0,VNOC,credit,1,-1,1
59000,59,1,NOC_NPS_VNOC_X3Y0,VNOC,data_vc,1,5,1
60000,60,0,NOC_NPS_VNOC_X3Y1,VNOC,credit,0,-1,1
60000,60,0,NOC_NPS_VNOC_X3Y1,VNOC,data_vc,0,5,1
60000,60,1,NOC_NPS_VNOC_X3Y0,VNOC,credit,1,-1,1
60000,60,1,NOC_NPS_VNOC_X3Y0,VNOC,data_vc,1,5,1
61000,61,0,NOC_NPS_VNOC_X3Y1,VNOC,credit,0,-1,1
61000,61,0,NOC_NPS_VNOC_X3Y1,VNOC,data_vc,0,5,1
61000,61,1,NOC_NPS_VNOC_X3Y0,VNOC,credit,1,-1,1
61000,61,1,NOC_NPS_VNOC_X3Y0,VNOC,data_vc,1,5,1
62000,62,0,NOC_NPS_VNOC_X3Y1,VNOC,credit,0,-1,1
62000,62,0,NOC_NPS_VNOC_X3Y1,VNOC,data_vc,0,5,1
62000,62,1,NOC_NPS_VNOC_X3Y0,VNOC,credit,1,-1,1
62000,62,1,NOC_NPS_VNOC_X3Y0,VNOC,data_vc,1,5,1
63000,63,0,NOC_NPS_VNOC_X3Y1,VNOC,credit,0,-1,1
63000,63,0,NOC_NPS_VNOC_X3Y1,VNOC,data_vc,0,5,1
63000,63,1,NOC_NPS_VNOC_X3Y0,VNOC,credit,1,-1,1
63000,63,1,NOC_NPS_VNOC_X3Y0,VNOC,data_vc,1,5,1
64000,64,0,NOC_NPS_VNOC_X3Y1,VNOC,credit,0,-1,1
64000,64,0,NOC_NPS_VNOC_X3Y1,VNOC,data_vc,0,5,1
64000,64,1,NOC_NPS_VNOC_X3Y0,VNOC,credit,1,-1,1
64000,64,1,NOC_NPS_VNOC_X3Y0,VNOC,data_vc,1,5,1
65000,65,0,NOC_NPS_VNOC_X3Y1,VNOC,credit,0,-1,1
65000,65,0,NOC_NPS_VNOC_X3Y1,VNOC,data_vc,0,5,1
65000,65,1,NOC_NPS_VNOC_X3Y0,VNOC,credit,1,-1,1
65000,65,1,NOC_NPS_VNOC_X3Y0,VNOC,data_vc,1,5,1
66000,66,0,NOC_NPS_VNOC_X3Y1,VNOC,credit,0,-1,1
66000,66,0,NOC_NPS_VNOC_X3Y1,VNOC,data_vc,0,5,1
66000,66,1,NOC_NPS_VNOC_X3Y0,VNOC,credit,1,-1,1
66000,66,1,NOC_NPS_VNOC_X3Y0,VNOC,data_vc,1,5,1
67000,67,0,NOC_NPS_VNOC_X3Y1,VNOC,credit,0,-1,1
67000,67,0,NOC_NPS_VNOC_X3Y1,VNOC,data_vc,0,5,1
67000,67,1,NOC_NPS_VNOC_X3Y0,VNOC,credit,1,-1,1
67000,67,1,NOC_NPS_VNOC_X3Y0,VNOC,data_vc,1,5,1
68000,68,0,NOC_NPS_VNOC_X3Y1,VNOC,credit,0,-1,1
68000,68,0,NOC_NPS_VNOC_X3Y1,VNOC,data_vc,0,5,1
68000,68,1,NOC_NPS_VNOC_X3Y0,VNOC,credit,1,-1,1
68000,68,1,NOC_NPS_VNOC_X3Y0,VNOC,data_vc,1,5,1
69000,69,0,NOC_NPS_VNOC_X3Y1,VNOC,credit,0,-1,1
69000,69,0,NOC_NPS_VNOC_X3Y1,VNOC,data_vc,0,5,1
69000,69,1,NOC_NPS_VNOC_X3Y0,VNOC,credit,1,-1,1
69000,69,1,NOC_NPS_VNOC_X3Y0,VNOC,data_vc,1,5,1
70000,70,0,NOC_NPS_VNOC_X3Y1,VNOC,credit,0,-1,1
70000,70,0,NOC_NPS_VNOC_X3Y1,VNOC,data_vc,0,5,1
70000,70,1,NOC_NPS_VNOC_X3Y0,VNOC,credit,1,-1,1
70000,70,1,NOC_NPS_VNOC_X3Y0,VNOC,data_vc,1,5,1
71000,71,0,NOC_NPS_VNOC_X3Y1,VNOC,credit,0,-1,1
71000,71,0,NOC_NPS_VNOC_X3Y1,VNOC,data_vc,0,5,1
71000,71,1,NOC_NPS_VNOC_X3Y0,VNOC,credit,1,-1,1
71000,71,1,NOC_NPS_VNOC_X3Y0,VNOC,data_vc,1,5,1
72000,72,0,NOC_NPS_VNOC_X3Y1,VNOC,credit,0,-1,1
72000,72,0,NOC_NPS_VNOC_X3Y1,VNOC,data_vc,0,5,1
72000,72,1,NOC_NPS_VNOC_X3Y0,VNOC,credit,1,-1,1
72000,72,1,NOC_NPS_VNOC_X3Y0,VNOC,data_vc,1,5,1
73000,73,0,NOC_NPS_VNOC_X3Y1,VNOC,credit,0,-1,1
73000,73,0,NOC_NPS_VNOC_X3Y1,VNOC,data_vc,0,5,1
73000,73,1,NOC_NPS_VNOC_X3Y0,VNOC,credit,1,-1,1
73000,73,1,NOC_NPS_VNOC_X3Y0,VNOC,data_vc,1,5,1
74000,74,0,NOC_NPS_VNOC_X3Y1,VNOC,credit,0,-1,1
74000,74,0,NOC_NPS_VNOC_X3Y1,VNOC,data_vc,0,5,1
74000,74,1,NOC_NPS_VNOC_X3Y0,VNOC,credit,1,-1,1
74000,74,1,NOC_NPS_VNOC_X3Y0,VNOC,data_vc,1,5,1
75000,75,0,NOC_NPS_VNOC_X3Y1,VNOC,credit,0,-1,1
75000,75,0,NOC_NPS_VNOC_X3Y1,VNOC,data_vc,0,5,1
75000,75,1,NOC_NPS_VNOC_X3Y0,VNOC,credit,1,-1,1
75000,75,1,NOC_NPS_VNOC_X3Y0,VNOC,data_vc,1,5,1
76000,76,0,NOC_NPS_VNOC_X3Y1,VNOC,credit,0,-1,1
76000,76,0,NOC_NPS_VNOC_X3Y1,VNOC,data_vc,0,5,1
76000,76,1,NOC_NPS_VNOC_X3Y0,VNOC,credit,1,-1,1
76000,76,1,NOC_NPS_VNOC_X3Y0,VNOC,data_vc,1,5,1
77000,77,0,NOC_NPS_VNOC_X3Y1,VNOC,credit,0,-1,1
77000,77,0,NOC_NPS_VNOC_X3Y1,VNOC,data_vc,0,5,1
77000,77,1,NOC_NPS_VNOC_X3Y0,VNOC,credit,1,-1,1
77000,77,1,NOC_NPS_VNOC_X3Y0,VNOC,data_vc,1,5,1
78000,78,0,NOC_NPS_VNOC_X3Y1,VNOC,credit,0,-1,1
78000,78,0,NOC_NPS_VNOC_X3Y1,VNOC,data_vc,0,5,1
78000,78,1,NOC_NPS_VNOC_X3Y0,VNOC,credit,1,-1,1
78000,78,1,NOC_NPS_VNOC_X3Y0,VNOC,data_vc,1,5,1
79000,79,0,NOC_NPS_VNOC_X3Y1,VNOC,credit,0,-1,1
79000,79,0,NOC_NPS_VNOC_X3Y1,VNOC,data_vc,0,5,1
79000,79,1,NOC_NPS_VNOC_X3Y0,VNOC,credit,1,-1,1
79000,79,1,NOC_NPS_VNOC_X3Y0,VNOC,data_vc,1,5,1
80000,80,0,NOC_NPS_VNOC_X3Y1,VNOC,credit,0,-1,1
80000,80,0,NOC_NPS_VNOC_X3Y1,VNOC,data_vc,0,5,1
80000,80,1,NOC_NPS_VNOC_X3Y0,VNOC,credit,1,-1,1
80000,80,1,NOC_NPS_VNOC_X3Y0,VNOC,data_vc,1,5,1
81000,81,0,NOC_NPS_VNOC_X3Y1,VNOC,credit,0,-1,1
81000,81,0,NOC_NPS_VNOC_X3Y1,VNOC,data_vc,0,5,1
81000,81,1,NOC_NPS_VNOC_X3Y0,VNOC,credit,1,-1,1
81000,81,1,NOC_NPS_VNOC_X3Y0,VNOC,data_vc,1,5,1
82000,82,0,NOC_NPS_VNOC_X3Y1,VNOC,credit,0,-1,1
82000,82,0,NOC_NPS_VNOC_X3Y1,VNOC,data_vc,0,5,1
82000,82,1,NOC_NPS_VNOC_X3Y0,VNOC,credit,1,-1,1
82000,82,1,NOC_NPS_VNOC_X3Y0,VNOC,data_vc,1,5,1
83000,83,0,NOC_NPS_VNOC_X3Y1,VNOC,credit,0,-1,1
83000,83,0,NOC_NPS_VNOC_X3Y1,VNOC,data_vc,0,5,1
83000,83,1,NOC_NPS_VNOC_X3Y0,VNOC,credit,1,-1,1
83000,83,1,NOC_NPS_VNOC_X3Y0,VNOC,data_vc,1,5,1
84000,84,0,NOC_NPS_VNOC_X3Y1,VNOC,credit,0,-1,1
84000,84,0,NOC_NPS_VNOC_X3Y1,VNOC,data_vc,0,5,1
84000,84,1,NOC_NPS_VNOC_X3Y0,VNOC,credit,1,-1,1
84000,84,1,NOC_NPS_VNOC_X3Y0,VNOC,data_vc,1,5,1
85000,85,0,NOC_NPS_VNOC_X3Y1,VNOC,credit,0,-1,1
85000,85,0,NOC_NPS_VNOC_X3Y1,VNOC,data_vc,0,5,1
85000,85,1,NOC_NPS_VNOC_X3Y0,VNOC,credit,1,-1,1
85000,85,1,NOC_NPS_VNOC_X3Y0,VNOC,data_vc,1,5,1
86000,86,0,NOC_NPS_VNOC_X3Y1,VNOC,credit,0,-1,1
86000,86,0,NOC_NPS_VNOC_X3Y1,VNOC,data_vc,0,5,1
86000,86,1,NOC_NPS_VNOC_X3Y0,VNOC,credit,1,-1,1
86000,86,1,NOC_NPS_VNOC_X3Y0,VNOC,data_vc,1,5,1
87000,87,0,NOC_NPS_VNOC_X3Y1,VNOC,credit,0,-1,1
87000,87,0,NOC_NPS_VNOC_X3Y1,VNOC,data_vc,0,5,1
87000,87,1,NOC_NPS_VNOC_X3Y0,VNOC,credit,1,-1,1
87000,87,1,NOC_NPS_VNOC_X3Y0,VNOC,data_vc,1,5,1
88000,88,0,NOC_NPS_VNOC_X3Y1,VNOC,credit,0,-1,1
88000,88,0,NOC_NPS_VNOC_X3Y1,VNOC,data_vc,0,5,1
88000,88,1,NOC_NPS_VNOC_X3Y0,VNOC,credit,1,-1,1
88000,88,1,NOC_NPS_VNOC_X3Y0,VNOC,data_vc,1,5,1
89000,89,0,NOC_NPS_VNOC_X3Y1,VNOC,credit,0,-1,1
89000,89,0,NOC_NPS_VNOC_X3Y1,VNOC,data_vc,0,5,1
89000,89,1,NOC_NPS_VNOC_X3Y0,VNOC,credit,1,-1,1
89000,89,1,NOC_NPS_VNOC_X3Y0,VNOC,data_vc,1,5,1
90000,90,0,NOC_NPS_VNOC_X3Y1,VNOC,credit,0,-1,1
90000,90,0,NOC_NPS_VNOC_X3Y1,VNOC,data_vc,0,5,1
90000,90,1,NOC_NPS_VNOC_X3Y0,VNOC,credit,1,-1,1
90000,90,1,NOC_NPS_VNOC_X3Y0,VNOC,data_vc,1,5,1
91000,91,0,NOC_NPS_VNOC_X3Y1,VNOC,credit,0,-1,1
91000,91,0,NOC_NPS_VNOC_X3Y1,VNOC,data_vc,0,5,1
91000,91,1,NOC_NPS_VNOC_X3Y0,VNOC,credit,1,-1,1
91000,91,1,NOC_NPS_VNOC_X3Y0,VNOC,data_vc,1,5,1
92000,92,0,NOC_NPS_VNOC_X3Y1,VNOC,credit,0,-1,1
92000,92,0,NOC_NPS_VNOC_X3Y1,VNOC,data_vc,0,5,1
92000,92,1,NOC_NPS_VNOC_X3Y0,VNOC,credit,1,-1,1
92000,92,1,NOC_NPS_VNOC_X3Y0,VNOC,data_vc,1,5,1
93000,93,0,NOC_NPS_VNOC_X3Y1,VNOC,credit,0,-1,1
93000,93,0,NOC_NPS_VNOC_X3Y1,VNOC,data_vc,0,5,1
93000,93,1,NOC_NPS_VNOC_X3Y0,VNOC,credit,1,-1,1
93000,93,1,NOC_NPS_VNOC_X3Y0,VNOC,data_vc,1,5,1
94000,94,0,NOC_NPS_VNOC_X3Y1,VNOC,credit,0,-1,1
94000,94,0,NOC_NPS_VNOC_X3Y1,VNOC,data_vc,0,5,1
94000,94,1,NOC_NPS_VNOC_X3Y0,VNOC,credit,1,-1,1
94000,94,1,NOC_NPS_VNOC_X3Y0,VNOC,data_vc,1,5,1
95000,95,0,NOC_NPS_VNOC_X3Y1,VNOC,credit,0,-1,1
95000,95,0,NOC_NPS_VNOC_X3Y1,VNOC,data_vc,0,5,1
95000,95,1,NOC_NPS_VNOC_X3Y0,VNOC,credit,1,-1,1
95000,95,1,NOC_NPS_VNOC_X3Y0,VNOC,data_vc,1,5,1
96000,96,0,NOC_NPS_VNOC_X3Y1,VNOC,credit,0,-1,1
96000,96,0,NOC_NPS_VNOC_X3Y1,VNOC,data_vc,0,5,1
96000,96,1,NOC_NPS_VNOC_X3Y0,VNOC,credit,1,-1,1
96000,96,1,NOC_NPS_VNOC_X3Y0,VNOC,data_vc,1,5,1
97000,97,0,NOC_NPS_VNOC_X3Y1,VNOC,credit,0,-1,1
97000,97,0,NOC_NPS_VNOC_X3Y1,VNOC,data_vc,0,5,1
97000,97,1,NOC_NPS_VNOC_X3Y0,VNOC,credit,1,-1,1
97000,97,1,NOC_NPS_VNOC_X3Y0,VNOC,data_vc,1,5,1
98000,98,0,NOC_NPS_VNOC_X3Y1,VNOC,credit,0,-1,1
98000,98,0,NOC_NPS_VNOC_X3Y1,VNOC,data_vc,0,5,1
98000,98,1,NOC_NPS_VNOC_X3Y0,VNOC,credit,1,-1,1
98000,98,1,NOC_NPS_VNOC_X3Y0,VNOC,data_vc,1,5,1
99000,99,0,NOC_NPS_VNOC_X3Y1,VNOC,data_vc,0,5,1
99000,99,1,NOC_NPS_VNOC_X3Y0,VNOC,credit,1,-1,1
99000,99,1,NOC_NPS_VNOC_X3Y0,VNOC,data_vc,1,5,1
100000,100,0,NOC_NPS_VNOC_X3Y1,VNOC,data_vc,0,5,1
100000,100,1,NOC_NPS_VNOC_X3Y0,VNOC,credit,1,-1,1
100000,100,1,NOC_NPS_VNOC_X3Y0,VNOC,data_vc,1,5,1
101000,101,0,NOC_NPS_VNOC_X3Y1,VNOC,credit,0,-1,1
101000,101,0,NOC_NPS_VNOC_X3Y1,VNOC,data_vc,0,5,1
101000,101,1,NOC_NPS_VNOC_X3Y0,VNOC,data_vc,1,5,1
102000,102,0,NOC_NPS_VNOC_X3Y1,VNOC,credit,0,-1,1
102000,102,0,NOC_NPS_VNOC_X3Y1,VNOC,data_vc,0,5,1
102000,102,1,NOC_NPS_VNOC_X3Y0,VNOC,data_vc,1,5,1
103000,103,0,NOC_NPS_VNOC_X3Y1,VNOC,credit,0,-1,1
103000,103,0,NOC_NPS_VNOC_X3Y1,VNOC,data_vc,0,5,1
103000,103,1,NOC_NPS_VNOC_X3Y0,VNOC,credit,1,-1,1
103000,103,1,NOC_NPS_VNOC_X3Y0,VNOC,data_vc,1,5,1
104000,104,0,NOC_NPS_VNOC_X3Y1,VNOC,credit,0,-1,1
104000,104,0,NOC_NPS_VNOC_X3Y1,VNOC,data_vc,0,5,1
104000,104,1,NOC_NPS_VNOC_X3Y0,VNOC,credit,1,-1,1
104000,104,1,NOC_NPS_VNOC_X3Y0,VNOC,data_vc,1,5,1
105000,105,0,NOC_NPS_VNOC_X3Y1,VNOC,credit,0,-1,1
105000,105,0,NOC_NPS_VNOC_X3Y1,VNOC,data_vc,0,5,1
105000,105,1,NOC_NPS_VNOC_X3Y0,VNOC,credit,1,-1,1
105000,105,1,NOC_NPS_VNOC_X3Y0,VNOC,data_vc,1,5,1
106000,106,0,NOC_NPS_VNOC_X3Y1,VNOC,credit,0,-1,1
106000,106,0,NOC_NPS_VNOC_X3Y1,VNOC,data_vc,0,5,1
106000,106,1,NOC_NPS_VNOC_X3Y0,VNOC,credit,1,-1,1
106000,106,1,NOC_NPS_VNOC_X3Y0,VNOC,data_vc,1,5,1
107000,107,0,NOC_NPS_VNOC_X3Y1,VNOC,credit,0,-1,1
107000,107,0,NOC_NPS_VNOC_X3Y1,VNOC,data_vc,0,5,1
107000,107,1,NOC_NPS_VNOC_X3Y0,VNOC,credit,1,-1,1
107000,107,1,NOC_NPS_VNOC_X3Y0,VNOC,data_vc,1,5,1
108000,108,0,NOC_NPS_VNOC_X3Y1,VNOC,credit,0,-1,1
108000,108,0,NOC_NPS_VNOC_X3Y1,VNOC,data_vc,0,5,1
108000,108,1,NOC_NPS_VNOC_X3Y0,VNOC,credit,1,-1,1
108000,108,1,NOC_NPS_VNOC_X3Y0,VNOC,data_vc,1,5,1
109000,109,0,NOC_NPS_VNOC_X3Y1,VNOC,credit,0,-1,1
109000,109,0,NOC_NPS_VNOC_X3Y1,VNOC,data_vc,0,5,1
109000,109,1,NOC_NPS_VNOC_X3Y0,VNOC,credit,1,-1,1
109000,109,1,NOC_NPS_VNOC_X3Y0,VNOC,data_vc,1,5,1
110000,110,0,NOC_NPS_VNOC_X3Y1,VNOC,credit,0,-1,1
110000,110,0,NOC_NPS_VNOC_X3Y1,VNOC,data_vc,0,5,1
110000,110,1,NOC_NPS_VNOC_X3Y0,VNOC,credit,1,-1,1
110000,110,1,NOC_NPS_VNOC_X3Y0,VNOC,data_vc,1,5,1
111000,111,0,NOC_NPS_VNOC_X3Y1,VNOC,credit,0,-1,1
111000,111,0,NOC_NPS_VNOC_X3Y1,VNOC,data_vc,0,5,1
111000,111,1,NOC_NPS_VNOC_X3Y0,VNOC,credit,1,-1,1
111000,111,1,NOC_NPS_VNOC_X3Y0,VNOC,data_vc,1,5,1
112000,112,0,NOC_NPS_VNOC_X3Y1,VNOC,credit,0,-1,1
112000,112,0,NOC_NPS_VNOC_X3Y1,VNOC,data_vc,0,5,1
112000,112,1,NOC_NPS_VNOC_X3Y0,VNOC,credit,1,-1,1
112000,112,1,NOC_NPS_VNOC_X3Y0,VNOC,data_vc,1,5,1
113000,113,0,NOC_NPS_VNOC_X3Y1,VNOC,credit,0,-1,1
113000,113,0,NOC_NPS_VNOC_X3Y1,VNOC,data_vc,0,5,1
113000,113,1,NOC_NPS_VNOC_X3Y0,VNOC,credit,1,-1,1
113000,113,1,NOC_NPS_VNOC_X3Y0,VNOC,data_vc,1,5,1
114000,114,0,NOC_NPS_VNOC_X3Y1,VNOC,credit,0,-1,1
114000,114,0,NOC_NPS_VNOC_X3Y1,VNOC,data_vc,0,5,1
114000,114,1,NOC_NPS_VNOC_X3Y0,VNOC,credit,1,-1,1
114000,114,1,NOC_NPS_VNOC_X3Y0,VNOC,data_vc,1,5,1
115000,115,0,NOC_NPS_VNOC_X3Y1,VNOC,credit,0,-1,1
115000,115,0,NOC_NPS_VNOC_X3Y1,VNOC,data_vc,0,5,1
115000,115,1,NOC_NPS_VNOC_X3Y0,VNOC,credit,1,-1,1
115000,115,1,NOC_NPS_VNOC_X3Y0,VNOC,data_vc,1,5,1
116000,116,0,NOC_NPS_VNOC_X3Y1,VNOC,credit,0,-1,1
116000,116,0,NOC_NPS_VNOC_X3Y1,VNOC,data_vc,0,5,1
116000,116,1,NOC_NPS_VNOC_X3Y0,VNOC,credit,1,-1,1
116000,116,1,NOC_NPS_VNOC_X3Y0,VNOC,data_vc,1,5,1
117000,117,0,NOC_NPS_VNOC_X3Y1,VNOC,credit,0,-1,1
117000,117,0,NOC_NPS_VNOC_X3Y1,VNOC,data_vc,0,5,1
117000,117,1,NOC_NPS_VNOC_X3Y0,VNOC,credit,1,-1,1
117000,117,1,NOC_NPS_VNOC_X3Y0,VNOC,data_vc,1,5,1
118000,118,0,NOC_NPS_VNOC_X3Y1,VNOC,credit,0,-1,1
118000,118,0,NOC_NPS_VNOC_X3Y1,VNOC,data_vc,0,5,1
118000,118,1,NOC_NPS_VNOC_X3Y0,VNOC,credit,1,-1,1
118000,118,1,NOC_NPS_VNOC_X3Y0,VNOC,data_vc,1,5,1
119000,119,0,NOC_NPS_VNOC_X3Y1,VNOC,credit,0,-1,1
119000,119,0,NOC_NPS_VNOC_X3Y1,VNOC,data_vc,0,5,1
119000,119,1,NOC_NPS_VNOC_X3Y0,VNOC,credit,1,-1,1
119000,119,1,NOC_NPS_VNOC_X3Y0,VNOC,data_vc,1,5,1
120000,120,0,NOC_NPS_VNOC_X3Y1,VNOC,credit,0,-1,1
120000,120,0,NOC_NPS_VNOC_X3Y1,VNOC,data_vc,0,5,1
120000,120,1,NOC_NPS_VNOC_X3Y0,VNOC,credit,1,-1,1
120000,120,1,NOC_NPS_VNOC_X3Y0,VNOC,data_vc,1,5,1
121000,121,0,NOC_NPS_VNOC_X3Y1,VNOC,credit,0,-1,1
121000,121,0,NOC_NPS_VNOC_X3Y1,VNOC,data_vc,0,5,1
121000,121,1,NOC_NPS_VNOC_X3Y0,VNOC,credit,1,-1,1
121000,121,1,NOC_NPS_VNOC_X3Y0,VNOC,data_vc,1,5,1
122000,122,0,NOC_NPS_VNOC_X3Y1,VNOC,credit,0,-1,1
122000,122,0,NOC_NPS_VNOC_X3Y1,VNOC,data_vc,0,5,1
122000,122,1,NOC_NPS_VNOC_X3Y0,VNOC,credit,1,-1,1
122000,122,1,NOC_NPS_VNOC_X3Y0,VNOC,data_vc,1,5,1
123000,123,0,NOC_NPS_VNOC_X3Y1,VNOC,credit,0,-1,1
123000,123,0,NOC_NPS_VNOC_X3Y1,VNOC,data_vc,0,5,1
123000,123,1,NOC_NPS_VNOC_X3Y0,VNOC,credit,1,-1,1
123000,123,1,NOC_NPS_VNOC_X3Y0,VNOC,data_vc,1,5,1
124000,124,0,NOC_NPS_VNOC_X3Y1,VNOC,credit,0,-1,1
124000,124,0,NOC_NPS_VNOC_X3Y1,VNOC,data_vc,0,5,1
124000,124,1,NOC_NPS_VNOC_X3Y0,VNOC,credit,1,-1,1
124000,124,1,NOC_NPS_VNOC_X3Y0,VNOC,data_vc,1,5,1
125000,125,0,NOC_NPS_VNOC_X3Y1,VNOC,credit,0,-1,1
125000,125,0,NOC_NPS_VNOC_X3Y1,VNOC,data_vc,0,5,1
125000,125,1,NOC_NPS_VNOC_X3Y0,VNOC,credit,1,-1,1
125000,125,1,NOC_NPS_VNOC_X3Y0,VNOC,data_vc,1,5,1
126000,126,0,NOC_NPS_VNOC_X3Y1,VNOC,credit,0,-1,1
126000,126,0,NOC_NPS_VNOC_X3Y1,VNOC,data_vc,0,5,1
126000,126,1,NOC_NPS_VNOC_X3Y0,VNOC,credit,1,-1,1
126000,126,1,NOC_NPS_VNOC_X3Y0,VNOC,data_vc,1,5,1
127000,127,0,NOC_NPS_VNOC_X3Y1,VNOC,credit,0,-1,1
127000,127,0,NOC_NPS_VNOC_X3Y1,VNOC,data_vc,0,5,1
127000,127,1,NOC_NPS_VNOC_X3Y0,VNOC,credit,1,-1,1
127000,127,1,NOC_NPS_VNOC_X3Y0,VNOC,data_vc,1,5,1
128000,128,0,NOC_NPS_VNOC_X3Y1,VNOC,credit,0,-1,1
128000,128,0,NOC_NPS_VNOC_X3Y1,VNOC,data_vc,0,5,1
128000,128,1,NOC_NPS_VNOC_X3Y0,VNOC,credit,1,-1,1
128000,128,1,NOC_NPS_VNOC_X3Y0,VNOC,data_vc,1,5,1
129000,129,0,NOC_NPS_VNOC_X3Y1,VNOC,credit,0,-1,1
129000,129,0,NOC_NPS_VNOC_X3Y1,VNOC,data_vc,0,5,1
129000,129,1,NOC_NPS_VNOC_X3Y0,VNOC,credit,1,-1,1
129000,129,1,NOC_NPS_VNOC_X3Y0,VNOC,data_vc,1,5,1
130000,130,0,NOC_NPS_VNOC_X3Y1,VNOC,credit,0,-1,1
130000,130,0,NOC_NPS_VNOC_X3Y1,VNOC,data_vc,0,5,1
130000,130,1,NOC_NPS_VNOC_X3Y0,VNOC,credit,1,-1,1
130000,130,1,NOC_NPS_VNOC_X3Y0,VNOC,data_vc,1,5,1
131000,131,0,NOC_NPS_VNOC_X3Y1,VNOC,credit,0,-1,1
131000,131,0,NOC_NPS_VNOC_X3Y1,VNOC,data_vc,0,5,1
131000,131,1,NOC_NPS_VNOC_X3Y0,VNOC,credit,1,-1,1
131000,131,1,NOC_NPS_VNOC_X3Y0,VNOC,data_vc,1,5,1
132000,132,0,NOC_NPS_VNOC_X3Y1,VNOC,credit,0,-1,1
132000,132,0,NOC_NPS_VNOC_X3Y1,VNOC,data_vc,0,5,1
132000,132,1,NOC_NPS_VNOC_X3Y0,VNOC,credit,1,-1,1
132000,132,1,NOC_NPS_VNOC_X3Y0,VNOC,data_vc,1,5,1
133000,133,0,NOC_NPS_VNOC_X3Y1,VNOC,credit,0,-1,1
133000,133,0,NOC_NPS_VNOC_X3Y1,VNOC,data_vc,0,5,1
133000,133,1,NOC_NPS_VNOC_X3Y0,VNOC,credit,1,-1,1
133000,133,1,NOC_NPS_VNOC_X3Y0,VNOC,data_vc,1,5,1
134000,134,0,NOC_NPS_VNOC_X3Y1,VNOC,credit,0,-1,1
134000,134,0,NOC_NPS_VNOC_X3Y1,VNOC,data_vc,0,5,1
134000,134,1,NOC_NPS_VNOC_X3Y0,VNOC,credit,1,-1,1
134000,134,1,NOC_NPS_VNOC_X3Y0,VNOC,data_vc,1,5,1
135000,135,0,NOC_NPS_VNOC_X3Y1,VNOC,credit,0,-1,1
135000,135,0,NOC_NPS_VNOC_X3Y1,VNOC,data_vc,0,5,1
135000,135,1,NOC_NPS_VNOC_X3Y0,VNOC,credit,1,-1,1
135000,135,1,NOC_NPS_VNOC_X3Y0,VNOC,data_vc,1,5,1
136000,136,0,NOC_NPS_VNOC_X3Y1,VNOC,credit,0,-1,1
136000,136,0,NOC_NPS_VNOC_X3Y1,VNOC,data_vc,0,5,1
136000,136,1,NOC_NPS_VNOC_X3Y0,VNOC,credit,1,-1,1
136000,136,1,NOC_NPS_VNOC_X3Y0,VNOC,data_vc,1,5,1
137000,137,0,NOC_NPS_VNOC_X3Y1,VNOC,credit,0,-1,1
137000,137,0,NOC_NPS_VNOC_X3Y1,VNOC,data_vc,0,5,1
137000,137,1,NOC_NPS_VNOC_X3Y0,VNOC,credit,1,-1,1
137000,137,1,NOC_NPS_VNOC_X3Y0,VNOC,data_vc,1,5,1
138000,138,0,NOC_NPS_VNOC_X3Y1,VNOC,credit,0,-1,1
138000,138,0,NOC_NPS_VNOC_X3Y1,VNOC,data_vc,0,5,1
138000,138,1,NOC_NPS_VNOC_X3Y0,VNOC,credit,1,-1,1
138000,138,1,NOC_NPS_VNOC_X3Y0,VNOC,data_vc,1,5,1
139000,139,0,NOC_NPS_VNOC_X3Y1,VNOC,credit,0,-1,1
139000,139,0,NOC_NPS_VNOC_X3Y1,VNOC,data_vc,0,5,1
139000,139,1,NOC_NPS_VNOC_X3Y0,VNOC,credit,1,-1,1
139000,139,1,NOC_NPS_VNOC_X3Y0,VNOC,data_vc,1,5,1
140000,140,0,NOC_NPS_VNOC_X3Y1,VNOC,credit,0,-1,1
140000,140,0,NOC_NPS_VNOC_X3Y1,VNOC,data_vc,0,5,1
140000,140,1,NOC_NPS_VNOC_X3Y0,VNOC,credit,1,-1,1
140000,140,1,NOC_NPS_VNOC_X3Y0,VNOC,data_vc,1,5,1
141000,141,0,NOC_NPS_VNOC_X3Y1,VNOC,credit,0,-1,1
141000,141,0,NOC_NPS_VNOC_X3Y1,VNOC,data_vc,0,5,1
141000,141,1,NOC_NPS_VNOC_X3Y0,VNOC,credit,1,-1,1
141000,141,1,NOC_NPS_VNOC_X3Y0,VNOC,data_vc,1,5,1
142000,142,0,NOC_NPS_VNOC_X3Y1,VNOC,credit,0,-1,1
142000,142,0,NOC_NPS_VNOC_X3Y1,VNOC,data_vc,0,5,1
142000,142,1,NOC_NPS_VNOC_X3Y0,VNOC,credit,1,-1,1
142000,142,1,NOC_NPS_VNOC_X3Y0,VNOC,data_vc,1,5,1
143000,143,0,NOC_NPS_VNOC_X3Y1,VNOC,credit,0,-1,1
143000,143,0,NOC_NPS_VNOC_X3Y1,VNOC,data_vc,0,5,1
143000,143,1,NOC_NPS_VNOC_X3Y0,VNOC,credit,1,-1,1
143000,143,1,NOC_NPS_VNOC_X3Y0,VNOC,data_vc,1,5,1
144000,144,0,NOC_NPS_VNOC_X3Y1,VNOC,credit,0,-1,1
144000,144,0,NOC_NPS_VNOC_X3Y1,VNOC,data_vc,0,5,1
144000,144,1,NOC_NPS_VNOC_X3Y0,VNOC,credit,1,-1,1
144000,144,1,NOC_NPS_VNOC_X3Y0,VNOC,data_vc,1,5,1
145000,145,0,NOC_NPS_VNOC_X3Y1,VNOC,credit,0,-1,1
145000,145,0,NOC_NPS_VNOC_X3Y1,VNOC,data_vc,0,5,1
145000,145,1,NOC_NPS_VNOC_X3Y0,VNOC,credit,1,-1,1
145000,145,1,NOC_NPS_VNOC_X3Y0,VNOC,data_vc,1,5,1
146000,146,0,NOC_NPS_VNOC_X3Y1,VNOC,credit,0,-1,1
146000,146,0,NOC_NPS_VNOC_X3Y1,VNOC,data_vc,0,5,1
146000,146,1,NOC_NPS_VNOC_X3Y0,VNOC,credit,1,-1,1
146000,146,1,NOC_NPS_VNOC_X3Y0,VNOC,data_vc,1,5,1
147000,147,0,NOC_NPS_VNOC_X3Y1,VNOC,credit,0,-1,1
147000,147,0,NOC_NPS_VNOC_X3Y1,VNOC,data_vc,0,5,1
147000,147,1,NOC_NPS_VNOC_X3Y0,VNOC,credit,1,-1,1
147000,147,1,NOC_NPS_VNOC_X3Y0,VNOC,data_vc,1,5,1
148000,148,0,NOC_NPS_VNOC_X3Y1,VNOC,credit,0,-1,1
148000,148,0,NOC_NPS_VNOC_X3Y1,VNOC,data_vc,0,5,1
148000,148,1,NOC_NPS_VNOC_X3Y0,VNOC,credit,1,-1,1
148000,148,1,NOC_NPS_VNOC_X3Y0,VNOC,data_vc,1,5,1
149000,149,0,NOC_NPS_VNOC_X3Y1,VNOC,credit,0,-1,1
149000,149,0,NOC_NPS_VNOC_X3Y1,VNOC,data_vc,0,5,1
149000,149,1,NOC_NPS_VNOC_X3Y0,VNOC,credit,1,-1,1
149000,149,1,NOC_NPS_VNOC_X3Y0,VNOC,data_vc,1,5,1
150000,150,0,NOC_NPS_VNOC_X3Y1,VNOC,credit,0,-1,1
150000,150,0,NOC_NPS_VNOC_X3Y1,VNOC,data_vc,0,5,1
150000,150,1,NOC_NPS_VNOC_X3Y0,VNOC,credit,1,-1,1
150000,150,1,NOC_NPS_VNOC_X3Y0,VNOC,data_vc,1,5,1
151000,151,0,NOC_NPS_VNOC_X3Y1,VNOC,credit,0,-1,1
151000,151,0,NOC_NPS_VNOC_X3Y1,VNOC,data_vc,0,5,1
151000,151,1,NOC_NPS_VNOC_X3Y0,VNOC,credit,1,-1,1
151000,151,1,NOC_NPS_VNOC_X3Y0,VNOC,data_vc,1,5,1
152000,152,0,NOC_NPS_VNOC_X3Y1,VNOC,credit,0,-1,1
152000,152,0,NOC_NPS_VNOC_X3Y1,VNOC,data_vc,0,5,1
152000,152,1,NOC_NPS_VNOC_X3Y0,VNOC,credit,1,-1,1
152000,152,1,NOC_NPS_VNOC_X3Y0,VNOC,data_vc,1,5,1
153000,153,0,NOC_NPS_VNOC_X3Y1,VNOC,credit,0,-1,1
153000,153,0,NOC_NPS_VNOC_X3Y1,VNOC,data_vc,0,5,1
153000,153,1,NOC_NPS_VNOC_X3Y0,VNOC,credit,1,-1,1
153000,153,1,NOC_NPS_VNOC_X3Y0,VNOC,data_vc,1,5,1
154000,154,0,NOC_NPS_VNOC_X3Y1,VNOC,credit,0,-1,1
154000,154,0,NOC_NPS_VNOC_X3Y1,VNOC,data_vc,0,5,1
154000,154,1,NOC_NPS_VNOC_X3Y0,VNOC,credit,1,-1,1
154000,154,1,NOC_NPS_VNOC_X3Y0,VNOC,data_vc,1,5,1
155000,155,0,NOC_NPS_VNOC_X3Y1,VNOC,credit,0,-1,1
155000,155,0,NOC_NPS_VNOC_X3Y1,VNOC,data_vc,0,5,1
155000,155,1,NOC_NPS_VNOC_X3Y0,VNOC,credit,1,-1,1
155000,155,1,NOC_NPS_VNOC_X3Y0,VNOC,data_vc,1,5,1
156000,156,0,NOC_NPS_VNOC_X3Y1,VNOC,credit,0,-1,1
156000,156,0,NOC_NPS_VNOC_X3Y1,VNOC,data_vc,0,5,1
156000,156,1,NOC_NPS_VNOC_X3Y0,VNOC,credit,1,-1,1
156000,156,1,NOC_NPS_VNOC_X3Y0,VNOC,data_vc,1,5,1
157000,157,0,NOC_NPS_VNOC_X3Y1,VNOC,credit,0,-1,1
157000,157,0,NOC_NPS_VNOC_X3Y1,VNOC,data_vc,0,5,1
157000,157,1,NOC_NPS_VNOC_X3Y0,VNOC,credit,1,-1,1
157000,157,1,NOC_NPS_VNOC_X3Y0,VNOC,data_vc,1,5,1
158000,158,0,NOC_NPS_VNOC_X3Y1,VNOC,credit,0,-1,1
158000,158,0,NOC_NPS_VNOC_X3Y1,VNOC,data_vc,0,5,1
158000,158,1,NOC_NPS_VNOC_X3Y0,VNOC,credit,1,-1,1
158000,158,1,NOC_NPS_VNOC_X3Y0,VNOC,data_vc,1,5,1
159000,159,0,NOC_NPS_VNOC_X3Y1,VNOC,credit,0,-1,1
159000,159,0,NOC_NPS_VNOC_X3Y1,VNOC,data_vc,0,5,1
159000,159,1,NOC_NPS_VNOC_X3Y0,VNOC,credit,1,-1,1
159000,159,1,NOC_NPS_VNOC_X3Y0,VNOC,data_vc,1,5,1
160000,160,0,NOC_NPS_VNOC_X3Y1,VNOC,credit,0,-1,1
160000,160,0,NOC_NPS_VNOC_X3Y1,VNOC,data_vc,0,5,1
160000,160,1,NOC_NPS_VNOC_X3Y0,VNOC,credit,1,-1,1
160000,160,1,NOC_NPS_VNOC_X3Y0,VNOC,data_vc,1,5,1
161000,161,0,NOC_NPS_VNOC_X3Y1,VNOC,credit,0,-1,1
161000,161,0,NOC_NPS_VNOC_X3Y1,VNOC,data_vc,0,5,1
161000,161,1,NOC_NPS_VNOC_X3Y0,VNOC,credit,1,-1,1
161000,161,1,NOC_NPS_VNOC_X3Y0,VNOC,data_vc,1,5,1
162000,162,0,NOC_NPS_VNOC_X3Y1,VNOC,credit,0,-1,1
162000,162,0,NOC_NPS_VNOC_X3Y1,VNOC,data_vc,0,5,1
162000,162,1,NOC_NPS_VNOC_X3Y0,VNOC,credit,1,-1,1
162000,162,1,NOC_NPS_VNOC_X3Y0,VNOC,data_vc,1,5,1
163000,163,0,NOC_NPS_VNOC_X3Y1,VNOC,credit,0,-1,1
163000,163,0,NOC_NPS_VNOC_X3Y1,VNOC,data_vc,0,5,1
163000,163,1,NOC_NPS_VNOC_X3Y0,VNOC,credit,1,-1,1
163000,163,1,NOC_NPS_VNOC_X3Y0,VNOC,data_vc,1,5,1
164000,164,0,NOC_NPS_VNOC_X3Y1,VNOC,credit,0,-1,1
164000,164,0,NOC_NPS_VNOC_X3Y1,VNOC,data_vc,0,5,1
164000,164,1,NOC_NPS_VNOC_X3Y0,VNOC,credit,1,-1,1
164000,164,1,NOC_NPS_VNOC_X3Y0,VNOC,data_vc,1,5,1
165000,165,0,NOC_NPS_VNOC_X3Y1,VNOC,credit,0,-1,1
165000,165,0,NOC_NPS_VNOC_X3Y1,VNOC,data_vc,0,5,1
165000,165,1,NOC_NPS_VNOC_X3Y0,VNOC,credit,1,-1,1
165000,165,1,NOC_NPS_VNOC_X3Y0,VNOC,data_vc,1,5,1
166000,166,0,NOC_NPS_VNOC_X3Y1,VNOC,credit,0,-1,1
166000,166,0,NOC_NPS_VNOC_X3Y1,VNOC,data_vc,0,5,1
166000,166,1,NOC_NPS_VNOC_X3Y0,VNOC,credit,1,-1,1
166000,166,1,NOC_NPS_VNOC_X3Y0,VNOC,data_vc,1,5,1
167000,167,0,NOC_NPS_VNOC_X3Y1,VNOC,credit,0,-1,1
167000,167,0,NOC_NPS_VNOC_X3Y1,VNOC,data_vc,0,5,1
167000,167,1,NOC_NPS_VNOC_X3Y0,VNOC,credit,1,-1,1
167000,167,1,NOC_NPS_VNOC_X3Y0,VNOC,data_vc,1,5,1
168000,168,0,NOC_NPS_VNOC_X3Y1,VNOC,credit,0,-1,1
168000,168,0,NOC_NPS_VNOC_X3Y1,VNOC,data_vc,0,5,1
168000,168,1,NOC_NPS_VNOC_X3Y0,VNOC,credit,1,-1,1
168000,168,1,NOC_NPS_VNOC_X3Y0,VNOC,data_vc,1,5,1
169000,169,0,NOC_NPS_VNOC_X3Y1,VNOC,credit,0,-1,1
169000,169,0,NOC_NPS_VNOC_X3Y1,VNOC,data_vc,0,5,1
169000,169,1,NOC_NPS_VNOC_X3Y0,VNOC,credit,1,-1,1
169000,169,1,NOC_NPS_VNOC_X3Y0,VNOC,data_vc,1,5,1
170000,170,0,NOC_NPS_VNOC_X3Y1,VNOC,credit,0,-1,1
170000,170,0,NOC_NPS_VNOC_X3Y1,VNOC,data_vc,0,5,1
170000,170,1,NOC_NPS_VNOC_X3Y0,VNOC,credit,1,-1,1
170000,170,1,NOC_NPS_VNOC_X3Y0,VNOC,data_vc,1,5,1
171000,171,0,NOC_NPS_VNOC_X3Y1,VNOC,credit,0,-1,1
171000,171,0,NOC_NPS_VNOC_X3Y1,VNOC,data_vc,0,5,1
171000,171,1,NOC_NPS_VNOC_X3Y0,VNOC,credit,1,-1,1
171000,171,1,NOC_NPS_VNOC_X3Y0,VNOC,data_vc,1,5,1
172000,172,0,NOC_NPS_VNOC_X3Y1,VNOC,credit,0,-1,1
172000,172,0,NOC_NPS_VNOC_X3Y1,VNOC,data_vc,0,5,1
172000,172,1,NOC_NPS_VNOC_X3Y0,VNOC,credit,1,-1,1
172000,172,1,NOC_NPS_VNOC_X3Y0,VNOC,data_vc,1,5,1
173000,173,0,NOC_NPS_VNOC_X3Y1,VNOC,credit,0,-1,1
173000,173,0,NOC_NPS_VNOC_X3Y1,VNOC,data_vc,0,5,1
173000,173,1,NOC_NPS_VNOC_X3Y0,VNOC,credit,1,-1,1
173000,173,1,NOC_NPS_VNOC_X3Y0,VNOC,data_vc,1,5,1
174000,174,0,NOC_NPS_VNOC_X3Y1,VNOC,credit,0,-1,1
174000,174,0,NOC_NPS_VNOC_X3Y1,VNOC,data_vc,0,5,1
174000,174,1,NOC_NPS_VNOC_X3Y0,VNOC,credit,1,-1,1
174000,174,1,NOC_NPS_VNOC_X3Y0,VNOC,data_vc,1,5,1
175000,175,0,NOC_NPS_VNOC_X3Y1,VNOC,credit,0,-1,1
175000,175,0,NOC_NPS_VNOC_X3Y1,VNOC,data_vc,0,5,1
175000,175,1,NOC_NPS_VNOC_X3Y0,VNOC,credit,1,-1,1
175000,175,1,NOC_NPS_VNOC_X3Y0,VNOC,data_vc,1,5,1
176000,176,0,NOC_NPS_VNOC_X3Y1,VNOC,credit,0,-1,1
176000,176,0,NOC_NPS_VNOC_X3Y1,VNOC,data_vc,0,5,1
176000,176,1,NOC_NPS_VNOC_X3Y0,VNOC,credit,1,-1,1
176000,176,1,NOC_NPS_VNOC_X3Y0,VNOC,data_vc,1,5,1
177000,177,0,NOC_NPS_VNOC_X3Y1,VNOC,credit,0,-1,1
177000,177,0,NOC_NPS_VNOC_X3Y1,VNOC,data_vc,0,5,1
177000,177,1,NOC_NPS_VNOC_X3Y0,VNOC,credit,1,-1,1
177000,177,1,NOC_NPS_VNOC_X3Y0,VNOC,data_vc,1,5,1
178000,178,0,NOC_NPS_VNOC_X3Y1,VNOC,credit,0,-1,1
178000,178,0,NOC_NPS_VNOC_X3Y1,VNOC,data_vc,0,5,1
178000,178,1,NOC_NPS_VNOC_X3Y0,VNOC,credit,1,-1,1
178000,178,1,NOC_NPS_VNOC_X3Y0,VNOC,data_vc,1,5,1
179000,179,0,NOC_NPS_VNOC_X3Y1,VNOC,credit,0,-1,1
179000,179,0,NOC_NPS_VNOC_X3Y1,VNOC,data_vc,0,5,1
179000,179,1,NOC_NPS_VNOC_X3Y0,VNOC,credit,1,-1,1
179000,179,1,NOC_NPS_VNOC_X3Y0,VNOC,data_vc,1,5,1
180000,180,0,NOC_NPS_VNOC_X3Y1,VNOC,credit,0,-1,1
180000,180,0,NOC_NPS_VNOC_X3Y1,VNOC,data_vc,0,5,1
180000,180,1,NOC_NPS_VNOC_X3Y0,VNOC,credit,1,-1,1
180000,180,1,NOC_NPS_VNOC_X3Y0,VNOC,data_vc,1,5,1
181000,181,0,NOC_NPS_VNOC_X3Y1,VNOC,credit,0,-1,1
181000,181,0,NOC_NPS_VNOC_X3Y1,VNOC,data_vc,0,5,1
181000,181,1,NOC_NPS_VNOC_X3Y0,VNOC,credit,1,-1,1
181000,181,1,NOC_NPS_VNOC_X3Y0,VNOC,data_vc,1,5,1
182000,182,0,NOC_NPS_VNOC_X3Y1,VNOC,credit,0,-1,1
182000,182,0,NOC_NPS_VNOC_X3Y1,VNOC,data_vc,0,5,1
182000,182,1,NOC_NPS_VNOC_X3Y0,VNOC,credit,1,-1,1
182000,182,1,NOC_NPS_VNOC_X3Y0,VNOC,data_vc,1,5,1
183000,183,0,NOC_NPS_VNOC_X3Y1,VNOC,credit,0,-1,1
183000,183,0,NOC_NPS_VNOC_X3Y1,VNOC,data_vc,0,5,1
183000,183,1,NOC_NPS_VNOC_X3Y0,VNOC,credit,1,-1,1
183000,183,1,NOC_NPS_VNOC_X3Y0,VNOC,data_vc,1,5,1
184000,184,0,NOC_NPS_VNOC_X3Y1,VNOC,credit,0,-1,1
184000,184,0,NOC_NPS_VNOC_X3Y1,VNOC,data_vc,0,5,1
184000,184,1,NOC_NPS_VNOC_X3Y0,VNOC,credit,1,-1,1
184000,184,1,NOC_NPS_VNOC_X3Y0,VNOC,data_vc,1,5,1
185000,185,0,NOC_NPS_VNOC_X3Y1,VNOC,credit,0,-1,1
185000,185,0,NOC_NPS_VNOC_X3Y1,VNOC,data_vc,0,5,1
185000,185,1,NOC_NPS_VNOC_X3Y0,VNOC,credit,1,-1,1
185000,185,1,NOC_NPS_VNOC_X3Y0,VNOC,data_vc,1,5,1
186000,186,0,NOC_NPS_VNOC_X3Y1,VNOC,credit,0,-1,1
186000,186,0,NOC_NPS_VNOC_X3Y1,VNOC,data_vc,0,5,1
186000,186,1,NOC_NPS_VNOC_X3Y0,VNOC,credit,1,-1,1
186000,186,1,NOC_NPS_VNOC_X3Y0,VNOC,data_vc,1,5,1
187000,187,0,NOC_NPS_VNOC_X3Y1,VNOC,credit,0,-1,1
187000,187,0,NOC_NPS_VNOC_X3Y1,VNOC,data_vc,0,5,1
187000,187,1,NOC_NPS_VNOC_X3Y0,VNOC,credit,1,-1,1
187000,187,1,NOC_NPS_VNOC_X3Y0,VNOC,data_vc,1,5,1
188000,188,0,NOC_NPS_VNOC_X3Y1,VNOC,credit,0,-1,1
188000,188,0,NOC_NPS_VNOC_X3Y1,VNOC,data_vc,0,5,1
188000,188,1,NOC_NPS_VNOC_X3Y0,VNOC,credit,1,-1,1
188000,188,1,NOC_NPS_VNOC_X3Y0,VNOC,data_vc,1,5,1
189000,189,0,NOC_NPS_VNOC_X3Y1,VNOC,credit,0,-1,1
189000,189,0,NOC_NPS_VNOC_X3Y1,VNOC,data_vc,0,5,1
189000,189,1,NOC_NPS_VNOC_X3Y0,VNOC,credit,1,-1,1
189000,189,1,NOC_NPS_VNOC_X3Y0,VNOC,data_vc,1,5,1
190000,190,0,NOC_NPS_VNOC_X3Y1,VNOC,credit,0,-1,1
190000,190,0,NOC_NPS_VNOC_X3Y1,VNOC,data_vc,0,5,1
190000,190,1,NOC_NPS_VNOC_X3Y0,VNOC,credit,1,-1,1
190000,190,1,NOC_NPS_VNOC_X3Y0,VNOC,data_vc,1,5,1
191000,191,0,NOC_NPS_VNOC_X3Y1,VNOC,credit,0,-1,1
191000,191,0,NOC_NPS_VNOC_X3Y1,VNOC,data_vc,0,5,1
191000,191,1,NOC_NPS_VNOC_X3Y0,VNOC,credit,1,-1,1
191000,191,1,NOC_NPS_VNOC_X3Y0,VNOC,data_vc,1,5,1
192000,192,0,NOC_NPS_VNOC_X3Y1,VNOC,credit,0,-1,1
192000,192,0,NOC_NPS_VNOC_X3Y1,VNOC,data_vc,0,5,1
192000,192,1,NOC_NPS_VNOC_X3Y0,VNOC,credit,1,-1,1
192000,192,1,NOC_NPS_VNOC_X3Y0,VNOC,data_vc,1,5,1
193000,193,0,NOC_NPS_VNOC_X3Y1,VNOC,credit,0,-1,1
193000,193,0,NOC_NPS_VNOC_X3Y1,VNOC,data_vc,0,5,1
193000,193,1,NOC_NPS_VNOC_X3Y0,VNOC,credit,1,-1,1
193000,193,1,NOC_NPS_VNOC_X3Y0,VNOC,data_vc,1,5,1
194000,194,0,NOC_NPS_VNOC_X3Y1,VNOC,credit,0,-1,1
194000,194,0,NOC_NPS_VNOC_X3Y1,VNOC,data_vc,0,5,1
194000,194,1,NOC_NPS_VNOC_X3Y0,VNOC,credit,1,-1,1
194000,194,1,NOC_NPS_VNOC_X3Y0,VNOC,data_vc,1,5,1
195000,195,0,NOC_NPS_VNOC_X3Y1,VNOC,credit,0,-1,1
195000,195,0,NOC_NPS_VNOC_X3Y1,VNOC,data_vc,0,5,1
195000,195,1,NOC_NPS_VNOC_X3Y0,VNOC,credit,1,-1,1
195000,195,1,NOC_NPS_VNOC_X3Y0,VNOC,data_vc,1,5,1
196000,196,0,NOC_NPS_VNOC_X3Y1,VNOC,credit,0,-1,1
196000,196,0,NOC_NPS_VNOC_X3Y1,VNOC,data_vc,0,5,1
196000,196,1,NOC_NPS_VNOC_X3Y0,VNOC,credit,1,-1,1
196000,196,1,NOC_NPS_VNOC_X3Y0,VNOC,data_vc,1,5,1
197000,197,0,NOC_NPS_VNOC_X3Y1,VNOC,credit,0,-1,1
197000,197,0,NOC_NPS_VNOC_X3Y1,VNOC,data_vc,0,5,1
197000,197,1,NOC_NPS_VNOC_X3Y0,VNOC,credit,1,-1,1
197000,197,1,NOC_NPS_VNOC_X3Y0,VNOC,data_vc,1,5,1
198000,198,0,NOC_NPS_VNOC_X3Y1,VNOC,credit,0,-1,1
198000,198,0,NOC_NPS_VNOC_X3Y1,VNOC,data_vc,0,5,1
198000,198,1,NOC_NPS_VNOC_X3Y0,VNOC,credit,1,-1,1
198000,198,1,NOC_NPS_VNOC_X3Y0,VNOC,data_vc,1,5,1
199000,199,0,NOC_NPS_VNOC_X3Y1,VNOC,credit,0,-1,1
199000,199,0,NOC_NPS_VNOC_X3Y1,VNOC,data_vc,0,5,1
199000,199,1,NOC_NPS_VNOC_X3Y0,VNOC,credit,1,-1,1
199000,199,1,NOC_NPS_VNOC_X3Y0,VNOC,data_vc,1,5,1
200000,200,0,NOC_NPS_VNOC_X3Y1,VNOC,credit,0,-1,1
200000,200,0,NOC_NPS_VNOC_X3Y1,VNOC,data_vc,0,5,1
200000,200,1,NOC_NPS_VNOC_X3Y0,VNOC,credit,1,-1,1
200000,200,1,NOC_NPS_VNOC_X3Y0,VNOC,data_vc,1,5,1
201000,201,0,NOC_NPS_VNOC_X3Y1,VNOC,credit,0,-1,1
201000,201,0,NOC_NPS_VNOC_X3Y1,VNOC,data_vc,0,5,1
201000,201,1,NOC_NPS_VNOC_X3Y0,VNOC,credit,1,-1,1
201000,201,1,NOC_NPS_VNOC_X3Y0,VNOC,data_vc,1,5,1
202000,202,0,NOC_NPS_VNOC_X3Y1,VNOC,credit,0,-1,1
202000,202,0,NOC_NPS_VNOC_X3Y1,VNOC,data_vc,0,5,1
202000,202,1,NOC_NPS_VNOC_X3Y0,VNOC,credit,1,-1,1
202000,202,1,NOC_NPS_VNOC_X3Y0,VNOC,data_vc,1,5,1
203000,203,0,NOC_NPS_VNOC_X3Y1,VNOC,credit,0,-1,1
203000,203,0,NOC_NPS_VNOC_X3Y1,VNOC,data_vc,0,5,1
203000,203,1,NOC_NPS_VNOC_X3Y0,VNOC,credit,1,-1,1
203000,203,1,NOC_NPS_VNOC_X3Y0,VNOC,data_vc,1,5,1
204000,204,0,NOC_NPS_VNOC_X3Y1,VNOC,credit,0,-1,1
204000,204,0,NOC_NPS_VNOC_X3Y1,VNOC,data_vc,0,5,1
204000,204,1,NOC_NPS_VNOC_X3Y0,VNOC,credit,1,-1,1
204000,204,1,NOC_NPS_VNOC_X3Y0,VNOC,data_vc,1,5,1
205000,205,0,NOC_NPS_VNOC_X3Y1,VNOC,credit,0,-1,1
205000,205,0,NOC_NPS_VNOC_X3Y1,VNOC,data_vc,0,5,1
205000,205,1,NOC_NPS_VNOC_X3Y0,VNOC,credit,1,-1,1
205000,205,1,NOC_NPS_VNOC_X3Y0,VNOC,data_vc,1,5,1
206000,206,0,NOC_NPS_VNOC_X3Y1,VNOC,credit,0,-1,1
206000,206,0,NOC_NPS_VNOC_X3Y1,VNOC,data_vc,0,5,1
206000,206,1,NOC_NPS_VNOC_X3Y0,VNOC,credit,1,-1,1
206000,206,1,NOC_NPS_VNOC_X3Y0,VNOC,data_vc,1,5,1
207000,207,0,NOC_NPS_VNOC_X3Y1,VNOC,credit,0,-1,1
207000,207,0,NOC_NPS_VNOC_X3Y1,VNOC,data_vc,0,5,1
207000,207,1,NOC_NPS_VNOC_X3Y0,VNOC,credit,1,-1,1
207000,207,1,NOC_NPS_VNOC_X3Y0,VNOC,data_vc,1,5,1
208000,208,0,NOC_NPS_VNOC_X3Y1,VNOC,credit,0,-1,1
208000,208,0,NOC_NPS_VNOC_X3Y1,VNOC,data_vc,0,5,1
208000,208,1,NOC_NPS_VNOC_X3Y0,VNOC,credit,1,-1,1
208000,208,1,NOC_NPS_VNOC_X3Y0,VNOC,data_vc,1,5,1
209000,209,0,NOC_NPS_VNOC_X3Y1,VNOC,credit,0,-1,1
209000,209,0,NOC_NPS_VNOC_X3Y1,VNOC,data_vc,0,5,1
209000,209,1,NOC_NPS_VNOC_X3Y0,VNOC,credit,1,-1,1
209000,209,1,NOC_NPS_VNOC_X3Y0,VNOC,data_vc,1,5,1
210000,210,0,NOC_NPS_VNOC_X3Y1,VNOC,credit,0,-1,1
210000,210,0,NOC_NPS_VNOC_X3Y1,VNOC,data_vc,0,5,1
210000,210,1,NOC_NPS_VNOC_X3Y0,VNOC,credit,1,-1,1
210000,210,1,NOC_NPS_VNOC_X3Y0,VNOC,data_vc,1,5,1
211000,211,0,NOC_NPS_VNOC_X3Y1,VNOC,credit,0,-1,1
211000,211,0,NOC_NPS_VNOC_X3Y1,VNOC,data_vc,0,5,1
211000,211,1,NOC_NPS_VNOC_X3Y0,VNOC,credit,1,-1,1
211000,211,1,NOC_NPS_VNOC_X3Y0,VNOC,data_vc,1,5,1
212000,212,0,NOC_NPS_VNOC_X3Y1,VNOC,credit,0,-1,1
212000,212,0,NOC_NPS_VNOC_X3Y1,VNOC,data_vc,0,5,1
212000,212,1,NOC_NPS_VNOC_X3Y0,VNOC,credit,1,-1,1
212000,212,1,NOC_NPS_VNOC_X3Y0,VNOC,data_vc,1,5,1
213000,213,0,NOC_NPS_VNOC_X3Y1,VNOC,credit,0,-1,1
213000,213,0,NOC_NPS_VNOC_X3Y1,VNOC,data_vc,0,5,1
213000,213,1,NOC_NPS_VNOC_X3Y0,VNOC,credit,1,-1,1
213000,213,1,NOC_NPS_VNOC_X3Y0,VNOC,data_vc,1,5,1
214000,214,0,NOC_NPS_VNOC_X3Y1,VNOC,credit,0,-1,1
214000,214,0,NOC_NPS_VNOC_X3Y1,VNOC,data_vc,0,5,1
214000,214,1,NOC_NPS_VNOC_X3Y0,VNOC,credit,1,-1,1
214000,214,1,NOC_NPS_VNOC_X3Y0,VNOC,data_vc,1,5,1
215000,215,0,NOC_NPS_VNOC_X3Y1,VNOC,credit,0,-1,1
215000,215,0,NOC_NPS_VNOC_X3Y1,VNOC,data_vc,0,5,1
215000,215,1,NOC_NPS_VNOC_X3Y0,VNOC,credit,1,-1,1
215000,215,1,NOC_NPS_VNOC_X3Y0,VNOC,data_vc,1,5,1
216000,216,0,NOC_NPS_VNOC_X3Y1,VNOC,credit,0,-1,1
216000,216,0,NOC_NPS_VNOC_X3Y1,VNOC,data_vc,0,5,1
216000,216,1,NOC_NPS_VNOC_X3Y0,VNOC,credit,1,-1,1
216000,216,1,NOC_NPS_VNOC_X3Y0,VNOC,data_vc,1,5,1
217000,217,0,NOC_NPS_VNOC_X3Y1,VNOC,credit,0,-1,1
217000,217,0,NOC_NPS_VNOC_X3Y1,VNOC,data_vc,0,5,1
217000,217,1,NOC_NPS_VNOC_X3Y0,VNOC,credit,1,-1,1
217000,217,1,NOC_NPS_VNOC_X3Y0,VNOC,data_vc,1,5,1
218000,218,0,NOC_NPS_VNOC_X3Y1,VNOC,credit,0,-1,1
218000,218,0,NOC_NPS_VNOC_X3Y1,VNOC,data_vc,0,5,1
218000,218,1,NOC_NPS_VNOC_X3Y0,VNOC,credit,1,-1,1
218000,218,1,NOC_NPS_VNOC_X3Y0,VNOC,data_vc,1,5,1
219000,219,0,NOC_NPS_VNOC_X3Y1,VNOC,credit,0,-1,1
219000,219,0,NOC_NPS_VNOC_X3Y1,VNOC,data_vc,0,5,1
219000,219,1,NOC_NPS_VNOC_X3Y0,VNOC,credit,1,-1,1
219000,219,1,NOC_NPS_VNOC_X3Y0,VNOC,data_vc,1,5,1
220000,220,0,NOC_NPS_VNOC_X3Y1,VNOC,credit,0,-1,1
220000,220,0,NOC_NPS_VNOC_X3Y1,VNOC,data_vc,0,5,1
220000,220,1,NOC_NPS_VNOC_X3Y0,VNOC,credit,1,-1,1
220000,220,1,NOC_NPS_VNOC_X3Y0,VNOC,data_vc,1,5,1
221000,221,0,NOC_NPS_VNOC_X3Y1,VNOC,credit,0,-1,1
221000,221,0,NOC_NPS_VNOC_X3Y1,VNOC,data_vc,0,5,1
221000,221,1,NOC_NPS_VNOC_X3Y0,VNOC,credit,1,-1,1
221000,221,1,NOC_NPS_VNOC_X3Y0,VNOC,data_vc,1,5,1
222000,222,0,NOC_NPS_VNOC_X3Y1,VNOC,credit,0,-1,1
222000,222,0,NOC_NPS_VNOC_X3Y1,VNOC,data_vc,0,5,1
222000,222,1,NOC_NPS_VNOC_X3Y0,VNOC,credit,1,-1,1
222000,222,1,NOC_NPS_VNOC_X3Y0,VNOC,data_vc,1,5,1
223000,223,0,NOC_NPS_VNOC_X3Y1,VNOC,credit,0,-1,1
223000,223,0,NOC_NPS_VNOC_X3Y1,VNOC,data_vc,0,5,1
223000,223,1,NOC_NPS_VNOC_X3Y0,VNOC,credit,1,-1,1
223000,223,1,NOC_NPS_VNOC_X3Y0,VNOC,data_vc,1,5,1
224000,224,0,NOC_NPS_VNOC_X3Y1,VNOC,credit,0,-1,1
224000,224,0,NOC_NPS_VNOC_X3Y1,VNOC,data_vc,0,5,1
224000,224,1,NOC_NPS_VNOC_X3Y0,VNOC,credit,1,-1,1
224000,224,1,NOC_NPS_VNOC_X3Y0,VNOC,data_vc,1,5,1
225000,225,0,NOC_NPS_VNOC_X3Y1,VNOC,credit,0,-1,1
225000,225,0,NOC_NPS_VNOC_X3Y1,VNOC,data_vc,0,5,1
225000,225,1,NOC_NPS_VNOC_X3Y0,VNOC,credit,1,-1,1
225000,225,1,NOC_NPS_VNOC_X3Y0,VNOC,data_vc,1,5,1
226000,226,0,NOC_NPS_VNOC_X3Y1,VNOC,credit,0,-1,1
226000,226,0,NOC_NPS_VNOC_X3Y1,VNOC,data_vc,0,5,1
226000,226,1,NOC_NPS_VNOC_X3Y0,VNOC,credit,1,-1,1
226000,226,1,NOC_NPS_VNOC_X3Y0,VNOC,data_vc,1,5,1
227000,227,0,NOC_NPS_VNOC_X3Y1,VNOC,credit,0,-1,1
227000,227,0,NOC_NPS_VNOC_X3Y1,VNOC,data_vc,0,5,1
227000,227,1,NOC_NPS_VNOC_X3Y0,VNOC,credit,1,-1,1
227000,227,1,NOC_NPS_VNOC_X3Y0,VNOC,data_vc,1,5,1
228000,228,0,NOC_NPS_VNOC_X3Y1,VNOC,credit,0,-1,1
228000,228,0,NOC_NPS_VNOC_X3Y1,VNOC,data_vc,0,5,1
228000,228,1,NOC_NPS_VNOC_X3Y0,VNOC,credit,1,-1,1
228000,228,1,NOC_NPS_VNOC_X3Y0,VNOC,data_vc,1,5,1
229000,229,0,NOC_NPS_VNOC_X3Y1,VNOC,credit,0,-1,1
229000,229,0,NOC_NPS_VNOC_X3Y1,VNOC,data_vc,0,5,1
229000,229,1,NOC_NPS_VNOC_X3Y0,VNOC,credit,1,-1,1
229000,229,1,NOC_NPS_VNOC_X3Y0,VNOC,data_vc,1,5,1
230000,230,0,NOC_NPS_VNOC_X3Y1,VNOC,credit,0,-1,1
230000,230,0,NOC_NPS_VNOC_X3Y1,VNOC,data_vc,0,5,1
230000,230,1,NOC_NPS_VNOC_X3Y0,VNOC,credit,1,-1,1
230000,230,1,NOC_NPS_VNOC_X3Y0,VNOC,data_vc,1,5,1
231000,231,0,NOC_NPS_VNOC_X3Y1,VNOC,credit,0,-1,1
231000,231,0,NOC_NPS_VNOC_X3Y1,VNOC,data_vc,0,5,1
231000,231,1,NOC_NPS_VNOC_X3Y0,VNOC,credit,1,-1,1
231000,231,1,NOC_NPS_VNOC_X3Y0,VNOC,data_vc,1,5,1
232000,232,0,NOC_NPS_VNOC_X3Y1,VNOC,credit,0,-1,1
232000,232,0,NOC_NPS_VNOC_X3Y1,VNOC,data_vc,0,5,1
232000,232,1,NOC_NPS_VNOC_X3Y0,VNOC,credit,1,-1,1
232000,232,1,NOC_NPS_VNOC_X3Y0,VNOC,data_vc,1,5,1
233000,233,0,NOC_NPS_VNOC_X3Y1,VNOC,credit,0,-1,1
233000,233,0,NOC_NPS_VNOC_X3Y1,VNOC,data_vc,0,5,1
233000,233,1,NOC_NPS_VNOC_X3Y0,VNOC,credit,1,-1,1
233000,233,1,NOC_NPS_VNOC_X3Y0,VNOC,data_vc,1,5,1
234000,234,0,NOC_NPS_VNOC_X3Y1,VNOC,credit,0,-1,1
234000,234,0,NOC_NPS_VNOC_X3Y1,VNOC,data_vc,0,5,1
234000,234,1,NOC_NPS_VNOC_X3Y0,VNOC,credit,1,-1,1
234000,234,1,NOC_NPS_VNOC_X3Y0,VNOC,data_vc,1,5,1
235000,235,0,NOC_NPS_VNOC_X3Y1,VNOC,credit,0,-1,1
235000,235,0,NOC_NPS_VNOC_X3Y1,VNOC,data_vc,0,5,1
235000,235,1,NOC_NPS_VNOC_X3Y0,VNOC,credit,1,-1,1
235000,235,1,NOC_NPS_VNOC_X3Y0,VNOC,data_vc,1,5,1
236000,236,0,NOC_NPS_VNOC_X3Y1,VNOC,credit,0,-1,1
236000,236,0,NOC_NPS_VNOC_X3Y1,VNOC,data_vc,0,5,1
236000,236,1,NOC_NPS_VNOC_X3Y0,VNOC,credit,1,-1,1
236000,236,1,NOC_NPS_VNOC_X3Y0,VNOC,data_vc,1,5,1
237000,237,0,NOC_NPS_VNOC_X3Y1,VNOC,credit,0,-1,1
237000,237,0,NOC_NPS_VNOC_X3Y1,VNOC,data_vc,0,5,1
237000,237,1,NOC_NPS_VNOC_X3Y0,VNOC,credit,1,-1,1
237000,237,1,NOC_NPS_VNOC_X3Y0,VNOC,data_vc,1,5,1
238000,238,0,NOC_NPS_VNOC_X3Y1,VNOC,credit,0,-1,1
238000,238,0,NOC_NPS_VNOC_X3Y1,VNOC,data_vc,0,5,1
238000,238,1,NOC_NPS_VNOC_X3Y0,VNOC,credit,1,-1,1
238000,238,1,NOC_NPS_VNOC_X3Y0,VNOC,data_vc,1,5,1
239000,239,0,NOC_NPS_VNOC_X3Y1,VNOC,credit,0,-1,1
239000,239,0,NOC_NPS_VNOC_X3Y1,VNOC,data_vc,0,5,1
239000,239,1,NOC_NPS_VNOC_X3Y0,VNOC,credit,1,-1,1
239000,239,1,NOC_NPS_VNOC_X3Y0,VNOC,data_vc,1,5,1
240000,240,0,NOC_NPS_VNOC_X3Y1,VNOC,credit,0,-1,1
240000,240,0,NOC_NPS_VNOC_X3Y1,VNOC,data_vc,0,5,1
240000,240,1,NOC_NPS_VNOC_X3Y0,VNOC,credit,1,-1,1
240000,240,1,NOC_NPS_VNOC_X3Y0,VNOC,data_vc,1,5,1
241000,241,0,NOC_NPS_VNOC_X3Y1,VNOC,credit,0,-1,1
241000,241,0,NOC_NPS_VNOC_X3Y1,VNOC,data_vc,0,5,1
241000,241,1,NOC_NPS_VNOC_X3Y0,VNOC,credit,1,-1,1
241000,241,1,NOC_NPS_VNOC_X3Y0,VNOC,data_vc,1,5,1
242000,242,0,NOC_NPS_VNOC_X3Y1,VNOC,credit,0,-1,1
242000,242,0,NOC_NPS_VNOC_X3Y1,VNOC,data_vc,0,5,1
242000,242,1,NOC_NPS_VNOC_X3Y0,VNOC,credit,1,-1,1
242000,242,1,NOC_NPS_VNOC_X3Y0,VNOC,data_vc,1,5,1
243000,243,0,NOC_NPS_VNOC_X3Y1,VNOC,credit,0,-1,1
243000,243,0,NOC_NPS_VNOC_X3Y1,VNOC,data_vc,0,5,1
243000,243,1,NOC_NPS_VNOC_X3Y0,VNOC,credit,1,-1,1
243000,243,1,NOC_NPS_VNOC_X3Y0,VNOC,data_vc,1,5,1
244000,244,0,NOC_NPS_VNOC_X3Y1,VNOC,credit,0,-1,1
244000,244,0,NOC_NPS_VNOC_X3Y1,VNOC,data_vc,0,5,1
244000,244,1,NOC_NPS_VNOC_X3Y0,VNOC,credit,1,-1,1
244000,244,1,NOC_NPS_VNOC_X3Y0,VNOC,data_vc,1,5,1
245000,245,0,NOC_NPS_VNOC_X3Y1,VNOC,credit,0,-1,1
245000,245,0,NOC_NPS_VNOC_X3Y1,VNOC,data_vc,0,5,1
245000,245,1,NOC_NPS_VNOC_X3Y0,VNOC,credit,1,-1,1
245000,245,1,NOC_NPS_VNOC_X3Y0,VNOC,data_vc,1,5,1
246000,246,0,NOC_NPS_VNOC_X3Y1,VNOC,credit,0,-1,1
246000,246,0,NOC_NPS_VNOC_X3Y1,VNOC,data_vc,0,5,1
246000,246,1,NOC_NPS_VNOC_X3Y0,VNOC,credit,1,-1,1
246000,246,1,NOC_NPS_VNOC_X3Y0,VNOC,data_vc,1,5,1
247000,247,0,NOC_NPS_VNOC_X3Y1,VNOC,credit,0,-1,1
247000,247,0,NOC_NPS_VNOC_X3Y1,VNOC,data_vc,0,5,1
247000,247,1,NOC_NPS_VNOC_X3Y0,VNOC,credit,1,-1,1
247000,247,1,NOC_NPS_VNOC_X3Y0,VNOC,data_vc,1,5,1
248000,248,0,NOC_NPS_VNOC_X3Y1,VNOC,credit,0,-1,1
248000,248,0,NOC_NPS_VNOC_X3Y1,VNOC,data_vc,0,5,1
248000,248,1,NOC_NPS_VNOC_X3Y0,VNOC,credit,1,-1,1
248000,248,1,NOC_NPS_VNOC_X3Y0,VNOC,data_vc,1,5,1
249000,249,0,NOC_NPS_VNOC_X3Y1,VNOC,credit,0,-1,1
249000,249,0,NOC_NPS_VNOC_X3Y1,VNOC,data_vc,0,5,1
249000,249,1,NOC_NPS_VNOC_X3Y0,VNOC,credit,1,-1,1
249000,249,1,NOC_NPS_VNOC_X3Y0,VNOC,data_vc,1,5,1
250000,250,0,NOC_NPS_VNOC_X3Y1,VNOC,credit,0,-1,1
250000,250,0,NOC_NPS_VNOC_X3Y1,VNOC,data_vc,0,5,1
250000,250,1,NOC_NPS_VNOC_X3Y0,VNOC,credit,1,-1,1
250000,250,1,NOC_NPS_VNOC_X3Y0,VNOC,data_vc,1,5,1
251000,251,0,NOC_NPS_VNOC_X3Y1,VNOC,credit,0,-1,1
251000,251,0,NOC_NPS_VNOC_X3Y1,VNOC,data_vc,0,5,1
251000,251,1,NOC_NPS_VNOC_X3Y0,VNOC,credit,1,-1,1
251000,251,1,NOC_NPS_VNOC_X3Y0,VNOC,data_vc,1,5,1
252000,252,0,NOC_NPS_VNOC_X3Y1,VNOC,credit,0,-1,1
252000,252,0,NOC_NPS_VNOC_X3Y1,VNOC,data_vc,0,5,1
252000,252,1,NOC_NPS_VNOC_X3Y0,VNOC,credit,1,-1,1
252000,252,1,NOC_NPS_VNOC_X3Y0,VNOC,data_vc,1,5,1
253000,253,0,NOC_NPS_VNOC_X3Y1,VNOC,credit,0,-1,1
253000,253,0,NOC_NPS_VNOC_X3Y1,VNOC,data_vc,0,5,1
253000,253,1,NOC_NPS_VNOC_X3Y0,VNOC,credit,1,-1,1
253000,253,1,NOC_NPS_VNOC_X3Y0,VNOC,data_vc,1,5,1
254000,254,0,NOC_NPS_VNOC_X3Y1,VNOC,credit,0,-1,1
254000,254,0,NOC_NPS_VNOC_X3Y1,VNOC,data_vc,0,5,1
254000,254,1,NOC_NPS_VNOC_X3Y0,VNOC,credit,1,-1,1
254000,254,1,NOC_NPS_VNOC_X3Y0,VNOC,data_vc,1,5,1
255000,255,0,NOC_NPS_VNOC_X3Y1,VNOC,credit,0,-1,1
255000,255,0,NOC_NPS_VNOC_X3Y1,VNOC,data_vc,0,5,1
255000,255,1,NOC_NPS_VNOC_X3Y0,VNOC,credit,1,-1,1
255000,255,1,NOC_NPS_VNOC_X3Y0,VNOC,data_vc,1,5,1
256000,256,0,NOC_NPS_VNOC_X3Y1,VNOC,credit,0,-1,1
256000,256,0,NOC_NPS_VNOC_X3Y1,VNOC,data_vc,0,5,1
256000,256,1,NOC_NPS_VNOC_X3Y0,VNOC,credit,1,-1,1
256000,256,1,NOC_NPS_VNOC_X3Y0,VNOC,data_vc,1,5,1
257000,257,0,NOC_NPS_VNOC_X3Y1,VNOC,credit,0,-1,1
257000,257,0,NOC_NPS_VNOC_X3Y1,VNOC,data_vc,0,5,1
257000,257,1,NOC_NPS_VNOC_X3Y0,VNOC,credit,1,-1,1
257000,257,1,NOC_NPS_VNOC_X3Y0,VNOC,data_vc,1,5,1
258000,258,0,NOC_NPS_VNOC_X3Y1,VNOC,credit,0,-1,1
258000,258,0,NOC_NPS_VNOC_X3Y1,VNOC,data_vc,0,5,1
258000,258,1,NOC_NPS_VNOC_X3Y0,VNOC,credit,1,-1,1
258000,258,1,NOC_NPS_VNOC_X3Y0,VNOC,data_vc,1,5,1
259000,259,0,NOC_NPS_VNOC_X3Y1,VNOC,credit,0,-1,1
259000,259,0,NOC_NPS_VNOC_X3Y1,VNOC,data_vc,0,5,1
259000,259,1,NOC_NPS_VNOC_X3Y0,VNOC,credit,1,-1,1
259000,259,1,NOC_NPS_VNOC_X3Y0,VNOC,data_vc,1,5,1
260000,260,0,NOC_NPS_VNOC_X3Y1,VNOC,credit,0,-1,1
260000,260,0,NOC_NPS_VNOC_X3Y1,VNOC,data_vc,0,5,1
260000,260,1,NOC_NPS_VNOC_X3Y0,VNOC,credit,1,-1,1
260000,260,1,NOC_NPS_VNOC_X3Y0,VNOC,data_vc,1,5,1
261000,261,0,NOC_NPS_VNOC_X3Y1,VNOC,credit,0,-1,1
261000,261,0,NOC_NPS_VNOC_X3Y1,VNOC,data_vc,0,5,1
261000,261,1,NOC_NPS_VNOC_X3Y0,VNOC,credit,1,-1,1
261000,261,1,NOC_NPS_VNOC_X3Y0,VNOC,data_vc,1,5,1
262000,262,0,NOC_NPS_VNOC_X3Y1,VNOC,credit,0,-1,1
262000,262,0,NOC_NPS_VNOC_X3Y1,VNOC,data_vc,0,5,1
262000,262,1,NOC_NPS_VNOC_X3Y0,VNOC,credit,1,-1,1
262000,262,1,NOC_NPS_VNOC_X3Y0,VNOC,data_vc,1,5,1
263000,263,0,NOC_NPS_VNOC_X3Y1,VNOC,credit,0,-1,1
263000,263,0,NOC_NPS_VNOC_X3Y1,VNOC,data_vc,0,5,1
263000,263,1,NOC_NPS_VNOC_X3Y0,VNOC,credit,1,-1,1
263000,263,1,NOC_NPS_VNOC_X3Y0,VNOC,data_vc,1,5,1
264000,264,0,NOC_NPS_VNOC_X3Y1,VNOC,credit,0,-1,1
264000,264,0,NOC_NPS_VNOC_X3Y1,VNOC,data_vc,0,5,1
264000,264,1,NOC_NPS_VNOC_X3Y0,VNOC,credit,1,-1,1
264000,264,1,NOC_NPS_VNOC_X3Y0,VNOC,data_vc,1,5,1
265000,265,0,NOC_NPS_VNOC_X3Y1,VNOC,credit,0,-1,1
265000,265,0,NOC_NPS_VNOC_X3Y1,VNOC,data_vc,0,5,1
265000,265,1,NOC_NPS_VNOC_X3Y0,VNOC,credit,1,-1,1
265000,265,1,NOC_NPS_VNOC_X3Y0,VNOC,data_vc,1,5,1
266000,266,0,NOC_NPS_VNOC_X3Y1,VNOC,credit,0,-1,1
266000,266,0,NOC_NPS_VNOC_X3Y1,VNOC,data_vc,0,5,1
266000,266,1,NOC_NPS_VNOC_X3Y0,VNOC,credit,1,-1,1
266000,266,1,NOC_NPS_VNOC_X3Y0,VNOC,data_vc,1,5,1
267000,267,0,NOC_NPS_VNOC_X3Y1,VNOC,credit,0,-1,1
267000,267,0,NOC_NPS_VNOC_X3Y1,VNOC,data_vc,0,5,1
267000,267,1,NOC_NPS_VNOC_X3Y0,VNOC,credit,1,-1,1
267000,267,1,NOC_NPS_VNOC_X3Y0,VNOC,data_vc,1,5,1
268000,268,0,NOC_NPS_VNOC_X3Y1,VNOC,credit,0,-1,1
268000,268,0,NOC_NPS_VNOC_X3Y1,VNOC,data_vc,0,5,1
268000,268,1,NOC_NPS_VNOC_X3Y0,VNOC,credit,1,-1,1
268000,268,1,NOC_NPS_VNOC_X3Y0,VNOC,data_vc,1,5,1
269000,269,0,NOC_NPS_VNOC_X3Y1,VNOC,credit,0,-1,1
269000,269,0,NOC_NPS_VNOC_X3Y1,VNOC,data_vc,0,5,1
269000,269,1,NOC_NPS_VNOC_X3Y0,VNOC,credit,1,-1,1
269000,269,1,NOC_NPS_VNOC_X3Y0,VNOC,data_vc,1,5,1
270000,270,0,NOC_NPS_VNOC_X3Y1,VNOC,credit,0,-1,1
270000,270,0,NOC_NPS_VNOC_X3Y1,VNOC,data_vc,0,5,1
270000,270,1,NOC_NPS_VNOC_X3Y0,VNOC,credit,1,-1,1
270000,270,1,NOC_NPS_VNOC_X3Y0,VNOC,data_vc,1,5,1
271000,271,0,NOC_NPS_VNOC_X3Y1,VNOC,credit,0,-1,1
271000,271,0,NOC_NPS_VNOC_X3Y1,VNOC,data_vc,0,5,1
271000,271,1,NOC_NPS_VNOC_X3Y0,VNOC,credit,1,-1,1
271000,271,1,NOC_NPS_VNOC_X3Y0,VNOC,data_vc,1,5,1
272000,272,0,NOC_NPS_VNOC_X3Y1,VNOC,credit,0,-1,1
272000,272,0,NOC_NPS_VNOC_X3Y1,VNOC,data_vc,0,5,1
272000,272,1,NOC_NPS_VNOC_X3Y0,VNOC,credit,1,-1,1
272000,272,1,NOC_NPS_VNOC_X3Y0,VNOC,data_vc,1,5,1
273000,273,0,NOC_NPS_VNOC_X3Y1,VNOC,credit,0,-1,1
273000,273,0,NOC_NPS_VNOC_X3Y1,VNOC,data_vc,0,5,1
273000,273,1,NOC_NPS_VNOC_X3Y0,VNOC,credit,1,-1,1
273000,273,1,NOC_NPS_VNOC_X3Y0,VNOC,data_vc,1,5,1
274000,274,0,NOC_NPS_VNOC_X3Y1,VNOC,credit,0,-1,1
274000,274,0,NOC_NPS_VNOC_X3Y1,VNOC,data_vc,0,5,1
274000,274,1,NOC_NPS_VNOC_X3Y0,VNOC,credit,1,-1,1
274000,274,1,NOC_NPS_VNOC_X3Y0,VNOC,data_vc,1,5,1
275000,275,0,NOC_NPS_VNOC_X3Y1,VNOC,credit,0,-1,1
275000,275,0,NOC_NPS_VNOC_X3Y1,VNOC,data_vc,0,5,1
275000,275,1,NOC_NPS_VNOC_X3Y0,VNOC,credit,1,-1,1
275000,275,1,NOC_NPS_VNOC_X3Y0,VNOC,data_vc,1,5,1
276000,276,0,NOC_NPS_VNOC_X3Y1,VNOC,credit,0,-1,1
276000,276,0,NOC_NPS_VNOC_X3Y1,VNOC,data_vc,0,5,1
276000,276,1,NOC_NPS_VNOC_X3Y0,VNOC,credit,1,-1,1
276000,276,1,NOC_NPS_VNOC_X3Y0,VNOC,data_vc,1,5,1
277000,277,0,NOC_NPS_VNOC_X3Y1,VNOC,credit,0,-1,1
277000,277,0,NOC_NPS_VNOC_X3Y1,VNOC,data_vc,0,5,1
277000,277,1,NOC_NPS_VNOC_X3Y0,VNOC,credit,1,-1,1
277000,277,1,NOC_NPS_VNOC_X3Y0,VNOC,data_vc,1,5,1
278000,278,0,NOC_NPS_VNOC_X3Y1,VNOC,credit,0,-1,1
278000,278,0,NOC_NPS_VNOC_X3Y1,VNOC,data_vc,0,5,1
278000,278,1,NOC_NPS_VNOC_X3Y0,VNOC,credit,1,-1,1
278000,278,1,NOC_NPS_VNOC_X3Y0,VNOC,data_vc,1,5,1
279000,279,0,NOC_NPS_VNOC_X3Y1,VNOC,credit,0,-1,1
279000,279,0,NOC_NPS_VNOC_X3Y1,VNOC,data_vc,0,5,1
279000,279,1,NOC_NPS_VNOC_X3Y0,VNOC,credit,1,-1,1
279000,279,1,NOC_NPS_VNOC_X3Y0,VNOC,data_vc,1,5,1
280000,280,0,NOC_NPS_VNOC_X3Y1,VNOC,credit,0,-1,1
280000,280,0,NOC_NPS_VNOC_X3Y1,VNOC,data_vc,0,5,1
280000,280,1,NOC_NPS_VNOC_X3Y0,VNOC,credit,1,-1,1
280000,280,1,NOC_NPS_VNOC_X3Y0,VNOC,data_vc,1,5,1
281000,281,0,NOC_NPS_VNOC_X3Y1,VNOC,credit,0,-1,1
281000,281,0,NOC_NPS_VNOC_X3Y1,VNOC,data_vc,0,5,1
281000,281,1,NOC_NPS_VNOC_X3Y0,VNOC,credit,1,-1,1
281000,281,1,NOC_NPS_VNOC_X3Y0,VNOC,data_vc,1,5,1
282000,282,0,NOC_NPS_VNOC_X3Y1,VNOC,credit,0,-1,1
282000,282,0,NOC_NPS_VNOC_X3Y1,VNOC,data_vc,0,5,1
282000,282,1,NOC_NPS_VNOC_X3Y0,VNOC,credit,1,-1,1
282000,282,1,NOC_NPS_VNOC_X3Y0,VNOC,data_vc,1,5,1
283000,283,0,NOC_NPS_VNOC_X3Y1,VNOC,credit,0,-1,1
283000,283,0,NOC_NPS_VNOC_X3Y1,VNOC,data_vc,0,5,1
283000,283,1,NOC_NPS_VNOC_X3Y0,VNOC,credit,1,-1,1
283000,283,1,NOC_NPS_VNOC_X3Y0,VNOC,data_vc,1,5,1
284000,284,0,NOC_NPS_VNOC_X3Y1,VNOC,credit,0,-1,1
284000,284,0,NOC_NPS_VNOC_X3Y1,VNOC,data_vc,0,5,1
284000,284,1,NOC_NPS_VNOC_X3Y0,VNOC,credit,1,-1,1
284000,284,1,NOC_NPS_VNOC_X3Y0,VNOC,data_vc,1,5,1
285000,285,0,NOC_NPS_VNOC_X3Y1,VNOC,credit,0,-1,1
285000,285,0,NOC_NPS_VNOC_X3Y1,VNOC,data_vc,0,5,1
285000,285,1,NOC_NPS_VNOC_X3Y0,VNOC,credit,1,-1,1
285000,285,1,NOC_NPS_VNOC_X3Y0,VNOC,data_vc,1,5,1
286000,286,0,NOC_NPS_VNOC_X3Y1,VNOC,credit,0,-1,1
286000,286,0,NOC_NPS_VNOC_X3Y1,VNOC,data_vc,0,5,1
286000,286,1,NOC_NPS_VNOC_X3Y0,VNOC,credit,1,-1,1
286000,286,1,NOC_NPS_VNOC_X3Y0,VNOC,data_vc,1,5,1
287000,287,0,NOC_NPS_VNOC_X3Y1,VNOC,credit,0,-1,1
287000,287,0,NOC_NPS_VNOC_X3Y1,VNOC,data_vc,0,5,1
287000,287,1,NOC_NPS_VNOC_X3Y0,VNOC,credit,1,-1,1
287000,287,1,NOC_NPS_VNOC_X3Y0,VNOC,data_vc,1,5,1
288000,288,0,NOC_NPS_VNOC_X3Y1,VNOC,credit,0,-1,1
288000,288,0,NOC_NPS_VNOC_X3Y1,VNOC,data_vc,0,5,1
288000,288,1,NOC_NPS_VNOC_X3Y0,VNOC,credit,1,-1,1
288000,288,1,NOC_NPS_VNOC_X3Y0,VNOC,data_vc,1,5,1
289000,289,0,NOC_NPS_VNOC_X3Y1,VNOC,credit,0,-1,1
289000,289,0,NOC_NPS_VNOC_X3Y1,VNOC,data_vc,0,5,1
289000,289,1,NOC_NPS_VNOC_X3Y0,VNOC,credit,1,-1,1
289000,289,1,NOC_NPS_VNOC_X3Y0,VNOC,data_vc,1,5,1
290000,290,0,NOC_NPS_VNOC_X3Y1,VNOC,credit,0,-1,1
290000,290,0,NOC_NPS_VNOC_X3Y1,VNOC,data_vc,0,5,1
290000,290,1,NOC_NPS_VNOC_X3Y0,VNOC,credit,1,-1,1
290000,290,1,NOC_NPS_VNOC_X3Y0,VNOC,data_vc,1,5,1
291000,291,0,NOC_NPS_VNOC_X3Y1,VNOC,credit,0,-1,1
291000,291,0,NOC_NPS_VNOC_X3Y1,VNOC,data_vc,0,5,1
291000,291,1,NOC_NPS_VNOC_X3Y0,VNOC,credit,1,-1,1
291000,291,1,NOC_NPS_VNOC_X3Y0,VNOC,data_vc,1,5,1
292000,292,0,NOC_NPS_VNOC_X3Y1,VNOC,credit,0,-1,1
292000,292,0,NOC_NPS_VNOC_X3Y1,VNOC,data_vc,0,5,1
292000,292,1,NOC_NPS_VNOC_X3Y0,VNOC,credit,1,-1,1
292000,292,1,NOC_NPS_VNOC_X3Y0,VNOC,data_vc,1,5,1
293000,293,0,NOC_NPS_VNOC_X3Y1,VNOC,credit,0,-1,1
293000,293,0,NOC_NPS_VNOC_X3Y1,VNOC,data_vc,0,5,1
293000,293,1,NOC_NPS_VNOC_X3Y0,VNOC,credit,1,-1,1
293000,293,1,NOC_NPS_VNOC_X3Y0,VNOC,data_vc,1,5,1
294000,294,0,NOC_NPS_VNOC_X3Y1,VNOC,credit,0,-1,1
294000,294,0,NOC_NPS_VNOC_X3Y1,VNOC,data_vc,0,5,1
294000,294,1,NOC_NPS_VNOC_X3Y0,VNOC,credit,1,-1,1
294000,294,1,NOC_NPS_VNOC_X3Y0,VNOC,data_vc,1,5,1
295000,295,0,NOC_NPS_VNOC_X3Y1,VNOC,credit,0,-1,1
295000,295,0,NOC_NPS_VNOC_X3Y1,VNOC,data_vc,0,5,1
295000,295,1,NOC_NPS_VNOC_X3Y0,VNOC,credit,1,-1,1
295000,295,1,NOC_NPS_VNOC_X3Y0,VNOC,data_vc,1,5,1
296000,296,0,NOC_NPS_VNOC_X3Y1,VNOC,credit,0,-1,1
296000,296,0,NOC_NPS_VNOC_X3Y1,VNOC,data_vc,0,5,1
296000,296,1,NOC_NPS_VNOC_X3Y0,VNOC,credit,1,-1,1
296000,296,1,NOC_NPS_VNOC_X3Y0,VNOC,data_vc,1,5,1
297000,297,0,NOC_NPS_VNOC_X3Y1,VNOC,credit,0,-1,1
297000,297,0,NOC_NPS_VNOC_X3Y1,VNOC,data_vc,0,5,1
297000,297,1,NOC_NPS_VNOC_X3Y0,VNOC,credit,1,-1,1
297000,297,1,NOC_NPS_VNOC_X3Y0,VNOC,data_vc,1,5,1
298000,298,0,NOC_NPS_VNOC_X3Y1,VNOC,credit,0,-1,1
298000,298,0,NOC_NPS_VNOC_X3Y1,VNOC,data_vc,0,5,1
298000,298,1,NOC_NPS_VNOC_X3Y0,VNOC,credit,1,-1,1
298000,298,1,NOC_NPS_VNOC_X3Y0,VNOC,data_vc,1,5,1
299000,299,0,NOC_NPS_VNOC_X3Y1,VNOC,credit,0,-1,1
299000,299,0,NOC_NPS_VNOC_X3Y1,VNOC,data_vc,0,5,1
299000,299,1,NOC_NPS_VNOC_X3Y0,VNOC,credit,1,-1,1
299000,299,1,NOC_NPS_VNOC_X3Y0,VNOC,data_vc,1,5,1
300000,300,0,NOC_NPS_VNOC_X3Y1,VNOC,credit,0,-1,1
300000,300,0,NOC_NPS_VNOC_X3Y1,VNOC,data_vc,0,5,1
300000,300,1,NOC_NPS_VNOC_X3Y0,VNOC,credit,1,-1,1
300000,300,1,NOC_NPS_VNOC_X3Y0,VNOC,data_vc,1,5,1
301000,301,0,NOC_NPS_VNOC_X3Y1,VNOC,credit,0,-1,1
301000,301,0,NOC_NPS_VNOC_X3Y1,VNOC,data_vc,0,5,1
301000,301,1,NOC_NPS_VNOC_X3Y0,VNOC,credit,1,-1,1
301000,301,1,NOC_NPS_VNOC_X3Y0,VNOC,data_vc,1,5,1
302000,302,0,NOC_NPS_VNOC_X3Y1,VNOC,credit,0,-1,1
302000,302,0,NOC_NPS_VNOC_X3Y1,VNOC,data_vc,0,5,1
302000,302,1,NOC_NPS_VNOC_X3Y0,VNOC,credit,1,-1,1
302000,302,1,NOC_NPS_VNOC_X3Y0,VNOC,data_vc,1,5,1
303000,303,0,NOC_NPS_VNOC_X3Y1,VNOC,credit,0,-1,1
303000,303,0,NOC_NPS_VNOC_X3Y1,VNOC,data_vc,0,5,1
303000,303,1,NOC_NPS_VNOC_X3Y0,VNOC,credit,1,-1,1
303000,303,1,NOC_NPS_VNOC_X3Y0,VNOC,data_vc,1,5,1
304000,304,0,NOC_NPS_VNOC_X3Y1,VNOC,credit,0,-1,1
304000,304,0,NOC_NPS_VNOC_X3Y1,VNOC,data_vc,0,5,1
304000,304,1,NOC_NPS_VNOC_X3Y0,VNOC,credit,1,-1,1
304000,304,1,NOC_NPS_VNOC_X3Y0,VNOC,data_vc,1,5,1
305000,305,0,NOC_NPS_VNOC_X3Y1,VNOC,credit,0,-1,1
305000,305,0,NOC_NPS_VNOC_X3Y1,VNOC,data_vc,0,5,1
305000,305,1,NOC_NPS_VNOC_X3Y0,VNOC,credit,1,-1,1
305000,305,1,NOC_NPS_VNOC_X3Y0,VNOC,data_vc,1,5,1
306000,306,0,NOC_NPS_VNOC_X3Y1,VNOC,credit,0,-1,1
306000,306,0,NOC_NPS_VNOC_X3Y1,VNOC,data_vc,0,5,1
306000,306,1,NOC_NPS_VNOC_X3Y0,VNOC,credit,1,-1,1
306000,306,1,NOC_NPS_VNOC_X3Y0,VNOC,data_vc,1,5,1
307000,307,0,NOC_NPS_VNOC_X3Y1,VNOC,credit,0,-1,1
307000,307,0,NOC_NPS_VNOC_X3Y1,VNOC,data_vc,0,5,1
307000,307,1,NOC_NPS_VNOC_X3Y0,VNOC,credit,1,-1,1
307000,307,1,NOC_NPS_VNOC_X3Y0,VNOC,data_vc,1,5,1
308000,308,0,NOC_NPS_VNOC_X3Y1,VNOC,credit,0,-1,1
308000,308,0,NOC_NPS_VNOC_X3Y1,VNOC,data_vc,0,5,1
308000,308,1,NOC_NPS_VNOC_X3Y0,VNOC,credit,1,-1,1
308000,308,1,NOC_NPS_VNOC_X3Y0,VNOC,data_vc,1,5,1
309000,309,0,NOC_NPS_VNOC_X3Y1,VNOC,credit,0,-1,1
309000,309,0,NOC_NPS_VNOC_X3Y1,VNOC,data_vc,0,5,1
309000,309,1,NOC_NPS_VNOC_X3Y0,VNOC,credit,1,-1,1
309000,309,1,NOC_NPS_VNOC_X3Y0,VNOC,data_vc,1,5,1
310000,310,0,NOC_NPS_VNOC_X3Y1,VNOC,credit,0,-1,1
310000,310,0,NOC_NPS_VNOC_X3Y1,VNOC,data_vc,0,5,1
310000,310,1,NOC_NPS_VNOC_X3Y0,VNOC,credit,1,-1,1
310000,310,1,NOC_NPS_VNOC_X3Y0,VNOC,data_vc,1,5,1
311000,311,0,NOC_NPS_VNOC_X3Y1,VNOC,credit,0,-1,1
311000,311,0,NOC_NPS_VNOC_X3Y1,VNOC,data_vc,0,5,1
311000,311,1,NOC_NPS_VNOC_X3Y0,VNOC,credit,1,-1,1
311000,311,1,NOC_NPS_VNOC_X3Y0,VNOC,data_vc,1,5,1
312000,312,0,NOC_NPS_VNOC_X3Y1,VNOC,credit,0,-1,1
312000,312,0,NOC_NPS_VNOC_X3Y1,VNOC,data_vc,0,5,1
312000,312,1,NOC_NPS_VNOC_X3Y0,VNOC,credit,1,-1,1
312000,312,1,NOC_NPS_VNOC_X3Y0,VNOC,data_vc,1,5,1
313000,313,0,NOC_NPS_VNOC_X3Y1,VNOC,credit,0,-1,1
313000,313,0,NOC_NPS_VNOC_X3Y1,VNOC,data_vc,0,5,1
313000,313,1,NOC_NPS_VNOC_X3Y0,VNOC,credit,1,-1,1
313000,313,1,NOC_NPS_VNOC_X3Y0,VNOC,data_vc,1,5,1
314000,314,0,NOC_NPS_VNOC_X3Y1,VNOC,credit,0,-1,1
314000,314,0,NOC_NPS_VNOC_X3Y1,VNOC,data_vc,0,5,1
314000,314,1,NOC_NPS_VNOC_X3Y0,VNOC,credit,1,-1,1
314000,314,1,NOC_NPS_VNOC_X3Y0,VNOC,data_vc,1,5,1
315000,315,0,NOC_NPS_VNOC_X3Y1,VNOC,credit,0,-1,1
315000,315,0,NOC_NPS_VNOC_X3Y1,VNOC,data_vc,0,5,1
315000,315,1,NOC_NPS_VNOC_X3Y0,VNOC,credit,1,-1,1
315000,315,1,NOC_NPS_VNOC_X3Y0,VNOC,data_vc,1,5,1
316000,316,0,NOC_NPS_VNOC_X3Y1,VNOC,credit,0,-1,1
316000,316,0,NOC_NPS_VNOC_X3Y1,VNOC,data_vc,0,5,1
316000,316,1,NOC_NPS_VNOC_X3Y0,VNOC,credit,1,-1,1
316000,316,1,NOC_NPS_VNOC_X3Y0,VNOC,data_vc,1,5,1
317000,317,0,NOC_NPS_VNOC_X3Y1,VNOC,credit,0,-1,1
317000,317,0,NOC_NPS_VNOC_X3Y1,VNOC,data_vc,0,5,1
317000,317,1,NOC_NPS_VNOC_X3Y0,VNOC,credit,1,-1,1
317000,317,1,NOC_NPS_VNOC_X3Y0,VNOC,data_vc,1,5,1
318000,318,0,NOC_NPS_VNOC_X3Y1,VNOC,credit,0,-1,1
318000,318,0,NOC_NPS_VNOC_X3Y1,VNOC,data_vc,0,5,1
318000,318,1,NOC_NPS_VNOC_X3Y0,VNOC,credit,1,-1,1
318000,318,1,NOC_NPS_VNOC_X3Y0,VNOC,data_vc,1,5,1
319000,319,0,NOC_NPS_VNOC_X3Y1,VNOC,credit,0,-1,1
319000,319,0,NOC_NPS_VNOC_X3Y1,VNOC,data_vc,0,5,1
319000,319,1,NOC_NPS_VNOC_X3Y0,VNOC,credit,1,-1,1
319000,319,1,NOC_NPS_VNOC_X3Y0,VNOC,data_vc,1,5,1
320000,320,0,NOC_NPS_VNOC_X3Y1,VNOC,credit,0,-1,1
320000,320,0,NOC_NPS_VNOC_X3Y1,VNOC,data_vc,0,5,1
320000,320,1,NOC_NPS_VNOC_X3Y0,VNOC,credit,1,-1,1
320000,320,1,NOC_NPS_VNOC_X3Y0,VNOC,data_vc,1,5,1
321000,321,0,NOC_NPS_VNOC_X3Y1,VNOC,credit,0,-1,1
321000,321,0,NOC_NPS_VNOC_X3Y1,VNOC,data_vc,0,5,1
321000,321,1,NOC_NPS_VNOC_X3Y0,VNOC,credit,1,-1,1
321000,321,1,NOC_NPS_VNOC_X3Y0,VNOC,data_vc,1,5,1
322000,322,0,NOC_NPS_VNOC_X3Y1,VNOC,credit,0,-1,1
322000,322,0,NOC_NPS_VNOC_X3Y1,VNOC,data_vc,0,5,1
322000,322,1,NOC_NPS_VNOC_X3Y0,VNOC,credit,1,-1,1
322000,322,1,NOC_NPS_VNOC_X3Y0,VNOC,data_vc,1,5,1
323000,323,0,NOC_NPS_VNOC_X3Y1,VNOC,credit,0,-1,1
323000,323,0,NOC_NPS_VNOC_X3Y1,VNOC,data_vc,0,5,1
323000,323,1,NOC_NPS_VNOC_X3Y0,VNOC,credit,1,-1,1
323000,323,1,NOC_NPS_VNOC_X3Y0,VNOC,data_vc,1,5,1
324000,324,0,NOC_NPS_VNOC_X3Y1,VNOC,credit,0,-1,1
324000,324,0,NOC_NPS_VNOC_X3Y1,VNOC,data_vc,0,5,1
324000,324,1,NOC_NPS_VNOC_X3Y0,VNOC,credit,1,-1,1
324000,324,1,NOC_NPS_VNOC_X3Y0,VNOC,data_vc,1,5,1
325000,325,0,NOC_NPS_VNOC_X3Y1,VNOC,credit,0,-1,1
325000,325,0,NOC_NPS_VNOC_X3Y1,VNOC,data_vc,0,5,1
325000,325,1,NOC_NPS_VNOC_X3Y0,VNOC,credit,1,-1,1
325000,325,1,NOC_NPS_VNOC_X3Y0,VNOC,data_vc,1,5,1
326000,326,0,NOC_NPS_VNOC_X3Y1,VNOC,credit,0,-1,1
326000,326,0,NOC_NPS_VNOC_X3Y1,VNOC,data_vc,0,5,1
326000,326,1,NOC_NPS_VNOC_X3Y0,VNOC,credit,1,-1,1
326000,326,1,NOC_NPS_VNOC_X3Y0,VNOC,data_vc,1,5,1
327000,327,0,NOC_NPS_VNOC_X3Y1,VNOC,credit,0,-1,1
327000,327,0,NOC_NPS_VNOC_X3Y1,VNOC,data_vc,0,5,1
327000,327,1,NOC_NPS_VNOC_X3Y0,VNOC,credit,1,-1,1
327000,327,1,NOC_NPS_VNOC_X3Y0,VNOC,data_vc,1,5,1
328000,328,0,NOC_NPS_VNOC_X3Y1,VNOC,credit,0,-1,1
328000,328,0,NOC_NPS_VNOC_X3Y1,VNOC,data_vc,0,5,1
328000,328,1,NOC_NPS_VNOC_X3Y0,VNOC,credit,1,-1,1
328000,328,1,NOC_NPS_VNOC_X3Y0,VNOC,data_vc,1,5,1
329000,329,0,NOC_NPS_VNOC_X3Y1,VNOC,credit,0,-1,1
329000,329,0,NOC_NPS_VNOC_X3Y1,VNOC,data_vc,0,5,1
329000,329,1,NOC_NPS_VNOC_X3Y0,VNOC,credit,1,-1,1
329000,329,1,NOC_NPS_VNOC_X3Y0,VNOC,data_vc,1,5,1
330000,330,0,NOC_NPS_VNOC_X3Y1,VNOC,credit,0,-1,1
330000,330,0,NOC_NPS_VNOC_X3Y1,VNOC,data_vc,0,5,1
330000,330,1,NOC_NPS_VNOC_X3Y0,VNOC,credit,1,-1,1
330000,330,1,NOC_NPS_VNOC_X3Y0,VNOC,data_vc,1,5,1
331000,331,0,NOC_NPS_VNOC_X3Y1,VNOC,credit,0,-1,1
331000,331,0,NOC_NPS_VNOC_X3Y1,VNOC,data_vc,0,5,1
331000,331,1,NOC_NPS_VNOC_X3Y0,VNOC,credit,1,-1,1
331000,331,1,NOC_NPS_VNOC_X3Y0,VNOC,data_vc,1,5,1
332000,332,0,NOC_NPS_VNOC_X3Y1,VNOC,credit,0,-1,1
332000,332,0,NOC_NPS_VNOC_X3Y1,VNOC,data_vc,0,5,1
332000,332,1,NOC_NPS_VNOC_X3Y0,VNOC,credit,1,-1,1
332000,332,1,NOC_NPS_VNOC_X3Y0,VNOC,data_vc,1,5,1
333000,333,0,NOC_NPS_VNOC_X3Y1,VNOC,credit,0,-1,1
333000,333,0,NOC_NPS_VNOC_X3Y1,VNOC,data_vc,0,5,1
333000,333,1,NOC_NPS_VNOC_X3Y0,VNOC,credit,1,-1,1
333000,333,1,NOC_NPS_VNOC_X3Y0,VNOC,data_vc,1,5,1
334000,334,0,NOC_NPS_VNOC_X3Y1,VNOC,credit,0,-1,1
334000,334,0,NOC_NPS_VNOC_X3Y1,VNOC,data_vc,0,5,1
334000,334,1,NOC_NPS_VNOC_X3Y0,VNOC,credit,1,-1,1
334000,334,1,NOC_NPS_VNOC_X3Y0,VNOC,data_vc,1,5,1
335000,335,0,NOC_NPS_VNOC_X3Y1,VNOC,credit,0,-1,1
335000,335,0,NOC_NPS_VNOC_X3Y1,VNOC,data_vc,0,5,1
335000,335,1,NOC_NPS_VNOC_X3Y0,VNOC,credit,1,-1,1
335000,335,1,NOC_NPS_VNOC_X3Y0,VNOC,data_vc,1,5,1
336000,336,0,NOC_NPS_VNOC_X3Y1,VNOC,credit,0,-1,1
336000,336,0,NOC_NPS_VNOC_X3Y1,VNOC,data_vc,0,5,1
336000,336,1,NOC_NPS_VNOC_X3Y0,VNOC,credit,1,-1,1
336000,336,1,NOC_NPS_VNOC_X3Y0,VNOC,data_vc,1,5,1
337000,337,0,NOC_NPS_VNOC_X3Y1,VNOC,credit,0,-1,1
337000,337,0,NOC_NPS_VNOC_X3Y1,VNOC,data_vc,0,5,1
337000,337,1,NOC_NPS_VNOC_X3Y0,VNOC,credit,1,-1,1
337000,337,1,NOC_NPS_VNOC_X3Y0,VNOC,data_vc,1,5,1
338000,338,0,NOC_NPS_VNOC_X3Y1,VNOC,credit,0,-1,1
338000,338,0,NOC_NPS_VNOC_X3Y1,VNOC,data_vc,0,5,1
338000,338,1,NOC_NPS_VNOC_X3Y0,VNOC,credit,1,-1,1
338000,338,1,NOC_NPS_VNOC_X3Y0,VNOC,data_vc,1,5,1
339000,339,0,NOC_NPS_VNOC_X3Y1,VNOC,credit,0,-1,1
339000,339,0,NOC_NPS_VNOC_X3Y1,VNOC,data_vc,0,5,1
339000,339,1,NOC_NPS_VNOC_X3Y0,VNOC,credit,1,-1,1
339000,339,1,NOC_NPS_VNOC_X3Y0,VNOC,data_vc,1,5,1
340000,340,0,NOC_NPS_VNOC_X3Y1,VNOC,credit,0,-1,1
340000,340,0,NOC_NPS_VNOC_X3Y1,VNOC,data_vc,0,5,1
340000,340,1,NOC_NPS_VNOC_X3Y0,VNOC,credit,1,-1,1
340000,340,1,NOC_NPS_VNOC_X3Y0,VNOC,data_vc,1,5,1
341000,341,0,NOC_NPS_VNOC_X3Y1,VNOC,credit,0,-1,1
341000,341,0,NOC_NPS_VNOC_X3Y1,VNOC,data_vc,0,5,1
341000,341,1,NOC_NPS_VNOC_X3Y0,VNOC,credit,1,-1,1
341000,341,1,NOC_NPS_VNOC_X3Y0,VNOC,data_vc,1,5,1
342000,342,0,NOC_NPS_VNOC_X3Y1,VNOC,credit,0,-1,1
342000,342,0,NOC_NPS_VNOC_X3Y1,VNOC,data_vc,0,5,1
342000,342,1,NOC_NPS_VNOC_X3Y0,VNOC,credit,1,-1,1
342000,342,1,NOC_NPS_VNOC_X3Y0,VNOC,data_vc,1,5,1
343000,343,0,NOC_NPS_VNOC_X3Y1,VNOC,credit,0,-1,1
343000,343,0,NOC_NPS_VNOC_X3Y1,VNOC,data_vc,0,5,1
343000,343,1,NOC_NPS_VNOC_X3Y0,VNOC,credit,1,-1,1
343000,343,1,NOC_NPS_VNOC_X3Y0,VNOC,data_vc,1,5,1
344000,344,0,NOC_NPS_VNOC_X3Y1,VNOC,credit,0,-1,1
344000,344,0,NOC_NPS_VNOC_X3Y1,VNOC,data_vc,0,5,1
344000,344,1,NOC_NPS_VNOC_X3Y0,VNOC,credit,1,-1,1
344000,344,1,NOC_NPS_VNOC_X3Y0,VNOC,data_vc,1,5,1
345000,345,0,NOC_NPS_VNOC_X3Y1,VNOC,credit,0,-1,1
345000,345,0,NOC_NPS_VNOC_X3Y1,VNOC,data_vc,0,5,1
345000,345,1,NOC_NPS_VNOC_X3Y0,VNOC,credit,1,-1,1
345000,345,1,NOC_NPS_VNOC_X3Y0,VNOC,data_vc,1,5,1
346000,346,0,NOC_NPS_VNOC_X3Y1,VNOC,credit,0,-1,1
346000,346,0,NOC_NPS_VNOC_X3Y1,VNOC,data_vc,0,5,1
346000,346,1,NOC_NPS_VNOC_X3Y0,VNOC,credit,1,-1,1
346000,346,1,NOC_NPS_VNOC_X3Y0,VNOC,data_vc,1,5,1
347000,347,0,NOC_NPS_VNOC_X3Y1,VNOC,credit,0,-1,1
347000,347,0,NOC_NPS_VNOC_X3Y1,VNOC,data_vc,0,5,1
347000,347,1,NOC_NPS_VNOC_X3Y0,VNOC,credit,1,-1,1
347000,347,1,NOC_NPS_VNOC_X3Y0,VNOC,data_vc,1,5,1
348000,348,0,NOC_NPS_VNOC_X3Y1,VNOC,credit,0,-1,1
348000,348,0,NOC_NPS_VNOC_X3Y1,VNOC,data_vc,0,5,1
348000,348,1,NOC_NPS_VNOC_X3Y0,VNOC,credit,1,-1,1
348000,348,1,NOC_NPS_VNOC_X3Y0,VNOC,data_vc,1,5,1
349000,349,0,NOC_NPS_VNOC_X3Y1,VNOC,credit,0,-1,1
349000,349,0,NOC_NPS_VNOC_X3Y1,VNOC,data_vc,0,5,1
349000,349,1,NOC_NPS_VNOC_X3Y0,VNOC,credit,1,-1,1
349000,349,1,NOC_NPS_VNOC_X3Y0,VNOC,data_vc,1,5,1
350000,350,0,NOC_NPS_VNOC_X3Y1,VNOC,credit,0,-1,1
350000,350,0,NOC_NPS_VNOC_X3Y1,VNOC,data_vc,0,5,1
350000,350,1,NOC_NPS_VNOC_X3Y0,VNOC,credit,1,-1,1
350000,350,1,NOC_NPS_VNOC_X3Y0,VNOC,data_vc,1,5,1
351000,351,0,NOC_NPS_VNOC_X3Y1,VNOC,credit,0,-1,1
351000,351,0,NOC_NPS_VNOC_X3Y1,VNOC,data_vc,0,5,1
351000,351,1,NOC_NPS_VNOC_X3Y0,VNOC,credit,1,-1,1
351000,351,1,NOC_NPS_VNOC_X3Y0,VNOC,data_vc,1,5,1
352000,352,0,NOC_NPS_VNOC_X3Y1,VNOC,credit,0,-1,1
352000,352,0,NOC_NPS_VNOC_X3Y1,VNOC,data_vc,0,5,1
352000,352,1,NOC_NPS_VNOC_X3Y0,VNOC,credit,1,-1,1
352000,352,1,NOC_NPS_VNOC_X3Y0,VNOC,data_vc,1,5,1
353000,353,0,NOC_NPS_VNOC_X3Y1,VNOC,credit,0,-1,1
353000,353,1,NOC_NPS_VNOC_X3Y0,VNOC,credit,1,-1,1
353000,353,1,NOC_NPS_VNOC_X3Y0,VNOC,data_vc,1,5,1
354000,354,0,NOC_NPS_VNOC_X3Y1,VNOC,credit,0,-1,1
354000,354,1,NOC_NPS_VNOC_X3Y0,VNOC,credit,1,-1,1
354000,354,1,NOC_NPS_VNOC_X3Y0,VNOC,data_vc,1,5,1
355000,355,0,NOC_NPS_VNOC_X3Y1,VNOC,credit,0,-1,1
355000,355,0,NOC_NPS_VNOC_X3Y1,VNOC,data_vc,0,5,1
355000,355,1,NOC_NPS_VNOC_X3Y0,VNOC,credit,1,-1,1
356000,356,0,NOC_NPS_VNOC_X3Y1,VNOC,credit,0,-1,1
356000,356,0,NOC_NPS_VNOC_X3Y1,VNOC,data_vc,0,5,1
356000,356,1,NOC_NPS_VNOC_X3Y0,VNOC,credit,1,-1,1
357000,357,0,NOC_NPS_VNOC_X3Y1,VNOC,data_vc,0,5,1
357000,357,1,NOC_NPS_VNOC_X3Y0,VNOC,credit,1,-1,1
357000,357,1,NOC_NPS_VNOC_X3Y0,VNOC,data_vc,1,5,1
358000,358,0,NOC_NPS_VNOC_X3Y1,VNOC,data_vc,0,5,1
358000,358,1,NOC_NPS_VNOC_X3Y0,VNOC,credit,1,-1,1
358000,358,1,NOC_NPS_VNOC_X3Y0,VNOC,data_vc,1,5,1
359000,359,0,NOC_NPS_VNOC_X3Y1,VNOC,credit,0,-1,1
359000,359,0,NOC_NPS_VNOC_X3Y1,VNOC,data_vc,0,5,1
359000,359,1,NOC_NPS_VNOC_X3Y0,VNOC,data_vc,1,5,1
360000,360,0,NOC_NPS_VNOC_X3Y1,VNOC,credit,0,-1,1
360000,360,0,NOC_NPS_VNOC_X3Y1,VNOC,data_vc,0,5,1
360000,360,1,NOC_NPS_VNOC_X3Y0,VNOC,data_vc,1,5,1
361000,361,0,NOC_NPS_VNOC_X3Y1,VNOC,credit,0,-1,1
361000,361,0,NOC_NPS_VNOC_X3Y1,VNOC,data_vc,0,5,1
361000,361,1,NOC_NPS_VNOC_X3Y0,VNOC,credit,1,-1,1
361000,361,1,NOC_NPS_VNOC_X3Y0,VNOC,data_vc,1,5,1
362000,362,0,NOC_NPS_VNOC_X3Y1,VNOC,credit,0,-1,1
362000,362,0,NOC_NPS_VNOC_X3Y1,VNOC,data_vc,0,5,1
362000,362,1,NOC_NPS_VNOC_X3Y0,VNOC,credit,1,-1,1
362000,362,1,NOC_NPS_VNOC_X3Y0,VNOC,data_vc,1,5,1
363000,363,0,NOC_NPS_VNOC_X3Y1,VNOC,credit,0,-1,1
363000,363,0,NOC_NPS_VNOC_X3Y1,VNOC,data_vc,0,5,1
363000,363,1,NOC_NPS_VNOC_X3Y0,VNOC,credit,1,-1,1
363000,363,1,NOC_NPS_VNOC_X3Y0,VNOC,data_vc,1,5,1
364000,364,0,NOC_NPS_VNOC_X3Y1,VNOC,credit,0,-1,1
364000,364,0,NOC_NPS_VNOC_X3Y1,VNOC,data_vc,0,5,1
364000,364,1,NOC_NPS_VNOC_X3Y0,VNOC,credit,1,-1,1
364000,364,1,NOC_NPS_VNOC_X3Y0,VNOC,data_vc,1,5,1
365000,365,0,NOC_NPS_VNOC_X3Y1,VNOC,credit,0,-1,1
365000,365,0,NOC_NPS_VNOC_X3Y1,VNOC,data_vc,0,5,1
365000,365,1,NOC_NPS_VNOC_X3Y0,VNOC,credit,1,-1,1
365000,365,1,NOC_NPS_VNOC_X3Y0,VNOC,data_vc,1,5,1
366000,366,0,NOC_NPS_VNOC_X3Y1,VNOC,credit,0,-1,1
366000,366,0,NOC_NPS_VNOC_X3Y1,VNOC,data_vc,0,5,1
366000,366,1,NOC_NPS_VNOC_X3Y0,VNOC,credit,1,-1,1
366000,366,1,NOC_NPS_VNOC_X3Y0,VNOC,data_vc,1,5,1
367000,367,0,NOC_NPS_VNOC_X3Y1,VNOC,credit,0,-1,1
367000,367,0,NOC_NPS_VNOC_X3Y1,VNOC,data_vc,0,5,1
367000,367,1,NOC_NPS_VNOC_X3Y0,VNOC,credit,1,-1,1
367000,367,1,NOC_NPS_VNOC_X3Y0,VNOC,data_vc,1,5,1
368000,368,0,NOC_NPS_VNOC_X3Y1,VNOC,credit,0,-1,1
368000,368,0,NOC_NPS_VNOC_X3Y1,VNOC,data_vc,0,5,1
368000,368,1,NOC_NPS_VNOC_X3Y0,VNOC,credit,1,-1,1
368000,368,1,NOC_NPS_VNOC_X3Y0,VNOC,data_vc,1,5,1
369000,369,0,NOC_NPS_VNOC_X3Y1,VNOC,credit,0,-1,1
369000,369,0,NOC_NPS_VNOC_X3Y1,VNOC,data_vc,0,5,1
369000,369,1,NOC_NPS_VNOC_X3Y0,VNOC,credit,1,-1,1
369000,369,1,NOC_NPS_VNOC_X3Y0,VNOC,data_vc,1,5,1
370000,370,0,NOC_NPS_VNOC_X3Y1,VNOC,credit,0,-1,1
370000,370,0,NOC_NPS_VNOC_X3Y1,VNOC,data_vc,0,5,1
370000,370,1,NOC_NPS_VNOC_X3Y0,VNOC,credit,1,-1,1
370000,370,1,NOC_NPS_VNOC_X3Y0,VNOC,data_vc,1,5,1
371000,371,0,NOC_NPS_VNOC_X3Y1,VNOC,credit,0,-1,1
371000,371,0,NOC_NPS_VNOC_X3Y1,VNOC,data_vc,0,5,1
371000,371,1,NOC_NPS_VNOC_X3Y0,VNOC,credit,1,-1,1
371000,371,1,NOC_NPS_VNOC_X3Y0,VNOC,data_vc,1,5,1
372000,372,0,NOC_NPS_VNOC_X3Y1,VNOC,credit,0,-1,1
372000,372,0,NOC_NPS_VNOC_X3Y1,VNOC,data_vc,0,5,1
372000,372,1,NOC_NPS_VNOC_X3Y0,VNOC,credit,1,-1,1
372000,372,1,NOC_NPS_VNOC_X3Y0,VNOC,data_vc,1,5,1
373000,373,0,NOC_NPS_VNOC_X3Y1,VNOC,credit,0,-1,1
373000,373,0,NOC_NPS_VNOC_X3Y1,VNOC,data_vc,0,5,1
373000,373,1,NOC_NPS_VNOC_X3Y0,VNOC,credit,1,-1,1
373000,373,1,NOC_NPS_VNOC_X3Y0,VNOC,data_vc,1,5,1
374000,374,0,NOC_NPS_VNOC_X3Y1,VNOC,credit,0,-1,1
374000,374,0,NOC_NPS_VNOC_X3Y1,VNOC,data_vc,0,5,1
374000,374,1,NOC_NPS_VNOC_X3Y0,VNOC,credit,1,-1,1
374000,374,1,NOC_NPS_VNOC_X3Y0,VNOC,data_vc,1,5,1
375000,375,0,NOC_NPS_VNOC_X3Y1,VNOC,credit,0,-1,1
375000,375,0,NOC_NPS_VNOC_X3Y1,VNOC,data_vc,0,5,1
375000,375,1,NOC_NPS_VNOC_X3Y0,VNOC,credit,1,-1,1
375000,375,1,NOC_NPS_VNOC_X3Y0,VNOC,data_vc,1,5,1
376000,376,0,NOC_NPS_VNOC_X3Y1,VNOC,credit,0,-1,1
376000,376,0,NOC_NPS_VNOC_X3Y1,VNOC,data_vc,0,5,1
376000,376,1,NOC_NPS_VNOC_X3Y0,VNOC,credit,1,-1,1
376000,376,1,NOC_NPS_VNOC_X3Y0,VNOC,data_vc,1,5,1
377000,377,0,NOC_NPS_VNOC_X3Y1,VNOC,credit,0,-1,1
377000,377,0,NOC_NPS_VNOC_X3Y1,VNOC,data_vc,0,5,1
377000,377,1,NOC_NPS_VNOC_X3Y0,VNOC,credit,1,-1,1
377000,377,1,NOC_NPS_VNOC_X3Y0,VNOC,data_vc,1,5,1
378000,378,0,NOC_NPS_VNOC_X3Y1,VNOC,credit,0,-1,1
378000,378,0,NOC_NPS_VNOC_X3Y1,VNOC,data_vc,0,5,1
378000,378,1,NOC_NPS_VNOC_X3Y0,VNOC,credit,1,-1,1
378000,378,1,NOC_NPS_VNOC_X3Y0,VNOC,data_vc,1,5,1
379000,379,0,NOC_NPS_VNOC_X3Y1,VNOC,credit,0,-1,1
379000,379,0,NOC_NPS_VNOC_X3Y1,VNOC,data_vc,0,5,1
379000,379,1,NOC_NPS_VNOC_X3Y0,VNOC,credit,1,-1,1
379000,379,1,NOC_NPS_VNOC_X3Y0,VNOC,data_vc,1,5,1
380000,380,0,NOC_NPS_VNOC_X3Y1,VNOC,credit,0,-1,1
380000,380,0,NOC_NPS_VNOC_X3Y1,VNOC,data_vc,0,5,1
380000,380,1,NOC_NPS_VNOC_X3Y0,VNOC,credit,1,-1,1
380000,380,1,NOC_NPS_VNOC_X3Y0,VNOC,data_vc,1,5,1
381000,381,0,NOC_NPS_VNOC_X3Y1,VNOC,credit,0,-1,1
381000,381,0,NOC_NPS_VNOC_X3Y1,VNOC,data_vc,0,5,1
381000,381,1,NOC_NPS_VNOC_X3Y0,VNOC,credit,1,-1,1
381000,381,1,NOC_NPS_VNOC_X3Y0,VNOC,data_vc,1,5,1
382000,382,0,NOC_NPS_VNOC_X3Y1,VNOC,credit,0,-1,1
382000,382,0,NOC_NPS_VNOC_X3Y1,VNOC,data_vc,0,5,1
382000,382,1,NOC_NPS_VNOC_X3Y0,VNOC,credit,1,-1,1
382000,382,1,NOC_NPS_VNOC_X3Y0,VNOC,data_vc,1,5,1
383000,383,0,NOC_NPS_VNOC_X3Y1,VNOC,credit,0,-1,1
383000,383,0,NOC_NPS_VNOC_X3Y1,VNOC,data_vc,0,5,1
383000,383,1,NOC_NPS_VNOC_X3Y0,VNOC,credit,1,-1,1
383000,383,1,NOC_NPS_VNOC_X3Y0,VNOC,data_vc,1,5,1
384000,384,0,NOC_NPS_VNOC_X3Y1,VNOC,credit,0,-1,1
384000,384,0,NOC_NPS_VNOC_X3Y1,VNOC,data_vc,0,5,1
384000,384,1,NOC_NPS_VNOC_X3Y0,VNOC,credit,1,-1,1
384000,384,1,NOC_NPS_VNOC_X3Y0,VNOC,data_vc,1,5,1
385000,385,0,NOC_NPS_VNOC_X3Y1,VNOC,credit,0,-1,1
385000,385,0,NOC_NPS_VNOC_X3Y1,VNOC,data_vc,0,5,1
385000,385,1,NOC_NPS_VNOC_X3Y0,VNOC,credit,1,-1,1
385000,385,1,NOC_NPS_VNOC_X3Y0,VNOC,data_vc,1,5,1
386000,386,0,NOC_NPS_VNOC_X3Y1,VNOC,credit,0,-1,1
386000,386,0,NOC_NPS_VNOC_X3Y1,VNOC,data_vc,0,5,1
386000,386,1,NOC_NPS_VNOC_X3Y0,VNOC,credit,1,-1,1
386000,386,1,NOC_NPS_VNOC_X3Y0,VNOC,data_vc,1,5,1
387000,387,0,NOC_NPS_VNOC_X3Y1,VNOC,credit,0,-1,1
387000,387,0,NOC_NPS_VNOC_X3Y1,VNOC,data_vc,0,5,1
387000,387,1,NOC_NPS_VNOC_X3Y0,VNOC,credit,1,-1,1
387000,387,1,NOC_NPS_VNOC_X3Y0,VNOC,data_vc,1,5,1
388000,388,0,NOC_NPS_VNOC_X3Y1,VNOC,credit,0,-1,1
388000,388,0,NOC_NPS_VNOC_X3Y1,VNOC,data_vc,0,5,1
388000,388,1,NOC_NPS_VNOC_X3Y0,VNOC,credit,1,-1,1
388000,388,1,NOC_NPS_VNOC_X3Y0,VNOC,data_vc,1,5,1
389000,389,0,NOC_NPS_VNOC_X3Y1,VNOC,credit,0,-1,1
389000,389,0,NOC_NPS_VNOC_X3Y1,VNOC,data_vc,0,5,1
389000,389,1,NOC_NPS_VNOC_X3Y0,VNOC,credit,1,-1,1
389000,389,1,NOC_NPS_VNOC_X3Y0,VNOC,data_vc,1,5,1
390000,390,0,NOC_NPS_VNOC_X3Y1,VNOC,credit,0,-1,1
390000,390,0,NOC_NPS_VNOC_X3Y1,VNOC,data_vc,0,5,1
390000,390,1,NOC_NPS_VNOC_X3Y0,VNOC,credit,1,-1,1
390000,390,1,NOC_NPS_VNOC_X3Y0,VNOC,data_vc,1,5,1
391000,391,0,NOC_NPS_VNOC_X3Y1,VNOC,credit,0,-1,1
391000,391,0,NOC_NPS_VNOC_X3Y1,VNOC,data_vc,0,5,1
391000,391,1,NOC_NPS_VNOC_X3Y0,VNOC,credit,1,-1,1
391000,391,1,NOC_NPS_VNOC_X3Y0,VNOC,data_vc,1,5,1
392000,392,0,NOC_NPS_VNOC_X3Y1,VNOC,credit,0,-1,1
392000,392,0,NOC_NPS_VNOC_X3Y1,VNOC,data_vc,0,5,1
392000,392,1,NOC_NPS_VNOC_X3Y0,VNOC,credit,1,-1,1
392000,392,1,NOC_NPS_VNOC_X3Y0,VNOC,data_vc,1,5,1
393000,393,0,NOC_NPS_VNOC_X3Y1,VNOC,credit,0,-1,1
393000,393,0,NOC_NPS_VNOC_X3Y1,VNOC,data_vc,0,5,1
393000,393,1,NOC_NPS_VNOC_X3Y0,VNOC,credit,1,-1,1
393000,393,1,NOC_NPS_VNOC_X3Y0,VNOC,data_vc,1,5,1
394000,394,0,NOC_NPS_VNOC_X3Y1,VNOC,credit,0,-1,1
394000,394,0,NOC_NPS_VNOC_X3Y1,VNOC,data_vc,0,5,1
394000,394,1,NOC_NPS_VNOC_X3Y0,VNOC,credit,1,-1,1
394000,394,1,NOC_NPS_VNOC_X3Y0,VNOC,data_vc,1,5,1
395000,395,0,NOC_NPS_VNOC_X3Y1,VNOC,credit,0,-1,1
395000,395,0,NOC_NPS_VNOC_X3Y1,VNOC,data_vc,0,5,1
395000,395,1,NOC_NPS_VNOC_X3Y0,VNOC,credit,1,-1,1
395000,395,1,NOC_NPS_VNOC_X3Y0,VNOC,data_vc,1,5,1
396000,396,0,NOC_NPS_VNOC_X3Y1,VNOC,credit,0,-1,1
396000,396,0,NOC_NPS_VNOC_X3Y1,VNOC,data_vc,0,5,1
396000,396,1,NOC_NPS_VNOC_X3Y0,VNOC,credit,1,-1,1
396000,396,1,NOC_NPS_VNOC_X3Y0,VNOC,data_vc,1,5,1
397000,397,0,NOC_NPS_VNOC_X3Y1,VNOC,credit,0,-1,1
397000,397,0,NOC_NPS_VNOC_X3Y1,VNOC,data_vc,0,5,1
397000,397,1,NOC_NPS_VNOC_X3Y0,VNOC,credit,1,-1,1
397000,397,1,NOC_NPS_VNOC_X3Y0,VNOC,data_vc,1,5,1
398000,398,0,NOC_NPS_VNOC_X3Y1,VNOC,credit,0,-1,1
398000,398,0,NOC_NPS_VNOC_X3Y1,VNOC,data_vc,0,5,1
398000,398,1,NOC_NPS_VNOC_X3Y0,VNOC,credit,1,-1,1
398000,398,1,NOC_NPS_VNOC_X3Y0,VNOC,data_vc,1,5,1
399000,399,0,NOC_NPS_VNOC_X3Y1,VNOC,credit,0,-1,1
399000,399,0,NOC_NPS_VNOC_X3Y1,VNOC,data_vc,0,5,1
399000,399,1,NOC_NPS_VNOC_X3Y0,VNOC,credit,1,-1,1
399000,399,1,NOC_NPS_VNOC_X3Y0,VNOC,data_vc,1,5,1
400000,400,0,NOC_NPS_VNOC_X3Y1,VNOC,credit,0,-1,1
400000,400,0,NOC_NPS_VNOC_X3Y1,VNOC,data_vc,0,5,1
400000,400,1,NOC_NPS_VNOC_X3Y0,VNOC,credit,1,-1,1
400000,400,1,NOC_NPS_VNOC_X3Y0,VNOC,data_vc,1,5,1
401000,401,0,NOC_NPS_VNOC_X3Y1,VNOC,credit,0,-1,1
401000,401,0,NOC_NPS_VNOC_X3Y1,VNOC,data_vc,0,5,1
401000,401,1,NOC_NPS_VNOC_X3Y0,VNOC,credit,1,-1,1
401000,401,1,NOC_NPS_VNOC_X3Y0,VNOC,data_vc,1,5,1
402000,402,0,NOC_NPS_VNOC_X3Y1,VNOC,credit,0,-1,1
402000,402,0,NOC_NPS_VNOC_X3Y1,VNOC,data_vc,0,5,1
402000,402,1,NOC_NPS_VNOC_X3Y0,VNOC,credit,1,-1,1
402000,402,1,NOC_NPS_VNOC_X3Y0,VNOC,data_vc,1,5,1
403000,403,0,NOC_NPS_VNOC_X3Y1,VNOC,credit,0,-1,1
403000,403,0,NOC_NPS_VNOC_X3Y1,VNOC,data_vc,0,5,1
403000,403,1,NOC_NPS_VNOC_X3Y0,VNOC,credit,1,-1,1
403000,403,1,NOC_NPS_VNOC_X3Y0,VNOC,data_vc,1,5,1
404000,404,0,NOC_NPS_VNOC_X3Y1,VNOC,credit,0,-1,1
404000,404,0,NOC_NPS_VNOC_X3Y1,VNOC,data_vc,0,5,1
404000,404,1,NOC_NPS_VNOC_X3Y0,VNOC,credit,1,-1,1
404000,404,1,NOC_NPS_VNOC_X3Y0,VNOC,data_vc,1,5,1
405000,405,0,NOC_NPS_VNOC_X3Y1,VNOC,credit,0,-1,1
405000,405,0,NOC_NPS_VNOC_X3Y1,VNOC,data_vc,0,5,1
405000,405,1,NOC_NPS_VNOC_X3Y0,VNOC,credit,1,-1,1
405000,405,1,NOC_NPS_VNOC_X3Y0,VNOC,data_vc,1,5,1
406000,406,0,NOC_NPS_VNOC_X3Y1,VNOC,credit,0,-1,1
406000,406,0,NOC_NPS_VNOC_X3Y1,VNOC,data_vc,0,5,1
406000,406,1,NOC_NPS_VNOC_X3Y0,VNOC,credit,1,-1,1
406000,406,1,NOC_NPS_VNOC_X3Y0,VNOC,data_vc,1,5,1
407000,407,0,NOC_NPS_VNOC_X3Y1,VNOC,credit,0,-1,1
407000,407,0,NOC_NPS_VNOC_X3Y1,VNOC,data_vc,0,5,1
407000,407,1,NOC_NPS_VNOC_X3Y0,VNOC,credit,1,-1,1
407000,407,1,NOC_NPS_VNOC_X3Y0,VNOC,data_vc,1,5,1
408000,408,0,NOC_NPS_VNOC_X3Y1,VNOC,credit,0,-1,1
408000,408,0,NOC_NPS_VNOC_X3Y1,VNOC,data_vc,0,5,1
408000,408,1,NOC_NPS_VNOC_X3Y0,VNOC,credit,1,-1,1
408000,408,1,NOC_NPS_VNOC_X3Y0,VNOC,data_vc,1,5,1
409000,409,0,NOC_NPS_VNOC_X3Y1,VNOC,credit,0,-1,1
409000,409,0,NOC_NPS_VNOC_X3Y1,VNOC,data_vc,0,5,1
409000,409,1,NOC_NPS_VNOC_X3Y0,VNOC,credit,1,-1,1
409000,409,1,NOC_NPS_VNOC_X3Y0,VNOC,data_vc,1,5,1
410000,410,0,NOC_NPS_VNOC_X3Y1,VNOC,credit,0,-1,1
410000,410,0,NOC_NPS_VNOC_X3Y1,VNOC,data_vc,0,5,1
410000,410,1,NOC_NPS_VNOC_X3Y0,VNOC,credit,1,-1,1
410000,410,1,NOC_NPS_VNOC_X3Y0,VNOC,data_vc,1,5,1
411000,411,0,NOC_NPS_VNOC_X3Y1,VNOC,credit,0,-1,1
411000,411,0,NOC_NPS_VNOC_X3Y1,VNOC,data_vc,0,5,1
411000,411,1,NOC_NPS_VNOC_X3Y0,VNOC,credit,1,-1,1
411000,411,1,NOC_NPS_VNOC_X3Y0,VNOC,data_vc,1,5,1
412000,412,0,NOC_NPS_VNOC_X3Y1,VNOC,credit,0,-1,1
412000,412,0,NOC_NPS_VNOC_X3Y1,VNOC,data_vc,0,5,1
412000,412,1,NOC_NPS_VNOC_X3Y0,VNOC,credit,1,-1,1
412000,412,1,NOC_NPS_VNOC_X3Y0,VNOC,data_vc,1,5,1
413000,413,0,NOC_NPS_VNOC_X3Y1,VNOC,credit,0,-1,1
413000,413,0,NOC_NPS_VNOC_X3Y1,VNOC,data_vc,0,5,1
413000,413,1,NOC_NPS_VNOC_X3Y0,VNOC,credit,1,-1,1
413000,413,1,NOC_NPS_VNOC_X3Y0,VNOC,data_vc,1,5,1
414000,414,0,NOC_NPS_VNOC_X3Y1,VNOC,credit,0,-1,1
414000,414,0,NOC_NPS_VNOC_X3Y1,VNOC,data_vc,0,5,1
414000,414,1,NOC_NPS_VNOC_X3Y0,VNOC,credit,1,-1,1
414000,414,1,NOC_NPS_VNOC_X3Y0,VNOC,data_vc,1,5,1
415000,415,0,NOC_NPS_VNOC_X3Y1,VNOC,credit,0,-1,1
415000,415,0,NOC_NPS_VNOC_X3Y1,VNOC,data_vc,0,5,1
415000,415,1,NOC_NPS_VNOC_X3Y0,VNOC,credit,1,-1,1
415000,415,1,NOC_NPS_VNOC_X3Y0,VNOC,data_vc,1,5,1
416000,416,0,NOC_NPS_VNOC_X3Y1,VNOC,credit,0,-1,1
416000,416,0,NOC_NPS_VNOC_X3Y1,VNOC,data_vc,0,5,1
416000,416,1,NOC_NPS_VNOC_X3Y0,VNOC,credit,1,-1,1
416000,416,1,NOC_NPS_VNOC_X3Y0,VNOC,data_vc,1,5,1
417000,417,0,NOC_NPS_VNOC_X3Y1,VNOC,credit,0,-1,1
417000,417,0,NOC_NPS_VNOC_X3Y1,VNOC,data_vc,0,5,1
417000,417,1,NOC_NPS_VNOC_X3Y0,VNOC,credit,1,-1,1
417000,417,1,NOC_NPS_VNOC_X3Y0,VNOC,data_vc,1,5,1
418000,418,0,NOC_NPS_VNOC_X3Y1,VNOC,credit,0,-1,1
418000,418,0,NOC_NPS_VNOC_X3Y1,VNOC,data_vc,0,5,1
418000,418,1,NOC_NPS_VNOC_X3Y0,VNOC,credit,1,-1,1
418000,418,1,NOC_NPS_VNOC_X3Y0,VNOC,data_vc,1,5,1
419000,419,0,NOC_NPS_VNOC_X3Y1,VNOC,credit,0,-1,1
419000,419,0,NOC_NPS_VNOC_X3Y1,VNOC,data_vc,0,5,1
419000,419,1,NOC_NPS_VNOC_X3Y0,VNOC,credit,1,-1,1
419000,419,1,NOC_NPS_VNOC_X3Y0,VNOC,data_vc,1,5,1
420000,420,0,NOC_NPS_VNOC_X3Y1,VNOC,credit,0,-1,1
420000,420,0,NOC_NPS_VNOC_X3Y1,VNOC,data_vc,0,5,1
420000,420,1,NOC_NPS_VNOC_X3Y0,VNOC,credit,1,-1,1
420000,420,1,NOC_NPS_VNOC_X3Y0,VNOC,data_vc,1,5,1
421000,421,0,NOC_NPS_VNOC_X3Y1,VNOC,credit,0,-1,1
421000,421,0,NOC_NPS_VNOC_X3Y1,VNOC,data_vc,0,5,1
421000,421,1,NOC_NPS_VNOC_X3Y0,VNOC,credit,1,-1,1
421000,421,1,NOC_NPS_VNOC_X3Y0,VNOC,data_vc,1,5,1
422000,422,0,NOC_NPS_VNOC_X3Y1,VNOC,credit,0,-1,1
422000,422,0,NOC_NPS_VNOC_X3Y1,VNOC,data_vc,0,5,1
422000,422,1,NOC_NPS_VNOC_X3Y0,VNOC,credit,1,-1,1
422000,422,1,NOC_NPS_VNOC_X3Y0,VNOC,data_vc,1,5,1
423000,423,0,NOC_NPS_VNOC_X3Y1,VNOC,credit,0,-1,1
423000,423,0,NOC_NPS_VNOC_X3Y1,VNOC,data_vc,0,5,1
423000,423,1,NOC_NPS_VNOC_X3Y0,VNOC,credit,1,-1,1
423000,423,1,NOC_NPS_VNOC_X3Y0,VNOC,data_vc,1,5,1
424000,424,0,NOC_NPS_VNOC_X3Y1,VNOC,credit,0,-1,1
424000,424,0,NOC_NPS_VNOC_X3Y1,VNOC,data_vc,0,5,1
424000,424,1,NOC_NPS_VNOC_X3Y0,VNOC,credit,1,-1,1
424000,424,1,NOC_NPS_VNOC_X3Y0,VNOC,data_vc,1,5,1
425000,425,0,NOC_NPS_VNOC_X3Y1,VNOC,credit,0,-1,1
425000,425,0,NOC_NPS_VNOC_X3Y1,VNOC,data_vc,0,5,1
425000,425,1,NOC_NPS_VNOC_X3Y0,VNOC,credit,1,-1,1
425000,425,1,NOC_NPS_VNOC_X3Y0,VNOC,data_vc,1,5,1
426000,426,0,NOC_NPS_VNOC_X3Y1,VNOC,credit,0,-1,1
426000,426,0,NOC_NPS_VNOC_X3Y1,VNOC,data_vc,0,5,1
426000,426,1,NOC_NPS_VNOC_X3Y0,VNOC,credit,1,-1,1
426000,426,1,NOC_NPS_VNOC_X3Y0,VNOC,data_vc,1,5,1
427000,427,0,NOC_NPS_VNOC_X3Y1,VNOC,credit,0,-1,1
427000,427,0,NOC_NPS_VNOC_X3Y1,VNOC,data_vc,0,5,1
427000,427,1,NOC_NPS_VNOC_X3Y0,VNOC,credit,1,-1,1
427000,427,1,NOC_NPS_VNOC_X3Y0,VNOC,data_vc,1,5,1
428000,428,0,NOC_NPS_VNOC_X3Y1,VNOC,credit,0,-1,1
428000,428,0,NOC_NPS_VNOC_X3Y1,VNOC,data_vc,0,5,1
428000,428,1,NOC_NPS_VNOC_X3Y0,VNOC,credit,1,-1,1
428000,428,1,NOC_NPS_VNOC_X3Y0,VNOC,data_vc,1,5,1
429000,429,0,NOC_NPS_VNOC_X3Y1,VNOC,credit,0,-1,1
429000,429,0,NOC_NPS_VNOC_X3Y1,VNOC,data_vc,0,5,1
429000,429,1,NOC_NPS_VNOC_X3Y0,VNOC,credit,1,-1,1
429000,429,1,NOC_NPS_VNOC_X3Y0,VNOC,data_vc,1,5,1
430000,430,0,NOC_NPS_VNOC_X3Y1,VNOC,credit,0,-1,1
430000,430,0,NOC_NPS_VNOC_X3Y1,VNOC,data_vc,0,5,1
430000,430,1,NOC_NPS_VNOC_X3Y0,VNOC,credit,1,-1,1
430000,430,1,NOC_NPS_VNOC_X3Y0,VNOC,data_vc,1,5,1
431000,431,0,NOC_NPS_VNOC_X3Y1,VNOC,credit,0,-1,1
431000,431,0,NOC_NPS_VNOC_X3Y1,VNOC,data_vc,0,5,1
431000,431,1,NOC_NPS_VNOC_X3Y0,VNOC,credit,1,-1,1
431000,431,1,NOC_NPS_VNOC_X3Y0,VNOC,data_vc,1,5,1
432000,432,0,NOC_NPS_VNOC_X3Y1,VNOC,credit,0,-1,1
432000,432,0,NOC_NPS_VNOC_X3Y1,VNOC,data_vc,0,5,1
432000,432,1,NOC_NPS_VNOC_X3Y0,VNOC,credit,1,-1,1
432000,432,1,NOC_NPS_VNOC_X3Y0,VNOC,data_vc,1,5,1
433000,433,0,NOC_NPS_VNOC_X3Y1,VNOC,credit,0,-1,1
433000,433,0,NOC_NPS_VNOC_X3Y1,VNOC,data_vc,0,5,1
433000,433,1,NOC_NPS_VNOC_X3Y0,VNOC,credit,1,-1,1
433000,433,1,NOC_NPS_VNOC_X3Y0,VNOC,data_vc,1,5,1
434000,434,0,NOC_NPS_VNOC_X3Y1,VNOC,credit,0,-1,1
434000,434,0,NOC_NPS_VNOC_X3Y1,VNOC,data_vc,0,5,1
434000,434,1,NOC_NPS_VNOC_X3Y0,VNOC,credit,1,-1,1
434000,434,1,NOC_NPS_VNOC_X3Y0,VNOC,data_vc,1,5,1
435000,435,0,NOC_NPS_VNOC_X3Y1,VNOC,credit,0,-1,1
435000,435,0,NOC_NPS_VNOC_X3Y1,VNOC,data_vc,0,5,1
435000,435,1,NOC_NPS_VNOC_X3Y0,VNOC,credit,1,-1,1
435000,435,1,NOC_NPS_VNOC_X3Y0,VNOC,data_vc,1,5,1
436000,436,0,NOC_NPS_VNOC_X3Y1,VNOC,credit,0,-1,1
436000,436,0,NOC_NPS_VNOC_X3Y1,VNOC,data_vc,0,5,1
436000,436,1,NOC_NPS_VNOC_X3Y0,VNOC,credit,1,-1,1
436000,436,1,NOC_NPS_VNOC_X3Y0,VNOC,data_vc,1,5,1
437000,437,0,NOC_NPS_VNOC_X3Y1,VNOC,credit,0,-1,1
437000,437,0,NOC_NPS_VNOC_X3Y1,VNOC,data_vc,0,5,1
437000,437,1,NOC_NPS_VNOC_X3Y0,VNOC,credit,1,-1,1
437000,437,1,NOC_NPS_VNOC_X3Y0,VNOC,data_vc,1,5,1
438000,438,0,NOC_NPS_VNOC_X3Y1,VNOC,credit,0,-1,1
438000,438,0,NOC_NPS_VNOC_X3Y1,VNOC,data_vc,0,5,1
438000,438,1,NOC_NPS_VNOC_X3Y0,VNOC,credit,1,-1,1
438000,438,1,NOC_NPS_VNOC_X3Y0,VNOC,data_vc,1,5,1
439000,439,0,NOC_NPS_VNOC_X3Y1,VNOC,credit,0,-1,1
439000,439,0,NOC_NPS_VNOC_X3Y1,VNOC,data_vc,0,5,1
439000,439,1,NOC_NPS_VNOC_X3Y0,VNOC,credit,1,-1,1
439000,439,1,NOC_NPS_VNOC_X3Y0,VNOC,data_vc,1,5,1
440000,440,0,NOC_NPS_VNOC_X3Y1,VNOC,credit,0,-1,1
440000,440,0,NOC_NPS_VNOC_X3Y1,VNOC,data_vc,0,5,1
440000,440,1,NOC_NPS_VNOC_X3Y0,VNOC,credit,1,-1,1
440000,440,1,NOC_NPS_VNOC_X3Y0,VNOC,data_vc,1,5,1
441000,441,0,NOC_NPS_VNOC_X3Y1,VNOC,credit,0,-1,1
441000,441,0,NOC_NPS_VNOC_X3Y1,VNOC,data_vc,0,5,1
441000,441,1,NOC_NPS_VNOC_X3Y0,VNOC,credit,1,-1,1
441000,441,1,NOC_NPS_VNOC_X3Y0,VNOC,data_vc,1,5,1
442000,442,0,NOC_NPS_VNOC_X3Y1,VNOC,credit,0,-1,1
442000,442,0,NOC_NPS_VNOC_X3Y1,VNOC,data_vc,0,5,1
442000,442,1,NOC_NPS_VNOC_X3Y0,VNOC,credit,1,-1,1
442000,442,1,NOC_NPS_VNOC_X3Y0,VNOC,data_vc,1,5,1
443000,443,0,NOC_NPS_VNOC_X3Y1,VNOC,credit,0,-1,1
443000,443,0,NOC_NPS_VNOC_X3Y1,VNOC,data_vc,0,5,1
443000,443,1,NOC_NPS_VNOC_X3Y0,VNOC,credit,1,-1,1
443000,443,1,NOC_NPS_VNOC_X3Y0,VNOC,data_vc,1,5,1
444000,444,0,NOC_NPS_VNOC_X3Y1,VNOC,credit,0,-1,1
444000,444,0,NOC_NPS_VNOC_X3Y1,VNOC,data_vc,0,5,1
444000,444,1,NOC_NPS_VNOC_X3Y0,VNOC,credit,1,-1,1
444000,444,1,NOC_NPS_VNOC_X3Y0,VNOC,data_vc,1,5,1
445000,445,0,NOC_NPS_VNOC_X3Y1,VNOC,credit,0,-1,1
445000,445,0,NOC_NPS_VNOC_X3Y1,VNOC,data_vc,0,5,1
445000,445,1,NOC_NPS_VNOC_X3Y0,VNOC,credit,1,-1,1
445000,445,1,NOC_NPS_VNOC_X3Y0,VNOC,data_vc,1,5,1
446000,446,0,NOC_NPS_VNOC_X3Y1,VNOC,credit,0,-1,1
446000,446,0,NOC_NPS_VNOC_X3Y1,VNOC,data_vc,0,5,1
446000,446,1,NOC_NPS_VNOC_X3Y0,VNOC,credit,1,-1,1
446000,446,1,NOC_NPS_VNOC_X3Y0,VNOC,data_vc,1,5,1
447000,447,0,NOC_NPS_VNOC_X3Y1,VNOC,credit,0,-1,1
447000,447,0,NOC_NPS_VNOC_X3Y1,VNOC,data_vc,0,5,1
447000,447,1,NOC_NPS_VNOC_X3Y0,VNOC,credit,1,-1,1
447000,447,1,NOC_NPS_VNOC_X3Y0,VNOC,data_vc,1,5,1
448000,448,0,NOC_NPS_VNOC_X3Y1,VNOC,credit,0,-1,1
448000,448,0,NOC_NPS_VNOC_X3Y1,VNOC,data_vc,0,5,1
448000,448,1,NOC_NPS_VNOC_X3Y0,VNOC,credit,1,-1,1
448000,448,1,NOC_NPS_VNOC_X3Y0,VNOC,data_vc,1,5,1
449000,449,0,NOC_NPS_VNOC_X3Y1,VNOC,credit,0,-1,1
449000,449,0,NOC_NPS_VNOC_X3Y1,VNOC,data_vc,0,5,1
449000,449,1,NOC_NPS_VNOC_X3Y0,VNOC,credit,1,-1,1
449000,449,1,NOC_NPS_VNOC_X3Y0,VNOC,data_vc,1,5,1
450000,450,0,NOC_NPS_VNOC_X3Y1,VNOC,credit,0,-1,1
450000,450,0,NOC_NPS_VNOC_X3Y1,VNOC,data_vc,0,5,1
450000,450,1,NOC_NPS_VNOC_X3Y0,VNOC,credit,1,-1,1
450000,450,1,NOC_NPS_VNOC_X3Y0,VNOC,data_vc,1,5,1
451000,451,0,NOC_NPS_VNOC_X3Y1,VNOC,credit,0,-1,1
451000,451,0,NOC_NPS_VNOC_X3Y1,VNOC,data_vc,0,5,1
451000,451,1,NOC_NPS_VNOC_X3Y0,VNOC,credit,1,-1,1
451000,451,1,NOC_NPS_VNOC_X3Y0,VNOC,data_vc,1,5,1
452000,452,0,NOC_NPS_VNOC_X3Y1,VNOC,credit,0,-1,1
452000,452,0,NOC_NPS_VNOC_X3Y1,VNOC,data_vc,0,5,1
452000,452,1,NOC_NPS_VNOC_X3Y0,VNOC,credit,1,-1,1
452000,452,1,NOC_NPS_VNOC_X3Y0,VNOC,data_vc,1,5,1
453000,453,0,NOC_NPS_VNOC_X3Y1,VNOC,credit,0,-1,1
453000,453,0,NOC_NPS_VNOC_X3Y1,VNOC,data_vc,0,5,1
453000,453,1,NOC_NPS_VNOC_X3Y0,VNOC,credit,1,-1,1
453000,453,1,NOC_NPS_VNOC_X3Y0,VNOC,data_vc,1,5,1
454000,454,0,NOC_NPS_VNOC_X3Y1,VNOC,credit,0,-1,1
454000,454,0,NOC_NPS_VNOC_X3Y1,VNOC,data_vc,0,5,1
454000,454,1,NOC_NPS_VNOC_X3Y0,VNOC,credit,1,-1,1
454000,454,1,NOC_NPS_VNOC_X3Y0,VNOC,data_vc,1,5,1
455000,455,0,NOC_NPS_VNOC_X3Y1,VNOC,credit,0,-1,1
455000,455,0,NOC_NPS_VNOC_X3Y1,VNOC,data_vc,0,5,1
455000,455,1,NOC_NPS_VNOC_X3Y0,VNOC,credit,1,-1,1
455000,455,1,NOC_NPS_VNOC_X3Y0,VNOC,data_vc,1,5,1
456000,456,0,NOC_NPS_VNOC_X3Y1,VNOC,credit,0,-1,1
456000,456,0,NOC_NPS_VNOC_X3Y1,VNOC,data_vc,0,5,1
456000,456,1,NOC_NPS_VNOC_X3Y0,VNOC,credit,1,-1,1
456000,456,1,NOC_NPS_VNOC_X3Y0,VNOC,data_vc,1,5,1
457000,457,0,NOC_NPS_VNOC_X3Y1,VNOC,credit,0,-1,1
457000,457,0,NOC_NPS_VNOC_X3Y1,VNOC,data_vc,0,5,1
457000,457,1,NOC_NPS_VNOC_X3Y0,VNOC,credit,1,-1,1
457000,457,1,NOC_NPS_VNOC_X3Y0,VNOC,data_vc,1,5,1
458000,458,0,NOC_NPS_VNOC_X3Y1,VNOC,credit,0,-1,1
458000,458,0,NOC_NPS_VNOC_X3Y1,VNOC,data_vc,0,5,1
458000,458,1,NOC_NPS_VNOC_X3Y0,VNOC,credit,1,-1,1
458000,458,1,NOC_NPS_VNOC_X3Y0,VNOC,data_vc,1,5,1
459000,459,0,NOC_NPS_VNOC_X3Y1,VNOC,credit,0,-1,1
459000,459,0,NOC_NPS_VNOC_X3Y1,VNOC,data_vc,0,5,1
459000,459,1,NOC_NPS_VNOC_X3Y0,VNOC,credit,1,-1,1
459000,459,1,NOC_NPS_VNOC_X3Y0,VNOC,data_vc,1,5,1
460000,460,0,NOC_NPS_VNOC_X3Y1,VNOC,credit,0,-1,1
460000,460,0,NOC_NPS_VNOC_X3Y1,VNOC,data_vc,0,5,1
460000,460,1,NOC_NPS_VNOC_X3Y0,VNOC,credit,1,-1,1
460000,460,1,NOC_NPS_VNOC_X3Y0,VNOC,data_vc,1,5,1
461000,461,0,NOC_NPS_VNOC_X3Y1,VNOC,credit,0,-1,1
461000,461,0,NOC_NPS_VNOC_X3Y1,VNOC,data_vc,0,5,1
461000,461,1,NOC_NPS_VNOC_X3Y0,VNOC,credit,1,-1,1
461000,461,1,NOC_NPS_VNOC_X3Y0,VNOC,data_vc,1,5,1
462000,462,0,NOC_NPS_VNOC_X3Y1,VNOC,credit,0,-1,1
462000,462,0,NOC_NPS_VNOC_X3Y1,VNOC,data_vc,0,5,1
462000,462,1,NOC_NPS_VNOC_X3Y0,VNOC,credit,1,-1,1
462000,462,1,NOC_NPS_VNOC_X3Y0,VNOC,data_vc,1,5,1
463000,463,0,NOC_NPS_VNOC_X3Y1,VNOC,credit,0,-1,1
463000,463,0,NOC_NPS_VNOC_X3Y1,VNOC,data_vc,0,5,1
463000,463,1,NOC_NPS_VNOC_X3Y0,VNOC,credit,1,-1,1
463000,463,1,NOC_NPS_VNOC_X3Y0,VNOC,data_vc,1,5,1
464000,464,0,NOC_NPS_VNOC_X3Y1,VNOC,credit,0,-1,1
464000,464,0,NOC_NPS_VNOC_X3Y1,VNOC,data_vc,0,5,1
464000,464,1,NOC_NPS_VNOC_X3Y0,VNOC,credit,1,-1,1
464000,464,1,NOC_NPS_VNOC_X3Y0,VNOC,data_vc,1,5,1
465000,465,0,NOC_NPS_VNOC_X3Y1,VNOC,credit,0,-1,1
465000,465,0,NOC_NPS_VNOC_X3Y1,VNOC,data_vc,0,5,1
465000,465,1,NOC_NPS_VNOC_X3Y0,VNOC,credit,1,-1,1
465000,465,1,NOC_NPS_VNOC_X3Y0,VNOC,data_vc,1,5,1
466000,466,0,NOC_NPS_VNOC_X3Y1,VNOC,credit,0,-1,1
466000,466,0,NOC_NPS_VNOC_X3Y1,VNOC,data_vc,0,5,1
466000,466,1,NOC_NPS_VNOC_X3Y0,VNOC,credit,1,-1,1
466000,466,1,NOC_NPS_VNOC_X3Y0,VNOC,data_vc,1,5,1
467000,467,0,NOC_NPS_VNOC_X3Y1,VNOC,credit,0,-1,1
467000,467,0,NOC_NPS_VNOC_X3Y1,VNOC,data_vc,0,5,1
467000,467,1,NOC_NPS_VNOC_X3Y0,VNOC,credit,1,-1,1
467000,467,1,NOC_NPS_VNOC_X3Y0,VNOC,data_vc,1,5,1
468000,468,0,NOC_NPS_VNOC_X3Y1,VNOC,credit,0,-1,1
468000,468,0,NOC_NPS_VNOC_X3Y1,VNOC,data_vc,0,5,1
468000,468,1,NOC_NPS_VNOC_X3Y0,VNOC,credit,1,-1,1
468000,468,1,NOC_NPS_VNOC_X3Y0,VNOC,data_vc,1,5,1
469000,469,0,NOC_NPS_VNOC_X3Y1,VNOC,credit,0,-1,1
469000,469,0,NOC_NPS_VNOC_X3Y1,VNOC,data_vc,0,5,1
469000,469,1,NOC_NPS_VNOC_X3Y0,VNOC,credit,1,-1,1
469000,469,1,NOC_NPS_VNOC_X3Y0,VNOC,data_vc,1,5,1
470000,470,0,NOC_NPS_VNOC_X3Y1,VNOC,credit,0,-1,1
470000,470,0,NOC_NPS_VNOC_X3Y1,VNOC,data_vc,0,5,1
470000,470,1,NOC_NPS_VNOC_X3Y0,VNOC,credit,1,-1,1
470000,470,1,NOC_NPS_VNOC_X3Y0,VNOC,data_vc,1,5,1
471000,471,0,NOC_NPS_VNOC_X3Y1,VNOC,credit,0,-1,1
471000,471,0,NOC_NPS_VNOC_X3Y1,VNOC,data_vc,0,5,1
471000,471,1,NOC_NPS_VNOC_X3Y0,VNOC,credit,1,-1,1
471000,471,1,NOC_NPS_VNOC_X3Y0,VNOC,data_vc,1,5,1
472000,472,0,NOC_NPS_VNOC_X3Y1,VNOC,credit,0,-1,1
472000,472,0,NOC_NPS_VNOC_X3Y1,VNOC,data_vc,0,5,1
472000,472,1,NOC_NPS_VNOC_X3Y0,VNOC,credit,1,-1,1
472000,472,1,NOC_NPS_VNOC_X3Y0,VNOC,data_vc,1,5,1
473000,473,0,NOC_NPS_VNOC_X3Y1,VNOC,credit,0,-1,1
473000,473,0,NOC_NPS_VNOC_X3Y1,VNOC,data_vc,0,5,1
473000,473,1,NOC_NPS_VNOC_X3Y0,VNOC,credit,1,-1,1
473000,473,1,NOC_NPS_VNOC_X3Y0,VNOC,data_vc,1,5,1
474000,474,0,NOC_NPS_VNOC_X3Y1,VNOC,credit,0,-1,1
474000,474,0,NOC_NPS_VNOC_X3Y1,VNOC,data_vc,0,5,1
474000,474,1,NOC_NPS_VNOC_X3Y0,VNOC,credit,1,-1,1
474000,474,1,NOC_NPS_VNOC_X3Y0,VNOC,data_vc,1,5,1
475000,475,0,NOC_NPS_VNOC_X3Y1,VNOC,credit,0,-1,1
475000,475,0,NOC_NPS_VNOC_X3Y1,VNOC,data_vc,0,5,1
475000,475,1,NOC_NPS_VNOC_X3Y0,VNOC,credit,1,-1,1
475000,475,1,NOC_NPS_VNOC_X3Y0,VNOC,data_vc,1,5,1
476000,476,0,NOC_NPS_VNOC_X3Y1,VNOC,credit,0,-1,1
476000,476,0,NOC_NPS_VNOC_X3Y1,VNOC,data_vc,0,5,1
476000,476,1,NOC_NPS_VNOC_X3Y0,VNOC,credit,1,-1,1
476000,476,1,NOC_NPS_VNOC_X3Y0,VNOC,data_vc,1,5,1
477000,477,0,NOC_NPS_VNOC_X3Y1,VNOC,credit,0,-1,1
477000,477,0,NOC_NPS_VNOC_X3Y1,VNOC,data_vc,0,5,1
477000,477,1,NOC_NPS_VNOC_X3Y0,VNOC,credit,1,-1,1
477000,477,1,NOC_NPS_VNOC_X3Y0,VNOC,data_vc,1,5,1
478000,478,0,NOC_NPS_VNOC_X3Y1,VNOC,credit,0,-1,1
478000,478,0,NOC_NPS_VNOC_X3Y1,VNOC,data_vc,0,5,1
478000,478,1,NOC_NPS_VNOC_X3Y0,VNOC,credit,1,-1,1
478000,478,1,NOC_NPS_VNOC_X3Y0,VNOC,data_vc,1,5,1
479000,479,0,NOC_NPS_VNOC_X3Y1,VNOC,credit,0,-1,1
479000,479,0,NOC_NPS_VNOC_X3Y1,VNOC,data_vc,0,5,1
479000,479,1,NOC_NPS_VNOC_X3Y0,VNOC,credit,1,-1,1
479000,479,1,NOC_NPS_VNOC_X3Y0,VNOC,data_vc,1,5,1
480000,480,0,NOC_NPS_VNOC_X3Y1,VNOC,credit,0,-1,1
480000,480,0,NOC_NPS_VNOC_X3Y1,VNOC,data_vc,0,5,1
480000,480,1,NOC_NPS_VNOC_X3Y0,VNOC,credit,1,-1,1
480000,480,1,NOC_NPS_VNOC_X3Y0,VNOC,data_vc,1,5,1
481000,481,0,NOC_NPS_VNOC_X3Y1,VNOC,credit,0,-1,1
481000,481,0,NOC_NPS_VNOC_X3Y1,VNOC,data_vc,0,5,1
481000,481,1,NOC_NPS_VNOC_X3Y0,VNOC,credit,1,-1,1
481000,481,1,NOC_NPS_VNOC_X3Y0,VNOC,data_vc,1,5,1
482000,482,0,NOC_NPS_VNOC_X3Y1,VNOC,credit,0,-1,1
482000,482,0,NOC_NPS_VNOC_X3Y1,VNOC,data_vc,0,5,1
482000,482,1,NOC_NPS_VNOC_X3Y0,VNOC,credit,1,-1,1
482000,482,1,NOC_NPS_VNOC_X3Y0,VNOC,data_vc,1,5,1
483000,483,0,NOC_NPS_VNOC_X3Y1,VNOC,credit,0,-1,1
483000,483,0,NOC_NPS_VNOC_X3Y1,VNOC,data_vc,0,5,1
483000,483,1,NOC_NPS_VNOC_X3Y0,VNOC,credit,1,-1,1
483000,483,1,NOC_NPS_VNOC_X3Y0,VNOC,data_vc,1,5,1
484000,484,0,NOC_NPS_VNOC_X3Y1,VNOC,credit,0,-1,1
484000,484,0,NOC_NPS_VNOC_X3Y1,VNOC,data_vc,0,5,1
484000,484,1,NOC_NPS_VNOC_X3Y0,VNOC,credit,1,-1,1
484000,484,1,NOC_NPS_VNOC_X3Y0,VNOC,data_vc,1,5,1
485000,485,0,NOC_NPS_VNOC_X3Y1,VNOC,credit,0,-1,1
485000,485,0,NOC_NPS_VNOC_X3Y1,VNOC,data_vc,0,5,1
485000,485,1,NOC_NPS_VNOC_X3Y0,VNOC,credit,1,-1,1
485000,485,1,NOC_NPS_VNOC_X3Y0,VNOC,data_vc,1,5,1
486000,486,0,NOC_NPS_VNOC_X3Y1,VNOC,credit,0,-1,1
486000,486,0,NOC_NPS_VNOC_X3Y1,VNOC,data_vc,0,5,1
486000,486,1,NOC_NPS_VNOC_X3Y0,VNOC,credit,1,-1,1
486000,486,1,NOC_NPS_VNOC_X3Y0,VNOC,data_vc,1,5,1
487000,487,0,NOC_NPS_VNOC_X3Y1,VNOC,credit,0,-1,1
487000,487,0,NOC_NPS_VNOC_X3Y1,VNOC,data_vc,0,5,1
487000,487,1,NOC_NPS_VNOC_X3Y0,VNOC,credit,1,-1,1
487000,487,1,NOC_NPS_VNOC_X3Y0,VNOC,data_vc,1,5,1
488000,488,0,NOC_NPS_VNOC_X3Y1,VNOC,credit,0,-1,1
488000,488,0,NOC_NPS_VNOC_X3Y1,VNOC,data_vc,0,5,1
488000,488,1,NOC_NPS_VNOC_X3Y0,VNOC,credit,1,-1,1
488000,488,1,NOC_NPS_VNOC_X3Y0,VNOC,data_vc,1,5,1
489000,489,0,NOC_NPS_VNOC_X3Y1,VNOC,credit,0,-1,1
489000,489,0,NOC_NPS_VNOC_X3Y1,VNOC,data_vc,0,5,1
489000,489,1,NOC_NPS_VNOC_X3Y0,VNOC,credit,1,-1,1
489000,489,1,NOC_NPS_VNOC_X3Y0,VNOC,data_vc,1,5,1
490000,490,0,NOC_NPS_VNOC_X3Y1,VNOC,credit,0,-1,1
490000,490,0,NOC_NPS_VNOC_X3Y1,VNOC,data_vc,0,5,1
490000,490,1,NOC_NPS_VNOC_X3Y0,VNOC,credit,1,-1,1
490000,490,1,NOC_NPS_VNOC_X3Y0,VNOC,data_vc,1,5,1
491000,491,0,NOC_NPS_VNOC_X3Y1,VNOC,credit,0,-1,1
491000,491,0,NOC_NPS_VNOC_X3Y1,VNOC,data_vc,0,5,1
491000,491,1,NOC_NPS_VNOC_X3Y0,VNOC,credit,1,-1,1
491000,491,1,NOC_NPS_VNOC_X3Y0,VNOC,data_vc,1,5,1
492000,492,0,NOC_NPS_VNOC_X3Y1,VNOC,credit,0,-1,1
492000,492,0,NOC_NPS_VNOC_X3Y1,VNOC,data_vc,0,5,1
492000,492,1,NOC_NPS_VNOC_X3Y0,VNOC,credit,1,-1,1
492000,492,1,NOC_NPS_VNOC_X3Y0,VNOC,data_vc,1,5,1
493000,493,0,NOC_NPS_VNOC_X3Y1,VNOC,credit,0,-1,1
493000,493,0,NOC_NPS_VNOC_X3Y1,VNOC,data_vc,0,5,1
493000,493,1,NOC_NPS_VNOC_X3Y0,VNOC,credit,1,-1,1
493000,493,1,NOC_NPS_VNOC_X3Y0,VNOC,data_vc,1,5,1
494000,494,0,NOC_NPS_VNOC_X3Y1,VNOC,credit,0,-1,1
494000,494,0,NOC_NPS_VNOC_X3Y1,VNOC,data_vc,0,5,1
494000,494,1,NOC_NPS_VNOC_X3Y0,VNOC,credit,1,-1,1
494000,494,1,NOC_NPS_VNOC_X3Y0,VNOC,data_vc,1,5,1
495000,495,0,NOC_NPS_VNOC_X3Y1,VNOC,credit,0,-1,1
495000,495,0,NOC_NPS_VNOC_X3Y1,VNOC,data_vc,0,5,1
495000,495,1,NOC_NPS_VNOC_X3Y0,VNOC,credit,1,-1,1
495000,495,1,NOC_NPS_VNOC_X3Y0,VNOC,data_vc,1,5,1
496000,496,0,NOC_NPS_VNOC_X3Y1,VNOC,credit,0,-1,1
496000,496,0,NOC_NPS_VNOC_X3Y1,VNOC,data_vc,0,5,1
496000,496,1,NOC_NPS_VNOC_X3Y0,VNOC,credit,1,-1,1
496000,496,1,NOC_NPS_VNOC_X3Y0,VNOC,data_vc,1,5,1
497000,497,0,NOC_NPS_VNOC_X3Y1,VNOC,credit,0,-1,1
497000,497,0,NOC_NPS_VNOC_X3Y1,VNOC,data_vc,0,5,1
497000,497,1,NOC_NPS_VNOC_X3Y0,VNOC,credit,1,-1,1
497000,497,1,NOC_NPS_VNOC_X3Y0,VNOC,data_vc,1,5,1
498000,498,0,NOC_NPS_VNOC_X3Y1,VNOC,credit,0,-1,1
498000,498,0,NOC_NPS_VNOC_X3Y1,VNOC,data_vc,0,5,1
498000,498,1,NOC_NPS_VNOC_X3Y0,VNOC,credit,1,-1,1
498000,498,1,NOC_NPS_VNOC_X3Y0,VNOC,data_vc,1,5,1
499000,499,0,NOC_NPS_VNOC_X3Y1,VNOC,credit,0,-1,1
499000,499,0,NOC_NPS_VNOC_X3Y1,VNOC,data_vc,0,5,1
499000,499,1,NOC_NPS_VNOC_X3Y0,VNOC,credit,1,-1,1
499000,499,1,NOC_NPS_VNOC_X3Y0,VNOC,data_vc,1,5,1
500000,500,0,NOC_NPS_VNOC_X3Y1,VNOC,credit,0,-1,1
500000,500,0,NOC_NPS_VNOC_X3Y1,VNOC,data_vc,0,5,1
500000,500,1,NOC_NPS_VNOC_X3Y0,VNOC,credit,1,-1,1
500000,500,1,NOC_NPS_VNOC_X3Y0,VNOC,data_vc,1,5,1
501000,501,0,NOC_NPS_VNOC_X3Y1,VNOC,credit,0,-1,1
501000,501,0,NOC_NPS_VNOC_X3Y1,VNOC,data_vc,0,5,1
501000,501,1,NOC_NPS_VNOC_X3Y0,VNOC,credit,1,-1,1
501000,501,1,NOC_NPS_VNOC_X3Y0,VNOC,data_vc,1,5,1
502000,502,0,NOC_NPS_VNOC_X3Y1,VNOC,credit,0,-1,1
502000,502,0,NOC_NPS_VNOC_X3Y1,VNOC,data_vc,0,5,1
502000,502,1,NOC_NPS_VNOC_X3Y0,VNOC,credit,1,-1,1
502000,502,1,NOC_NPS_VNOC_X3Y0,VNOC,data_vc,1,5,1
503000,503,0,NOC_NPS_VNOC_X3Y1,VNOC,credit,0,-1,1
503000,503,0,NOC_NPS_VNOC_X3Y1,VNOC,data_vc,0,5,1
503000,503,1,NOC_NPS_VNOC_X3Y0,VNOC,credit,1,-1,1
503000,503,1,NOC_NPS_VNOC_X3Y0,VNOC,data_vc,1,5,1
504000,504,0,NOC_NPS_VNOC_X3Y1,VNOC,credit,0,-1,1
504000,504,0,NOC_NPS_VNOC_X3Y1,VNOC,data_vc,0,5,1
504000,504,1,NOC_NPS_VNOC_X3Y0,VNOC,credit,1,-1,1
504000,504,1,NOC_NPS_VNOC_X3Y0,VNOC,data_vc,1,5,1
505000,505,0,NOC_NPS_VNOC_X3Y1,VNOC,credit,0,-1,1
505000,505,0,NOC_NPS_VNOC_X3Y1,VNOC,data_vc,0,5,1
505000,505,1,NOC_NPS_VNOC_X3Y0,VNOC,credit,1,-1,1
505000,505,1,NOC_NPS_VNOC_X3Y0,VNOC,data_vc,1,5,1
506000,506,0,NOC_NPS_VNOC_X3Y1,VNOC,credit,0,-1,1
506000,506,0,NOC_NPS_VNOC_X3Y1,VNOC,data_vc,0,5,1
506000,506,1,NOC_NPS_VNOC_X3Y0,VNOC,credit,1,-1,1
506000,506,1,NOC_NPS_VNOC_X3Y0,VNOC,data_vc,1,5,1
507000,507,0,NOC_NPS_VNOC_X3Y1,VNOC,credit,0,-1,1
507000,507,0,NOC_NPS_VNOC_X3Y1,VNOC,data_vc,0,5,1
507000,507,1,NOC_NPS_VNOC_X3Y0,VNOC,credit,1,-1,1
507000,507,1,NOC_NPS_VNOC_X3Y0,VNOC,data_vc,1,5,1
508000,508,0,NOC_NPS_VNOC_X3Y1,VNOC,credit,0,-1,1
508000,508,0,NOC_NPS_VNOC_X3Y1,VNOC,data_vc,0,5,1
508000,508,1,NOC_NPS_VNOC_X3Y0,VNOC,credit,1,-1,1
508000,508,1,NOC_NPS_VNOC_X3Y0,VNOC,data_vc,1,5,1
509000,509,0,NOC_NPS_VNOC_X3Y1,VNOC,credit,0,-1,1
509000,509,0,NOC_NPS_VNOC_X3Y1,VNOC,data_vc,0,5,1
509000,509,1,NOC_NPS_VNOC_X3Y0,VNOC,credit,1,-1,1
509000,509,1,NOC_NPS_VNOC_X3Y0,VNOC,data_vc,1,5,1
510000,510,0,NOC_NPS_VNOC_X3Y1,VNOC,credit,0,-1,1
510000,510,0,NOC_NPS_VNOC_X3Y1,VNOC,data_vc,0,5,1
510000,510,1,NOC_NPS_VNOC_X3Y0,VNOC,credit,1,-1,1
510000,510,1,NOC_NPS_VNOC_X3Y0,VNOC,data_vc,1,5,1
511000,511,0,NOC_NPS_VNOC_X3Y1,VNOC,credit,0,-1,1
511000,511,0,NOC_NPS_VNOC_X3Y1,VNOC,data_vc,0,5,1
511000,511,1,NOC_NPS_VNOC_X3Y0,VNOC,credit,1,-1,1
511000,511,1,NOC_NPS_VNOC_X3Y0,VNOC,data_vc,1,5,1
512000,512,0,NOC_NPS_VNOC_X3Y1,VNOC,credit,0,-1,1
512000,512,0,NOC_NPS_VNOC_X3Y1,VNOC,data_vc,0,5,1
512000,512,1,NOC_NPS_VNOC_X3Y0,VNOC,credit,1,-1,1
512000,512,1,NOC_NPS_VNOC_X3Y0,VNOC,data_vc,1,5,1
513000,513,0,NOC_NPS_VNOC_X3Y1,VNOC,credit,0,-1,1
513000,513,0,NOC_NPS_VNOC_X3Y1,VNOC,data_vc,0,5,1
513000,513,1,NOC_NPS_VNOC_X3Y0,VNOC,credit,1,-1,1
513000,513,1,NOC_NPS_VNOC_X3Y0,VNOC,data_vc,1,5,1
514000,514,0,NOC_NPS_VNOC_X3Y1,VNOC,credit,0,-1,1
514000,514,0,NOC_NPS_VNOC_X3Y1,VNOC,data_vc,0,5,1
514000,514,1,NOC_NPS_VNOC_X3Y0,VNOC,credit,1,-1,1
514000,514,1,NOC_NPS_VNOC_X3Y0,VNOC,data_vc,1,5,1
515000,515,0,NOC_NPS_VNOC_X3Y1,VNOC,credit,0,-1,1
515000,515,0,NOC_NPS_VNOC_X3Y1,VNOC,data_vc,0,5,1
515000,515,1,NOC_NPS_VNOC_X3Y0,VNOC,credit,1,-1,1
515000,515,1,NOC_NPS_VNOC_X3Y0,VNOC,data_vc,1,5,1
516000,516,0,NOC_NPS_VNOC_X3Y1,VNOC,credit,0,-1,1
516000,516,0,NOC_NPS_VNOC_X3Y1,VNOC,data_vc,0,5,1
516000,516,1,NOC_NPS_VNOC_X3Y0,VNOC,credit,1,-1,1
516000,516,1,NOC_NPS_VNOC_X3Y0,VNOC,data_vc,1,5,1
517000,517,0,NOC_NPS_VNOC_X3Y1,VNOC,credit,0,-1,1
517000,517,0,NOC_NPS_VNOC_X3Y1,VNOC,data_vc,0,5,1
517000,517,1,NOC_NPS_VNOC_X3Y0,VNOC,credit,1,-1,1
517000,517,1,NOC_NPS_VNOC_X3Y0,VNOC,data_vc,1,5,1
518000,518,0,NOC_NPS_VNOC_X3Y1,VNOC,credit,0,-1,1
518000,518,0,NOC_NPS_VNOC_X3Y1,VNOC,data_vc,0,5,1
518000,518,1,NOC_NPS_VNOC_X3Y0,VNOC,credit,1,-1,1
518000,518,1,NOC_NPS_VNOC_X3Y0,VNOC,data_vc,1,5,1
519000,519,0,NOC_NPS_VNOC_X3Y1,VNOC,credit,0,-1,1
519000,519,0,NOC_NPS_VNOC_X3Y1,VNOC,data_vc,0,5,1
519000,519,1,NOC_NPS_VNOC_X3Y0,VNOC,credit,1,-1,1
519000,519,1,NOC_NPS_VNOC_X3Y0,VNOC,data_vc,1,5,1
520000,520,0,NOC_NPS_VNOC_X3Y1,VNOC,credit,0,-1,1
520000,520,0,NOC_NPS_VNOC_X3Y1,VNOC,data_vc,0,5,1
520000,520,1,NOC_NPS_VNOC_X3Y0,VNOC,credit,1,-1,1
520000,520,1,NOC_NPS_VNOC_X3Y0,VNOC,data_vc,1,5,1
521000,521,0,NOC_NPS_VNOC_X3Y1,VNOC,credit,0,-1,1
521000,521,0,NOC_NPS_VNOC_X3Y1,VNOC,data_vc,0,5,1
521000,521,1,NOC_NPS_VNOC_X3Y0,VNOC,credit,1,-1,1
521000,521,1,NOC_NPS_VNOC_X3Y0,VNOC,data_vc,1,5,1
522000,522,0,NOC_NPS_VNOC_X3Y1,VNOC,credit,0,-1,1
522000,522,0,NOC_NPS_VNOC_X3Y1,VNOC,data_vc,0,5,1
522000,522,1,NOC_NPS_VNOC_X3Y0,VNOC,credit,1,-1,1
522000,522,1,NOC_NPS_VNOC_X3Y0,VNOC,data_vc,1,5,1
523000,523,0,NOC_NPS_VNOC_X3Y1,VNOC,credit,0,-1,1
523000,523,0,NOC_NPS_VNOC_X3Y1,VNOC,data_vc,0,5,1
523000,523,1,NOC_NPS_VNOC_X3Y0,VNOC,credit,1,-1,1
523000,523,1,NOC_NPS_VNOC_X3Y0,VNOC,data_vc,1,5,1
524000,524,0,NOC_NPS_VNOC_X3Y1,VNOC,credit,0,-1,1
524000,524,0,NOC_NPS_VNOC_X3Y1,VNOC,data_vc,0,5,1
524000,524,1,NOC_NPS_VNOC_X3Y0,VNOC,credit,1,-1,1
524000,524,1,NOC_NPS_VNOC_X3Y0,VNOC,data_vc,1,5,1
525000,525,0,NOC_NPS_VNOC_X3Y1,VNOC,credit,0,-1,1
525000,525,0,NOC_NPS_VNOC_X3Y1,VNOC,data_vc,0,5,1
525000,525,1,NOC_NPS_VNOC_X3Y0,VNOC,credit,1,-1,1
525000,525,1,NOC_NPS_VNOC_X3Y0,VNOC,data_vc,1,5,1
526000,526,0,NOC_NPS_VNOC_X3Y1,VNOC,credit,0,-1,1
526000,526,0,NOC_NPS_VNOC_X3Y1,VNOC,data_vc,0,5,1
526000,526,1,NOC_NPS_VNOC_X3Y0,VNOC,credit,1,-1,1
526000,526,1,NOC_NPS_VNOC_X3Y0,VNOC,data_vc,1,5,1
527000,527,0,NOC_NPS_VNOC_X3Y1,VNOC,credit,0,-1,1
527000,527,0,NOC_NPS_VNOC_X3Y1,VNOC,data_vc,0,5,1
527000,527,1,NOC_NPS_VNOC_X3Y0,VNOC,credit,1,-1,1
527000,527,1,NOC_NPS_VNOC_X3Y0,VNOC,data_vc,1,5,1
528000,528,0,NOC_NPS_VNOC_X3Y1,VNOC,credit,0,-1,1
528000,528,0,NOC_NPS_VNOC_X3Y1,VNOC,data_vc,0,5,1
528000,528,1,NOC_NPS_VNOC_X3Y0,VNOC,credit,1,-1,1
528000,528,1,NOC_NPS_VNOC_X3Y0,VNOC,data_vc,1,5,1
529000,529,0,NOC_NPS_VNOC_X3Y1,VNOC,credit,0,-1,1
529000,529,0,NOC_NPS_VNOC_X3Y1,VNOC,data_vc,0,5,1
529000,529,1,NOC_NPS_VNOC_X3Y0,VNOC,credit,1,-1,1
529000,529,1,NOC_NPS_VNOC_X3Y0,VNOC,data_vc,1,5,1
530000,530,0,NOC_NPS_VNOC_X3Y1,VNOC,credit,0,-1,1
530000,530,0,NOC_NPS_VNOC_X3Y1,VNOC,data_vc,0,5,1
530000,530,1,NOC_NPS_VNOC_X3Y0,VNOC,credit,1,-1,1
530000,530,1,NOC_NPS_VNOC_X3Y0,VNOC,data_vc,1,5,1
531000,531,0,NOC_NPS_VNOC_X3Y1,VNOC,credit,0,-1,1
531000,531,0,NOC_NPS_VNOC_X3Y1,VNOC,data_vc,0,5,1
531000,531,1,NOC_NPS_VNOC_X3Y0,VNOC,credit,1,-1,1
531000,531,1,NOC_NPS_VNOC_X3Y0,VNOC,data_vc,1,5,1
532000,532,0,NOC_NPS_VNOC_X3Y1,VNOC,credit,0,-1,1
532000,532,0,NOC_NPS_VNOC_X3Y1,VNOC,data_vc,0,5,1
532000,532,1,NOC_NPS_VNOC_X3Y0,VNOC,credit,1,-1,1
532000,532,1,NOC_NPS_VNOC_X3Y0,VNOC,data_vc,1,5,1
533000,533,0,NOC_NPS_VNOC_X3Y1,VNOC,credit,0,-1,1
533000,533,0,NOC_NPS_VNOC_X3Y1,VNOC,data_vc,0,5,1
533000,533,1,NOC_NPS_VNOC_X3Y0,VNOC,credit,1,-1,1
533000,533,1,NOC_NPS_VNOC_X3Y0,VNOC,data_vc,1,5,1
534000,534,0,NOC_NPS_VNOC_X3Y1,VNOC,credit,0,-1,1
534000,534,0,NOC_NPS_VNOC_X3Y1,VNOC,data_vc,0,5,1
534000,534,1,NOC_NPS_VNOC_X3Y0,VNOC,credit,1,-1,1
534000,534,1,NOC_NPS_VNOC_X3Y0,VNOC,data_vc,1,5,1
535000,535,0,NOC_NPS_VNOC_X3Y1,VNOC,credit,0,-1,1
535000,535,0,NOC_NPS_VNOC_X3Y1,VNOC,data_vc,0,5,1
535000,535,1,NOC_NPS_VNOC_X3Y0,VNOC,credit,1,-1,1
535000,535,1,NOC_NPS_VNOC_X3Y0,VNOC,data_vc,1,5,1
536000,536,0,NOC_NPS_VNOC_X3Y1,VNOC,credit,0,-1,1
536000,536,0,NOC_NPS_VNOC_X3Y1,VNOC,data_vc,0,5,1
536000,536,1,NOC_NPS_VNOC_X3Y0,VNOC,credit,1,-1,1
536000,536,1,NOC_NPS_VNOC_X3Y0,VNOC,data_vc,1,5,1
537000,537,0,NOC_NPS_VNOC_X3Y1,VNOC,credit,0,-1,1
537000,537,0,NOC_NPS_VNOC_X3Y1,VNOC,data_vc,0,5,1
537000,537,1,NOC_NPS_VNOC_X3Y0,VNOC,credit,1,-1,1
537000,537,1,NOC_NPS_VNOC_X3Y0,VNOC,data_vc,1,5,1
538000,538,0,NOC_NPS_VNOC_X3Y1,VNOC,credit,0,-1,1
538000,538,0,NOC_NPS_VNOC_X3Y1,VNOC,data_vc,0,5,1
538000,538,1,NOC_NPS_VNOC_X3Y0,VNOC,credit,1,-1,1
538000,538,1,NOC_NPS_VNOC_X3Y0,VNOC,data_vc,1,5,1
539000,539,0,NOC_NPS_VNOC_X3Y1,VNOC,credit,0,-1,1
539000,539,0,NOC_NPS_VNOC_X3Y1,VNOC,data_vc,0,5,1
539000,539,1,NOC_NPS_VNOC_X3Y0,VNOC,credit,1,-1,1
539000,539,1,NOC_NPS_VNOC_X3Y0,VNOC,data_vc,1,5,1
540000,540,0,NOC_NPS_VNOC_X3Y1,VNOC,credit,0,-1,1
540000,540,0,NOC_NPS_VNOC_X3Y1,VNOC,data_vc,0,5,1
540000,540,1,NOC_NPS_VNOC_X3Y0,VNOC,credit,1,-1,1
540000,540,1,NOC_NPS_VNOC_X3Y0,VNOC,data_vc,1,5,1
541000,541,0,NOC_NPS_VNOC_X3Y1,VNOC,credit,0,-1,1
541000,541,0,NOC_NPS_VNOC_X3Y1,VNOC,data_vc,0,5,1
541000,541,1,NOC_NPS_VNOC_X3Y0,VNOC,credit,1,-1,1
541000,541,1,NOC_NPS_VNOC_X3Y0,VNOC,data_vc,1,5,1
542000,542,0,NOC_NPS_VNOC_X3Y1,VNOC,credit,0,-1,1
542000,542,0,NOC_NPS_VNOC_X3Y1,VNOC,data_vc,0,5,1
542000,542,1,NOC_NPS_VNOC_X3Y0,VNOC,credit,1,-1,1
542000,542,1,NOC_NPS_VNOC_X3Y0,VNOC,data_vc,1,5,1
543000,543,0,NOC_NPS_VNOC_X3Y1,VNOC,credit,0,-1,1
543000,543,0,NOC_NPS_VNOC_X3Y1,VNOC,data_vc,0,5,1
543000,543,1,NOC_NPS_VNOC_X3Y0,VNOC,credit,1,-1,1
543000,543,1,NOC_NPS_VNOC_X3Y0,VNOC,data_vc,1,5,1
544000,544,0,NOC_NPS_VNOC_X3Y1,VNOC,credit,0,-1,1
544000,544,0,NOC_NPS_VNOC_X3Y1,VNOC,data_vc,0,5,1
544000,544,1,NOC_NPS_VNOC_X3Y0,VNOC,credit,1,-1,1
544000,544,1,NOC_NPS_VNOC_X3Y0,VNOC,data_vc,1,5,1
545000,545,0,NOC_NPS_VNOC_X3Y1,VNOC,credit,0,-1,1
545000,545,0,NOC_NPS_VNOC_X3Y1,VNOC,data_vc,0,5,1
545000,545,1,NOC_NPS_VNOC_X3Y0,VNOC,credit,1,-1,1
545000,545,1,NOC_NPS_VNOC_X3Y0,VNOC,data_vc,1,5,1
546000,546,0,NOC_NPS_VNOC_X3Y1,VNOC,credit,0,-1,1
546000,546,0,NOC_NPS_VNOC_X3Y1,VNOC,data_vc,0,5,1
546000,546,1,NOC_NPS_VNOC_X3Y0,VNOC,credit,1,-1,1
546000,546,1,NOC_NPS_VNOC_X3Y0,VNOC,data_vc,1,5,1
547000,547,0,NOC_NPS_VNOC_X3Y1,VNOC,credit,0,-1,1
547000,547,0,NOC_NPS_VNOC_X3Y1,VNOC,data_vc,0,5,1
547000,547,1,NOC_NPS_VNOC_X3Y0,VNOC,credit,1,-1,1
547000,547,1,NOC_NPS_VNOC_X3Y0,VNOC,data_vc,1,5,1
548000,548,0,NOC_NPS_VNOC_X3Y1,VNOC,credit,0,-1,1
548000,548,0,NOC_NPS_VNOC_X3Y1,VNOC,data_vc,0,5,1
548000,548,1,NOC_NPS_VNOC_X3Y0,VNOC,credit,1,-1,1
548000,548,1,NOC_NPS_VNOC_X3Y0,VNOC,data_vc,1,5,1
549000,549,0,NOC_NPS_VNOC_X3Y1,VNOC,credit,0,-1,1
549000,549,0,NOC_NPS_VNOC_X3Y1,VNOC,data_vc,0,5,1
549000,549,1,NOC_NPS_VNOC_X3Y0,VNOC,credit,1,-1,1
549000,549,1,NOC_NPS_VNOC_X3Y0,VNOC,data_vc,1,5,1
550000,550,0,NOC_NPS_VNOC_X3Y1,VNOC,credit,0,-1,1
550000,550,0,NOC_NPS_VNOC_X3Y1,VNOC,data_vc,0,5,1
550000,550,1,NOC_NPS_VNOC_X3Y0,VNOC,credit,1,-1,1
550000,550,1,NOC_NPS_VNOC_X3Y0,VNOC,data_vc,1,5,1
551000,551,0,NOC_NPS_VNOC_X3Y1,VNOC,credit,0,-1,1
551000,551,0,NOC_NPS_VNOC_X3Y1,VNOC,data_vc,0,5,1
551000,551,1,NOC_NPS_VNOC_X3Y0,VNOC,credit,1,-1,1
551000,551,1,NOC_NPS_VNOC_X3Y0,VNOC,data_vc,1,5,1
552000,552,0,NOC_NPS_VNOC_X3Y1,VNOC,credit,0,-1,1
552000,552,0,NOC_NPS_VNOC_X3Y1,VNOC,data_vc,0,5,1
552000,552,1,NOC_NPS_VNOC_X3Y0,VNOC,credit,1,-1,1
552000,552,1,NOC_NPS_VNOC_X3Y0,VNOC,data_vc,1,5,1
553000,553,0,NOC_NPS_VNOC_X3Y1,VNOC,credit,0,-1,1
553000,553,0,NOC_NPS_VNOC_X3Y1,VNOC,data_vc,0,5,1
553000,553,1,NOC_NPS_VNOC_X3Y0,VNOC,credit,1,-1,1
553000,553,1,NOC_NPS_VNOC_X3Y0,VNOC,data_vc,1,5,1
554000,554,0,NOC_NPS_VNOC_X3Y1,VNOC,credit,0,-1,1
554000,554,0,NOC_NPS_VNOC_X3Y1,VNOC,data_vc,0,5,1
554000,554,1,NOC_NPS_VNOC_X3Y0,VNOC,credit,1,-1,1
554000,554,1,NOC_NPS_VNOC_X3Y0,VNOC,data_vc,1,5,1
555000,555,0,NOC_NPS_VNOC_X3Y1,VNOC,credit,0,-1,1
555000,555,0,NOC_NPS_VNOC_X3Y1,VNOC,data_vc,0,5,1
555000,555,1,NOC_NPS_VNOC_X3Y0,VNOC,credit,1,-1,1
555000,555,1,NOC_NPS_VNOC_X3Y0,VNOC,data_vc,1,5,1
556000,556,0,NOC_NPS_VNOC_X3Y1,VNOC,credit,0,-1,1
556000,556,0,NOC_NPS_VNOC_X3Y1,VNOC,data_vc,0,5,1
556000,556,1,NOC_NPS_VNOC_X3Y0,VNOC,credit,1,-1,1
556000,556,1,NOC_NPS_VNOC_X3Y0,VNOC,data_vc,1,5,1
557000,557,0,NOC_NPS_VNOC_X3Y1,VNOC,credit,0,-1,1
557000,557,0,NOC_NPS_VNOC_X3Y1,VNOC,data_vc,0,5,1
557000,557,1,NOC_NPS_VNOC_X3Y0,VNOC,credit,1,-1,1
557000,557,1,NOC_NPS_VNOC_X3Y0,VNOC,data_vc,1,5,1
558000,558,0,NOC_NPS_VNOC_X3Y1,VNOC,credit,0,-1,1
558000,558,0,NOC_NPS_VNOC_X3Y1,VNOC,data_vc,0,5,1
558000,558,1,NOC_NPS_VNOC_X3Y0,VNOC,credit,1,-1,1
558000,558,1,NOC_NPS_VNOC_X3Y0,VNOC,data_vc,1,5,1
559000,559,0,NOC_NPS_VNOC_X3Y1,VNOC,credit,0,-1,1
559000,559,0,NOC_NPS_VNOC_X3Y1,VNOC,data_vc,0,5,1
559000,559,1,NOC_NPS_VNOC_X3Y0,VNOC,credit,1,-1,1
559000,559,1,NOC_NPS_VNOC_X3Y0,VNOC,data_vc,1,5,1
560000,560,0,NOC_NPS_VNOC_X3Y1,VNOC,credit,0,-1,1
560000,560,0,NOC_NPS_VNOC_X3Y1,VNOC,data_vc,0,5,1
560000,560,1,NOC_NPS_VNOC_X3Y0,VNOC,credit,1,-1,1
560000,560,1,NOC_NPS_VNOC_X3Y0,VNOC,data_vc,1,5,1
561000,561,0,NOC_NPS_VNOC_X3Y1,VNOC,credit,0,-1,1
561000,561,0,NOC_NPS_VNOC_X3Y1,VNOC,data_vc,0,5,1
561000,561,1,NOC_NPS_VNOC_X3Y0,VNOC,credit,1,-1,1
561000,561,1,NOC_NPS_VNOC_X3Y0,VNOC,data_vc,1,5,1
562000,562,0,NOC_NPS_VNOC_X3Y1,VNOC,credit,0,-1,1
562000,562,0,NOC_NPS_VNOC_X3Y1,VNOC,data_vc,0,5,1
562000,562,1,NOC_NPS_VNOC_X3Y0,VNOC,credit,1,-1,1
562000,562,1,NOC_NPS_VNOC_X3Y0,VNOC,data_vc,1,5,1
563000,563,0,NOC_NPS_VNOC_X3Y1,VNOC,credit,0,-1,1
563000,563,0,NOC_NPS_VNOC_X3Y1,VNOC,data_vc,0,5,1
563000,563,1,NOC_NPS_VNOC_X3Y0,VNOC,credit,1,-1,1
563000,563,1,NOC_NPS_VNOC_X3Y0,VNOC,data_vc,1,5,1
564000,564,0,NOC_NPS_VNOC_X3Y1,VNOC,credit,0,-1,1
564000,564,0,NOC_NPS_VNOC_X3Y1,VNOC,data_vc,0,5,1
564000,564,1,NOC_NPS_VNOC_X3Y0,VNOC,credit,1,-1,1
564000,564,1,NOC_NPS_VNOC_X3Y0,VNOC,data_vc,1,5,1
565000,565,0,NOC_NPS_VNOC_X3Y1,VNOC,credit,0,-1,1
565000,565,0,NOC_NPS_VNOC_X3Y1,VNOC,data_vc,0,5,1
565000,565,1,NOC_NPS_VNOC_X3Y0,VNOC,credit,1,-1,1
565000,565,1,NOC_NPS_VNOC_X3Y0,VNOC,data_vc,1,5,1
566000,566,0,NOC_NPS_VNOC_X3Y1,VNOC,credit,0,-1,1
566000,566,0,NOC_NPS_VNOC_X3Y1,VNOC,data_vc,0,5,1
566000,566,1,NOC_NPS_VNOC_X3Y0,VNOC,credit,1,-1,1
566000,566,1,NOC_NPS_VNOC_X3Y0,VNOC,data_vc,1,5,1
567000,567,0,NOC_NPS_VNOC_X3Y1,VNOC,credit,0,-1,1
567000,567,0,NOC_NPS_VNOC_X3Y1,VNOC,data_vc,0,5,1
567000,567,1,NOC_NPS_VNOC_X3Y0,VNOC,credit,1,-1,1
567000,567,1,NOC_NPS_VNOC_X3Y0,VNOC,data_vc,1,5,1
568000,568,0,NOC_NPS_VNOC_X3Y1,VNOC,credit,0,-1,1
568000,568,0,NOC_NPS_VNOC_X3Y1,VNOC,data_vc,0,5,1
568000,568,1,NOC_NPS_VNOC_X3Y0,VNOC,credit,1,-1,1
568000,568,1,NOC_NPS_VNOC_X3Y0,VNOC,data_vc,1,5,1
569000,569,0,NOC_NPS_VNOC_X3Y1,VNOC,credit,0,-1,1
569000,569,0,NOC_NPS_VNOC_X3Y1,VNOC,data_vc,0,5,1
569000,569,1,NOC_NPS_VNOC_X3Y0,VNOC,credit,1,-1,1
569000,569,1,NOC_NPS_VNOC_X3Y0,VNOC,data_vc,1,5,1
570000,570,0,NOC_NPS_VNOC_X3Y1,VNOC,credit,0,-1,1
570000,570,0,NOC_NPS_VNOC_X3Y1,VNOC,data_vc,0,5,1
570000,570,1,NOC_NPS_VNOC_X3Y0,VNOC,credit,1,-1,1
570000,570,1,NOC_NPS_VNOC_X3Y0,VNOC,data_vc,1,5,1
571000,571,0,NOC_NPS_VNOC_X3Y1,VNOC,credit,0,-1,1
571000,571,0,NOC_NPS_VNOC_X3Y1,VNOC,data_vc,0,5,1
571000,571,1,NOC_NPS_VNOC_X3Y0,VNOC,credit,1,-1,1
571000,571,1,NOC_NPS_VNOC_X3Y0,VNOC,data_vc,1,5,1
572000,572,0,NOC_NPS_VNOC_X3Y1,VNOC,credit,0,-1,1
572000,572,0,NOC_NPS_VNOC_X3Y1,VNOC,data_vc,0,5,1
572000,572,1,NOC_NPS_VNOC_X3Y0,VNOC,credit,1,-1,1
572000,572,1,NOC_NPS_VNOC_X3Y0,VNOC,data_vc,1,5,1
573000,573,0,NOC_NPS_VNOC_X3Y1,VNOC,credit,0,-1,1
573000,573,0,NOC_NPS_VNOC_X3Y1,VNOC,data_vc,0,5,1
573000,573,1,NOC_NPS_VNOC_X3Y0,VNOC,credit,1,-1,1
573000,573,1,NOC_NPS_VNOC_X3Y0,VNOC,data_vc,1,5,1
574000,574,0,NOC_NPS_VNOC_X3Y1,VNOC,credit,0,-1,1
574000,574,0,NOC_NPS_VNOC_X3Y1,VNOC,data_vc,0,5,1
574000,574,1,NOC_NPS_VNOC_X3Y0,VNOC,credit,1,-1,1
574000,574,1,NOC_NPS_VNOC_X3Y0,VNOC,data_vc,1,5,1
575000,575,0,NOC_NPS_VNOC_X3Y1,VNOC,credit,0,-1,1
575000,575,0,NOC_NPS_VNOC_X3Y1,VNOC,data_vc,0,5,1
575000,575,1,NOC_NPS_VNOC_X3Y0,VNOC,credit,1,-1,1
575000,575,1,NOC_NPS_VNOC_X3Y0,VNOC,data_vc,1,5,1
576000,576,0,NOC_NPS_VNOC_X3Y1,VNOC,credit,0,-1,1
576000,576,0,NOC_NPS_VNOC_X3Y1,VNOC,data_vc,0,5,1
576000,576,1,NOC_NPS_VNOC_X3Y0,VNOC,credit,1,-1,1
576000,576,1,NOC_NPS_VNOC_X3Y0,VNOC,data_vc,1,5,1
577000,577,0,NOC_NPS_VNOC_X3Y1,VNOC,credit,0,-1,1
577000,577,0,NOC_NPS_VNOC_X3Y1,VNOC,data_vc,0,5,1
577000,577,1,NOC_NPS_VNOC_X3Y0,VNOC,credit,1,-1,1
577000,577,1,NOC_NPS_VNOC_X3Y0,VNOC,data_vc,1,5,1
578000,578,0,NOC_NPS_VNOC_X3Y1,VNOC,credit,0,-1,1
578000,578,0,NOC_NPS_VNOC_X3Y1,VNOC,data_vc,0,5,1
578000,578,1,NOC_NPS_VNOC_X3Y0,VNOC,credit,1,-1,1
578000,578,1,NOC_NPS_VNOC_X3Y0,VNOC,data_vc,1,5,1
579000,579,0,NOC_NPS_VNOC_X3Y1,VNOC,credit,0,-1,1
579000,579,0,NOC_NPS_VNOC_X3Y1,VNOC,data_vc,0,5,1
579000,579,1,NOC_NPS_VNOC_X3Y0,VNOC,credit,1,-1,1
579000,579,1,NOC_NPS_VNOC_X3Y0,VNOC,data_vc,1,5,1
580000,580,0,NOC_NPS_VNOC_X3Y1,VNOC,credit,0,-1,1
580000,580,0,NOC_NPS_VNOC_X3Y1,VNOC,data_vc,0,5,1
580000,580,1,NOC_NPS_VNOC_X3Y0,VNOC,credit,1,-1,1
580000,580,1,NOC_NPS_VNOC_X3Y0,VNOC,data_vc,1,5,1
581000,581,0,NOC_NPS_VNOC_X3Y1,VNOC,credit,0,-1,1
581000,581,0,NOC_NPS_VNOC_X3Y1,VNOC,data_vc,0,5,1
581000,581,1,NOC_NPS_VNOC_X3Y0,VNOC,credit,1,-1,1
581000,581,1,NOC_NPS_VNOC_X3Y0,VNOC,data_vc,1,5,1
582000,582,0,NOC_NPS_VNOC_X3Y1,VNOC,credit,0,-1,1
582000,582,0,NOC_NPS_VNOC_X3Y1,VNOC,data_vc,0,5,1
582000,582,1,NOC_NPS_VNOC_X3Y0,VNOC,credit,1,-1,1
582000,582,1,NOC_NPS_VNOC_X3Y0,VNOC,data_vc,1,5,1
583000,583,0,NOC_NPS_VNOC_X3Y1,VNOC,credit,0,-1,1
583000,583,0,NOC_NPS_VNOC_X3Y1,VNOC,data_vc,0,5,1
583000,583,1,NOC_NPS_VNOC_X3Y0,VNOC,credit,1,-1,1
583000,583,1,NOC_NPS_VNOC_X3Y0,VNOC,data_vc,1,5,1
584000,584,0,NOC_NPS_VNOC_X3Y1,VNOC,credit,0,-1,1
584000,584,0,NOC_NPS_VNOC_X3Y1,VNOC,data_vc,0,5,1
584000,584,1,NOC_NPS_VNOC_X3Y0,VNOC,credit,1,-1,1
584000,584,1,NOC_NPS_VNOC_X3Y0,VNOC,data_vc,1,5,1
585000,585,0,NOC_NPS_VNOC_X3Y1,VNOC,credit,0,-1,1
585000,585,0,NOC_NPS_VNOC_X3Y1,VNOC,data_vc,0,5,1
585000,585,1,NOC_NPS_VNOC_X3Y0,VNOC,credit,1,-1,1
585000,585,1,NOC_NPS_VNOC_X3Y0,VNOC,data_vc,1,5,1
586000,586,0,NOC_NPS_VNOC_X3Y1,VNOC,credit,0,-1,1
586000,586,0,NOC_NPS_VNOC_X3Y1,VNOC,data_vc,0,5,1
586000,586,1,NOC_NPS_VNOC_X3Y0,VNOC,credit,1,-1,1
586000,586,1,NOC_NPS_VNOC_X3Y0,VNOC,data_vc,1,5,1
587000,587,0,NOC_NPS_VNOC_X3Y1,VNOC,credit,0,-1,1
587000,587,0,NOC_NPS_VNOC_X3Y1,VNOC,data_vc,0,5,1
587000,587,1,NOC_NPS_VNOC_X3Y0,VNOC,credit,1,-1,1
587000,587,1,NOC_NPS_VNOC_X3Y0,VNOC,data_vc,1,5,1
588000,588,0,NOC_NPS_VNOC_X3Y1,VNOC,credit,0,-1,1
588000,588,0,NOC_NPS_VNOC_X3Y1,VNOC,data_vc,0,5,1
588000,588,1,NOC_NPS_VNOC_X3Y0,VNOC,credit,1,-1,1
588000,588,1,NOC_NPS_VNOC_X3Y0,VNOC,data_vc,1,5,1
589000,589,0,NOC_NPS_VNOC_X3Y1,VNOC,credit,0,-1,1
589000,589,0,NOC_NPS_VNOC_X3Y1,VNOC,data_vc,0,5,1
589000,589,1,NOC_NPS_VNOC_X3Y0,VNOC,credit,1,-1,1
589000,589,1,NOC_NPS_VNOC_X3Y0,VNOC,data_vc,1,5,1
590000,590,0,NOC_NPS_VNOC_X3Y1,VNOC,credit,0,-1,1
590000,590,0,NOC_NPS_VNOC_X3Y1,VNOC,data_vc,0,5,1
590000,590,1,NOC_NPS_VNOC_X3Y0,VNOC,credit,1,-1,1
590000,590,1,NOC_NPS_VNOC_X3Y0,VNOC,data_vc,1,5,1
591000,591,0,NOC_NPS_VNOC_X3Y1,VNOC,credit,0,-1,1
591000,591,0,NOC_NPS_VNOC_X3Y1,VNOC,data_vc,0,5,1
591000,591,1,NOC_NPS_VNOC_X3Y0,VNOC,credit,1,-1,1
591000,591,1,NOC_NPS_VNOC_X3Y0,VNOC,data_vc,1,5,1
592000,592,0,NOC_NPS_VNOC_X3Y1,VNOC,credit,0,-1,1
592000,592,0,NOC_NPS_VNOC_X3Y1,VNOC,data_vc,0,5,1
592000,592,1,NOC_NPS_VNOC_X3Y0,VNOC,credit,1,-1,1
592000,592,1,NOC_NPS_VNOC_X3Y0,VNOC,data_vc,1,5,1
593000,593,0,NOC_NPS_VNOC_X3Y1,VNOC,credit,0,-1,1
593000,593,0,NOC_NPS_VNOC_X3Y1,VNOC,data_vc,0,5,1
593000,593,1,NOC_NPS_VNOC_X3Y0,VNOC,credit,1,-1,1
593000,593,1,NOC_NPS_VNOC_X3Y0,VNOC,data_vc,1,5,1
594000,594,0,NOC_NPS_VNOC_X3Y1,VNOC,credit,0,-1,1
594000,594,0,NOC_NPS_VNOC_X3Y1,VNOC,data_vc,0,5,1
594000,594,1,NOC_NPS_VNOC_X3Y0,VNOC,credit,1,-1,1
594000,594,1,NOC_NPS_VNOC_X3Y0,VNOC,data_vc,1,5,1
595000,595,0,NOC_NPS_VNOC_X3Y1,VNOC,credit,0,-1,1
595000,595,0,NOC_NPS_VNOC_X3Y1,VNOC,data_vc,0,5,1
595000,595,1,NOC_NPS_VNOC_X3Y0,VNOC,credit,1,-1,1
595000,595,1,NOC_NPS_VNOC_X3Y0,VNOC,data_vc,1,5,1
596000,596,0,NOC_NPS_VNOC_X3Y1,VNOC,credit,0,-1,1
596000,596,0,NOC_NPS_VNOC_X3Y1,VNOC,data_vc,0,5,1
596000,596,1,NOC_NPS_VNOC_X3Y0,VNOC,credit,1,-1,1
596000,596,1,NOC_NPS_VNOC_X3Y0,VNOC,data_vc,1,5,1
597000,597,0,NOC_NPS_VNOC_X3Y1,VNOC,credit,0,-1,1
597000,597,0,NOC_NPS_VNOC_X3Y1,VNOC,data_vc,0,5,1
597000,597,1,NOC_NPS_VNOC_X3Y0,VNOC,credit,1,-1,1
597000,597,1,NOC_NPS_VNOC_X3Y0,VNOC,data_vc,1,5,1
598000,598,0,NOC_NPS_VNOC_X3Y1,VNOC,credit,0,-1,1
598000,598,0,NOC_NPS_VNOC_X3Y1,VNOC,data_vc,0,5,1
598000,598,1,NOC_NPS_VNOC_X3Y0,VNOC,credit,1,-1,1
598000,598,1,NOC_NPS_VNOC_X3Y0,VNOC,data_vc,1,5,1
599000,599,0,NOC_NPS_VNOC_X3Y1,VNOC,credit,0,-1,1
599000,599,0,NOC_NPS_VNOC_X3Y1,VNOC,data_vc,0,5,1
599000,599,1,NOC_NPS_VNOC_X3Y0,VNOC,credit,1,-1,1
599000,599,1,NOC_NPS_VNOC_X3Y0,VNOC,data_vc,1,5,1
600000,600,0,NOC_NPS_VNOC_X3Y1,VNOC,credit,0,-1,1
600000,600,0,NOC_NPS_VNOC_X3Y1,VNOC,data_vc,0,5,1
600000,600,1,NOC_NPS_VNOC_X3Y0,VNOC,credit,1,-1,1
600000,600,1,NOC_NPS_VNOC_X3Y0,VNOC,data_vc,1,5,1
601000,601,0,NOC_NPS_VNOC_X3Y1,VNOC,credit,0,-1,1
601000,601,0,NOC_NPS_VNOC_X3Y1,VNOC,data_vc,0,5,1
601000,601,1,NOC_NPS_VNOC_X3Y0,VNOC,credit,1,-1,1
601000,601,1,NOC_NPS_VNOC_X3Y0,VNOC,data_vc,1,5,1
602000,602,0,NOC_NPS_VNOC_X3Y1,VNOC,credit,0,-1,1
602000,602,0,NOC_NPS_VNOC_X3Y1,VNOC,data_vc,0,5,1
602000,602,1,NOC_NPS_VNOC_X3Y0,VNOC,credit,1,-1,1
602000,602,1,NOC_NPS_VNOC_X3Y0,VNOC,data_vc,1,5,1
603000,603,0,NOC_NPS_VNOC_X3Y1,VNOC,credit,0,-1,1
603000,603,0,NOC_NPS_VNOC_X3Y1,VNOC,data_vc,0,5,1
603000,603,1,NOC_NPS_VNOC_X3Y0,VNOC,credit,1,-1,1
603000,603,1,NOC_NPS_VNOC_X3Y0,VNOC,data_vc,1,5,1
604000,604,0,NOC_NPS_VNOC_X3Y1,VNOC,credit,0,-1,1
604000,604,0,NOC_NPS_VNOC_X3Y1,VNOC,data_vc,0,5,1
604000,604,1,NOC_NPS_VNOC_X3Y0,VNOC,credit,1,-1,1
604000,604,1,NOC_NPS_VNOC_X3Y0,VNOC,data_vc,1,5,1
605000,605,0,NOC_NPS_VNOC_X3Y1,VNOC,credit,0,-1,1
605000,605,0,NOC_NPS_VNOC_X3Y1,VNOC,data_vc,0,5,1
605000,605,1,NOC_NPS_VNOC_X3Y0,VNOC,credit,1,-1,1
605000,605,1,NOC_NPS_VNOC_X3Y0,VNOC,data_vc,1,5,1
606000,606,0,NOC_NPS_VNOC_X3Y1,VNOC,credit,0,-1,1
606000,606,0,NOC_NPS_VNOC_X3Y1,VNOC,data_vc,0,5,1
606000,606,1,NOC_NPS_VNOC_X3Y0,VNOC,credit,1,-1,1
606000,606,1,NOC_NPS_VNOC_X3Y0,VNOC,data_vc,1,5,1
607000,607,0,NOC_NPS_VNOC_X3Y1,VNOC,credit,0,-1,1
607000,607,0,NOC_NPS_VNOC_X3Y1,VNOC,data_vc,0,5,1
607000,607,1,NOC_NPS_VNOC_X3Y0,VNOC,credit,1,-1,1
607000,607,1,NOC_NPS_VNOC_X3Y0,VNOC,data_vc,1,5,1
608000,608,0,NOC_NPS_VNOC_X3Y1,VNOC,credit,0,-1,1
608000,608,0,NOC_NPS_VNOC_X3Y1,VNOC,data_vc,0,5,1
608000,608,1,NOC_NPS_VNOC_X3Y0,VNOC,credit,1,-1,1
608000,608,1,NOC_NPS_VNOC_X3Y0,VNOC,data_vc,1,5,1
609000,609,0,NOC_NPS_VNOC_X3Y1,VNOC,credit,0,-1,1
609000,609,0,NOC_NPS_VNOC_X3Y1,VNOC,data_vc,0,5,1
609000,609,1,NOC_NPS_VNOC_X3Y0,VNOC,credit,1,-1,1
609000,609,1,NOC_NPS_VNOC_X3Y0,VNOC,data_vc,1,5,1
610000,610,0,NOC_NPS_VNOC_X3Y1,VNOC,credit,0,-1,1
610000,610,0,NOC_NPS_VNOC_X3Y1,VNOC,data_vc,0,5,1
610000,610,1,NOC_NPS_VNOC_X3Y0,VNOC,credit,1,-1,1
610000,610,1,NOC_NPS_VNOC_X3Y0,VNOC,data_vc,1,5,1
611000,611,0,NOC_NPS_VNOC_X3Y1,VNOC,credit,0,-1,1
611000,611,0,NOC_NPS_VNOC_X3Y1,VNOC,data_vc,0,5,1
611000,611,1,NOC_NPS_VNOC_X3Y0,VNOC,credit,1,-1,1
611000,611,1,NOC_NPS_VNOC_X3Y0,VNOC,data_vc,1,5,1
612000,612,0,NOC_NPS_VNOC_X3Y1,VNOC,credit,0,-1,1
612000,612,0,NOC_NPS_VNOC_X3Y1,VNOC,data_vc,0,5,1
612000,612,1,NOC_NPS_VNOC_X3Y0,VNOC,credit,1,-1,1
612000,612,1,NOC_NPS_VNOC_X3Y0,VNOC,data_vc,1,5,1
613000,613,0,NOC_NPS_VNOC_X3Y1,VNOC,credit,0,-1,1
613000,613,0,NOC_NPS_VNOC_X3Y1,VNOC,data_vc,0,5,1
613000,613,1,NOC_NPS_VNOC_X3Y0,VNOC,credit,1,-1,1
613000,613,1,NOC_NPS_VNOC_X3Y0,VNOC,data_vc,1,5,1
614000,614,0,NOC_NPS_VNOC_X3Y1,VNOC,credit,0,-1,1
614000,614,0,NOC_NPS_VNOC_X3Y1,VNOC,data_vc,0,5,1
614000,614,1,NOC_NPS_VNOC_X3Y0,VNOC,credit,1,-1,1
614000,614,1,NOC_NPS_VNOC_X3Y0,VNOC,data_vc,1,5,1
615000,615,0,NOC_NPS_VNOC_X3Y1,VNOC,credit,0,-1,1
615000,615,0,NOC_NPS_VNOC_X3Y1,VNOC,data_vc,0,5,1
615000,615,1,NOC_NPS_VNOC_X3Y0,VNOC,credit,1,-1,1
615000,615,1,NOC_NPS_VNOC_X3Y0,VNOC,data_vc,1,5,1
616000,616,0,NOC_NPS_VNOC_X3Y1,VNOC,credit,0,-1,1
616000,616,0,NOC_NPS_VNOC_X3Y1,VNOC,data_vc,0,5,1
616000,616,1,NOC_NPS_VNOC_X3Y0,VNOC,credit,1,-1,1
616000,616,1,NOC_NPS_VNOC_X3Y0,VNOC,data_vc,1,5,1
617000,617,0,NOC_NPS_VNOC_X3Y1,VNOC,credit,0,-1,1
617000,617,0,NOC_NPS_VNOC_X3Y1,VNOC,data_vc,0,5,1
617000,617,1,NOC_NPS_VNOC_X3Y0,VNOC,credit,1,-1,1
617000,617,1,NOC_NPS_VNOC_X3Y0,VNOC,data_vc,1,5,1
618000,618,0,NOC_NPS_VNOC_X3Y1,VNOC,credit,0,-1,1
618000,618,0,NOC_NPS_VNOC_X3Y1,VNOC,data_vc,0,5,1
618000,618,1,NOC_NPS_VNOC_X3Y0,VNOC,credit,1,-1,1
618000,618,1,NOC_NPS_VNOC_X3Y0,VNOC,data_vc,1,5,1
619000,619,0,NOC_NPS_VNOC_X3Y1,VNOC,credit,0,-1,1
619000,619,0,NOC_NPS_VNOC_X3Y1,VNOC,data_vc,0,5,1
619000,619,1,NOC_NPS_VNOC_X3Y0,VNOC,credit,1,-1,1
619000,619,1,NOC_NPS_VNOC_X3Y0,VNOC,data_vc,1,5,1
620000,620,0,NOC_NPS_VNOC_X3Y1,VNOC,credit,0,-1,1
620000,620,0,NOC_NPS_VNOC_X3Y1,VNOC,data_vc,0,5,1
620000,620,1,NOC_NPS_VNOC_X3Y0,VNOC,credit,1,-1,1
620000,620,1,NOC_NPS_VNOC_X3Y0,VNOC,data_vc,1,5,1
621000,621,0,NOC_NPS_VNOC_X3Y1,VNOC,credit,0,-1,1
621000,621,0,NOC_NPS_VNOC_X3Y1,VNOC,data_vc,0,5,1
621000,621,1,NOC_NPS_VNOC_X3Y0,VNOC,credit,1,-1,1
621000,621,1,NOC_NPS_VNOC_X3Y0,VNOC,data_vc,1,5,1
622000,622,0,NOC_NPS_VNOC_X3Y1,VNOC,credit,0,-1,1
622000,622,0,NOC_NPS_VNOC_X3Y1,VNOC,data_vc,0,5,1
622000,622,1,NOC_NPS_VNOC_X3Y0,VNOC,credit,1,-1,1
622000,622,1,NOC_NPS_VNOC_X3Y0,VNOC,data_vc,1,5,1
623000,623,0,NOC_NPS_VNOC_X3Y1,VNOC,credit,0,-1,1
623000,623,0,NOC_NPS_VNOC_X3Y1,VNOC,data_vc,0,5,1
623000,623,1,NOC_NPS_VNOC_X3Y0,VNOC,credit,1,-1,1
623000,623,1,NOC_NPS_VNOC_X3Y0,VNOC,data_vc,1,5,1
624000,624,0,NOC_NPS_VNOC_X3Y1,VNOC,credit,0,-1,1
624000,624,0,NOC_NPS_VNOC_X3Y1,VNOC,data_vc,0,5,1
624000,624,1,NOC_NPS_VNOC_X3Y0,VNOC,credit,1,-1,1
624000,624,1,NOC_NPS_VNOC_X3Y0,VNOC,data_vc,1,5,1
625000,625,0,NOC_NPS_VNOC_X3Y1,VNOC,credit,0,-1,1
625000,625,0,NOC_NPS_VNOC_X3Y1,VNOC,data_vc,0,5,1
625000,625,1,NOC_NPS_VNOC_X3Y0,VNOC,credit,1,-1,1
625000,625,1,NOC_NPS_VNOC_X3Y0,VNOC,data_vc,1,5,1
626000,626,0,NOC_NPS_VNOC_X3Y1,VNOC,credit,0,-1,1
626000,626,0,NOC_NPS_VNOC_X3Y1,VNOC,data_vc,0,5,1
626000,626,1,NOC_NPS_VNOC_X3Y0,VNOC,credit,1,-1,1
626000,626,1,NOC_NPS_VNOC_X3Y0,VNOC,data_vc,1,5,1
627000,627,0,NOC_NPS_VNOC_X3Y1,VNOC,credit,0,-1,1
627000,627,0,NOC_NPS_VNOC_X3Y1,VNOC,data_vc,0,5,1
627000,627,1,NOC_NPS_VNOC_X3Y0,VNOC,credit,1,-1,1
627000,627,1,NOC_NPS_VNOC_X3Y0,VNOC,data_vc,1,5,1
628000,628,0,NOC_NPS_VNOC_X3Y1,VNOC,credit,0,-1,1
628000,628,0,NOC_NPS_VNOC_X3Y1,VNOC,data_vc,0,5,1
628000,628,1,NOC_NPS_VNOC_X3Y0,VNOC,credit,1,-1,1
628000,628,1,NOC_NPS_VNOC_X3Y0,VNOC,data_vc,1,5,1
629000,629,0,NOC_NPS_VNOC_X3Y1,VNOC,credit,0,-1,1
629000,629,0,NOC_NPS_VNOC_X3Y1,VNOC,data_vc,0,5,1
629000,629,1,NOC_NPS_VNOC_X3Y0,VNOC,credit,1,-1,1
629000,629,1,NOC_NPS_VNOC_X3Y0,VNOC,data_vc,1,5,1
630000,630,0,NOC_NPS_VNOC_X3Y1,VNOC,credit,0,-1,1
630000,630,0,NOC_NPS_VNOC_X3Y1,VNOC,data_vc,0,5,1
630000,630,1,NOC_NPS_VNOC_X3Y0,VNOC,credit,1,-1,1
630000,630,1,NOC_NPS_VNOC_X3Y0,VNOC,data_vc,1,5,1
631000,631,0,NOC_NPS_VNOC_X3Y1,VNOC,credit,0,-1,1
631000,631,0,NOC_NPS_VNOC_X3Y1,VNOC,data_vc,0,5,1
631000,631,1,NOC_NPS_VNOC_X3Y0,VNOC,credit,1,-1,1
631000,631,1,NOC_NPS_VNOC_X3Y0,VNOC,data_vc,1,5,1
632000,632,0,NOC_NPS_VNOC_X3Y1,VNOC,credit,0,-1,1
632000,632,0,NOC_NPS_VNOC_X3Y1,VNOC,data_vc,0,5,1
632000,632,1,NOC_NPS_VNOC_X3Y0,VNOC,credit,1,-1,1
632000,632,1,NOC_NPS_VNOC_X3Y0,VNOC,data_vc,1,5,1
633000,633,0,NOC_NPS_VNOC_X3Y1,VNOC,credit,0,-1,1
633000,633,0,NOC_NPS_VNOC_X3Y1,VNOC,data_vc,0,5,1
633000,633,1,NOC_NPS_VNOC_X3Y0,VNOC,credit,1,-1,1
633000,633,1,NOC_NPS_VNOC_X3Y0,VNOC,data_vc,1,5,1
634000,634,0,NOC_NPS_VNOC_X3Y1,VNOC,credit,0,-1,1
634000,634,0,NOC_NPS_VNOC_X3Y1,VNOC,data_vc,0,5,1
634000,634,1,NOC_NPS_VNOC_X3Y0,VNOC,credit,1,-1,1
634000,634,1,NOC_NPS_VNOC_X3Y0,VNOC,data_vc,1,5,1
635000,635,0,NOC_NPS_VNOC_X3Y1,VNOC,credit,0,-1,1
635000,635,0,NOC_NPS_VNOC_X3Y1,VNOC,data_vc,0,5,1
635000,635,1,NOC_NPS_VNOC_X3Y0,VNOC,credit,1,-1,1
635000,635,1,NOC_NPS_VNOC_X3Y0,VNOC,data_vc,1,5,1
636000,636,0,NOC_NPS_VNOC_X3Y1,VNOC,credit,0,-1,1
636000,636,0,NOC_NPS_VNOC_X3Y1,VNOC,data_vc,0,5,1
636000,636,1,NOC_NPS_VNOC_X3Y0,VNOC,credit,1,-1,1
636000,636,1,NOC_NPS_VNOC_X3Y0,VNOC,data_vc,1,5,1
637000,637,0,NOC_NPS_VNOC_X3Y1,VNOC,credit,0,-1,1
637000,637,0,NOC_NPS_VNOC_X3Y1,VNOC,data_vc,0,5,1
637000,637,1,NOC_NPS_VNOC_X3Y0,VNOC,credit,1,-1,1
637000,637,1,NOC_NPS_VNOC_X3Y0,VNOC,data_vc,1,5,1
638000,638,0,NOC_NPS_VNOC_X3Y1,VNOC,credit,0,-1,1
638000,638,0,NOC_NPS_VNOC_X3Y1,VNOC,data_vc,0,5,1
638000,638,1,NOC_NPS_VNOC_X3Y0,VNOC,credit,1,-1,1
638000,638,1,NOC_NPS_VNOC_X3Y0,VNOC,data_vc,1,5,1
639000,639,0,NOC_NPS_VNOC_X3Y1,VNOC,credit,0,-1,1
639000,639,0,NOC_NPS_VNOC_X3Y1,VNOC,data_vc,0,5,1
639000,639,1,NOC_NPS_VNOC_X3Y0,VNOC,credit,1,-1,1
639000,639,1,NOC_NPS_VNOC_X3Y0,VNOC,data_vc,1,5,1
640000,640,0,NOC_NPS_VNOC_X3Y1,VNOC,credit,0,-1,1
640000,640,0,NOC_NPS_VNOC_X3Y1,VNOC,data_vc,0,5,1
640000,640,1,NOC_NPS_VNOC_X3Y0,VNOC,credit,1,-1,1
640000,640,1,NOC_NPS_VNOC_X3Y0,VNOC,data_vc,1,5,1
641000,641,0,NOC_NPS_VNOC_X3Y1,VNOC,credit,0,-1,1
641000,641,0,NOC_NPS_VNOC_X3Y1,VNOC,data_vc,0,5,1
641000,641,1,NOC_NPS_VNOC_X3Y0,VNOC,credit,1,-1,1
641000,641,1,NOC_NPS_VNOC_X3Y0,VNOC,data_vc,1,5,1
642000,642,0,NOC_NPS_VNOC_X3Y1,VNOC,credit,0,-1,1
642000,642,0,NOC_NPS_VNOC_X3Y1,VNOC,data_vc,0,5,1
642000,642,1,NOC_NPS_VNOC_X3Y0,VNOC,credit,1,-1,1
642000,642,1,NOC_NPS_VNOC_X3Y0,VNOC,data_vc,1,5,1
643000,643,0,NOC_NPS_VNOC_X3Y1,VNOC,credit,0,-1,1
643000,643,0,NOC_NPS_VNOC_X3Y1,VNOC,data_vc,0,5,1
643000,643,1,NOC_NPS_VNOC_X3Y0,VNOC,credit,1,-1,1
643000,643,1,NOC_NPS_VNOC_X3Y0,VNOC,data_vc,1,5,1
644000,644,0,NOC_NPS_VNOC_X3Y1,VNOC,credit,0,-1,1
644000,644,0,NOC_NPS_VNOC_X3Y1,VNOC,data_vc,0,5,1
644000,644,1,NOC_NPS_VNOC_X3Y0,VNOC,credit,1,-1,1
644000,644,1,NOC_NPS_VNOC_X3Y0,VNOC,data_vc,1,5,1
645000,645,0,NOC_NPS_VNOC_X3Y1,VNOC,credit,0,-1,1
645000,645,0,NOC_NPS_VNOC_X3Y1,VNOC,data_vc,0,5,1
645000,645,1,NOC_NPS_VNOC_X3Y0,VNOC,credit,1,-1,1
645000,645,1,NOC_NPS_VNOC_X3Y0,VNOC,data_vc,1,5,1
646000,646,0,NOC_NPS_VNOC_X3Y1,VNOC,credit,0,-1,1
646000,646,0,NOC_NPS_VNOC_X3Y1,VNOC,data_vc,0,5,1
646000,646,1,NOC_NPS_VNOC_X3Y0,VNOC,credit,1,-1,1
646000,646,1,NOC_NPS_VNOC_X3Y0,VNOC,data_vc,1,5,1
647000,647,0,NOC_NPS_VNOC_X3Y1,VNOC,credit,0,-1,1
647000,647,0,NOC_NPS_VNOC_X3Y1,VNOC,data_vc,0,5,1
647000,647,1,NOC_NPS_VNOC_X3Y0,VNOC,credit,1,-1,1
647000,647,1,NOC_NPS_VNOC_X3Y0,VNOC,data_vc,1,5,1
648000,648,0,NOC_NPS_VNOC_X3Y1,VNOC,credit,0,-1,1
648000,648,0,NOC_NPS_VNOC_X3Y1,VNOC,data_vc,0,5,1
648000,648,1,NOC_NPS_VNOC_X3Y0,VNOC,credit,1,-1,1
648000,648,1,NOC_NPS_VNOC_X3Y0,VNOC,data_vc,1,5,1
649000,649,0,NOC_NPS_VNOC_X3Y1,VNOC,credit,0,-1,1
649000,649,0,NOC_NPS_VNOC_X3Y1,VNOC,data_vc,0,5,1
649000,649,1,NOC_NPS_VNOC_X3Y0,VNOC,credit,1,-1,1
649000,649,1,NOC_NPS_VNOC_X3Y0,VNOC,data_vc,1,5,1
650000,650,0,NOC_NPS_VNOC_X3Y1,VNOC,credit,0,-1,1
650000,650,0,NOC_NPS_VNOC_X3Y1,VNOC,data_vc,0,5,1
650000,650,1,NOC_NPS_VNOC_X3Y0,VNOC,credit,1,-1,1
650000,650,1,NOC_NPS_VNOC_X3Y0,VNOC,data_vc,1,5,1
651000,651,0,NOC_NPS_VNOC_X3Y1,VNOC,credit,0,-1,1
651000,651,0,NOC_NPS_VNOC_X3Y1,VNOC,data_vc,0,5,1
651000,651,1,NOC_NPS_VNOC_X3Y0,VNOC,credit,1,-1,1
651000,651,1,NOC_NPS_VNOC_X3Y0,VNOC,data_vc,1,5,1
652000,652,0,NOC_NPS_VNOC_X3Y1,VNOC,credit,0,-1,1
652000,652,0,NOC_NPS_VNOC_X3Y1,VNOC,data_vc,0,5,1
652000,652,1,NOC_NPS_VNOC_X3Y0,VNOC,credit,1,-1,1
652000,652,1,NOC_NPS_VNOC_X3Y0,VNOC,data_vc,1,5,1
653000,653,0,NOC_NPS_VNOC_X3Y1,VNOC,credit,0,-1,1
653000,653,0,NOC_NPS_VNOC_X3Y1,VNOC,data_vc,0,5,1
653000,653,1,NOC_NPS_VNOC_X3Y0,VNOC,credit,1,-1,1
653000,653,1,NOC_NPS_VNOC_X3Y0,VNOC,data_vc,1,5,1
654000,654,0,NOC_NPS_VNOC_X3Y1,VNOC,credit,0,-1,1
654000,654,0,NOC_NPS_VNOC_X3Y1,VNOC,data_vc,0,5,1
654000,654,1,NOC_NPS_VNOC_X3Y0,VNOC,credit,1,-1,1
654000,654,1,NOC_NPS_VNOC_X3Y0,VNOC,data_vc,1,5,1
655000,655,0,NOC_NPS_VNOC_X3Y1,VNOC,credit,0,-1,1
655000,655,0,NOC_NPS_VNOC_X3Y1,VNOC,data_vc,0,5,1
655000,655,1,NOC_NPS_VNOC_X3Y0,VNOC,credit,1,-1,1
655000,655,1,NOC_NPS_VNOC_X3Y0,VNOC,data_vc,1,5,1
656000,656,0,NOC_NPS_VNOC_X3Y1,VNOC,credit,0,-1,1
656000,656,0,NOC_NPS_VNOC_X3Y1,VNOC,data_vc,0,5,1
656000,656,1,NOC_NPS_VNOC_X3Y0,VNOC,credit,1,-1,1
656000,656,1,NOC_NPS_VNOC_X3Y0,VNOC,data_vc,1,5,1
657000,657,0,NOC_NPS_VNOC_X3Y1,VNOC,credit,0,-1,1
657000,657,0,NOC_NPS_VNOC_X3Y1,VNOC,data_vc,0,5,1
657000,657,1,NOC_NPS_VNOC_X3Y0,VNOC,credit,1,-1,1
657000,657,1,NOC_NPS_VNOC_X3Y0,VNOC,data_vc,1,5,1
658000,658,0,NOC_NPS_VNOC_X3Y1,VNOC,credit,0,-1,1
658000,658,0,NOC_NPS_VNOC_X3Y1,VNOC,data_vc,0,5,1
658000,658,1,NOC_NPS_VNOC_X3Y0,VNOC,credit,1,-1,1
658000,658,1,NOC_NPS_VNOC_X3Y0,VNOC,data_vc,1,5,1
659000,659,0,NOC_NPS_VNOC_X3Y1,VNOC,credit,0,-1,1
659000,659,0,NOC_NPS_VNOC_X3Y1,VNOC,data_vc,0,5,1
659000,659,1,NOC_NPS_VNOC_X3Y0,VNOC,credit,1,-1,1
659000,659,1,NOC_NPS_VNOC_X3Y0,VNOC,data_vc,1,5,1
660000,660,0,NOC_NPS_VNOC_X3Y1,VNOC,credit,0,-1,1
660000,660,0,NOC_NPS_VNOC_X3Y1,VNOC,data_vc,0,5,1
660000,660,1,NOC_NPS_VNOC_X3Y0,VNOC,credit,1,-1,1
660000,660,1,NOC_NPS_VNOC_X3Y0,VNOC,data_vc,1,5,1
661000,661,0,NOC_NPS_VNOC_X3Y1,VNOC,credit,0,-1,1
661000,661,0,NOC_NPS_VNOC_X3Y1,VNOC,data_vc,0,5,1
661000,661,1,NOC_NPS_VNOC_X3Y0,VNOC,credit,1,-1,1
661000,661,1,NOC_NPS_VNOC_X3Y0,VNOC,data_vc,1,5,1
662000,662,0,NOC_NPS_VNOC_X3Y1,VNOC,credit,0,-1,1
662000,662,0,NOC_NPS_VNOC_X3Y1,VNOC,data_vc,0,5,1
662000,662,1,NOC_NPS_VNOC_X3Y0,VNOC,credit,1,-1,1
662000,662,1,NOC_NPS_VNOC_X3Y0,VNOC,data_vc,1,5,1
663000,663,0,NOC_NPS_VNOC_X3Y1,VNOC,credit,0,-1,1
663000,663,0,NOC_NPS_VNOC_X3Y1,VNOC,data_vc,0,5,1
663000,663,1,NOC_NPS_VNOC_X3Y0,VNOC,credit,1,-1,1
663000,663,1,NOC_NPS_VNOC_X3Y0,VNOC,data_vc,1,5,1
664000,664,0,NOC_NPS_VNOC_X3Y1,VNOC,credit,0,-1,1
664000,664,0,NOC_NPS_VNOC_X3Y1,VNOC,data_vc,0,5,1
664000,664,1,NOC_NPS_VNOC_X3Y0,VNOC,credit,1,-1,1
664000,664,1,NOC_NPS_VNOC_X3Y0,VNOC,data_vc,1,5,1
665000,665,0,NOC_NPS_VNOC_X3Y1,VNOC,credit,0,-1,1
665000,665,0,NOC_NPS_VNOC_X3Y1,VNOC,data_vc,0,5,1
665000,665,1,NOC_NPS_VNOC_X3Y0,VNOC,credit,1,-1,1
665000,665,1,NOC_NPS_VNOC_X3Y0,VNOC,data_vc,1,5,1
666000,666,0,NOC_NPS_VNOC_X3Y1,VNOC,credit,0,-1,1
666000,666,0,NOC_NPS_VNOC_X3Y1,VNOC,data_vc,0,5,1
666000,666,1,NOC_NPS_VNOC_X3Y0,VNOC,credit,1,-1,1
666000,666,1,NOC_NPS_VNOC_X3Y0,VNOC,data_vc,1,5,1
667000,667,0,NOC_NPS_VNOC_X3Y1,VNOC,credit,0,-1,1
667000,667,0,NOC_NPS_VNOC_X3Y1,VNOC,data_vc,0,5,1
667000,667,1,NOC_NPS_VNOC_X3Y0,VNOC,credit,1,-1,1
667000,667,1,NOC_NPS_VNOC_X3Y0,VNOC,data_vc,1,5,1
668000,668,0,NOC_NPS_VNOC_X3Y1,VNOC,credit,0,-1,1
668000,668,0,NOC_NPS_VNOC_X3Y1,VNOC,data_vc,0,5,1
668000,668,1,NOC_NPS_VNOC_X3Y0,VNOC,credit,1,-1,1
668000,668,1,NOC_NPS_VNOC_X3Y0,VNOC,data_vc,1,5,1
669000,669,0,NOC_NPS_VNOC_X3Y1,VNOC,credit,0,-1,1
669000,669,0,NOC_NPS_VNOC_X3Y1,VNOC,data_vc,0,5,1
669000,669,1,NOC_NPS_VNOC_X3Y0,VNOC,credit,1,-1,1
669000,669,1,NOC_NPS_VNOC_X3Y0,VNOC,data_vc,1,5,1
670000,670,0,NOC_NPS_VNOC_X3Y1,VNOC,credit,0,-1,1
670000,670,0,NOC_NPS_VNOC_X3Y1,VNOC,data_vc,0,5,1
670000,670,1,NOC_NPS_VNOC_X3Y0,VNOC,credit,1,-1,1
670000,670,1,NOC_NPS_VNOC_X3Y0,VNOC,data_vc,1,5,1
671000,671,0,NOC_NPS_VNOC_X3Y1,VNOC,credit,0,-1,1
671000,671,0,NOC_NPS_VNOC_X3Y1,VNOC,data_vc,0,5,1
671000,671,1,NOC_NPS_VNOC_X3Y0,VNOC,credit,1,-1,1
671000,671,1,NOC_NPS_VNOC_X3Y0,VNOC,data_vc,1,5,1
672000,672,0,NOC_NPS_VNOC_X3Y1,VNOC,credit,0,-1,1
672000,672,0,NOC_NPS_VNOC_X3Y1,VNOC,data_vc,0,5,1
672000,672,1,NOC_NPS_VNOC_X3Y0,VNOC,credit,1,-1,1
672000,672,1,NOC_NPS_VNOC_X3Y0,VNOC,data_vc,1,5,1
673000,673,0,NOC_NPS_VNOC_X3Y1,VNOC,credit,0,-1,1
673000,673,0,NOC_NPS_VNOC_X3Y1,VNOC,data_vc,0,5,1
673000,673,1,NOC_NPS_VNOC_X3Y0,VNOC,credit,1,-1,1
673000,673,1,NOC_NPS_VNOC_X3Y0,VNOC,data_vc,1,5,1
674000,674,0,NOC_NPS_VNOC_X3Y1,VNOC,credit,0,-1,1
674000,674,0,NOC_NPS_VNOC_X3Y1,VNOC,data_vc,0,5,1
674000,674,1,NOC_NPS_VNOC_X3Y0,VNOC,credit,1,-1,1
674000,674,1,NOC_NPS_VNOC_X3Y0,VNOC,data_vc,1,5,1
675000,675,0,NOC_NPS_VNOC_X3Y1,VNOC,credit,0,-1,1
675000,675,0,NOC_NPS_VNOC_X3Y1,VNOC,data_vc,0,5,1
675000,675,1,NOC_NPS_VNOC_X3Y0,VNOC,credit,1,-1,1
675000,675,1,NOC_NPS_VNOC_X3Y0,VNOC,data_vc,1,5,1
676000,676,0,NOC_NPS_VNOC_X3Y1,VNOC,credit,0,-1,1
676000,676,0,NOC_NPS_VNOC_X3Y1,VNOC,data_vc,0,5,1
676000,676,1,NOC_NPS_VNOC_X3Y0,VNOC,credit,1,-1,1
676000,676,1,NOC_NPS_VNOC_X3Y0,VNOC,data_vc,1,5,1
677000,677,0,NOC_NPS_VNOC_X3Y1,VNOC,credit,0,-1,1
677000,677,0,NOC_NPS_VNOC_X3Y1,VNOC,data_vc,0,5,1
677000,677,1,NOC_NPS_VNOC_X3Y0,VNOC,credit,1,-1,1
677000,677,1,NOC_NPS_VNOC_X3Y0,VNOC,data_vc,1,5,1
678000,678,0,NOC_NPS_VNOC_X3Y1,VNOC,credit,0,-1,1
678000,678,0,NOC_NPS_VNOC_X3Y1,VNOC,data_vc,0,5,1
678000,678,1,NOC_NPS_VNOC_X3Y0,VNOC,credit,1,-1,1
678000,678,1,NOC_NPS_VNOC_X3Y0,VNOC,data_vc,1,5,1
679000,679,0,NOC_NPS_VNOC_X3Y1,VNOC,credit,0,-1,1
679000,679,0,NOC_NPS_VNOC_X3Y1,VNOC,data_vc,0,5,1
679000,679,1,NOC_NPS_VNOC_X3Y0,VNOC,credit,1,-1,1
679000,679,1,NOC_NPS_VNOC_X3Y0,VNOC,data_vc,1,5,1
680000,680,0,NOC_NPS_VNOC_X3Y1,VNOC,credit,0,-1,1
680000,680,0,NOC_NPS_VNOC_X3Y1,VNOC,data_vc,0,5,1
680000,680,1,NOC_NPS_VNOC_X3Y0,VNOC,credit,1,-1,1
680000,680,1,NOC_NPS_VNOC_X3Y0,VNOC,data_vc,1,5,1
681000,681,0,NOC_NPS_VNOC_X3Y1,VNOC,credit,0,-1,1
681000,681,0,NOC_NPS_VNOC_X3Y1,VNOC,data_vc,0,5,1
681000,681,1,NOC_NPS_VNOC_X3Y0,VNOC,credit,1,-1,1
681000,681,1,NOC_NPS_VNOC_X3Y0,VNOC,data_vc,1,5,1
682000,682,0,NOC_NPS_VNOC_X3Y1,VNOC,credit,0,-1,1
682000,682,0,NOC_NPS_VNOC_X3Y1,VNOC,data_vc,0,5,1
682000,682,1,NOC_NPS_VNOC_X3Y0,VNOC,credit,1,-1,1
682000,682,1,NOC_NPS_VNOC_X3Y0,VNOC,data_vc,1,5,1
683000,683,0,NOC_NPS_VNOC_X3Y1,VNOC,credit,0,-1,1
683000,683,0,NOC_NPS_VNOC_X3Y1,VNOC,data_vc,0,5,1
683000,683,1,NOC_NPS_VNOC_X3Y0,VNOC,credit,1,-1,1
683000,683,1,NOC_NPS_VNOC_X3Y0,VNOC,data_vc,1,5,1
684000,684,0,NOC_NPS_VNOC_X3Y1,VNOC,credit,0,-1,1
684000,684,0,NOC_NPS_VNOC_X3Y1,VNOC,data_vc,0,5,1
684000,684,1,NOC_NPS_VNOC_X3Y0,VNOC,credit,1,-1,1
684000,684,1,NOC_NPS_VNOC_X3Y0,VNOC,data_vc,1,5,1
685000,685,0,NOC_NPS_VNOC_X3Y1,VNOC,data_vc,0,5,1
685000,685,1,NOC_NPS_VNOC_X3Y0,VNOC,credit,1,-1,1
685000,685,1,NOC_NPS_VNOC_X3Y0,VNOC,data_vc,1,5,1
686000,686,0,NOC_NPS_VNOC_X3Y1,VNOC,data_vc,0,5,1
686000,686,1,NOC_NPS_VNOC_X3Y0,VNOC,credit,1,-1,1
686000,686,1,NOC_NPS_VNOC_X3Y0,VNOC,data_vc,1,5,1
687000,687,0,NOC_NPS_VNOC_X3Y1,VNOC,credit,0,-1,1
687000,687,0,NOC_NPS_VNOC_X3Y1,VNOC,data_vc,0,5,1
687000,687,1,NOC_NPS_VNOC_X3Y0,VNOC,data_vc,1,5,1
688000,688,0,NOC_NPS_VNOC_X3Y1,VNOC,credit,0,-1,1
688000,688,0,NOC_NPS_VNOC_X3Y1,VNOC,data_vc,0,5,1
688000,688,1,NOC_NPS_VNOC_X3Y0,VNOC,data_vc,1,5,1
689000,689,0,NOC_NPS_VNOC_X3Y1,VNOC,credit,0,-1,1
689000,689,0,NOC_NPS_VNOC_X3Y1,VNOC,data_vc,0,5,1
689000,689,1,NOC_NPS_VNOC_X3Y0,VNOC,credit,1,-1,1
689000,689,1,NOC_NPS_VNOC_X3Y0,VNOC,data_vc,1,5,1
690000,690,0,NOC_NPS_VNOC_X3Y1,VNOC,credit,0,-1,1
690000,690,0,NOC_NPS_VNOC_X3Y1,VNOC,data_vc,0,5,1
690000,690,1,NOC_NPS_VNOC_X3Y0,VNOC,credit,1,-1,1
690000,690,1,NOC_NPS_VNOC_X3Y0,VNOC,data_vc,1,5,1
691000,691,0,NOC_NPS_VNOC_X3Y1,VNOC,credit,0,-1,1
691000,691,0,NOC_NPS_VNOC_X3Y1,VNOC,data_vc,0,5,1
691000,691,1,NOC_NPS_VNOC_X3Y0,VNOC,credit,1,-1,1
691000,691,1,NOC_NPS_VNOC_X3Y0,VNOC,data_vc,1,5,1
692000,692,0,NOC_NPS_VNOC_X3Y1,VNOC,credit,0,-1,1
692000,692,0,NOC_NPS_VNOC_X3Y1,VNOC,data_vc,0,5,1
692000,692,1,NOC_NPS_VNOC_X3Y0,VNOC,credit,1,-1,1
692000,692,1,NOC_NPS_VNOC_X3Y0,VNOC,data_vc,1,5,1
693000,693,0,NOC_NPS_VNOC_X3Y1,VNOC,credit,0,-1,1
693000,693,0,NOC_NPS_VNOC_X3Y1,VNOC,data_vc,0,5,1
693000,693,1,NOC_NPS_VNOC_X3Y0,VNOC,credit,1,-1,1
693000,693,1,NOC_NPS_VNOC_X3Y0,VNOC,data_vc,1,5,1
694000,694,0,NOC_NPS_VNOC_X3Y1,VNOC,credit,0,-1,1
694000,694,0,NOC_NPS_VNOC_X3Y1,VNOC,data_vc,0,5,1
694000,694,1,NOC_NPS_VNOC_X3Y0,VNOC,credit,1,-1,1
694000,694,1,NOC_NPS_VNOC_X3Y0,VNOC,data_vc,1,5,1
695000,695,0,NOC_NPS_VNOC_X3Y1,VNOC,credit,0,-1,1
695000,695,0,NOC_NPS_VNOC_X3Y1,VNOC,data_vc,0,5,1
695000,695,1,NOC_NPS_VNOC_X3Y0,VNOC,credit,1,-1,1
695000,695,1,NOC_NPS_VNOC_X3Y0,VNOC,data_vc,1,5,1
696000,696,0,NOC_NPS_VNOC_X3Y1,VNOC,credit,0,-1,1
696000,696,0,NOC_NPS_VNOC_X3Y1,VNOC,data_vc,0,5,1
696000,696,1,NOC_NPS_VNOC_X3Y0,VNOC,credit,1,-1,1
696000,696,1,NOC_NPS_VNOC_X3Y0,VNOC,data_vc,1,5,1
697000,697,0,NOC_NPS_VNOC_X3Y1,VNOC,credit,0,-1,1
697000,697,0,NOC_NPS_VNOC_X3Y1,VNOC,data_vc,0,5,1
697000,697,1,NOC_NPS_VNOC_X3Y0,VNOC,credit,1,-1,1
697000,697,1,NOC_NPS_VNOC_X3Y0,VNOC,data_vc,1,5,1
698000,698,0,NOC_NPS_VNOC_X3Y1,VNOC,credit,0,-1,1
698000,698,0,NOC_NPS_VNOC_X3Y1,VNOC,data_vc,0,5,1
698000,698,1,NOC_NPS_VNOC_X3Y0,VNOC,credit,1,-1,1
698000,698,1,NOC_NPS_VNOC_X3Y0,VNOC,data_vc,1,5,1
699000,699,0,NOC_NPS_VNOC_X3Y1,VNOC,credit,0,-1,1
699000,699,0,NOC_NPS_VNOC_X3Y1,VNOC,data_vc,0,5,1
699000,699,1,NOC_NPS_VNOC_X3Y0,VNOC,credit,1,-1,1
699000,699,1,NOC_NPS_VNOC_X3Y0,VNOC,data_vc,1,5,1
700000,700,0,NOC_NPS_VNOC_X3Y1,VNOC,credit,0,-1,1
700000,700,0,NOC_NPS_VNOC_X3Y1,VNOC,data_vc,0,5,1
700000,700,1,NOC_NPS_VNOC_X3Y0,VNOC,credit,1,-1,1
700000,700,1,NOC_NPS_VNOC_X3Y0,VNOC,data_vc,1,5,1
701000,701,0,NOC_NPS_VNOC_X3Y1,VNOC,credit,0,-1,1
701000,701,0,NOC_NPS_VNOC_X3Y1,VNOC,data_vc,0,5,1
701000,701,1,NOC_NPS_VNOC_X3Y0,VNOC,credit,1,-1,1
701000,701,1,NOC_NPS_VNOC_X3Y0,VNOC,data_vc,1,5,1
702000,702,0,NOC_NPS_VNOC_X3Y1,VNOC,credit,0,-1,1
702000,702,0,NOC_NPS_VNOC_X3Y1,VNOC,data_vc,0,5,1
702000,702,1,NOC_NPS_VNOC_X3Y0,VNOC,credit,1,-1,1
702000,702,1,NOC_NPS_VNOC_X3Y0,VNOC,data_vc,1,5,1
703000,703,0,NOC_NPS_VNOC_X3Y1,VNOC,credit,0,-1,1
703000,703,0,NOC_NPS_VNOC_X3Y1,VNOC,data_vc,0,5,1
703000,703,1,NOC_NPS_VNOC_X3Y0,VNOC,credit,1,-1,1
703000,703,1,NOC_NPS_VNOC_X3Y0,VNOC,data_vc,1,5,1
704000,704,0,NOC_NPS_VNOC_X3Y1,VNOC,credit,0,-1,1
704000,704,0,NOC_NPS_VNOC_X3Y1,VNOC,data_vc,0,5,1
704000,704,1,NOC_NPS_VNOC_X3Y0,VNOC,credit,1,-1,1
704000,704,1,NOC_NPS_VNOC_X3Y0,VNOC,data_vc,1,5,1
705000,705,0,NOC_NPS_VNOC_X3Y1,VNOC,credit,0,-1,1
705000,705,0,NOC_NPS_VNOC_X3Y1,VNOC,data_vc,0,5,1
705000,705,1,NOC_NPS_VNOC_X3Y0,VNOC,credit,1,-1,1
705000,705,1,NOC_NPS_VNOC_X3Y0,VNOC,data_vc,1,5,1
706000,706,0,NOC_NPS_VNOC_X3Y1,VNOC,credit,0,-1,1
706000,706,0,NOC_NPS_VNOC_X3Y1,VNOC,data_vc,0,5,1
706000,706,1,NOC_NPS_VNOC_X3Y0,VNOC,credit,1,-1,1
706000,706,1,NOC_NPS_VNOC_X3Y0,VNOC,data_vc,1,5,1
707000,707,0,NOC_NPS_VNOC_X3Y1,VNOC,credit,0,-1,1
707000,707,0,NOC_NPS_VNOC_X3Y1,VNOC,data_vc,0,5,1
707000,707,1,NOC_NPS_VNOC_X3Y0,VNOC,credit,1,-1,1
707000,707,1,NOC_NPS_VNOC_X3Y0,VNOC,data_vc,1,5,1
708000,708,0,NOC_NPS_VNOC_X3Y1,VNOC,credit,0,-1,1
708000,708,0,NOC_NPS_VNOC_X3Y1,VNOC,data_vc,0,5,1
708000,708,1,NOC_NPS_VNOC_X3Y0,VNOC,credit,1,-1,1
708000,708,1,NOC_NPS_VNOC_X3Y0,VNOC,data_vc,1,5,1
709000,709,0,NOC_NPS_VNOC_X3Y1,VNOC,credit,0,-1,1
709000,709,0,NOC_NPS_VNOC_X3Y1,VNOC,data_vc,0,5,1
709000,709,1,NOC_NPS_VNOC_X3Y0,VNOC,credit,1,-1,1
709000,709,1,NOC_NPS_VNOC_X3Y0,VNOC,data_vc,1,5,1
710000,710,0,NOC_NPS_VNOC_X3Y1,VNOC,credit,0,-1,1
710000,710,0,NOC_NPS_VNOC_X3Y1,VNOC,data_vc,0,5,1
710000,710,1,NOC_NPS_VNOC_X3Y0,VNOC,credit,1,-1,1
710000,710,1,NOC_NPS_VNOC_X3Y0,VNOC,data_vc,1,5,1
711000,711,0,NOC_NPS_VNOC_X3Y1,VNOC,credit,0,-1,1
711000,711,0,NOC_NPS_VNOC_X3Y1,VNOC,data_vc,0,5,1
711000,711,1,NOC_NPS_VNOC_X3Y0,VNOC,credit,1,-1,1
711000,711,1,NOC_NPS_VNOC_X3Y0,VNOC,data_vc,1,5,1
712000,712,0,NOC_NPS_VNOC_X3Y1,VNOC,credit,0,-1,1
712000,712,0,NOC_NPS_VNOC_X3Y1,VNOC,data_vc,0,5,1
712000,712,1,NOC_NPS_VNOC_X3Y0,VNOC,credit,1,-1,1
712000,712,1,NOC_NPS_VNOC_X3Y0,VNOC,data_vc,1,5,1
713000,713,0,NOC_NPS_VNOC_X3Y1,VNOC,credit,0,-1,1
713000,713,0,NOC_NPS_VNOC_X3Y1,VNOC,data_vc,0,5,1
713000,713,1,NOC_NPS_VNOC_X3Y0,VNOC,credit,1,-1,1
713000,713,1,NOC_NPS_VNOC_X3Y0,VNOC,data_vc,1,5,1
714000,714,0,NOC_NPS_VNOC_X3Y1,VNOC,credit,0,-1,1
714000,714,0,NOC_NPS_VNOC_X3Y1,VNOC,data_vc,0,5,1
714000,714,1,NOC_NPS_VNOC_X3Y0,VNOC,credit,1,-1,1
714000,714,1,NOC_NPS_VNOC_X3Y0,VNOC,data_vc,1,5,1
715000,715,0,NOC_NPS_VNOC_X3Y1,VNOC,credit,0,-1,1
715000,715,0,NOC_NPS_VNOC_X3Y1,VNOC,data_vc,0,5,1
715000,715,1,NOC_NPS_VNOC_X3Y0,VNOC,credit,1,-1,1
715000,715,1,NOC_NPS_VNOC_X3Y0,VNOC,data_vc,1,5,1
716000,716,0,NOC_NPS_VNOC_X3Y1,VNOC,credit,0,-1,1
716000,716,0,NOC_NPS_VNOC_X3Y1,VNOC,data_vc,0,5,1
716000,716,1,NOC_NPS_VNOC_X3Y0,VNOC,credit,1,-1,1
716000,716,1,NOC_NPS_VNOC_X3Y0,VNOC,data_vc,1,5,1
717000,717,0,NOC_NPS_VNOC_X3Y1,VNOC,credit,0,-1,1
717000,717,0,NOC_NPS_VNOC_X3Y1,VNOC,data_vc,0,5,1
717000,717,1,NOC_NPS_VNOC_X3Y0,VNOC,credit,1,-1,1
717000,717,1,NOC_NPS_VNOC_X3Y0,VNOC,data_vc,1,5,1
718000,718,0,NOC_NPS_VNOC_X3Y1,VNOC,credit,0,-1,1
718000,718,0,NOC_NPS_VNOC_X3Y1,VNOC,data_vc,0,5,1
718000,718,1,NOC_NPS_VNOC_X3Y0,VNOC,credit,1,-1,1
718000,718,1,NOC_NPS_VNOC_X3Y0,VNOC,data_vc,1,5,1
719000,719,0,NOC_NPS_VNOC_X3Y1,VNOC,credit,0,-1,1
719000,719,0,NOC_NPS_VNOC_X3Y1,VNOC,data_vc,0,5,1
719000,719,1,NOC_NPS_VNOC_X3Y0,VNOC,credit,1,-1,1
719000,719,1,NOC_NPS_VNOC_X3Y0,VNOC,data_vc,1,5,1
720000,720,0,NOC_NPS_VNOC_X3Y1,VNOC,credit,0,-1,1
720000,720,0,NOC_NPS_VNOC_X3Y1,VNOC,data_vc,0,5,1
720000,720,1,NOC_NPS_VNOC_X3Y0,VNOC,credit,1,-1,1
720000,720,1,NOC_NPS_VNOC_X3Y0,VNOC,data_vc,1,5,1
721000,721,0,NOC_NPS_VNOC_X3Y1,VNOC,credit,0,-1,1
721000,721,0,NOC_NPS_VNOC_X3Y1,VNOC,data_vc,0,5,1
721000,721,1,NOC_NPS_VNOC_X3Y0,VNOC,credit,1,-1,1
721000,721,1,NOC_NPS_VNOC_X3Y0,VNOC,data_vc,1,5,1
722000,722,0,NOC_NPS_VNOC_X3Y1,VNOC,credit,0,-1,1
722000,722,0,NOC_NPS_VNOC_X3Y1,VNOC,data_vc,0,5,1
722000,722,1,NOC_NPS_VNOC_X3Y0,VNOC,credit,1,-1,1
722000,722,1,NOC_NPS_VNOC_X3Y0,VNOC,data_vc,1,5,1
723000,723,0,NOC_NPS_VNOC_X3Y1,VNOC,credit,0,-1,1
723000,723,0,NOC_NPS_VNOC_X3Y1,VNOC,data_vc,0,5,1
723000,723,1,NOC_NPS_VNOC_X3Y0,VNOC,credit,1,-1,1
723000,723,1,NOC_NPS_VNOC_X3Y0,VNOC,data_vc,1,5,1
724000,724,0,NOC_NPS_VNOC_X3Y1,VNOC,credit,0,-1,1
724000,724,0,NOC_NPS_VNOC_X3Y1,VNOC,data_vc,0,5,1
724000,724,1,NOC_NPS_VNOC_X3Y0,VNOC,credit,1,-1,1
724000,724,1,NOC_NPS_VNOC_X3Y0,VNOC,data_vc,1,5,1
725000,725,0,NOC_NPS_VNOC_X3Y1,VNOC,credit,0,-1,1
725000,725,0,NOC_NPS_VNOC_X3Y1,VNOC,data_vc,0,5,1
725000,725,1,NOC_NPS_VNOC_X3Y0,VNOC,credit,1,-1,1
725000,725,1,NOC_NPS_VNOC_X3Y0,VNOC,data_vc,1,5,1
726000,726,0,NOC_NPS_VNOC_X3Y1,VNOC,credit,0,-1,1
726000,726,0,NOC_NPS_VNOC_X3Y1,VNOC,data_vc,0,5,1
726000,726,1,NOC_NPS_VNOC_X3Y0,VNOC,credit,1,-1,1
726000,726,1,NOC_NPS_VNOC_X3Y0,VNOC,data_vc,1,5,1
727000,727,0,NOC_NPS_VNOC_X3Y1,VNOC,credit,0,-1,1
727000,727,0,NOC_NPS_VNOC_X3Y1,VNOC,data_vc,0,5,1
727000,727,1,NOC_NPS_VNOC_X3Y0,VNOC,credit,1,-1,1
727000,727,1,NOC_NPS_VNOC_X3Y0,VNOC,data_vc,1,5,1
728000,728,0,NOC_NPS_VNOC_X3Y1,VNOC,credit,0,-1,1
728000,728,0,NOC_NPS_VNOC_X3Y1,VNOC,data_vc,0,5,1
728000,728,1,NOC_NPS_VNOC_X3Y0,VNOC,credit,1,-1,1
728000,728,1,NOC_NPS_VNOC_X3Y0,VNOC,data_vc,1,5,1
729000,729,0,NOC_NPS_VNOC_X3Y1,VNOC,credit,0,-1,1
729000,729,0,NOC_NPS_VNOC_X3Y1,VNOC,data_vc,0,5,1
729000,729,1,NOC_NPS_VNOC_X3Y0,VNOC,credit,1,-1,1
729000,729,1,NOC_NPS_VNOC_X3Y0,VNOC,data_vc,1,5,1
730000,730,0,NOC_NPS_VNOC_X3Y1,VNOC,credit,0,-1,1
730000,730,0,NOC_NPS_VNOC_X3Y1,VNOC,data_vc,0,5,1
730000,730,1,NOC_NPS_VNOC_X3Y0,VNOC,credit,1,-1,1
730000,730,1,NOC_NPS_VNOC_X3Y0,VNOC,data_vc,1,5,1
731000,731,0,NOC_NPS_VNOC_X3Y1,VNOC,credit,0,-1,1
731000,731,0,NOC_NPS_VNOC_X3Y1,VNOC,data_vc,0,5,1
731000,731,1,NOC_NPS_VNOC_X3Y0,VNOC,credit,1,-1,1
731000,731,1,NOC_NPS_VNOC_X3Y0,VNOC,data_vc,1,5,1
732000,732,0,NOC_NPS_VNOC_X3Y1,VNOC,credit,0,-1,1
732000,732,0,NOC_NPS_VNOC_X3Y1,VNOC,data_vc,0,5,1
732000,732,1,NOC_NPS_VNOC_X3Y0,VNOC,credit,1,-1,1
732000,732,1,NOC_NPS_VNOC_X3Y0,VNOC,data_vc,1,5,1
733000,733,0,NOC_NPS_VNOC_X3Y1,VNOC,credit,0,-1,1
733000,733,0,NOC_NPS_VNOC_X3Y1,VNOC,data_vc,0,5,1
733000,733,1,NOC_NPS_VNOC_X3Y0,VNOC,credit,1,-1,1
733000,733,1,NOC_NPS_VNOC_X3Y0,VNOC,data_vc,1,5,1
734000,734,0,NOC_NPS_VNOC_X3Y1,VNOC,credit,0,-1,1
734000,734,0,NOC_NPS_VNOC_X3Y1,VNOC,data_vc,0,5,1
734000,734,1,NOC_NPS_VNOC_X3Y0,VNOC,credit,1,-1,1
734000,734,1,NOC_NPS_VNOC_X3Y0,VNOC,data_vc,1,5,1
735000,735,0,NOC_NPS_VNOC_X3Y1,VNOC,credit,0,-1,1
735000,735,0,NOC_NPS_VNOC_X3Y1,VNOC,data_vc,0,5,1
735000,735,1,NOC_NPS_VNOC_X3Y0,VNOC,credit,1,-1,1
735000,735,1,NOC_NPS_VNOC_X3Y0,VNOC,data_vc,1,5,1
736000,736,0,NOC_NPS_VNOC_X3Y1,VNOC,credit,0,-1,1
736000,736,0,NOC_NPS_VNOC_X3Y1,VNOC,data_vc,0,5,1
736000,736,1,NOC_NPS_VNOC_X3Y0,VNOC,credit,1,-1,1
736000,736,1,NOC_NPS_VNOC_X3Y0,VNOC,data_vc,1,5,1
737000,737,0,NOC_NPS_VNOC_X3Y1,VNOC,credit,0,-1,1
737000,737,0,NOC_NPS_VNOC_X3Y1,VNOC,data_vc,0,5,1
737000,737,1,NOC_NPS_VNOC_X3Y0,VNOC,credit,1,-1,1
737000,737,1,NOC_NPS_VNOC_X3Y0,VNOC,data_vc,1,5,1
738000,738,0,NOC_NPS_VNOC_X3Y1,VNOC,credit,0,-1,1
738000,738,0,NOC_NPS_VNOC_X3Y1,VNOC,data_vc,0,5,1
738000,738,1,NOC_NPS_VNOC_X3Y0,VNOC,credit,1,-1,1
738000,738,1,NOC_NPS_VNOC_X3Y0,VNOC,data_vc,1,5,1
739000,739,0,NOC_NPS_VNOC_X3Y1,VNOC,credit,0,-1,1
739000,739,0,NOC_NPS_VNOC_X3Y1,VNOC,data_vc,0,5,1
739000,739,1,NOC_NPS_VNOC_X3Y0,VNOC,credit,1,-1,1
739000,739,1,NOC_NPS_VNOC_X3Y0,VNOC,data_vc,1,5,1
740000,740,0,NOC_NPS_VNOC_X3Y1,VNOC,credit,0,-1,1
740000,740,0,NOC_NPS_VNOC_X3Y1,VNOC,data_vc,0,5,1
740000,740,1,NOC_NPS_VNOC_X3Y0,VNOC,credit,1,-1,1
740000,740,1,NOC_NPS_VNOC_X3Y0,VNOC,data_vc,1,5,1
741000,741,0,NOC_NPS_VNOC_X3Y1,VNOC,credit,0,-1,1
741000,741,0,NOC_NPS_VNOC_X3Y1,VNOC,data_vc,0,5,1
741000,741,1,NOC_NPS_VNOC_X3Y0,VNOC,credit,1,-1,1
741000,741,1,NOC_NPS_VNOC_X3Y0,VNOC,data_vc,1,5,1
742000,742,0,NOC_NPS_VNOC_X3Y1,VNOC,credit,0,-1,1
742000,742,0,NOC_NPS_VNOC_X3Y1,VNOC,data_vc,0,5,1
742000,742,1,NOC_NPS_VNOC_X3Y0,VNOC,credit,1,-1,1
742000,742,1,NOC_NPS_VNOC_X3Y0,VNOC,data_vc,1,5,1
743000,743,0,NOC_NPS_VNOC_X3Y1,VNOC,credit,0,-1,1
743000,743,0,NOC_NPS_VNOC_X3Y1,VNOC,data_vc,0,5,1
743000,743,1,NOC_NPS_VNOC_X3Y0,VNOC,credit,1,-1,1
743000,743,1,NOC_NPS_VNOC_X3Y0,VNOC,data_vc,1,5,1
744000,744,0,NOC_NPS_VNOC_X3Y1,VNOC,credit,0,-1,1
744000,744,0,NOC_NPS_VNOC_X3Y1,VNOC,data_vc,0,5,1
744000,744,1,NOC_NPS_VNOC_X3Y0,VNOC,credit,1,-1,1
744000,744,1,NOC_NPS_VNOC_X3Y0,VNOC,data_vc,1,5,1
745000,745,0,NOC_NPS_VNOC_X3Y1,VNOC,credit,0,-1,1
745000,745,0,NOC_NPS_VNOC_X3Y1,VNOC,data_vc,0,5,1
745000,745,1,NOC_NPS_VNOC_X3Y0,VNOC,credit,1,-1,1
745000,745,1,NOC_NPS_VNOC_X3Y0,VNOC,data_vc,1,5,1
746000,746,0,NOC_NPS_VNOC_X3Y1,VNOC,credit,0,-1,1
746000,746,0,NOC_NPS_VNOC_X3Y1,VNOC,data_vc,0,5,1
746000,746,1,NOC_NPS_VNOC_X3Y0,VNOC,credit,1,-1,1
746000,746,1,NOC_NPS_VNOC_X3Y0,VNOC,data_vc,1,5,1
747000,747,0,NOC_NPS_VNOC_X3Y1,VNOC,credit,0,-1,1
747000,747,0,NOC_NPS_VNOC_X3Y1,VNOC,data_vc,0,5,1
747000,747,1,NOC_NPS_VNOC_X3Y0,VNOC,credit,1,-1,1
747000,747,1,NOC_NPS_VNOC_X3Y0,VNOC,data_vc,1,5,1
748000,748,0,NOC_NPS_VNOC_X3Y1,VNOC,credit,0,-1,1
748000,748,0,NOC_NPS_VNOC_X3Y1,VNOC,data_vc,0,5,1
748000,748,1,NOC_NPS_VNOC_X3Y0,VNOC,credit,1,-1,1
748000,748,1,NOC_NPS_VNOC_X3Y0,VNOC,data_vc,1,5,1
749000,749,0,NOC_NPS_VNOC_X3Y1,VNOC,credit,0,-1,1
749000,749,0,NOC_NPS_VNOC_X3Y1,VNOC,data_vc,0,5,1
749000,749,1,NOC_NPS_VNOC_X3Y0,VNOC,credit,1,-1,1
749000,749,1,NOC_NPS_VNOC_X3Y0,VNOC,data_vc,1,5,1
750000,750,0,NOC_NPS_VNOC_X3Y1,VNOC,credit,0,-1,1
750000,750,0,NOC_NPS_VNOC_X3Y1,VNOC,data_vc,0,5,1
750000,750,1,NOC_NPS_VNOC_X3Y0,VNOC,credit,1,-1,1
750000,750,1,NOC_NPS_VNOC_X3Y0,VNOC,data_vc,1,5,1
751000,751,0,NOC_NPS_VNOC_X3Y1,VNOC,credit,0,-1,1
751000,751,0,NOC_NPS_VNOC_X3Y1,VNOC,data_vc,0,5,1
751000,751,1,NOC_NPS_VNOC_X3Y0,VNOC,credit,1,-1,1
751000,751,1,NOC_NPS_VNOC_X3Y0,VNOC,data_vc,1,5,1
752000,752,0,NOC_NPS_VNOC_X3Y1,VNOC,credit,0,-1,1
752000,752,0,NOC_NPS_VNOC_X3Y1,VNOC,data_vc,0,5,1
752000,752,1,NOC_NPS_VNOC_X3Y0,VNOC,credit,1,-1,1
752000,752,1,NOC_NPS_VNOC_X3Y0,VNOC,data_vc,1,5,1
753000,753,0,NOC_NPS_VNOC_X3Y1,VNOC,credit,0,-1,1
753000,753,0,NOC_NPS_VNOC_X3Y1,VNOC,data_vc,0,5,1
753000,753,1,NOC_NPS_VNOC_X3Y0,VNOC,credit,1,-1,1
753000,753,1,NOC_NPS_VNOC_X3Y0,VNOC,data_vc,1,5,1
754000,754,0,NOC_NPS_VNOC_X3Y1,VNOC,credit,0,-1,1
754000,754,0,NOC_NPS_VNOC_X3Y1,VNOC,data_vc,0,5,1
754000,754,1,NOC_NPS_VNOC_X3Y0,VNOC,credit,1,-1,1
754000,754,1,NOC_NPS_VNOC_X3Y0,VNOC,data_vc,1,5,1
755000,755,0,NOC_NPS_VNOC_X3Y1,VNOC,credit,0,-1,1
755000,755,0,NOC_NPS_VNOC_X3Y1,VNOC,data_vc,0,5,1
755000,755,1,NOC_NPS_VNOC_X3Y0,VNOC,credit,1,-1,1
755000,755,1,NOC_NPS_VNOC_X3Y0,VNOC,data_vc,1,5,1
756000,756,0,NOC_NPS_VNOC_X3Y1,VNOC,credit,0,-1,1
756000,756,0,NOC_NPS_VNOC_X3Y1,VNOC,data_vc,0,5,1
756000,756,1,NOC_NPS_VNOC_X3Y0,VNOC,credit,1,-1,1
756000,756,1,NOC_NPS_VNOC_X3Y0,VNOC,data_vc,1,5,1
757000,757,0,NOC_NPS_VNOC_X3Y1,VNOC,data_vc,0,5,1
757000,757,1,NOC_NPS_VNOC_X3Y0,VNOC,credit,1,-1,1
757000,757,1,NOC_NPS_VNOC_X3Y0,VNOC,data_vc,1,5,1
758000,758,0,NOC_NPS_VNOC_X3Y1,VNOC,data_vc,0,5,1
758000,758,1,NOC_NPS_VNOC_X3Y0,VNOC,credit,1,-1,1
758000,758,1,NOC_NPS_VNOC_X3Y0,VNOC,data_vc,1,5,1
759000,759,0,NOC_NPS_VNOC_X3Y1,VNOC,credit,0,-1,1
759000,759,0,NOC_NPS_VNOC_X3Y1,VNOC,data_vc,0,5,1
759000,759,1,NOC_NPS_VNOC_X3Y0,VNOC,data_vc,1,5,1
760000,760,0,NOC_NPS_VNOC_X3Y1,VNOC,credit,0,-1,1
760000,760,0,NOC_NPS_VNOC_X3Y1,VNOC,data_vc,0,5,1
760000,760,1,NOC_NPS_VNOC_X3Y0,VNOC,data_vc,1,5,1
761000,761,0,NOC_NPS_VNOC_X3Y1,VNOC,credit,0,-1,1
761000,761,0,NOC_NPS_VNOC_X3Y1,VNOC,data_vc,0,5,1
761000,761,1,NOC_NPS_VNOC_X3Y0,VNOC,credit,1,-1,1
761000,761,1,NOC_NPS_VNOC_X3Y0,VNOC,data_vc,1,5,1
762000,762,0,NOC_NPS_VNOC_X3Y1,VNOC,credit,0,-1,1
762000,762,0,NOC_NPS_VNOC_X3Y1,VNOC,data_vc,0,5,1
762000,762,1,NOC_NPS_VNOC_X3Y0,VNOC,credit,1,-1,1
762000,762,1,NOC_NPS_VNOC_X3Y0,VNOC,data_vc,1,5,1
763000,763,0,NOC_NPS_VNOC_X3Y1,VNOC,credit,0,-1,1
763000,763,0,NOC_NPS_VNOC_X3Y1,VNOC,data_vc,0,5,1
763000,763,1,NOC_NPS_VNOC_X3Y0,VNOC,credit,1,-1,1
763000,763,1,NOC_NPS_VNOC_X3Y0,VNOC,data_vc,1,5,1
764000,764,0,NOC_NPS_VNOC_X3Y1,VNOC,credit,0,-1,1
764000,764,0,NOC_NPS_VNOC_X3Y1,VNOC,data_vc,0,5,1
764000,764,1,NOC_NPS_VNOC_X3Y0,VNOC,credit,1,-1,1
764000,764,1,NOC_NPS_VNOC_X3Y0,VNOC,data_vc,1,5,1
765000,765,0,NOC_NPS_VNOC_X3Y1,VNOC,credit,0,-1,1
765000,765,0,NOC_NPS_VNOC_X3Y1,VNOC,data_vc,0,5,1
765000,765,1,NOC_NPS_VNOC_X3Y0,VNOC,credit,1,-1,1
765000,765,1,NOC_NPS_VNOC_X3Y0,VNOC,data_vc,1,5,1
766000,766,0,NOC_NPS_VNOC_X3Y1,VNOC,credit,0,-1,1
766000,766,0,NOC_NPS_VNOC_X3Y1,VNOC,data_vc,0,5,1
766000,766,1,NOC_NPS_VNOC_X3Y0,VNOC,credit,1,-1,1
766000,766,1,NOC_NPS_VNOC_X3Y0,VNOC,data_vc,1,5,1
767000,767,0,NOC_NPS_VNOC_X3Y1,VNOC,credit,0,-1,1
767000,767,0,NOC_NPS_VNOC_X3Y1,VNOC,data_vc,0,5,1
767000,767,1,NOC_NPS_VNOC_X3Y0,VNOC,credit,1,-1,1
767000,767,1,NOC_NPS_VNOC_X3Y0,VNOC,data_vc,1,5,1
768000,768,0,NOC_NPS_VNOC_X3Y1,VNOC,credit,0,-1,1
768000,768,0,NOC_NPS_VNOC_X3Y1,VNOC,data_vc,0,5,1
768000,768,1,NOC_NPS_VNOC_X3Y0,VNOC,credit,1,-1,1
768000,768,1,NOC_NPS_VNOC_X3Y0,VNOC,data_vc,1,5,1
769000,769,0,NOC_NPS_VNOC_X3Y1,VNOC,credit,0,-1,1
769000,769,0,NOC_NPS_VNOC_X3Y1,VNOC,data_vc,0,5,1
769000,769,1,NOC_NPS_VNOC_X3Y0,VNOC,credit,1,-1,1
769000,769,1,NOC_NPS_VNOC_X3Y0,VNOC,data_vc,1,5,1
770000,770,0,NOC_NPS_VNOC_X3Y1,VNOC,credit,0,-1,1
770000,770,0,NOC_NPS_VNOC_X3Y1,VNOC,data_vc,0,5,1
770000,770,1,NOC_NPS_VNOC_X3Y0,VNOC,credit,1,-1,1
770000,770,1,NOC_NPS_VNOC_X3Y0,VNOC,data_vc,1,5,1
771000,771,0,NOC_NPS_VNOC_X3Y1,VNOC,credit,0,-1,1
771000,771,0,NOC_NPS_VNOC_X3Y1,VNOC,data_vc,0,5,1
771000,771,1,NOC_NPS_VNOC_X3Y0,VNOC,credit,1,-1,1
771000,771,1,NOC_NPS_VNOC_X3Y0,VNOC,data_vc,1,5,1
772000,772,0,NOC_NPS_VNOC_X3Y1,VNOC,credit,0,-1,1
772000,772,0,NOC_NPS_VNOC_X3Y1,VNOC,data_vc,0,5,1
772000,772,1,NOC_NPS_VNOC_X3Y0,VNOC,credit,1,-1,1
772000,772,1,NOC_NPS_VNOC_X3Y0,VNOC,data_vc,1,5,1
773000,773,0,NOC_NPS_VNOC_X3Y1,VNOC,credit,0,-1,1
773000,773,0,NOC_NPS_VNOC_X3Y1,VNOC,data_vc,0,5,1
773000,773,1,NOC_NPS_VNOC_X3Y0,VNOC,credit,1,-1,1
773000,773,1,NOC_NPS_VNOC_X3Y0,VNOC,data_vc,1,5,1
774000,774,0,NOC_NPS_VNOC_X3Y1,VNOC,credit,0,-1,1
774000,774,0,NOC_NPS_VNOC_X3Y1,VNOC,data_vc,0,5,1
774000,774,1,NOC_NPS_VNOC_X3Y0,VNOC,credit,1,-1,1
774000,774,1,NOC_NPS_VNOC_X3Y0,VNOC,data_vc,1,5,1
775000,775,0,NOC_NPS_VNOC_X3Y1,VNOC,credit,0,-1,1
775000,775,0,NOC_NPS_VNOC_X3Y1,VNOC,data_vc,0,5,1
775000,775,1,NOC_NPS_VNOC_X3Y0,VNOC,credit,1,-1,1
775000,775,1,NOC_NPS_VNOC_X3Y0,VNOC,data_vc,1,5,1
776000,776,0,NOC_NPS_VNOC_X3Y1,VNOC,credit,0,-1,1
776000,776,0,NOC_NPS_VNOC_X3Y1,VNOC,data_vc,0,5,1
776000,776,1,NOC_NPS_VNOC_X3Y0,VNOC,credit,1,-1,1
776000,776,1,NOC_NPS_VNOC_X3Y0,VNOC,data_vc,1,5,1
777000,777,0,NOC_NPS_VNOC_X3Y1,VNOC,credit,0,-1,1
777000,777,0,NOC_NPS_VNOC_X3Y1,VNOC,data_vc,0,5,1
777000,777,1,NOC_NPS_VNOC_X3Y0,VNOC,credit,1,-1,1
777000,777,1,NOC_NPS_VNOC_X3Y0,VNOC,data_vc,1,5,1
778000,778,0,NOC_NPS_VNOC_X3Y1,VNOC,credit,0,-1,1
778000,778,0,NOC_NPS_VNOC_X3Y1,VNOC,data_vc,0,5,1
778000,778,1,NOC_NPS_VNOC_X3Y0,VNOC,credit,1,-1,1
778000,778,1,NOC_NPS_VNOC_X3Y0,VNOC,data_vc,1,5,1
779000,779,0,NOC_NPS_VNOC_X3Y1,VNOC,credit,0,-1,1
779000,779,0,NOC_NPS_VNOC_X3Y1,VNOC,data_vc,0,5,1
779000,779,1,NOC_NPS_VNOC_X3Y0,VNOC,credit,1,-1,1
779000,779,1,NOC_NPS_VNOC_X3Y0,VNOC,data_vc,1,5,1
780000,780,0,NOC_NPS_VNOC_X3Y1,VNOC,credit,0,-1,1
780000,780,0,NOC_NPS_VNOC_X3Y1,VNOC,data_vc,0,5,1
780000,780,1,NOC_NPS_VNOC_X3Y0,VNOC,credit,1,-1,1
780000,780,1,NOC_NPS_VNOC_X3Y0,VNOC,data_vc,1,5,1
781000,781,0,NOC_NPS_VNOC_X3Y1,VNOC,credit,0,-1,1
781000,781,0,NOC_NPS_VNOC_X3Y1,VNOC,data_vc,0,5,1
781000,781,1,NOC_NPS_VNOC_X3Y0,VNOC,credit,1,-1,1
781000,781,1,NOC_NPS_VNOC_X3Y0,VNOC,data_vc,1,5,1
782000,782,0,NOC_NPS_VNOC_X3Y1,VNOC,credit,0,-1,1
782000,782,0,NOC_NPS_VNOC_X3Y1,VNOC,data_vc,0,5,1
782000,782,1,NOC_NPS_VNOC_X3Y0,VNOC,credit,1,-1,1
782000,782,1,NOC_NPS_VNOC_X3Y0,VNOC,data_vc,1,5,1
783000,783,0,NOC_NPS_VNOC_X3Y1,VNOC,credit,0,-1,1
783000,783,0,NOC_NPS_VNOC_X3Y1,VNOC,data_vc,0,5,1
783000,783,1,NOC_NPS_VNOC_X3Y0,VNOC,credit,1,-1,1
783000,783,1,NOC_NPS_VNOC_X3Y0,VNOC,data_vc,1,5,1
784000,784,0,NOC_NPS_VNOC_X3Y1,VNOC,credit,0,-1,1
784000,784,0,NOC_NPS_VNOC_X3Y1,VNOC,data_vc,0,5,1
784000,784,1,NOC_NPS_VNOC_X3Y0,VNOC,credit,1,-1,1
784000,784,1,NOC_NPS_VNOC_X3Y0,VNOC,data_vc,1,5,1
785000,785,0,NOC_NPS_VNOC_X3Y1,VNOC,credit,0,-1,1
785000,785,0,NOC_NPS_VNOC_X3Y1,VNOC,data_vc,0,5,1
785000,785,1,NOC_NPS_VNOC_X3Y0,VNOC,credit,1,-1,1
785000,785,1,NOC_NPS_VNOC_X3Y0,VNOC,data_vc,1,5,1
786000,786,0,NOC_NPS_VNOC_X3Y1,VNOC,credit,0,-1,1
786000,786,0,NOC_NPS_VNOC_X3Y1,VNOC,data_vc,0,5,1
786000,786,1,NOC_NPS_VNOC_X3Y0,VNOC,credit,1,-1,1
786000,786,1,NOC_NPS_VNOC_X3Y0,VNOC,data_vc,1,5,1
787000,787,0,NOC_NPS_VNOC_X3Y1,VNOC,credit,0,-1,1
787000,787,0,NOC_NPS_VNOC_X3Y1,VNOC,data_vc,0,5,1
787000,787,1,NOC_NPS_VNOC_X3Y0,VNOC,credit,1,-1,1
787000,787,1,NOC_NPS_VNOC_X3Y0,VNOC,data_vc,1,5,1
788000,788,0,NOC_NPS_VNOC_X3Y1,VNOC,credit,0,-1,1
788000,788,0,NOC_NPS_VNOC_X3Y1,VNOC,data_vc,0,5,1
788000,788,1,NOC_NPS_VNOC_X3Y0,VNOC,credit,1,-1,1
788000,788,1,NOC_NPS_VNOC_X3Y0,VNOC,data_vc,1,5,1
789000,789,0,NOC_NPS_VNOC_X3Y1,VNOC,credit,0,-1,1
789000,789,0,NOC_NPS_VNOC_X3Y1,VNOC,data_vc,0,5,1
789000,789,1,NOC_NPS_VNOC_X3Y0,VNOC,credit,1,-1,1
789000,789,1,NOC_NPS_VNOC_X3Y0,VNOC,data_vc,1,5,1
790000,790,0,NOC_NPS_VNOC_X3Y1,VNOC,credit,0,-1,1
790000,790,0,NOC_NPS_VNOC_X3Y1,VNOC,data_vc,0,5,1
790000,790,1,NOC_NPS_VNOC_X3Y0,VNOC,credit,1,-1,1
790000,790,1,NOC_NPS_VNOC_X3Y0,VNOC,data_vc,1,5,1
791000,791,0,NOC_NPS_VNOC_X3Y1,VNOC,credit,0,-1,1
791000,791,0,NOC_NPS_VNOC_X3Y1,VNOC,data_vc,0,5,1
791000,791,1,NOC_NPS_VNOC_X3Y0,VNOC,credit,1,-1,1
791000,791,1,NOC_NPS_VNOC_X3Y0,VNOC,data_vc,1,5,1
792000,792,0,NOC_NPS_VNOC_X3Y1,VNOC,credit,0,-1,1
792000,792,0,NOC_NPS_VNOC_X3Y1,VNOC,data_vc,0,5,1
792000,792,1,NOC_NPS_VNOC_X3Y0,VNOC,credit,1,-1,1
792000,792,1,NOC_NPS_VNOC_X3Y0,VNOC,data_vc,1,5,1
793000,793,0,NOC_NPS_VNOC_X3Y1,VNOC,credit,0,-1,1
793000,793,0,NOC_NPS_VNOC_X3Y1,VNOC,data_vc,0,5,1
793000,793,1,NOC_NPS_VNOC_X3Y0,VNOC,credit,1,-1,1
793000,793,1,NOC_NPS_VNOC_X3Y0,VNOC,data_vc,1,5,1
794000,794,0,NOC_NPS_VNOC_X3Y1,VNOC,credit,0,-1,1
794000,794,0,NOC_NPS_VNOC_X3Y1,VNOC,data_vc,0,5,1
794000,794,1,NOC_NPS_VNOC_X3Y0,VNOC,credit,1,-1,1
794000,794,1,NOC_NPS_VNOC_X3Y0,VNOC,data_vc,1,5,1
795000,795,0,NOC_NPS_VNOC_X3Y1,VNOC,credit,0,-1,1
795000,795,0,NOC_NPS_VNOC_X3Y1,VNOC,data_vc,0,5,1
795000,795,1,NOC_NPS_VNOC_X3Y0,VNOC,credit,1,-1,1
795000,795,1,NOC_NPS_VNOC_X3Y0,VNOC,data_vc,1,5,1
796000,796,0,NOC_NPS_VNOC_X3Y1,VNOC,credit,0,-1,1
796000,796,0,NOC_NPS_VNOC_X3Y1,VNOC,data_vc,0,5,1
796000,796,1,NOC_NPS_VNOC_X3Y0,VNOC,credit,1,-1,1
796000,796,1,NOC_NPS_VNOC_X3Y0,VNOC,data_vc,1,5,1
797000,797,0,NOC_NPS_VNOC_X3Y1,VNOC,credit,0,-1,1
797000,797,0,NOC_NPS_VNOC_X3Y1,VNOC,data_vc,0,5,1
797000,797,1,NOC_NPS_VNOC_X3Y0,VNOC,credit,1,-1,1
797000,797,1,NOC_NPS_VNOC_X3Y0,VNOC,data_vc,1,5,1
798000,798,0,NOC_NPS_VNOC_X3Y1,VNOC,credit,0,-1,1
798000,798,0,NOC_NPS_VNOC_X3Y1,VNOC,data_vc,0,5,1
798000,798,1,NOC_NPS_VNOC_X3Y0,VNOC,credit,1,-1,1
798000,798,1,NOC_NPS_VNOC_X3Y0,VNOC,data_vc,1,5,1
799000,799,0,NOC_NPS_VNOC_X3Y1,VNOC,credit,0,-1,1
799000,799,0,NOC_NPS_VNOC_X3Y1,VNOC,data_vc,0,5,1
799000,799,1,NOC_NPS_VNOC_X3Y0,VNOC,credit,1,-1,1
799000,799,1,NOC_NPS_VNOC_X3Y0,VNOC,data_vc,1,5,1
800000,800,0,NOC_NPS_VNOC_X3Y1,VNOC,credit,0,-1,1
800000,800,0,NOC_NPS_VNOC_X3Y1,VNOC,data_vc,0,5,1
800000,800,1,NOC_NPS_VNOC_X3Y0,VNOC,credit,1,-1,1
800000,800,1,NOC_NPS_VNOC_X3Y0,VNOC,data_vc,1,5,1
801000,801,0,NOC_NPS_VNOC_X3Y1,VNOC,credit,0,-1,1
801000,801,0,NOC_NPS_VNOC_X3Y1,VNOC,data_vc,0,5,1
801000,801,1,NOC_NPS_VNOC_X3Y0,VNOC,credit,1,-1,1
801000,801,1,NOC_NPS_VNOC_X3Y0,VNOC,data_vc,1,5,1
802000,802,0,NOC_NPS_VNOC_X3Y1,VNOC,credit,0,-1,1
802000,802,0,NOC_NPS_VNOC_X3Y1,VNOC,data_vc,0,5,1
802000,802,1,NOC_NPS_VNOC_X3Y0,VNOC,credit,1,-1,1
802000,802,1,NOC_NPS_VNOC_X3Y0,VNOC,data_vc,1,5,1
803000,803,0,NOC_NPS_VNOC_X3Y1,VNOC,credit,0,-1,1
803000,803,0,NOC_NPS_VNOC_X3Y1,VNOC,data_vc,0,5,1
803000,803,1,NOC_NPS_VNOC_X3Y0,VNOC,credit,1,-1,1
803000,803,1,NOC_NPS_VNOC_X3Y0,VNOC,data_vc,1,5,1
804000,804,0,NOC_NPS_VNOC_X3Y1,VNOC,credit,0,-1,1
804000,804,0,NOC_NPS_VNOC_X3Y1,VNOC,data_vc,0,5,1
804000,804,1,NOC_NPS_VNOC_X3Y0,VNOC,credit,1,-1,1
804000,804,1,NOC_NPS_VNOC_X3Y0,VNOC,data_vc,1,5,1
805000,805,0,NOC_NPS_VNOC_X3Y1,VNOC,credit,0,-1,1
805000,805,0,NOC_NPS_VNOC_X3Y1,VNOC,data_vc,0,5,1
805000,805,1,NOC_NPS_VNOC_X3Y0,VNOC,credit,1,-1,1
805000,805,1,NOC_NPS_VNOC_X3Y0,VNOC,data_vc,1,5,1
806000,806,0,NOC_NPS_VNOC_X3Y1,VNOC,credit,0,-1,1
806000,806,0,NOC_NPS_VNOC_X3Y1,VNOC,data_vc,0,5,1
806000,806,1,NOC_NPS_VNOC_X3Y0,VNOC,credit,1,-1,1
806000,806,1,NOC_NPS_VNOC_X3Y0,VNOC,data_vc,1,5,1
807000,807,0,NOC_NPS_VNOC_X3Y1,VNOC,credit,0,-1,1
807000,807,0,NOC_NPS_VNOC_X3Y1,VNOC,data_vc,0,5,1
807000,807,1,NOC_NPS_VNOC_X3Y0,VNOC,credit,1,-1,1
807000,807,1,NOC_NPS_VNOC_X3Y0,VNOC,data_vc,1,5,1
808000,808,0,NOC_NPS_VNOC_X3Y1,VNOC,credit,0,-1,1
808000,808,0,NOC_NPS_VNOC_X3Y1,VNOC,data_vc,0,5,1
808000,808,1,NOC_NPS_VNOC_X3Y0,VNOC,credit,1,-1,1
808000,808,1,NOC_NPS_VNOC_X3Y0,VNOC,data_vc,1,5,1
809000,809,0,NOC_NPS_VNOC_X3Y1,VNOC,credit,0,-1,1
809000,809,0,NOC_NPS_VNOC_X3Y1,VNOC,data_vc,0,5,1
809000,809,1,NOC_NPS_VNOC_X3Y0,VNOC,credit,1,-1,1
809000,809,1,NOC_NPS_VNOC_X3Y0,VNOC,data_vc,1,5,1
810000,810,0,NOC_NPS_VNOC_X3Y1,VNOC,credit,0,-1,1
810000,810,0,NOC_NPS_VNOC_X3Y1,VNOC,data_vc,0,5,1
810000,810,1,NOC_NPS_VNOC_X3Y0,VNOC,credit,1,-1,1
810000,810,1,NOC_NPS_VNOC_X3Y0,VNOC,data_vc,1,5,1
811000,811,0,NOC_NPS_VNOC_X3Y1,VNOC,credit,0,-1,1
811000,811,0,NOC_NPS_VNOC_X3Y1,VNOC,data_vc,0,5,1
811000,811,1,NOC_NPS_VNOC_X3Y0,VNOC,credit,1,-1,1
811000,811,1,NOC_NPS_VNOC_X3Y0,VNOC,data_vc,1,5,1
812000,812,0,NOC_NPS_VNOC_X3Y1,VNOC,credit,0,-1,1
812000,812,0,NOC_NPS_VNOC_X3Y1,VNOC,data_vc,0,5,1
812000,812,1,NOC_NPS_VNOC_X3Y0,VNOC,credit,1,-1,1
812000,812,1,NOC_NPS_VNOC_X3Y0,VNOC,data_vc,1,5,1
813000,813,0,NOC_NPS_VNOC_X3Y1,VNOC,credit,0,-1,1
813000,813,0,NOC_NPS_VNOC_X3Y1,VNOC,data_vc,0,5,1
813000,813,1,NOC_NPS_VNOC_X3Y0,VNOC,credit,1,-1,1
813000,813,1,NOC_NPS_VNOC_X3Y0,VNOC,data_vc,1,5,1
814000,814,0,NOC_NPS_VNOC_X3Y1,VNOC,credit,0,-1,1
814000,814,0,NOC_NPS_VNOC_X3Y1,VNOC,data_vc,0,5,1
814000,814,1,NOC_NPS_VNOC_X3Y0,VNOC,credit,1,-1,1
814000,814,1,NOC_NPS_VNOC_X3Y0,VNOC,data_vc,1,5,1
815000,815,0,NOC_NPS_VNOC_X3Y1,VNOC,credit,0,-1,1
815000,815,0,NOC_NPS_VNOC_X3Y1,VNOC,data_vc,0,5,1
815000,815,1,NOC_NPS_VNOC_X3Y0,VNOC,credit,1,-1,1
815000,815,1,NOC_NPS_VNOC_X3Y0,VNOC,data_vc,1,5,1
816000,816,0,NOC_NPS_VNOC_X3Y1,VNOC,credit,0,-1,1
816000,816,0,NOC_NPS_VNOC_X3Y1,VNOC,data_vc,0,5,1
816000,816,1,NOC_NPS_VNOC_X3Y0,VNOC,credit,1,-1,1
816000,816,1,NOC_NPS_VNOC_X3Y0,VNOC,data_vc,1,5,1
817000,817,0,NOC_NPS_VNOC_X3Y1,VNOC,credit,0,-1,1
817000,817,0,NOC_NPS_VNOC_X3Y1,VNOC,data_vc,0,5,1
817000,817,1,NOC_NPS_VNOC_X3Y0,VNOC,credit,1,-1,1
817000,817,1,NOC_NPS_VNOC_X3Y0,VNOC,data_vc,1,5,1
818000,818,0,NOC_NPS_VNOC_X3Y1,VNOC,credit,0,-1,1
818000,818,0,NOC_NPS_VNOC_X3Y1,VNOC,data_vc,0,5,1
818000,818,1,NOC_NPS_VNOC_X3Y0,VNOC,credit,1,-1,1
818000,818,1,NOC_NPS_VNOC_X3Y0,VNOC,data_vc,1,5,1
819000,819,0,NOC_NPS_VNOC_X3Y1,VNOC,credit,0,-1,1
819000,819,0,NOC_NPS_VNOC_X3Y1,VNOC,data_vc,0,5,1
819000,819,1,NOC_NPS_VNOC_X3Y0,VNOC,credit,1,-1,1
819000,819,1,NOC_NPS_VNOC_X3Y0,VNOC,data_vc,1,5,1
820000,820,0,NOC_NPS_VNOC_X3Y1,VNOC,credit,0,-1,1
820000,820,0,NOC_NPS_VNOC_X3Y1,VNOC,data_vc,0,5,1
820000,820,1,NOC_NPS_VNOC_X3Y0,VNOC,credit,1,-1,1
820000,820,1,NOC_NPS_VNOC_X3Y0,VNOC,data_vc,1,5,1
821000,821,0,NOC_NPS_VNOC_X3Y1,VNOC,credit,0,-1,1
821000,821,0,NOC_NPS_VNOC_X3Y1,VNOC,data_vc,0,5,1
821000,821,1,NOC_NPS_VNOC_X3Y0,VNOC,credit,1,-1,1
821000,821,1,NOC_NPS_VNOC_X3Y0,VNOC,data_vc,1,5,1
822000,822,0,NOC_NPS_VNOC_X3Y1,VNOC,credit,0,-1,1
822000,822,0,NOC_NPS_VNOC_X3Y1,VNOC,data_vc,0,5,1
822000,822,1,NOC_NPS_VNOC_X3Y0,VNOC,credit,1,-1,1
822000,822,1,NOC_NPS_VNOC_X3Y0,VNOC,data_vc,1,5,1
823000,823,0,NOC_NPS_VNOC_X3Y1,VNOC,credit,0,-1,1
823000,823,0,NOC_NPS_VNOC_X3Y1,VNOC,data_vc,0,5,1
823000,823,1,NOC_NPS_VNOC_X3Y0,VNOC,credit,1,-1,1
823000,823,1,NOC_NPS_VNOC_X3Y0,VNOC,data_vc,1,5,1
824000,824,0,NOC_NPS_VNOC_X3Y1,VNOC,credit,0,-1,1
824000,824,0,NOC_NPS_VNOC_X3Y1,VNOC,data_vc,0,5,1
824000,824,1,NOC_NPS_VNOC_X3Y0,VNOC,credit,1,-1,1
824000,824,1,NOC_NPS_VNOC_X3Y0,VNOC,data_vc,1,5,1
825000,825,0,NOC_NPS_VNOC_X3Y1,VNOC,credit,0,-1,1
825000,825,0,NOC_NPS_VNOC_X3Y1,VNOC,data_vc,0,5,1
825000,825,1,NOC_NPS_VNOC_X3Y0,VNOC,credit,1,-1,1
825000,825,1,NOC_NPS_VNOC_X3Y0,VNOC,data_vc,1,5,1
826000,826,0,NOC_NPS_VNOC_X3Y1,VNOC,credit,0,-1,1
826000,826,0,NOC_NPS_VNOC_X3Y1,VNOC,data_vc,0,5,1
826000,826,1,NOC_NPS_VNOC_X3Y0,VNOC,credit,1,-1,1
826000,826,1,NOC_NPS_VNOC_X3Y0,VNOC,data_vc,1,5,1
827000,827,0,NOC_NPS_VNOC_X3Y1,VNOC,credit,0,-1,1
827000,827,0,NOC_NPS_VNOC_X3Y1,VNOC,data_vc,0,5,1
827000,827,1,NOC_NPS_VNOC_X3Y0,VNOC,credit,1,-1,1
827000,827,1,NOC_NPS_VNOC_X3Y0,VNOC,data_vc,1,5,1
828000,828,0,NOC_NPS_VNOC_X3Y1,VNOC,credit,0,-1,1
828000,828,0,NOC_NPS_VNOC_X3Y1,VNOC,data_vc,0,5,1
828000,828,1,NOC_NPS_VNOC_X3Y0,VNOC,credit,1,-1,1
828000,828,1,NOC_NPS_VNOC_X3Y0,VNOC,data_vc,1,5,1
829000,829,0,NOC_NPS_VNOC_X3Y1,VNOC,credit,0,-1,1
829000,829,0,NOC_NPS_VNOC_X3Y1,VNOC,data_vc,0,5,1
829000,829,1,NOC_NPS_VNOC_X3Y0,VNOC,credit,1,-1,1
829000,829,1,NOC_NPS_VNOC_X3Y0,VNOC,data_vc,1,5,1
830000,830,0,NOC_NPS_VNOC_X3Y1,VNOC,credit,0,-1,1
830000,830,0,NOC_NPS_VNOC_X3Y1,VNOC,data_vc,0,5,1
830000,830,1,NOC_NPS_VNOC_X3Y0,VNOC,credit,1,-1,1
830000,830,1,NOC_NPS_VNOC_X3Y0,VNOC,data_vc,1,5,1
831000,831,0,NOC_NPS_VNOC_X3Y1,VNOC,credit,0,-1,1
831000,831,0,NOC_NPS_VNOC_X3Y1,VNOC,data_vc,0,5,1
831000,831,1,NOC_NPS_VNOC_X3Y0,VNOC,credit,1,-1,1
831000,831,1,NOC_NPS_VNOC_X3Y0,VNOC,data_vc,1,5,1
832000,832,0,NOC_NPS_VNOC_X3Y1,VNOC,credit,0,-1,1
832000,832,0,NOC_NPS_VNOC_X3Y1,VNOC,data_vc,0,5,1
832000,832,1,NOC_NPS_VNOC_X3Y0,VNOC,credit,1,-1,1
832000,832,1,NOC_NPS_VNOC_X3Y0,VNOC,data_vc,1,5,1
833000,833,0,NOC_NPS_VNOC_X3Y1,VNOC,credit,0,-1,1
833000,833,0,NOC_NPS_VNOC_X3Y1,VNOC,data_vc,0,5,1
833000,833,1,NOC_NPS_VNOC_X3Y0,VNOC,credit,1,-1,1
833000,833,1,NOC_NPS_VNOC_X3Y0,VNOC,data_vc,1,5,1
834000,834,0,NOC_NPS_VNOC_X3Y1,VNOC,credit,0,-1,1
834000,834,0,NOC_NPS_VNOC_X3Y1,VNOC,data_vc,0,5,1
834000,834,1,NOC_NPS_VNOC_X3Y0,VNOC,credit,1,-1,1
834000,834,1,NOC_NPS_VNOC_X3Y0,VNOC,data_vc,1,5,1
835000,835,0,NOC_NPS_VNOC_X3Y1,VNOC,credit,0,-1,1
835000,835,0,NOC_NPS_VNOC_X3Y1,VNOC,data_vc,0,5,1
835000,835,1,NOC_NPS_VNOC_X3Y0,VNOC,credit,1,-1,1
835000,835,1,NOC_NPS_VNOC_X3Y0,VNOC,data_vc,1,5,1
836000,836,0,NOC_NPS_VNOC_X3Y1,VNOC,credit,0,-1,1
836000,836,0,NOC_NPS_VNOC_X3Y1,VNOC,data_vc,0,5,1
836000,836,1,NOC_NPS_VNOC_X3Y0,VNOC,credit,1,-1,1
836000,836,1,NOC_NPS_VNOC_X3Y0,VNOC,data_vc,1,5,1
837000,837,0,NOC_NPS_VNOC_X3Y1,VNOC,credit,0,-1,1
837000,837,0,NOC_NPS_VNOC_X3Y1,VNOC,data_vc,0,5,1
837000,837,1,NOC_NPS_VNOC_X3Y0,VNOC,credit,1,-1,1
837000,837,1,NOC_NPS_VNOC_X3Y0,VNOC,data_vc,1,5,1
838000,838,0,NOC_NPS_VNOC_X3Y1,VNOC,credit,0,-1,1
838000,838,0,NOC_NPS_VNOC_X3Y1,VNOC,data_vc,0,5,1
838000,838,1,NOC_NPS_VNOC_X3Y0,VNOC,credit,1,-1,1
838000,838,1,NOC_NPS_VNOC_X3Y0,VNOC,data_vc,1,5,1
839000,839,0,NOC_NPS_VNOC_X3Y1,VNOC,credit,0,-1,1
839000,839,0,NOC_NPS_VNOC_X3Y1,VNOC,data_vc,0,5,1
839000,839,1,NOC_NPS_VNOC_X3Y0,VNOC,credit,1,-1,1
839000,839,1,NOC_NPS_VNOC_X3Y0,VNOC,data_vc,1,5,1
840000,840,0,NOC_NPS_VNOC_X3Y1,VNOC,credit,0,-1,1
840000,840,0,NOC_NPS_VNOC_X3Y1,VNOC,data_vc,0,5,1
840000,840,1,NOC_NPS_VNOC_X3Y0,VNOC,credit,1,-1,1
840000,840,1,NOC_NPS_VNOC_X3Y0,VNOC,data_vc,1,5,1
841000,841,0,NOC_NPS_VNOC_X3Y1,VNOC,credit,0,-1,1
841000,841,0,NOC_NPS_VNOC_X3Y1,VNOC,data_vc,0,5,1
841000,841,1,NOC_NPS_VNOC_X3Y0,VNOC,credit,1,-1,1
841000,841,1,NOC_NPS_VNOC_X3Y0,VNOC,data_vc,1,5,1
842000,842,0,NOC_NPS_VNOC_X3Y1,VNOC,credit,0,-1,1
842000,842,0,NOC_NPS_VNOC_X3Y1,VNOC,data_vc,0,5,1
842000,842,1,NOC_NPS_VNOC_X3Y0,VNOC,credit,1,-1,1
842000,842,1,NOC_NPS_VNOC_X3Y0,VNOC,data_vc,1,5,1
843000,843,0,NOC_NPS_VNOC_X3Y1,VNOC,credit,0,-1,1
843000,843,0,NOC_NPS_VNOC_X3Y1,VNOC,data_vc,0,5,1
843000,843,1,NOC_NPS_VNOC_X3Y0,VNOC,credit,1,-1,1
843000,843,1,NOC_NPS_VNOC_X3Y0,VNOC,data_vc,1,5,1
844000,844,0,NOC_NPS_VNOC_X3Y1,VNOC,credit,0,-1,1
844000,844,0,NOC_NPS_VNOC_X3Y1,VNOC,data_vc,0,5,1
844000,844,1,NOC_NPS_VNOC_X3Y0,VNOC,credit,1,-1,1
844000,844,1,NOC_NPS_VNOC_X3Y0,VNOC,data_vc,1,5,1
845000,845,0,NOC_NPS_VNOC_X3Y1,VNOC,credit,0,-1,1
845000,845,0,NOC_NPS_VNOC_X3Y1,VNOC,data_vc,0,5,1
845000,845,1,NOC_NPS_VNOC_X3Y0,VNOC,credit,1,-1,1
845000,845,1,NOC_NPS_VNOC_X3Y0,VNOC,data_vc,1,5,1
846000,846,0,NOC_NPS_VNOC_X3Y1,VNOC,credit,0,-1,1
846000,846,0,NOC_NPS_VNOC_X3Y1,VNOC,data_vc,0,5,1
846000,846,1,NOC_NPS_VNOC_X3Y0,VNOC,credit,1,-1,1
846000,846,1,NOC_NPS_VNOC_X3Y0,VNOC,data_vc,1,5,1
847000,847,0,NOC_NPS_VNOC_X3Y1,VNOC,credit,0,-1,1
847000,847,0,NOC_NPS_VNOC_X3Y1,VNOC,data_vc,0,5,1
847000,847,1,NOC_NPS_VNOC_X3Y0,VNOC,credit,1,-1,1
847000,847,1,NOC_NPS_VNOC_X3Y0,VNOC,data_vc,1,5,1
848000,848,0,NOC_NPS_VNOC_X3Y1,VNOC,credit,0,-1,1
848000,848,0,NOC_NPS_VNOC_X3Y1,VNOC,data_vc,0,5,1
848000,848,1,NOC_NPS_VNOC_X3Y0,VNOC,credit,1,-1,1
848000,848,1,NOC_NPS_VNOC_X3Y0,VNOC,data_vc,1,5,1
849000,849,0,NOC_NPS_VNOC_X3Y1,VNOC,credit,0,-1,1
849000,849,0,NOC_NPS_VNOC_X3Y1,VNOC,data_vc,0,5,1
849000,849,1,NOC_NPS_VNOC_X3Y0,VNOC,credit,1,-1,1
849000,849,1,NOC_NPS_VNOC_X3Y0,VNOC,data_vc,1,5,1
850000,850,0,NOC_NPS_VNOC_X3Y1,VNOC,credit,0,-1,1
850000,850,0,NOC_NPS_VNOC_X3Y1,VNOC,data_vc,0,5,1
850000,850,1,NOC_NPS_VNOC_X3Y0,VNOC,credit,1,-1,1
850000,850,1,NOC_NPS_VNOC_X3Y0,VNOC,data_vc,1,5,1
851000,851,0,NOC_NPS_VNOC_X3Y1,VNOC,credit,0,-1,1
851000,851,0,NOC_NPS_VNOC_X3Y1,VNOC,data_vc,0,5,1
851000,851,1,NOC_NPS_VNOC_X3Y0,VNOC,credit,1,-1,1
851000,851,1,NOC_NPS_VNOC_X3Y0,VNOC,data_vc,1,5,1
852000,852,0,NOC_NPS_VNOC_X3Y1,VNOC,credit,0,-1,1
852000,852,0,NOC_NPS_VNOC_X3Y1,VNOC,data_vc,0,5,1
852000,852,1,NOC_NPS_VNOC_X3Y0,VNOC,credit,1,-1,1
852000,852,1,NOC_NPS_VNOC_X3Y0,VNOC,data_vc,1,5,1
853000,853,0,NOC_NPS_VNOC_X3Y1,VNOC,credit,0,-1,1
853000,853,0,NOC_NPS_VNOC_X3Y1,VNOC,data_vc,0,5,1
853000,853,1,NOC_NPS_VNOC_X3Y0,VNOC,credit,1,-1,1
853000,853,1,NOC_NPS_VNOC_X3Y0,VNOC,data_vc,1,5,1
854000,854,0,NOC_NPS_VNOC_X3Y1,VNOC,credit,0,-1,1
854000,854,0,NOC_NPS_VNOC_X3Y1,VNOC,data_vc,0,5,1
854000,854,1,NOC_NPS_VNOC_X3Y0,VNOC,credit,1,-1,1
854000,854,1,NOC_NPS_VNOC_X3Y0,VNOC,data_vc,1,5,1
855000,855,0,NOC_NPS_VNOC_X3Y1,VNOC,credit,0,-1,1
855000,855,0,NOC_NPS_VNOC_X3Y1,VNOC,data_vc,0,5,1
855000,855,1,NOC_NPS_VNOC_X3Y0,VNOC,credit,1,-1,1
855000,855,1,NOC_NPS_VNOC_X3Y0,VNOC,data_vc,1,5,1
856000,856,0,NOC_NPS_VNOC_X3Y1,VNOC,credit,0,-1,1
856000,856,0,NOC_NPS_VNOC_X3Y1,VNOC,data_vc,0,5,1
856000,856,1,NOC_NPS_VNOC_X3Y0,VNOC,credit,1,-1,1
856000,856,1,NOC_NPS_VNOC_X3Y0,VNOC,data_vc,1,5,1
857000,857,0,NOC_NPS_VNOC_X3Y1,VNOC,credit,0,-1,1
857000,857,0,NOC_NPS_VNOC_X3Y1,VNOC,data_vc,0,5,1
857000,857,1,NOC_NPS_VNOC_X3Y0,VNOC,credit,1,-1,1
857000,857,1,NOC_NPS_VNOC_X3Y0,VNOC,data_vc,1,5,1
858000,858,0,NOC_NPS_VNOC_X3Y1,VNOC,credit,0,-1,1
858000,858,0,NOC_NPS_VNOC_X3Y1,VNOC,data_vc,0,5,1
858000,858,1,NOC_NPS_VNOC_X3Y0,VNOC,credit,1,-1,1
858000,858,1,NOC_NPS_VNOC_X3Y0,VNOC,data_vc,1,5,1
859000,859,0,NOC_NPS_VNOC_X3Y1,VNOC,credit,0,-1,1
859000,859,0,NOC_NPS_VNOC_X3Y1,VNOC,data_vc,0,5,1
859000,859,1,NOC_NPS_VNOC_X3Y0,VNOC,credit,1,-1,1
859000,859,1,NOC_NPS_VNOC_X3Y0,VNOC,data_vc,1,5,1
860000,860,0,NOC_NPS_VNOC_X3Y1,VNOC,credit,0,-1,1
860000,860,0,NOC_NPS_VNOC_X3Y1,VNOC,data_vc,0,5,1
860000,860,1,NOC_NPS_VNOC_X3Y0,VNOC,credit,1,-1,1
860000,860,1,NOC_NPS_VNOC_X3Y0,VNOC,data_vc,1,5,1
861000,861,0,NOC_NPS_VNOC_X3Y1,VNOC,credit,0,-1,1
861000,861,0,NOC_NPS_VNOC_X3Y1,VNOC,data_vc,0,5,1
861000,861,1,NOC_NPS_VNOC_X3Y0,VNOC,credit,1,-1,1
861000,861,1,NOC_NPS_VNOC_X3Y0,VNOC,data_vc,1,5,1
862000,862,0,NOC_NPS_VNOC_X3Y1,VNOC,credit,0,-1,1
862000,862,0,NOC_NPS_VNOC_X3Y1,VNOC,data_vc,0,5,1
862000,862,1,NOC_NPS_VNOC_X3Y0,VNOC,credit,1,-1,1
862000,862,1,NOC_NPS_VNOC_X3Y0,VNOC,data_vc,1,5,1
863000,863,0,NOC_NPS_VNOC_X3Y1,VNOC,credit,0,-1,1
863000,863,0,NOC_NPS_VNOC_X3Y1,VNOC,data_vc,0,5,1
863000,863,1,NOC_NPS_VNOC_X3Y0,VNOC,credit,1,-1,1
863000,863,1,NOC_NPS_VNOC_X3Y0,VNOC,data_vc,1,5,1
864000,864,0,NOC_NPS_VNOC_X3Y1,VNOC,credit,0,-1,1
864000,864,0,NOC_NPS_VNOC_X3Y1,VNOC,data_vc,0,5,1
864000,864,1,NOC_NPS_VNOC_X3Y0,VNOC,credit,1,-1,1
864000,864,1,NOC_NPS_VNOC_X3Y0,VNOC,data_vc,1,5,1
865000,865,0,NOC_NPS_VNOC_X3Y1,VNOC,credit,0,-1,1
865000,865,0,NOC_NPS_VNOC_X3Y1,VNOC,data_vc,0,5,1
865000,865,1,NOC_NPS_VNOC_X3Y0,VNOC,credit,1,-1,1
865000,865,1,NOC_NPS_VNOC_X3Y0,VNOC,data_vc,1,5,1
866000,866,0,NOC_NPS_VNOC_X3Y1,VNOC,credit,0,-1,1
866000,866,0,NOC_NPS_VNOC_X3Y1,VNOC,data_vc,0,5,1
866000,866,1,NOC_NPS_VNOC_X3Y0,VNOC,credit,1,-1,1
866000,866,1,NOC_NPS_VNOC_X3Y0,VNOC,data_vc,1,5,1
867000,867,0,NOC_NPS_VNOC_X3Y1,VNOC,credit,0,-1,1
867000,867,0,NOC_NPS_VNOC_X3Y1,VNOC,data_vc,0,5,1
867000,867,1,NOC_NPS_VNOC_X3Y0,VNOC,credit,1,-1,1
867000,867,1,NOC_NPS_VNOC_X3Y0,VNOC,data_vc,1,5,1
868000,868,0,NOC_NPS_VNOC_X3Y1,VNOC,credit,0,-1,1
868000,868,0,NOC_NPS_VNOC_X3Y1,VNOC,data_vc,0,5,1
868000,868,1,NOC_NPS_VNOC_X3Y0,VNOC,credit,1,-1,1
868000,868,1,NOC_NPS_VNOC_X3Y0,VNOC,data_vc,1,5,1
869000,869,0,NOC_NPS_VNOC_X3Y1,VNOC,credit,0,-1,1
869000,869,0,NOC_NPS_VNOC_X3Y1,VNOC,data_vc,0,5,1
869000,869,1,NOC_NPS_VNOC_X3Y0,VNOC,credit,1,-1,1
869000,869,1,NOC_NPS_VNOC_X3Y0,VNOC,data_vc,1,5,1
870000,870,0,NOC_NPS_VNOC_X3Y1,VNOC,credit,0,-1,1
870000,870,0,NOC_NPS_VNOC_X3Y1,VNOC,data_vc,0,5,1
870000,870,1,NOC_NPS_VNOC_X3Y0,VNOC,credit,1,-1,1
870000,870,1,NOC_NPS_VNOC_X3Y0,VNOC,data_vc,1,5,1
871000,871,0,NOC_NPS_VNOC_X3Y1,VNOC,credit,0,-1,1
871000,871,0,NOC_NPS_VNOC_X3Y1,VNOC,data_vc,0,5,1
871000,871,1,NOC_NPS_VNOC_X3Y0,VNOC,credit,1,-1,1
871000,871,1,NOC_NPS_VNOC_X3Y0,VNOC,data_vc,1,5,1
872000,872,0,NOC_NPS_VNOC_X3Y1,VNOC,credit,0,-1,1
872000,872,0,NOC_NPS_VNOC_X3Y1,VNOC,data_vc,0,5,1
872000,872,1,NOC_NPS_VNOC_X3Y0,VNOC,credit,1,-1,1
872000,872,1,NOC_NPS_VNOC_X3Y0,VNOC,data_vc,1,5,1
873000,873,0,NOC_NPS_VNOC_X3Y1,VNOC,credit,0,-1,1
873000,873,0,NOC_NPS_VNOC_X3Y1,VNOC,data_vc,0,5,1
873000,873,1,NOC_NPS_VNOC_X3Y0,VNOC,credit,1,-1,1
873000,873,1,NOC_NPS_VNOC_X3Y0,VNOC,data_vc,1,5,1
874000,874,0,NOC_NPS_VNOC_X3Y1,VNOC,credit,0,-1,1
874000,874,0,NOC_NPS_VNOC_X3Y1,VNOC,data_vc,0,5,1
874000,874,1,NOC_NPS_VNOC_X3Y0,VNOC,credit,1,-1,1
874000,874,1,NOC_NPS_VNOC_X3Y0,VNOC,data_vc,1,5,1
875000,875,0,NOC_NPS_VNOC_X3Y1,VNOC,credit,0,-1,1
875000,875,0,NOC_NPS_VNOC_X3Y1,VNOC,data_vc,0,5,1
875000,875,1,NOC_NPS_VNOC_X3Y0,VNOC,credit,1,-1,1
875000,875,1,NOC_NPS_VNOC_X3Y0,VNOC,data_vc,1,5,1
876000,876,0,NOC_NPS_VNOC_X3Y1,VNOC,credit,0,-1,1
876000,876,0,NOC_NPS_VNOC_X3Y1,VNOC,data_vc,0,5,1
876000,876,1,NOC_NPS_VNOC_X3Y0,VNOC,credit,1,-1,1
876000,876,1,NOC_NPS_VNOC_X3Y0,VNOC,data_vc,1,5,1
877000,877,0,NOC_NPS_VNOC_X3Y1,VNOC,credit,0,-1,1
877000,877,0,NOC_NPS_VNOC_X3Y1,VNOC,data_vc,0,5,1
877000,877,1,NOC_NPS_VNOC_X3Y0,VNOC,credit,1,-1,1
877000,877,1,NOC_NPS_VNOC_X3Y0,VNOC,data_vc,1,5,1
878000,878,0,NOC_NPS_VNOC_X3Y1,VNOC,credit,0,-1,1
878000,878,0,NOC_NPS_VNOC_X3Y1,VNOC,data_vc,0,5,1
878000,878,1,NOC_NPS_VNOC_X3Y0,VNOC,credit,1,-1,1
878000,878,1,NOC_NPS_VNOC_X3Y0,VNOC,data_vc,1,5,1
879000,879,0,NOC_NPS_VNOC_X3Y1,VNOC,credit,0,-1,1
879000,879,0,NOC_NPS_VNOC_X3Y1,VNOC,data_vc,0,5,1
879000,879,1,NOC_NPS_VNOC_X3Y0,VNOC,credit,1,-1,1
879000,879,1,NOC_NPS_VNOC_X3Y0,VNOC,data_vc,1,5,1
880000,880,0,NOC_NPS_VNOC_X3Y1,VNOC,credit,0,-1,1
880000,880,0,NOC_NPS_VNOC_X3Y1,VNOC,data_vc,0,5,1
880000,880,1,NOC_NPS_VNOC_X3Y0,VNOC,credit,1,-1,1
880000,880,1,NOC_NPS_VNOC_X3Y0,VNOC,data_vc,1,5,1
881000,881,0,NOC_NPS_VNOC_X3Y1,VNOC,credit,0,-1,1
881000,881,0,NOC_NPS_VNOC_X3Y1,VNOC,data_vc,0,5,1
881000,881,1,NOC_NPS_VNOC_X3Y0,VNOC,credit,1,-1,1
881000,881,1,NOC_NPS_VNOC_X3Y0,VNOC,data_vc,1,5,1
882000,882,0,NOC_NPS_VNOC_X3Y1,VNOC,credit,0,-1,1
882000,882,0,NOC_NPS_VNOC_X3Y1,VNOC,data_vc,0,5,1
882000,882,1,NOC_NPS_VNOC_X3Y0,VNOC,credit,1,-1,1
882000,882,1,NOC_NPS_VNOC_X3Y0,VNOC,data_vc,1,5,1
883000,883,0,NOC_NPS_VNOC_X3Y1,VNOC,credit,0,-1,1
883000,883,0,NOC_NPS_VNOC_X3Y1,VNOC,data_vc,0,5,1
883000,883,1,NOC_NPS_VNOC_X3Y0,VNOC,credit,1,-1,1
883000,883,1,NOC_NPS_VNOC_X3Y0,VNOC,data_vc,1,5,1
884000,884,0,NOC_NPS_VNOC_X3Y1,VNOC,credit,0,-1,1
884000,884,0,NOC_NPS_VNOC_X3Y1,VNOC,data_vc,0,5,1
884000,884,1,NOC_NPS_VNOC_X3Y0,VNOC,credit,1,-1,1
884000,884,1,NOC_NPS_VNOC_X3Y0,VNOC,data_vc,1,5,1
885000,885,0,NOC_NPS_VNOC_X3Y1,VNOC,credit,0,-1,1
885000,885,0,NOC_NPS_VNOC_X3Y1,VNOC,data_vc,0,5,1
885000,885,1,NOC_NPS_VNOC_X3Y0,VNOC,credit,1,-1,1
885000,885,1,NOC_NPS_VNOC_X3Y0,VNOC,data_vc,1,5,1
886000,886,0,NOC_NPS_VNOC_X3Y1,VNOC,credit,0,-1,1
886000,886,0,NOC_NPS_VNOC_X3Y1,VNOC,data_vc,0,5,1
886000,886,1,NOC_NPS_VNOC_X3Y0,VNOC,credit,1,-1,1
886000,886,1,NOC_NPS_VNOC_X3Y0,VNOC,data_vc,1,5,1
887000,887,0,NOC_NPS_VNOC_X3Y1,VNOC,credit,0,-1,1
887000,887,0,NOC_NPS_VNOC_X3Y1,VNOC,data_vc,0,5,1
887000,887,1,NOC_NPS_VNOC_X3Y0,VNOC,credit,1,-1,1
887000,887,1,NOC_NPS_VNOC_X3Y0,VNOC,data_vc,1,5,1
888000,888,0,NOC_NPS_VNOC_X3Y1,VNOC,credit,0,-1,1
888000,888,0,NOC_NPS_VNOC_X3Y1,VNOC,data_vc,0,5,1
888000,888,1,NOC_NPS_VNOC_X3Y0,VNOC,credit,1,-1,1
888000,888,1,NOC_NPS_VNOC_X3Y0,VNOC,data_vc,1,5,1
889000,889,0,NOC_NPS_VNOC_X3Y1,VNOC,credit,0,-1,1
889000,889,0,NOC_NPS_VNOC_X3Y1,VNOC,data_vc,0,5,1
889000,889,1,NOC_NPS_VNOC_X3Y0,VNOC,credit,1,-1,1
889000,889,1,NOC_NPS_VNOC_X3Y0,VNOC,data_vc,1,5,1
890000,890,0,NOC_NPS_VNOC_X3Y1,VNOC,credit,0,-1,1
890000,890,0,NOC_NPS_VNOC_X3Y1,VNOC,data_vc,0,5,1
890000,890,1,NOC_NPS_VNOC_X3Y0,VNOC,credit,1,-1,1
890000,890,1,NOC_NPS_VNOC_X3Y0,VNOC,data_vc,1,5,1
891000,891,0,NOC_NPS_VNOC_X3Y1,VNOC,credit,0,-1,1
891000,891,0,NOC_NPS_VNOC_X3Y1,VNOC,data_vc,0,5,1
891000,891,1,NOC_NPS_VNOC_X3Y0,VNOC,credit,1,-1,1
891000,891,1,NOC_NPS_VNOC_X3Y0,VNOC,data_vc,1,5,1
892000,892,0,NOC_NPS_VNOC_X3Y1,VNOC,credit,0,-1,1
892000,892,0,NOC_NPS_VNOC_X3Y1,VNOC,data_vc,0,5,1
892000,892,1,NOC_NPS_VNOC_X3Y0,VNOC,credit,1,-1,1
892000,892,1,NOC_NPS_VNOC_X3Y0,VNOC,data_vc,1,5,1
893000,893,0,NOC_NPS_VNOC_X3Y1,VNOC,credit,0,-1,1
893000,893,0,NOC_NPS_VNOC_X3Y1,VNOC,data_vc,0,5,1
893000,893,1,NOC_NPS_VNOC_X3Y0,VNOC,credit,1,-1,1
893000,893,1,NOC_NPS_VNOC_X3Y0,VNOC,data_vc,1,5,1
894000,894,0,NOC_NPS_VNOC_X3Y1,VNOC,credit,0,-1,1
894000,894,0,NOC_NPS_VNOC_X3Y1,VNOC,data_vc,0,5,1
894000,894,1,NOC_NPS_VNOC_X3Y0,VNOC,credit,1,-1,1
894000,894,1,NOC_NPS_VNOC_X3Y0,VNOC,data_vc,1,5,1
895000,895,0,NOC_NPS_VNOC_X3Y1,VNOC,credit,0,-1,1
895000,895,0,NOC_NPS_VNOC_X3Y1,VNOC,data_vc,0,5,1
895000,895,1,NOC_NPS_VNOC_X3Y0,VNOC,credit,1,-1,1
895000,895,1,NOC_NPS_VNOC_X3Y0,VNOC,data_vc,1,5,1
896000,896,0,NOC_NPS_VNOC_X3Y1,VNOC,credit,0,-1,1
896000,896,0,NOC_NPS_VNOC_X3Y1,VNOC,data_vc,0,5,1
896000,896,1,NOC_NPS_VNOC_X3Y0,VNOC,credit,1,-1,1
896000,896,1,NOC_NPS_VNOC_X3Y0,VNOC,data_vc,1,5,1
897000,897,0,NOC_NPS_VNOC_X3Y1,VNOC,credit,0,-1,1
897000,897,0,NOC_NPS_VNOC_X3Y1,VNOC,data_vc,0,5,1
897000,897,1,NOC_NPS_VNOC_X3Y0,VNOC,credit,1,-1,1
897000,897,1,NOC_NPS_VNOC_X3Y0,VNOC,data_vc,1,5,1
898000,898,0,NOC_NPS_VNOC_X3Y1,VNOC,credit,0,-1,1
898000,898,0,NOC_NPS_VNOC_X3Y1,VNOC,data_vc,0,5,1
898000,898,1,NOC_NPS_VNOC_X3Y0,VNOC,credit,1,-1,1
898000,898,1,NOC_NPS_VNOC_X3Y0,VNOC,data_vc,1,5,1
899000,899,0,NOC_NPS_VNOC_X3Y1,VNOC,credit,0,-1,1
899000,899,0,NOC_NPS_VNOC_X3Y1,VNOC,data_vc,0,5,1
899000,899,1,NOC_NPS_VNOC_X3Y0,VNOC,credit,1,-1,1
899000,899,1,NOC_NPS_VNOC_X3Y0,VNOC,data_vc,1,5,1
900000,900,0,NOC_NPS_VNOC_X3Y1,VNOC,credit,0,-1,1
900000,900,0,NOC_NPS_VNOC_X3Y1,VNOC,data_vc,0,5,1
900000,900,1,NOC_NPS_VNOC_X3Y0,VNOC,credit,1,-1,1
900000,900,1,NOC_NPS_VNOC_X3Y0,VNOC,data_vc,1,5,1
901000,901,0,NOC_NPS_VNOC_X3Y1,VNOC,credit,0,-1,1
901000,901,0,NOC_NPS_VNOC_X3Y1,VNOC,data_vc,0,5,1
901000,901,1,NOC_NPS_VNOC_X3Y0,VNOC,credit,1,-1,1
901000,901,1,NOC_NPS_VNOC_X3Y0,VNOC,data_vc,1,5,1
902000,902,0,NOC_NPS_VNOC_X3Y1,VNOC,credit,0,-1,1
902000,902,0,NOC_NPS_VNOC_X3Y1,VNOC,data_vc,0,5,1
902000,902,1,NOC_NPS_VNOC_X3Y0,VNOC,credit,1,-1,1
902000,902,1,NOC_NPS_VNOC_X3Y0,VNOC,data_vc,1,5,1
903000,903,0,NOC_NPS_VNOC_X3Y1,VNOC,credit,0,-1,1
903000,903,0,NOC_NPS_VNOC_X3Y1,VNOC,data_vc,0,5,1
903000,903,1,NOC_NPS_VNOC_X3Y0,VNOC,credit,1,-1,1
903000,903,1,NOC_NPS_VNOC_X3Y0,VNOC,data_vc,1,5,1
904000,904,0,NOC_NPS_VNOC_X3Y1,VNOC,credit,0,-1,1
904000,904,0,NOC_NPS_VNOC_X3Y1,VNOC,data_vc,0,5,1
904000,904,1,NOC_NPS_VNOC_X3Y0,VNOC,credit,1,-1,1
904000,904,1,NOC_NPS_VNOC_X3Y0,VNOC,data_vc,1,5,1
905000,905,0,NOC_NPS_VNOC_X3Y1,VNOC,credit,0,-1,1
905000,905,0,NOC_NPS_VNOC_X3Y1,VNOC,data_vc,0,5,1
905000,905,1,NOC_NPS_VNOC_X3Y0,VNOC,credit,1,-1,1
905000,905,1,NOC_NPS_VNOC_X3Y0,VNOC,data_vc,1,5,1
906000,906,0,NOC_NPS_VNOC_X3Y1,VNOC,credit,0,-1,1
906000,906,0,NOC_NPS_VNOC_X3Y1,VNOC,data_vc,0,5,1
906000,906,1,NOC_NPS_VNOC_X3Y0,VNOC,credit,1,-1,1
906000,906,1,NOC_NPS_VNOC_X3Y0,VNOC,data_vc,1,5,1
907000,907,0,NOC_NPS_VNOC_X3Y1,VNOC,credit,0,-1,1
907000,907,0,NOC_NPS_VNOC_X3Y1,VNOC,data_vc,0,5,1
907000,907,1,NOC_NPS_VNOC_X3Y0,VNOC,credit,1,-1,1
907000,907,1,NOC_NPS_VNOC_X3Y0,VNOC,data_vc,1,5,1
908000,908,0,NOC_NPS_VNOC_X3Y1,VNOC,credit,0,-1,1
908000,908,0,NOC_NPS_VNOC_X3Y1,VNOC,data_vc,0,5,1
908000,908,1,NOC_NPS_VNOC_X3Y0,VNOC,credit,1,-1,1
908000,908,1,NOC_NPS_VNOC_X3Y0,VNOC,data_vc,1,5,1
909000,909,0,NOC_NPS_VNOC_X3Y1,VNOC,credit,0,-1,1
909000,909,0,NOC_NPS_VNOC_X3Y1,VNOC,data_vc,0,5,1
909000,909,1,NOC_NPS_VNOC_X3Y0,VNOC,credit,1,-1,1
909000,909,1,NOC_NPS_VNOC_X3Y0,VNOC,data_vc,1,5,1
910000,910,0,NOC_NPS_VNOC_X3Y1,VNOC,credit,0,-1,1
910000,910,0,NOC_NPS_VNOC_X3Y1,VNOC,data_vc,0,5,1
910000,910,1,NOC_NPS_VNOC_X3Y0,VNOC,credit,1,-1,1
910000,910,1,NOC_NPS_VNOC_X3Y0,VNOC,data_vc,1,5,1
911000,911,0,NOC_NPS_VNOC_X3Y1,VNOC,credit,0,-1,1
911000,911,0,NOC_NPS_VNOC_X3Y1,VNOC,data_vc,0,5,1
911000,911,1,NOC_NPS_VNOC_X3Y0,VNOC,credit,1,-1,1
911000,911,1,NOC_NPS_VNOC_X3Y0,VNOC,data_vc,1,5,1
912000,912,0,NOC_NPS_VNOC_X3Y1,VNOC,credit,0,-1,1
912000,912,0,NOC_NPS_VNOC_X3Y1,VNOC,data_vc,0,5,1
912000,912,1,NOC_NPS_VNOC_X3Y0,VNOC,credit,1,-1,1
912000,912,1,NOC_NPS_VNOC_X3Y0,VNOC,data_vc,1,5,1
913000,913,0,NOC_NPS_VNOC_X3Y1,VNOC,credit,0,-1,1
913000,913,0,NOC_NPS_VNOC_X3Y1,VNOC,data_vc,0,5,1
913000,913,1,NOC_NPS_VNOC_X3Y0,VNOC,credit,1,-1,1
913000,913,1,NOC_NPS_VNOC_X3Y0,VNOC,data_vc,1,5,1
914000,914,0,NOC_NPS_VNOC_X3Y1,VNOC,credit,0,-1,1
914000,914,0,NOC_NPS_VNOC_X3Y1,VNOC,data_vc,0,5,1
914000,914,1,NOC_NPS_VNOC_X3Y0,VNOC,credit,1,-1,1
914000,914,1,NOC_NPS_VNOC_X3Y0,VNOC,data_vc,1,5,1
915000,915,0,NOC_NPS_VNOC_X3Y1,VNOC,credit,0,-1,1
915000,915,0,NOC_NPS_VNOC_X3Y1,VNOC,data_vc,0,5,1
915000,915,1,NOC_NPS_VNOC_X3Y0,VNOC,credit,1,-1,1
915000,915,1,NOC_NPS_VNOC_X3Y0,VNOC,data_vc,1,5,1
916000,916,0,NOC_NPS_VNOC_X3Y1,VNOC,credit,0,-1,1
916000,916,0,NOC_NPS_VNOC_X3Y1,VNOC,data_vc,0,5,1
916000,916,1,NOC_NPS_VNOC_X3Y0,VNOC,credit,1,-1,1
916000,916,1,NOC_NPS_VNOC_X3Y0,VNOC,data_vc,1,5,1
917000,917,0,NOC_NPS_VNOC_X3Y1,VNOC,credit,0,-1,1
917000,917,0,NOC_NPS_VNOC_X3Y1,VNOC,data_vc,0,5,1
917000,917,1,NOC_NPS_VNOC_X3Y0,VNOC,credit,1,-1,1
917000,917,1,NOC_NPS_VNOC_X3Y0,VNOC,data_vc,1,5,1
918000,918,0,NOC_NPS_VNOC_X3Y1,VNOC,credit,0,-1,1
918000,918,0,NOC_NPS_VNOC_X3Y1,VNOC,data_vc,0,5,1
918000,918,1,NOC_NPS_VNOC_X3Y0,VNOC,credit,1,-1,1
918000,918,1,NOC_NPS_VNOC_X3Y0,VNOC,data_vc,1,5,1
919000,919,0,NOC_NPS_VNOC_X3Y1,VNOC,credit,0,-1,1
919000,919,0,NOC_NPS_VNOC_X3Y1,VNOC,data_vc,0,5,1
919000,919,1,NOC_NPS_VNOC_X3Y0,VNOC,credit,1,-1,1
919000,919,1,NOC_NPS_VNOC_X3Y0,VNOC,data_vc,1,5,1
920000,920,0,NOC_NPS_VNOC_X3Y1,VNOC,credit,0,-1,1
920000,920,0,NOC_NPS_VNOC_X3Y1,VNOC,data_vc,0,5,1
920000,920,1,NOC_NPS_VNOC_X3Y0,VNOC,credit,1,-1,1
920000,920,1,NOC_NPS_VNOC_X3Y0,VNOC,data_vc,1,5,1
921000,921,0,NOC_NPS_VNOC_X3Y1,VNOC,credit,0,-1,1
921000,921,0,NOC_NPS_VNOC_X3Y1,VNOC,data_vc,0,5,1
921000,921,1,NOC_NPS_VNOC_X3Y0,VNOC,credit,1,-1,1
921000,921,1,NOC_NPS_VNOC_X3Y0,VNOC,data_vc,1,5,1
922000,922,0,NOC_NPS_VNOC_X3Y1,VNOC,credit,0,-1,1
922000,922,0,NOC_NPS_VNOC_X3Y1,VNOC,data_vc,0,5,1
922000,922,1,NOC_NPS_VNOC_X3Y0,VNOC,credit,1,-1,1
922000,922,1,NOC_NPS_VNOC_X3Y0,VNOC,data_vc,1,5,1
923000,923,0,NOC_NPS_VNOC_X3Y1,VNOC,credit,0,-1,1
923000,923,0,NOC_NPS_VNOC_X3Y1,VNOC,data_vc,0,5,1
923000,923,1,NOC_NPS_VNOC_X3Y0,VNOC,credit,1,-1,1
923000,923,1,NOC_NPS_VNOC_X3Y0,VNOC,data_vc,1,5,1
924000,924,0,NOC_NPS_VNOC_X3Y1,VNOC,credit,0,-1,1
924000,924,0,NOC_NPS_VNOC_X3Y1,VNOC,data_vc,0,5,1
924000,924,1,NOC_NPS_VNOC_X3Y0,VNOC,credit,1,-1,1
924000,924,1,NOC_NPS_VNOC_X3Y0,VNOC,data_vc,1,5,1
925000,925,0,NOC_NPS_VNOC_X3Y1,VNOC,credit,0,-1,1
925000,925,0,NOC_NPS_VNOC_X3Y1,VNOC,data_vc,0,5,1
925000,925,1,NOC_NPS_VNOC_X3Y0,VNOC,credit,1,-1,1
925000,925,1,NOC_NPS_VNOC_X3Y0,VNOC,data_vc,1,5,1
926000,926,0,NOC_NPS_VNOC_X3Y1,VNOC,credit,0,-1,1
926000,926,0,NOC_NPS_VNOC_X3Y1,VNOC,data_vc,0,5,1
926000,926,1,NOC_NPS_VNOC_X3Y0,VNOC,credit,1,-1,1
926000,926,1,NOC_NPS_VNOC_X3Y0,VNOC,data_vc,1,5,1
927000,927,0,NOC_NPS_VNOC_X3Y1,VNOC,credit,0,-1,1
927000,927,0,NOC_NPS_VNOC_X3Y1,VNOC,data_vc,0,5,1
927000,927,1,NOC_NPS_VNOC_X3Y0,VNOC,credit,1,-1,1
927000,927,1,NOC_NPS_VNOC_X3Y0,VNOC,data_vc,1,5,1
928000,928,0,NOC_NPS_VNOC_X3Y1,VNOC,credit,0,-1,1
928000,928,0,NOC_NPS_VNOC_X3Y1,VNOC,data_vc,0,5,1
928000,928,1,NOC_NPS_VNOC_X3Y0,VNOC,credit,1,-1,1
928000,928,1,NOC_NPS_VNOC_X3Y0,VNOC,data_vc,1,5,1
929000,929,0,NOC_NPS_VNOC_X3Y1,VNOC,credit,0,-1,1
929000,929,0,NOC_NPS_VNOC_X3Y1,VNOC,data_vc,0,5,1
929000,929,1,NOC_NPS_VNOC_X3Y0,VNOC,credit,1,-1,1
929000,929,1,NOC_NPS_VNOC_X3Y0,VNOC,data_vc,1,5,1
930000,930,0,NOC_NPS_VNOC_X3Y1,VNOC,credit,0,-1,1
930000,930,0,NOC_NPS_VNOC_X3Y1,VNOC,data_vc,0,5,1
930000,930,1,NOC_NPS_VNOC_X3Y0,VNOC,credit,1,-1,1
930000,930,1,NOC_NPS_VNOC_X3Y0,VNOC,data_vc,1,5,1
931000,931,0,NOC_NPS_VNOC_X3Y1,VNOC,credit,0,-1,1
931000,931,0,NOC_NPS_VNOC_X3Y1,VNOC,data_vc,0,5,1
931000,931,1,NOC_NPS_VNOC_X3Y0,VNOC,credit,1,-1,1
931000,931,1,NOC_NPS_VNOC_X3Y0,VNOC,data_vc,1,5,1
932000,932,0,NOC_NPS_VNOC_X3Y1,VNOC,credit,0,-1,1
932000,932,0,NOC_NPS_VNOC_X3Y1,VNOC,data_vc,0,5,1
932000,932,1,NOC_NPS_VNOC_X3Y0,VNOC,credit,1,-1,1
932000,932,1,NOC_NPS_VNOC_X3Y0,VNOC,data_vc,1,5,1
933000,933,0,NOC_NPS_VNOC_X3Y1,VNOC,credit,0,-1,1
933000,933,0,NOC_NPS_VNOC_X3Y1,VNOC,data_vc,0,5,1
933000,933,1,NOC_NPS_VNOC_X3Y0,VNOC,credit,1,-1,1
933000,933,1,NOC_NPS_VNOC_X3Y0,VNOC,data_vc,1,5,1
934000,934,0,NOC_NPS_VNOC_X3Y1,VNOC,credit,0,-1,1
934000,934,0,NOC_NPS_VNOC_X3Y1,VNOC,data_vc,0,5,1
934000,934,1,NOC_NPS_VNOC_X3Y0,VNOC,credit,1,-1,1
934000,934,1,NOC_NPS_VNOC_X3Y0,VNOC,data_vc,1,5,1
935000,935,0,NOC_NPS_VNOC_X3Y1,VNOC,credit,0,-1,1
935000,935,0,NOC_NPS_VNOC_X3Y1,VNOC,data_vc,0,5,1
935000,935,1,NOC_NPS_VNOC_X3Y0,VNOC,credit,1,-1,1
935000,935,1,NOC_NPS_VNOC_X3Y0,VNOC,data_vc,1,5,1
936000,936,0,NOC_NPS_VNOC_X3Y1,VNOC,credit,0,-1,1
936000,936,0,NOC_NPS_VNOC_X3Y1,VNOC,data_vc,0,5,1
936000,936,1,NOC_NPS_VNOC_X3Y0,VNOC,credit,1,-1,1
936000,936,1,NOC_NPS_VNOC_X3Y0,VNOC,data_vc,1,5,1
937000,937,0,NOC_NPS_VNOC_X3Y1,VNOC,credit,0,-1,1
937000,937,0,NOC_NPS_VNOC_X3Y1,VNOC,data_vc,0,5,1
937000,937,1,NOC_NPS_VNOC_X3Y0,VNOC,credit,1,-1,1
937000,937,1,NOC_NPS_VNOC_X3Y0,VNOC,data_vc,1,5,1
938000,938,0,NOC_NPS_VNOC_X3Y1,VNOC,credit,0,-1,1
938000,938,0,NOC_NPS_VNOC_X3Y1,VNOC,data_vc,0,5,1
938000,938,1,NOC_NPS_VNOC_X3Y0,VNOC,credit,1,-1,1
938000,938,1,NOC_NPS_VNOC_X3Y0,VNOC,data_vc,1,5,1
939000,939,0,NOC_NPS_VNOC_X3Y1,VNOC,data_vc,0,5,1
939000,939,1,NOC_NPS_VNOC_X3Y0,VNOC,credit,1,-1,1
939000,939,1,NOC_NPS_VNOC_X3Y0,VNOC,data_vc,1,5,1
940000,940,0,NOC_NPS_VNOC_X3Y1,VNOC,data_vc,0,5,1
940000,940,1,NOC_NPS_VNOC_X3Y0,VNOC,credit,1,-1,1
940000,940,1,NOC_NPS_VNOC_X3Y0,VNOC,data_vc,1,5,1
941000,941,0,NOC_NPS_VNOC_X3Y1,VNOC,credit,0,-1,1
941000,941,0,NOC_NPS_VNOC_X3Y1,VNOC,data_vc,0,5,1
941000,941,1,NOC_NPS_VNOC_X3Y0,VNOC,data_vc,1,5,1
942000,942,0,NOC_NPS_VNOC_X3Y1,VNOC,credit,0,-1,1
942000,942,0,NOC_NPS_VNOC_X3Y1,VNOC,data_vc,0,5,1
942000,942,1,NOC_NPS_VNOC_X3Y0,VNOC,data_vc,1,5,1
943000,943,0,NOC_NPS_VNOC_X3Y1,VNOC,credit,0,-1,1
943000,943,0,NOC_NPS_VNOC_X3Y1,VNOC,data_vc,0,5,1
943000,943,1,NOC_NPS_VNOC_X3Y0,VNOC,credit,1,-1,1
943000,943,1,NOC_NPS_VNOC_X3Y0,VNOC,data_vc,1,5,1
944000,944,0,NOC_NPS_VNOC_X3Y1,VNOC,credit,0,-1,1
944000,944,0,NOC_NPS_VNOC_X3Y1,VNOC,data_vc,0,5,1
944000,944,1,NOC_NPS_VNOC_X3Y0,VNOC,credit,1,-1,1
944000,944,1,NOC_NPS_VNOC_X3Y0,VNOC,data_vc,1,5,1
945000,945,0,NOC_NPS_VNOC_X3Y1,VNOC,credit,0,-1,1
945000,945,0,NOC_NPS_VNOC_X3Y1,VNOC,data_vc,0,5,1
945000,945,1,NOC_NPS_VNOC_X3Y0,VNOC,credit,1,-1,1
945000,945,1,NOC_NPS_VNOC_X3Y0,VNOC,data_vc,1,5,1
946000,946,0,NOC_NPS_VNOC_X3Y1,VNOC,credit,0,-1,1
946000,946,0,NOC_NPS_VNOC_X3Y1,VNOC,data_vc,0,5,1
946000,946,1,NOC_NPS_VNOC_X3Y0,VNOC,credit,1,-1,1
946000,946,1,NOC_NPS_VNOC_X3Y0,VNOC,data_vc,1,5,1
947000,947,0,NOC_NPS_VNOC_X3Y1,VNOC,credit,0,-1,1
947000,947,0,NOC_NPS_VNOC_X3Y1,VNOC,data_vc,0,5,1
947000,947,1,NOC_NPS_VNOC_X3Y0,VNOC,credit,1,-1,1
947000,947,1,NOC_NPS_VNOC_X3Y0,VNOC,data_vc,1,5,1
948000,948,0,NOC_NPS_VNOC_X3Y1,VNOC,credit,0,-1,1
948000,948,0,NOC_NPS_VNOC_X3Y1,VNOC,data_vc,0,5,1
948000,948,1,NOC_NPS_VNOC_X3Y0,VNOC,credit,1,-1,1
948000,948,1,NOC_NPS_VNOC_X3Y0,VNOC,data_vc,1,5,1
949000,949,0,NOC_NPS_VNOC_X3Y1,VNOC,credit,0,-1,1
949000,949,0,NOC_NPS_VNOC_X3Y1,VNOC,data_vc,0,5,1
949000,949,1,NOC_NPS_VNOC_X3Y0,VNOC,credit,1,-1,1
949000,949,1,NOC_NPS_VNOC_X3Y0,VNOC,data_vc,1,5,1
950000,950,0,NOC_NPS_VNOC_X3Y1,VNOC,credit,0,-1,1
950000,950,0,NOC_NPS_VNOC_X3Y1,VNOC,data_vc,0,5,1
950000,950,1,NOC_NPS_VNOC_X3Y0,VNOC,credit,1,-1,1
950000,950,1,NOC_NPS_VNOC_X3Y0,VNOC,data_vc,1,5,1
951000,951,0,NOC_NPS_VNOC_X3Y1,VNOC,credit,0,-1,1
951000,951,0,NOC_NPS_VNOC_X3Y1,VNOC,data_vc,0,5,1
951000,951,1,NOC_NPS_VNOC_X3Y0,VNOC,credit,1,-1,1
951000,951,1,NOC_NPS_VNOC_X3Y0,VNOC,data_vc,1,5,1
952000,952,0,NOC_NPS_VNOC_X3Y1,VNOC,credit,0,-1,1
952000,952,0,NOC_NPS_VNOC_X3Y1,VNOC,data_vc,0,5,1
952000,952,1,NOC_NPS_VNOC_X3Y0,VNOC,credit,1,-1,1
952000,952,1,NOC_NPS_VNOC_X3Y0,VNOC,data_vc,1,5,1
953000,953,0,NOC_NPS_VNOC_X3Y1,VNOC,credit,0,-1,1
953000,953,0,NOC_NPS_VNOC_X3Y1,VNOC,data_vc,0,5,1
953000,953,1,NOC_NPS_VNOC_X3Y0,VNOC,credit,1,-1,1
953000,953,1,NOC_NPS_VNOC_X3Y0,VNOC,data_vc,1,5,1
954000,954,0,NOC_NPS_VNOC_X3Y1,VNOC,credit,0,-1,1
954000,954,0,NOC_NPS_VNOC_X3Y1,VNOC,data_vc,0,5,1
954000,954,1,NOC_NPS_VNOC_X3Y0,VNOC,credit,1,-1,1
954000,954,1,NOC_NPS_VNOC_X3Y0,VNOC,data_vc,1,5,1
955000,955,0,NOC_NPS_VNOC_X3Y1,VNOC,credit,0,-1,1
955000,955,0,NOC_NPS_VNOC_X3Y1,VNOC,data_vc,0,5,1
955000,955,1,NOC_NPS_VNOC_X3Y0,VNOC,credit,1,-1,1
955000,955,1,NOC_NPS_VNOC_X3Y0,VNOC,data_vc,1,5,1
956000,956,0,NOC_NPS_VNOC_X3Y1,VNOC,credit,0,-1,1
956000,956,0,NOC_NPS_VNOC_X3Y1,VNOC,data_vc,0,5,1
956000,956,1,NOC_NPS_VNOC_X3Y0,VNOC,credit,1,-1,1
956000,956,1,NOC_NPS_VNOC_X3Y0,VNOC,data_vc,1,5,1
957000,957,0,NOC_NPS_VNOC_X3Y1,VNOC,credit,0,-1,1
957000,957,0,NOC_NPS_VNOC_X3Y1,VNOC,data_vc,0,5,1
957000,957,1,NOC_NPS_VNOC_X3Y0,VNOC,credit,1,-1,1
957000,957,1,NOC_NPS_VNOC_X3Y0,VNOC,data_vc,1,5,1
958000,958,0,NOC_NPS_VNOC_X3Y1,VNOC,credit,0,-1,1
958000,958,0,NOC_NPS_VNOC_X3Y1,VNOC,data_vc,0,5,1
958000,958,1,NOC_NPS_VNOC_X3Y0,VNOC,credit,1,-1,1
958000,958,1,NOC_NPS_VNOC_X3Y0,VNOC,data_vc,1,5,1
959000,959,0,NOC_NPS_VNOC_X3Y1,VNOC,credit,0,-1,1
959000,959,0,NOC_NPS_VNOC_X3Y1,VNOC,data_vc,0,5,1
959000,959,1,NOC_NPS_VNOC_X3Y0,VNOC,credit,1,-1,1
959000,959,1,NOC_NPS_VNOC_X3Y0,VNOC,data_vc,1,5,1
960000,960,0,NOC_NPS_VNOC_X3Y1,VNOC,credit,0,-1,1
960000,960,0,NOC_NPS_VNOC_X3Y1,VNOC,data_vc,0,5,1
960000,960,1,NOC_NPS_VNOC_X3Y0,VNOC,credit,1,-1,1
960000,960,1,NOC_NPS_VNOC_X3Y0,VNOC,data_vc,1,5,1
961000,961,0,NOC_NPS_VNOC_X3Y1,VNOC,credit,0,-1,1
961000,961,0,NOC_NPS_VNOC_X3Y1,VNOC,data_vc,0,5,1
961000,961,1,NOC_NPS_VNOC_X3Y0,VNOC,credit,1,-1,1
961000,961,1,NOC_NPS_VNOC_X3Y0,VNOC,data_vc,1,5,1
962000,962,0,NOC_NPS_VNOC_X3Y1,VNOC,credit,0,-1,1
962000,962,0,NOC_NPS_VNOC_X3Y1,VNOC,data_vc,0,5,1
962000,962,1,NOC_NPS_VNOC_X3Y0,VNOC,credit,1,-1,1
962000,962,1,NOC_NPS_VNOC_X3Y0,VNOC,data_vc,1,5,1
963000,963,0,NOC_NPS_VNOC_X3Y1,VNOC,credit,0,-1,1
963000,963,0,NOC_NPS_VNOC_X3Y1,VNOC,data_vc,0,5,1
963000,963,1,NOC_NPS_VNOC_X3Y0,VNOC,credit,1,-1,1
963000,963,1,NOC_NPS_VNOC_X3Y0,VNOC,data_vc,1,5,1
964000,964,0,NOC_NPS_VNOC_X3Y1,VNOC,credit,0,-1,1
964000,964,0,NOC_NPS_VNOC_X3Y1,VNOC,data_vc,0,5,1
964000,964,1,NOC_NPS_VNOC_X3Y0,VNOC,credit,1,-1,1
964000,964,1,NOC_NPS_VNOC_X3Y0,VNOC,data_vc,1,5,1
965000,965,0,NOC_NPS_VNOC_X3Y1,VNOC,credit,0,-1,1
965000,965,0,NOC_NPS_VNOC_X3Y1,VNOC,data_vc,0,5,1
965000,965,1,NOC_NPS_VNOC_X3Y0,VNOC,credit,1,-1,1
965000,965,1,NOC_NPS_VNOC_X3Y0,VNOC,data_vc,1,5,1
966000,966,0,NOC_NPS_VNOC_X3Y1,VNOC,credit,0,-1,1
966000,966,0,NOC_NPS_VNOC_X3Y1,VNOC,data_vc,0,5,1
966000,966,1,NOC_NPS_VNOC_X3Y0,VNOC,credit,1,-1,1
966000,966,1,NOC_NPS_VNOC_X3Y0,VNOC,data_vc,1,5,1
967000,967,0,NOC_NPS_VNOC_X3Y1,VNOC,credit,0,-1,1
967000,967,0,NOC_NPS_VNOC_X3Y1,VNOC,data_vc,0,5,1
967000,967,1,NOC_NPS_VNOC_X3Y0,VNOC,credit,1,-1,1
967000,967,1,NOC_NPS_VNOC_X3Y0,VNOC,data_vc,1,5,1
968000,968,0,NOC_NPS_VNOC_X3Y1,VNOC,credit,0,-1,1
968000,968,0,NOC_NPS_VNOC_X3Y1,VNOC,data_vc,0,5,1
968000,968,1,NOC_NPS_VNOC_X3Y0,VNOC,credit,1,-1,1
968000,968,1,NOC_NPS_VNOC_X3Y0,VNOC,data_vc,1,5,1
969000,969,0,NOC_NPS_VNOC_X3Y1,VNOC,credit,0,-1,1
969000,969,0,NOC_NPS_VNOC_X3Y1,VNOC,data_vc,0,5,1
969000,969,1,NOC_NPS_VNOC_X3Y0,VNOC,credit,1,-1,1
969000,969,1,NOC_NPS_VNOC_X3Y0,VNOC,data_vc,1,5,1
970000,970,0,NOC_NPS_VNOC_X3Y1,VNOC,credit,0,-1,1
970000,970,0,NOC_NPS_VNOC_X3Y1,VNOC,data_vc,0,5,1
970000,970,1,NOC_NPS_VNOC_X3Y0,VNOC,credit,1,-1,1
970000,970,1,NOC_NPS_VNOC_X3Y0,VNOC,data_vc,1,5,1
971000,971,0,NOC_NPS_VNOC_X3Y1,VNOC,credit,0,-1,1
971000,971,0,NOC_NPS_VNOC_X3Y1,VNOC,data_vc,0,5,1
971000,971,1,NOC_NPS_VNOC_X3Y0,VNOC,credit,1,-1,1
971000,971,1,NOC_NPS_VNOC_X3Y0,VNOC,data_vc,1,5,1
972000,972,0,NOC_NPS_VNOC_X3Y1,VNOC,credit,0,-1,1
972000,972,0,NOC_NPS_VNOC_X3Y1,VNOC,data_vc,0,5,1
972000,972,1,NOC_NPS_VNOC_X3Y0,VNOC,credit,1,-1,1
972000,972,1,NOC_NPS_VNOC_X3Y0,VNOC,data_vc,1,5,1
973000,973,0,NOC_NPS_VNOC_X3Y1,VNOC,credit,0,-1,1
973000,973,0,NOC_NPS_VNOC_X3Y1,VNOC,data_vc,0,5,1
973000,973,1,NOC_NPS_VNOC_X3Y0,VNOC,credit,1,-1,1
973000,973,1,NOC_NPS_VNOC_X3Y0,VNOC,data_vc,1,5,1
974000,974,0,NOC_NPS_VNOC_X3Y1,VNOC,credit,0,-1,1
974000,974,0,NOC_NPS_VNOC_X3Y1,VNOC,data_vc,0,5,1
974000,974,1,NOC_NPS_VNOC_X3Y0,VNOC,credit,1,-1,1
974000,974,1,NOC_NPS_VNOC_X3Y0,VNOC,data_vc,1,5,1
975000,975,0,NOC_NPS_VNOC_X3Y1,VNOC,credit,0,-1,1
975000,975,0,NOC_NPS_VNOC_X3Y1,VNOC,data_vc,0,5,1
975000,975,1,NOC_NPS_VNOC_X3Y0,VNOC,credit,1,-1,1
975000,975,1,NOC_NPS_VNOC_X3Y0,VNOC,data_vc,1,5,1
976000,976,0,NOC_NPS_VNOC_X3Y1,VNOC,credit,0,-1,1
976000,976,0,NOC_NPS_VNOC_X3Y1,VNOC,data_vc,0,5,1
976000,976,1,NOC_NPS_VNOC_X3Y0,VNOC,credit,1,-1,1
976000,976,1,NOC_NPS_VNOC_X3Y0,VNOC,data_vc,1,5,1
977000,977,0,NOC_NPS_VNOC_X3Y1,VNOC,credit,0,-1,1
977000,977,0,NOC_NPS_VNOC_X3Y1,VNOC,data_vc,0,5,1
977000,977,1,NOC_NPS_VNOC_X3Y0,VNOC,credit,1,-1,1
977000,977,1,NOC_NPS_VNOC_X3Y0,VNOC,data_vc,1,5,1
978000,978,0,NOC_NPS_VNOC_X3Y1,VNOC,credit,0,-1,1
978000,978,0,NOC_NPS_VNOC_X3Y1,VNOC,data_vc,0,5,1
978000,978,1,NOC_NPS_VNOC_X3Y0,VNOC,credit,1,-1,1
978000,978,1,NOC_NPS_VNOC_X3Y0,VNOC,data_vc,1,5,1
979000,979,0,NOC_NPS_VNOC_X3Y1,VNOC,credit,0,-1,1
979000,979,0,NOC_NPS_VNOC_X3Y1,VNOC,data_vc,0,5,1
979000,979,1,NOC_NPS_VNOC_X3Y0,VNOC,credit,1,-1,1
979000,979,1,NOC_NPS_VNOC_X3Y0,VNOC,data_vc,1,5,1
980000,980,0,NOC_NPS_VNOC_X3Y1,VNOC,credit,0,-1,1
980000,980,0,NOC_NPS_VNOC_X3Y1,VNOC,data_vc,0,5,1
980000,980,1,NOC_NPS_VNOC_X3Y0,VNOC,credit,1,-1,1
980000,980,1,NOC_NPS_VNOC_X3Y0,VNOC,data_vc,1,5,1
981000,981,0,NOC_NPS_VNOC_X3Y1,VNOC,credit,0,-1,1
981000,981,0,NOC_NPS_VNOC_X3Y1,VNOC,data_vc,0,5,1
981000,981,1,NOC_NPS_VNOC_X3Y0,VNOC,credit,1,-1,1
981000,981,1,NOC_NPS_VNOC_X3Y0,VNOC,data_vc,1,5,1
982000,982,0,NOC_NPS_VNOC_X3Y1,VNOC,credit,0,-1,1
982000,982,0,NOC_NPS_VNOC_X3Y1,VNOC,data_vc,0,5,1
982000,982,1,NOC_NPS_VNOC_X3Y0,VNOC,credit,1,-1,1
982000,982,1,NOC_NPS_VNOC_X3Y0,VNOC,data_vc,1,5,1
983000,983,0,NOC_NPS_VNOC_X3Y1,VNOC,credit,0,-1,1
983000,983,0,NOC_NPS_VNOC_X3Y1,VNOC,data_vc,0,5,1
983000,983,1,NOC_NPS_VNOC_X3Y0,VNOC,credit,1,-1,1
983000,983,1,NOC_NPS_VNOC_X3Y0,VNOC,data_vc,1,5,1
984000,984,0,NOC_NPS_VNOC_X3Y1,VNOC,credit,0,-1,1
984000,984,0,NOC_NPS_VNOC_X3Y1,VNOC,data_vc,0,5,1
984000,984,1,NOC_NPS_VNOC_X3Y0,VNOC,credit,1,-1,1
984000,984,1,NOC_NPS_VNOC_X3Y0,VNOC,data_vc,1,5,1
985000,985,0,NOC_NPS_VNOC_X3Y1,VNOC,credit,0,-1,1
985000,985,0,NOC_NPS_VNOC_X3Y1,VNOC,data_vc,0,5,1
985000,985,1,NOC_NPS_VNOC_X3Y0,VNOC,credit,1,-1,1
985000,985,1,NOC_NPS_VNOC_X3Y0,VNOC,data_vc,1,5,1
986000,986,0,NOC_NPS_VNOC_X3Y1,VNOC,credit,0,-1,1
986000,986,0,NOC_NPS_VNOC_X3Y1,VNOC,data_vc,0,5,1
986000,986,1,NOC_NPS_VNOC_X3Y0,VNOC,credit,1,-1,1
986000,986,1,NOC_NPS_VNOC_X3Y0,VNOC,data_vc,1,5,1
987000,987,0,NOC_NPS_VNOC_X3Y1,VNOC,credit,0,-1,1
987000,987,0,NOC_NPS_VNOC_X3Y1,VNOC,data_vc,0,5,1
987000,987,1,NOC_NPS_VNOC_X3Y0,VNOC,credit,1,-1,1
987000,987,1,NOC_NPS_VNOC_X3Y0,VNOC,data_vc,1,5,1
988000,988,0,NOC_NPS_VNOC_X3Y1,VNOC,credit,0,-1,1
988000,988,0,NOC_NPS_VNOC_X3Y1,VNOC,data_vc,0,5,1
988000,988,1,NOC_NPS_VNOC_X3Y0,VNOC,credit,1,-1,1
988000,988,1,NOC_NPS_VNOC_X3Y0,VNOC,data_vc,1,5,1
989000,989,0,NOC_NPS_VNOC_X3Y1,VNOC,credit,0,-1,1
989000,989,0,NOC_NPS_VNOC_X3Y1,VNOC,data_vc,0,5,1
989000,989,1,NOC_NPS_VNOC_X3Y0,VNOC,credit,1,-1,1
989000,989,1,NOC_NPS_VNOC_X3Y0,VNOC,data_vc,1,5,1
990000,990,0,NOC_NPS_VNOC_X3Y1,VNOC,credit,0,-1,1
990000,990,0,NOC_NPS_VNOC_X3Y1,VNOC,data_vc,0,5,1
990000,990,1,NOC_NPS_VNOC_X3Y0,VNOC,credit,1,-1,1
990000,990,1,NOC_NPS_VNOC_X3Y0,VNOC,data_vc,1,5,1
991000,991,0,NOC_NPS_VNOC_X3Y1,VNOC,credit,0,-1,1
991000,991,0,NOC_NPS_VNOC_X3Y1,VNOC,data_vc,0,5,1
991000,991,1,NOC_NPS_VNOC_X3Y0,VNOC,credit,1,-1,1
991000,991,1,NOC_NPS_VNOC_X3Y0,VNOC,data_vc,1,5,1
992000,992,0,NOC_NPS_VNOC_X3Y1,VNOC,credit,0,-1,1
992000,992,0,NOC_NPS_VNOC_X3Y1,VNOC,data_vc,0,5,1
992000,992,1,NOC_NPS_VNOC_X3Y0,VNOC,credit,1,-1,1
992000,992,1,NOC_NPS_VNOC_X3Y0,VNOC,data_vc,1,5,1
993000,993,0,NOC_NPS_VNOC_X3Y1,VNOC,credit,0,-1,1
993000,993,0,NOC_NPS_VNOC_X3Y1,VNOC,data_vc,0,5,1
993000,993,1,NOC_NPS_VNOC_X3Y0,VNOC,credit,1,-1,1
993000,993,1,NOC_NPS_VNOC_X3Y0,VNOC,data_vc,1,5,1
994000,994,0,NOC_NPS_VNOC_X3Y1,VNOC,credit,0,-1,1
994000,994,0,NOC_NPS_VNOC_X3Y1,VNOC,data_vc,0,5,1
994000,994,1,NOC_NPS_VNOC_X3Y0,VNOC,credit,1,-1,1
994000,994,1,NOC_NPS_VNOC_X3Y0,VNOC,data_vc,1,5,1
995000,995,0,NOC_NPS_VNOC_X3Y1,VNOC,credit,0,-1,1
995000,995,0,NOC_NPS_VNOC_X3Y1,VNOC,data_vc,0,5,1
995000,995,1,NOC_NPS_VNOC_X3Y0,VNOC,credit,1,-1,1
995000,995,1,NOC_NPS_VNOC_X3Y0,VNOC,data_vc,1,5,1
996000,996,0,NOC_NPS_VNOC_X3Y1,VNOC,credit,0,-1,1
996000,996,0,NOC_NPS_VNOC_X3Y1,VNOC,data_vc,0,5,1
996000,996,1,NOC_NPS_VNOC_X3Y0,VNOC,credit,1,-1,1
996000,996,1,NOC_NPS_VNOC_X3Y0,VNOC,data_vc,1,5,1
997000,997,0,NOC_NPS_VNOC_X3Y1,VNOC,credit,0,-1,1
997000,997,0,NOC_NPS_VNOC_X3Y1,VNOC,data_vc,0,5,1
997000,997,1,NOC_NPS_VNOC_X3Y0,VNOC,credit,1,-1,1
997000,997,1,NOC_NPS_VNOC_X3Y0,VNOC,data_vc,1,5,1
998000,998,0,NOC_NPS_VNOC_X3Y1,VNOC,credit,0,-1,1
998000,998,0,NOC_NPS_VNOC_X3Y1,VNOC,data_vc,0,5,1
998000,998,1,NOC_NPS_VNOC_X3Y0,VNOC,credit,1,-1,1
998000,998,1,NOC_NPS_VNOC_X3Y0,VNOC,data_vc,1,5,1
999000,999,0,NOC_NPS_VNOC_X3Y1,VNOC,credit,0,-1,1
999000,999,0,NOC_NPS_VNOC_X3Y1,VNOC,data_vc,0,5,1
999000,999,1,NOC_NPS_VNOC_X3Y0,VNOC,credit,1,-1,1
999000,999,1,NOC_NPS_VNOC_X3Y0,VNOC,data_vc,1,5,1
1000000,1000,0,NOC_NPS_VNOC_X3Y1,VNOC,credit,0,-1,1
1000000,1000,0,NOC_NPS_VNOC_X3Y1,VNOC,data_vc,0,5,1
1000000,1000,1,NOC_NPS_VNOC_X3Y0,VNOC,credit,1,-1,1
1000000,1000,1,NOC_NPS_VNOC_X3Y0,VNOC,data_vc,1,5,1
1001000,1001,0,NOC_NPS_VNOC_X3Y1,VNOC,credit,0,-1,1
1001000,1001,0,NOC_NPS_VNOC_X3Y1,VNOC,data_vc,0,5,1
1001000,1001,1,NOC_NPS_VNOC_X3Y0,VNOC,credit,1,-1,1
1001000,1001,1,NOC_NPS_VNOC_X3Y0,VNOC,data_vc,1,5,1
1002000,1002,0,NOC_NPS_VNOC_X3Y1,VNOC,credit,0,-1,1
1002000,1002,0,NOC_NPS_VNOC_X3Y1,VNOC,data_vc,0,5,1
1002000,1002,1,NOC_NPS_VNOC_X3Y0,VNOC,credit,1,-1,1
1002000,1002,1,NOC_NPS_VNOC_X3Y0,VNOC,data_vc,1,5,1
1003000,1003,0,NOC_NPS_VNOC_X3Y1,VNOC,credit,0,-1,1
1003000,1003,0,NOC_NPS_VNOC_X3Y1,VNOC,data_vc,0,5,1
1003000,1003,1,NOC_NPS_VNOC_X3Y0,VNOC,credit,1,-1,1
1003000,1003,1,NOC_NPS_VNOC_X3Y0,VNOC,data_vc,1,5,1
1004000,1004,0,NOC_NPS_VNOC_X3Y1,VNOC,credit,0,-1,1
1004000,1004,0,NOC_NPS_VNOC_X3Y1,VNOC,data_vc,0,5,1
1004000,1004,1,NOC_NPS_VNOC_X3Y0,VNOC,credit,1,-1,1
1004000,1004,1,NOC_NPS_VNOC_X3Y0,VNOC,data_vc,1,5,1
1005000,1005,0,NOC_NPS_VNOC_X3Y1,VNOC,credit,0,-1,1
1005000,1005,0,NOC_NPS_VNOC_X3Y1,VNOC,data_vc,0,5,1
1005000,1005,1,NOC_NPS_VNOC_X3Y0,VNOC,credit,1,-1,1
1005000,1005,1,NOC_NPS_VNOC_X3Y0,VNOC,data_vc,1,5,1
1006000,1006,0,NOC_NPS_VNOC_X3Y1,VNOC,credit,0,-1,1
1006000,1006,0,NOC_NPS_VNOC_X3Y1,VNOC,data_vc,0,5,1
1006000,1006,1,NOC_NPS_VNOC_X3Y0,VNOC,credit,1,-1,1
1006000,1006,1,NOC_NPS_VNOC_X3Y0,VNOC,data_vc,1,5,1
1007000,1007,0,NOC_NPS_VNOC_X3Y1,VNOC,credit,0,-1,1
1007000,1007,0,NOC_NPS_VNOC_X3Y1,VNOC,data_vc,0,5,1
1007000,1007,1,NOC_NPS_VNOC_X3Y0,VNOC,credit,1,-1,1
1007000,1007,1,NOC_NPS_VNOC_X3Y0,VNOC,data_vc,1,5,1
1008000,1008,0,NOC_NPS_VNOC_X3Y1,VNOC,credit,0,-1,1
1008000,1008,0,NOC_NPS_VNOC_X3Y1,VNOC,data_vc,0,5,1
1008000,1008,1,NOC_NPS_VNOC_X3Y0,VNOC,credit,1,-1,1
1008000,1008,1,NOC_NPS_VNOC_X3Y0,VNOC,data_vc,1,5,1
1009000,1009,0,NOC_NPS_VNOC_X3Y1,VNOC,credit,0,-1,1
1009000,1009,0,NOC_NPS_VNOC_X3Y1,VNOC,data_vc,0,5,1
1009000,1009,1,NOC_NPS_VNOC_X3Y0,VNOC,credit,1,-1,1
1009000,1009,1,NOC_NPS_VNOC_X3Y0,VNOC,data_vc,1,5,1
1010000,1010,0,NOC_NPS_VNOC_X3Y1,VNOC,credit,0,-1,1
1010000,1010,0,NOC_NPS_VNOC_X3Y1,VNOC,data_vc,0,5,1
1010000,1010,1,NOC_NPS_VNOC_X3Y0,VNOC,credit,1,-1,1
1010000,1010,1,NOC_NPS_VNOC_X3Y0,VNOC,data_vc,1,5,1
1011000,1011,0,NOC_NPS_VNOC_X3Y1,VNOC,credit,0,-1,1
1011000,1011,0,NOC_NPS_VNOC_X3Y1,VNOC,data_vc,0,5,1
1011000,1011,1,NOC_NPS_VNOC_X3Y0,VNOC,credit,1,-1,1
1011000,1011,1,NOC_NPS_VNOC_X3Y0,VNOC,data_vc,1,5,1
1012000,1012,0,NOC_NPS_VNOC_X3Y1,VNOC,credit,0,-1,1
1012000,1012,0,NOC_NPS_VNOC_X3Y1,VNOC,data_vc,0,5,1
1012000,1012,1,NOC_NPS_VNOC_X3Y0,VNOC,credit,1,-1,1
1012000,1012,1,NOC_NPS_VNOC_X3Y0,VNOC,data_vc,1,5,1
1013000,1013,0,NOC_NPS_VNOC_X3Y1,VNOC,credit,0,-1,1
1013000,1013,0,NOC_NPS_VNOC_X3Y1,VNOC,data_vc,0,5,1
1013000,1013,1,NOC_NPS_VNOC_X3Y0,VNOC,credit,1,-1,1
1013000,1013,1,NOC_NPS_VNOC_X3Y0,VNOC,data_vc,1,5,1
1014000,1014,0,NOC_NPS_VNOC_X3Y1,VNOC,credit,0,-1,1
1014000,1014,0,NOC_NPS_VNOC_X3Y1,VNOC,data_vc,0,5,1
1014000,1014,1,NOC_NPS_VNOC_X3Y0,VNOC,credit,1,-1,1
1014000,1014,1,NOC_NPS_VNOC_X3Y0,VNOC,data_vc,1,5,1
1015000,1015,0,NOC_NPS_VNOC_X3Y1,VNOC,credit,0,-1,1
1015000,1015,0,NOC_NPS_VNOC_X3Y1,VNOC,data_vc,0,5,1
1015000,1015,1,NOC_NPS_VNOC_X3Y0,VNOC,credit,1,-1,1
1015000,1015,1,NOC_NPS_VNOC_X3Y0,VNOC,data_vc,1,5,1
1016000,1016,0,NOC_NPS_VNOC_X3Y1,VNOC,credit,0,-1,1
1016000,1016,0,NOC_NPS_VNOC_X3Y1,VNOC,data_vc,0,5,1
1016000,1016,1,NOC_NPS_VNOC_X3Y0,VNOC,credit,1,-1,1
1016000,1016,1,NOC_NPS_VNOC_X3Y0,VNOC,data_vc,1,5,1
1017000,1017,0,NOC_NPS_VNOC_X3Y1,VNOC,credit,0,-1,1
1017000,1017,0,NOC_NPS_VNOC_X3Y1,VNOC,data_vc,0,5,1
1017000,1017,1,NOC_NPS_VNOC_X3Y0,VNOC,credit,1,-1,1
1017000,1017,1,NOC_NPS_VNOC_X3Y0,VNOC,data_vc,1,5,1
1018000,1018,0,NOC_NPS_VNOC_X3Y1,VNOC,credit,0,-1,1
1018000,1018,0,NOC_NPS_VNOC_X3Y1,VNOC,data_vc,0,5,1
1018000,1018,1,NOC_NPS_VNOC_X3Y0,VNOC,credit,1,-1,1
1018000,1018,1,NOC_NPS_VNOC_X3Y0,VNOC,data_vc,1,5,1
1019000,1019,0,NOC_NPS_VNOC_X3Y1,VNOC,credit,0,-1,1
1019000,1019,0,NOC_NPS_VNOC_X3Y1,VNOC,data_vc,0,5,1
1019000,1019,1,NOC_NPS_VNOC_X3Y0,VNOC,credit,1,-1,1
1019000,1019,1,NOC_NPS_VNOC_X3Y0,VNOC,data_vc,1,5,1
1020000,1020,0,NOC_NPS_VNOC_X3Y1,VNOC,credit,0,-1,1
1020000,1020,0,NOC_NPS_VNOC_X3Y1,VNOC,data_vc,0,5,1
1020000,1020,1,NOC_NPS_VNOC_X3Y0,VNOC,credit,1,-1,1
1020000,1020,1,NOC_NPS_VNOC_X3Y0,VNOC,data_vc,1,5,1
1021000,1021,0,NOC_NPS_VNOC_X3Y1,VNOC,credit,0,-1,1
1021000,1021,0,NOC_NPS_VNOC_X3Y1,VNOC,data_vc,0,5,1
1021000,1021,1,NOC_NPS_VNOC_X3Y0,VNOC,credit,1,-1,1
1021000,1021,1,NOC_NPS_VNOC_X3Y0,VNOC,data_vc,1,5,1
1022000,1022,0,NOC_NPS_VNOC_X3Y1,VNOC,credit,0,-1,1
1022000,1022,0,NOC_NPS_VNOC_X3Y1,VNOC,data_vc,0,5,1
1022000,1022,1,NOC_NPS_VNOC_X3Y0,VNOC,credit,1,-1,1
1022000,1022,1,NOC_NPS_VNOC_X3Y0,VNOC,data_vc,1,5,1
1023000,1023,0,NOC_NPS_VNOC_X3Y1,VNOC,data_vc,0,5,1
1023000,1023,1,NOC_NPS_VNOC_X3Y0,VNOC,credit,1,-1,1
1023000,1023,1,NOC_NPS_VNOC_X3Y0,VNOC,data_vc,1,5,1
1024000,1024,0,NOC_NPS_VNOC_X3Y1,VNOC,data_vc,0,5,1
1024000,1024,1,NOC_NPS_VNOC_X3Y0,VNOC,credit,1,-1,1
1024000,1024,1,NOC_NPS_VNOC_X3Y0,VNOC,data_vc,1,5,1
1025000,1025,0,NOC_NPS_VNOC_X3Y1,VNOC,credit,0,-1,1
1025000,1025,0,NOC_NPS_VNOC_X3Y1,VNOC,data_vc,0,5,1
1025000,1025,1,NOC_NPS_VNOC_X3Y0,VNOC,data_vc,1,5,1
1026000,1026,0,NOC_NPS_VNOC_X3Y1,VNOC,credit,0,-1,1
1026000,1026,0,NOC_NPS_VNOC_X3Y1,VNOC,data_vc,0,5,1
1026000,1026,1,NOC_NPS_VNOC_X3Y0,VNOC,data_vc,1,5,1
1027000,1027,0,NOC_NPS_VNOC_X3Y1,VNOC,credit,0,-1,1
1027000,1027,0,NOC_NPS_VNOC_X3Y1,VNOC,data_vc,0,5,1
1027000,1027,1,NOC_NPS_VNOC_X3Y0,VNOC,credit,1,-1,1
1027000,1027,1,NOC_NPS_VNOC_X3Y0,VNOC,data_vc,1,5,1
1028000,1028,0,NOC_NPS_VNOC_X3Y1,VNOC,credit,0,-1,1
1028000,1028,0,NOC_NPS_VNOC_X3Y1,VNOC,data_vc,0,5,1
1028000,1028,1,NOC_NPS_VNOC_X3Y0,VNOC,credit,1,-1,1
1028000,1028,1,NOC_NPS_VNOC_X3Y0,VNOC,data_vc,1,5,1
1029000,1029,0,NOC_NPS_VNOC_X3Y1,VNOC,credit,0,-1,1
1029000,1029,0,NOC_NPS_VNOC_X3Y1,VNOC,data_vc,0,5,1
1029000,1029,1,NOC_NPS_VNOC_X3Y0,VNOC,credit,1,-1,1
1029000,1029,1,NOC_NPS_VNOC_X3Y0,VNOC,data_vc,1,5,1
1030000,1030,0,NOC_NPS_VNOC_X3Y1,VNOC,credit,0,-1,1
1030000,1030,0,NOC_NPS_VNOC_X3Y1,VNOC,data_vc,0,5,1
1030000,1030,1,NOC_NPS_VNOC_X3Y0,VNOC,credit,1,-1,1
1030000,1030,1,NOC_NPS_VNOC_X3Y0,VNOC,data_vc,1,5,1
1031000,1031,0,NOC_NPS_VNOC_X3Y1,VNOC,credit,0,-1,1
1031000,1031,0,NOC_NPS_VNOC_X3Y1,VNOC,data_vc,0,5,1
1031000,1031,1,NOC_NPS_VNOC_X3Y0,VNOC,credit,1,-1,1
1031000,1031,1,NOC_NPS_VNOC_X3Y0,VNOC,data_vc,1,5,1
1032000,1032,0,NOC_NPS_VNOC_X3Y1,VNOC,credit,0,-1,1
1032000,1032,0,NOC_NPS_VNOC_X3Y1,VNOC,data_vc,0,5,1
1032000,1032,1,NOC_NPS_VNOC_X3Y0,VNOC,credit,1,-1,1
1032000,1032,1,NOC_NPS_VNOC_X3Y0,VNOC,data_vc,1,5,1
1033000,1033,0,NOC_NPS_VNOC_X3Y1,VNOC,credit,0,-1,1
1033000,1033,0,NOC_NPS_VNOC_X3Y1,VNOC,data_vc,0,5,1
1033000,1033,1,NOC_NPS_VNOC_X3Y0,VNOC,credit,1,-1,1
1033000,1033,1,NOC_NPS_VNOC_X3Y0,VNOC,data_vc,1,5,1
1034000,1034,0,NOC_NPS_VNOC_X3Y1,VNOC,credit,0,-1,1
1034000,1034,0,NOC_NPS_VNOC_X3Y1,VNOC,data_vc,0,5,1
1034000,1034,1,NOC_NPS_VNOC_X3Y0,VNOC,credit,1,-1,1
1034000,1034,1,NOC_NPS_VNOC_X3Y0,VNOC,data_vc,1,5,1
1035000,1035,0,NOC_NPS_VNOC_X3Y1,VNOC,credit,0,-1,1
1035000,1035,0,NOC_NPS_VNOC_X3Y1,VNOC,data_vc,0,5,1
1035000,1035,1,NOC_NPS_VNOC_X3Y0,VNOC,credit,1,-1,1
1035000,1035,1,NOC_NPS_VNOC_X3Y0,VNOC,data_vc,1,5,1
1036000,1036,0,NOC_NPS_VNOC_X3Y1,VNOC,credit,0,-1,1
1036000,1036,0,NOC_NPS_VNOC_X3Y1,VNOC,data_vc,0,5,1
1036000,1036,1,NOC_NPS_VNOC_X3Y0,VNOC,credit,1,-1,1
1036000,1036,1,NOC_NPS_VNOC_X3Y0,VNOC,data_vc,1,5,1
1037000,1037,0,NOC_NPS_VNOC_X3Y1,VNOC,credit,0,-1,1
1037000,1037,0,NOC_NPS_VNOC_X3Y1,VNOC,data_vc,0,5,1
1037000,1037,1,NOC_NPS_VNOC_X3Y0,VNOC,credit,1,-1,1
1037000,1037,1,NOC_NPS_VNOC_X3Y0,VNOC,data_vc,1,5,1
1038000,1038,0,NOC_NPS_VNOC_X3Y1,VNOC,credit,0,-1,1
1038000,1038,0,NOC_NPS_VNOC_X3Y1,VNOC,data_vc,0,5,1
1038000,1038,1,NOC_NPS_VNOC_X3Y0,VNOC,credit,1,-1,1
1038000,1038,1,NOC_NPS_VNOC_X3Y0,VNOC,data_vc,1,5,1
1039000,1039,0,NOC_NPS_VNOC_X3Y1,VNOC,credit,0,-1,1
1039000,1039,0,NOC_NPS_VNOC_X3Y1,VNOC,data_vc,0,5,1
1039000,1039,1,NOC_NPS_VNOC_X3Y0,VNOC,credit,1,-1,1
1039000,1039,1,NOC_NPS_VNOC_X3Y0,VNOC,data_vc,1,5,1
1040000,1040,0,NOC_NPS_VNOC_X3Y1,VNOC,credit,0,-1,1
1040000,1040,0,NOC_NPS_VNOC_X3Y1,VNOC,data_vc,0,5,1
1040000,1040,1,NOC_NPS_VNOC_X3Y0,VNOC,credit,1,-1,1
1040000,1040,1,NOC_NPS_VNOC_X3Y0,VNOC,data_vc,1,5,1
1041000,1041,0,NOC_NPS_VNOC_X3Y1,VNOC,credit,0,-1,1
1041000,1041,0,NOC_NPS_VNOC_X3Y1,VNOC,data_vc,0,5,1
1041000,1041,1,NOC_NPS_VNOC_X3Y0,VNOC,credit,1,-1,1
1041000,1041,1,NOC_NPS_VNOC_X3Y0,VNOC,data_vc,1,5,1
1042000,1042,0,NOC_NPS_VNOC_X3Y1,VNOC,credit,0,-1,1
1042000,1042,0,NOC_NPS_VNOC_X3Y1,VNOC,data_vc,0,5,1
1042000,1042,1,NOC_NPS_VNOC_X3Y0,VNOC,credit,1,-1,1
1042000,1042,1,NOC_NPS_VNOC_X3Y0,VNOC,data_vc,1,5,1
1043000,1043,0,NOC_NPS_VNOC_X3Y1,VNOC,credit,0,-1,1
1043000,1043,0,NOC_NPS_VNOC_X3Y1,VNOC,data_vc,0,5,1
1043000,1043,1,NOC_NPS_VNOC_X3Y0,VNOC,credit,1,-1,1
1043000,1043,1,NOC_NPS_VNOC_X3Y0,VNOC,data_vc,1,5,1
1044000,1044,0,NOC_NPS_VNOC_X3Y1,VNOC,credit,0,-1,1
1044000,1044,0,NOC_NPS_VNOC_X3Y1,VNOC,data_vc,0,5,1
1044000,1044,1,NOC_NPS_VNOC_X3Y0,VNOC,credit,1,-1,1
1044000,1044,1,NOC_NPS_VNOC_X3Y0,VNOC,data_vc,1,5,1
1045000,1045,0,NOC_NPS_VNOC_X3Y1,VNOC,credit,0,-1,1
1045000,1045,0,NOC_NPS_VNOC_X3Y1,VNOC,data_vc,0,5,1
1045000,1045,1,NOC_NPS_VNOC_X3Y0,VNOC,credit,1,-1,1
1045000,1045,1,NOC_NPS_VNOC_X3Y0,VNOC,data_vc,1,5,1
1046000,1046,0,NOC_NPS_VNOC_X3Y1,VNOC,credit,0,-1,1
1046000,1046,0,NOC_NPS_VNOC_X3Y1,VNOC,data_vc,0,5,1
1046000,1046,1,NOC_NPS_VNOC_X3Y0,VNOC,credit,1,-1,1
1046000,1046,1,NOC_NPS_VNOC_X3Y0,VNOC,data_vc,1,5,1
1047000,1047,0,NOC_NPS_VNOC_X3Y1,VNOC,credit,0,-1,1
1047000,1047,0,NOC_NPS_VNOC_X3Y1,VNOC,data_vc,0,5,1
1047000,1047,1,NOC_NPS_VNOC_X3Y0,VNOC,credit,1,-1,1
1047000,1047,1,NOC_NPS_VNOC_X3Y0,VNOC,data_vc,1,5,1
1048000,1048,0,NOC_NPS_VNOC_X3Y1,VNOC,credit,0,-1,1
1048000,1048,0,NOC_NPS_VNOC_X3Y1,VNOC,data_vc,0,5,1
1048000,1048,1,NOC_NPS_VNOC_X3Y0,VNOC,credit,1,-1,1
1048000,1048,1,NOC_NPS_VNOC_X3Y0,VNOC,data_vc,1,5,1
1049000,1049,0,NOC_NPS_VNOC_X3Y1,VNOC,credit,0,-1,1
1049000,1049,0,NOC_NPS_VNOC_X3Y1,VNOC,data_vc,0,5,1
1049000,1049,1,NOC_NPS_VNOC_X3Y0,VNOC,credit,1,-1,1
1049000,1049,1,NOC_NPS_VNOC_X3Y0,VNOC,data_vc,1,5,1
1050000,1050,0,NOC_NPS_VNOC_X3Y1,VNOC,credit,0,-1,1
1050000,1050,0,NOC_NPS_VNOC_X3Y1,VNOC,data_vc,0,5,1
1050000,1050,1,NOC_NPS_VNOC_X3Y0,VNOC,credit,1,-1,1
1050000,1050,1,NOC_NPS_VNOC_X3Y0,VNOC,data_vc,1,5,1
1051000,1051,0,NOC_NPS_VNOC_X3Y1,VNOC,credit,0,-1,1
1051000,1051,0,NOC_NPS_VNOC_X3Y1,VNOC,data_vc,0,5,1
1051000,1051,1,NOC_NPS_VNOC_X3Y0,VNOC,credit,1,-1,1
1051000,1051,1,NOC_NPS_VNOC_X3Y0,VNOC,data_vc,1,5,1
1052000,1052,0,NOC_NPS_VNOC_X3Y1,VNOC,credit,0,-1,1
1052000,1052,0,NOC_NPS_VNOC_X3Y1,VNOC,data_vc,0,5,1
1052000,1052,1,NOC_NPS_VNOC_X3Y0,VNOC,credit,1,-1,1
1052000,1052,1,NOC_NPS_VNOC_X3Y0,VNOC,data_vc,1,5,1
1053000,1053,0,NOC_NPS_VNOC_X3Y1,VNOC,credit,0,-1,1
1053000,1053,0,NOC_NPS_VNOC_X3Y1,VNOC,data_vc,0,5,1
1053000,1053,1,NOC_NPS_VNOC_X3Y0,VNOC,credit,1,-1,1
1053000,1053,1,NOC_NPS_VNOC_X3Y0,VNOC,data_vc,1,5,1
1054000,1054,0,NOC_NPS_VNOC_X3Y1,VNOC,credit,0,-1,1
1054000,1054,0,NOC_NPS_VNOC_X3Y1,VNOC,data_vc,0,5,1
1054000,1054,1,NOC_NPS_VNOC_X3Y0,VNOC,credit,1,-1,1
1054000,1054,1,NOC_NPS_VNOC_X3Y0,VNOC,data_vc,1,5,1
1055000,1055,0,NOC_NPS_VNOC_X3Y1,VNOC,credit,0,-1,1
1055000,1055,0,NOC_NPS_VNOC_X3Y1,VNOC,data_vc,0,5,1
1055000,1055,1,NOC_NPS_VNOC_X3Y0,VNOC,credit,1,-1,1
1055000,1055,1,NOC_NPS_VNOC_X3Y0,VNOC,data_vc,1,5,1
1056000,1056,0,NOC_NPS_VNOC_X3Y1,VNOC,credit,0,-1,1
1056000,1056,0,NOC_NPS_VNOC_X3Y1,VNOC,data_vc,0,5,1
1056000,1056,1,NOC_NPS_VNOC_X3Y0,VNOC,credit,1,-1,1
1056000,1056,1,NOC_NPS_VNOC_X3Y0,VNOC,data_vc,1,5,1
1057000,1057,0,NOC_NPS_VNOC_X3Y1,VNOC,credit,0,-1,1
1057000,1057,0,NOC_NPS_VNOC_X3Y1,VNOC,data_vc,0,5,1
1057000,1057,1,NOC_NPS_VNOC_X3Y0,VNOC,credit,1,-1,1
1057000,1057,1,NOC_NPS_VNOC_X3Y0,VNOC,data_vc,1,5,1
1058000,1058,0,NOC_NPS_VNOC_X3Y1,VNOC,credit,0,-1,1
1058000,1058,0,NOC_NPS_VNOC_X3Y1,VNOC,data_vc,0,5,1
1058000,1058,1,NOC_NPS_VNOC_X3Y0,VNOC,credit,1,-1,1
1058000,1058,1,NOC_NPS_VNOC_X3Y0,VNOC,data_vc,1,5,1
1059000,1059,0,NOC_NPS_VNOC_X3Y1,VNOC,credit,0,-1,1
1059000,1059,0,NOC_NPS_VNOC_X3Y1,VNOC,data_vc,0,5,1
1059000,1059,1,NOC_NPS_VNOC_X3Y0,VNOC,credit,1,-1,1
1059000,1059,1,NOC_NPS_VNOC_X3Y0,VNOC,data_vc,1,5,1
1060000,1060,0,NOC_NPS_VNOC_X3Y1,VNOC,credit,0,-1,1
1060000,1060,0,NOC_NPS_VNOC_X3Y1,VNOC,data_vc,0,5,1
1060000,1060,1,NOC_NPS_VNOC_X3Y0,VNOC,credit,1,-1,1
1060000,1060,1,NOC_NPS_VNOC_X3Y0,VNOC,data_vc,1,5,1
1061000,1061,0,NOC_NPS_VNOC_X3Y1,VNOC,credit,0,-1,1
1061000,1061,0,NOC_NPS_VNOC_X3Y1,VNOC,data_vc,0,5,1
1061000,1061,1,NOC_NPS_VNOC_X3Y0,VNOC,credit,1,-1,1
1061000,1061,1,NOC_NPS_VNOC_X3Y0,VNOC,data_vc,1,5,1
1062000,1062,0,NOC_NPS_VNOC_X3Y1,VNOC,credit,0,-1,1
1062000,1062,0,NOC_NPS_VNOC_X3Y1,VNOC,data_vc,0,5,1
1062000,1062,1,NOC_NPS_VNOC_X3Y0,VNOC,credit,1,-1,1
1062000,1062,1,NOC_NPS_VNOC_X3Y0,VNOC,data_vc,1,5,1
1063000,1063,0,NOC_NPS_VNOC_X3Y1,VNOC,credit,0,-1,1
1063000,1063,0,NOC_NPS_VNOC_X3Y1,VNOC,data_vc,0,5,1
1063000,1063,1,NOC_NPS_VNOC_X3Y0,VNOC,credit,1,-1,1
1063000,1063,1,NOC_NPS_VNOC_X3Y0,VNOC,data_vc,1,5,1
1064000,1064,0,NOC_NPS_VNOC_X3Y1,VNOC,credit,0,-1,1
1064000,1064,0,NOC_NPS_VNOC_X3Y1,VNOC,data_vc,0,5,1
1064000,1064,1,NOC_NPS_VNOC_X3Y0,VNOC,credit,1,-1,1
1064000,1064,1,NOC_NPS_VNOC_X3Y0,VNOC,data_vc,1,5,1
1065000,1065,0,NOC_NPS_VNOC_X3Y1,VNOC,credit,0,-1,1
1065000,1065,0,NOC_NPS_VNOC_X3Y1,VNOC,data_vc,0,5,1
1065000,1065,1,NOC_NPS_VNOC_X3Y0,VNOC,credit,1,-1,1
1065000,1065,1,NOC_NPS_VNOC_X3Y0,VNOC,data_vc,1,5,1
1066000,1066,0,NOC_NPS_VNOC_X3Y1,VNOC,credit,0,-1,1
1066000,1066,0,NOC_NPS_VNOC_X3Y1,VNOC,data_vc,0,5,1
1066000,1066,1,NOC_NPS_VNOC_X3Y0,VNOC,credit,1,-1,1
1066000,1066,1,NOC_NPS_VNOC_X3Y0,VNOC,data_vc,1,5,1
1067000,1067,0,NOC_NPS_VNOC_X3Y1,VNOC,credit,0,-1,1
1067000,1067,0,NOC_NPS_VNOC_X3Y1,VNOC,data_vc,0,5,1
1067000,1067,1,NOC_NPS_VNOC_X3Y0,VNOC,credit,1,-1,1
1067000,1067,1,NOC_NPS_VNOC_X3Y0,VNOC,data_vc,1,5,1
1068000,1068,0,NOC_NPS_VNOC_X3Y1,VNOC,credit,0,-1,1
1068000,1068,0,NOC_NPS_VNOC_X3Y1,VNOC,data_vc,0,5,1
1068000,1068,1,NOC_NPS_VNOC_X3Y0,VNOC,credit,1,-1,1
1068000,1068,1,NOC_NPS_VNOC_X3Y0,VNOC,data_vc,1,5,1
1069000,1069,0,NOC_NPS_VNOC_X3Y1,VNOC,credit,0,-1,1
1069000,1069,0,NOC_NPS_VNOC_X3Y1,VNOC,data_vc,0,5,1
1069000,1069,1,NOC_NPS_VNOC_X3Y0,VNOC,credit,1,-1,1
1069000,1069,1,NOC_NPS_VNOC_X3Y0,VNOC,data_vc,1,5,1
1070000,1070,0,NOC_NPS_VNOC_X3Y1,VNOC,credit,0,-1,1
1070000,1070,0,NOC_NPS_VNOC_X3Y1,VNOC,data_vc,0,5,1
1070000,1070,1,NOC_NPS_VNOC_X3Y0,VNOC,credit,1,-1,1
1070000,1070,1,NOC_NPS_VNOC_X3Y0,VNOC,data_vc,1,5,1
1071000,1071,0,NOC_NPS_VNOC_X3Y1,VNOC,credit,0,-1,1
1071000,1071,0,NOC_NPS_VNOC_X3Y1,VNOC,data_vc,0,5,1
1071000,1071,1,NOC_NPS_VNOC_X3Y0,VNOC,credit,1,-1,1
1071000,1071,1,NOC_NPS_VNOC_X3Y0,VNOC,data_vc,1,5,1
1072000,1072,0,NOC_NPS_VNOC_X3Y1,VNOC,credit,0,-1,1
1072000,1072,0,NOC_NPS_VNOC_X3Y1,VNOC,data_vc,0,5,1
1072000,1072,1,NOC_NPS_VNOC_X3Y0,VNOC,credit,1,-1,1
1072000,1072,1,NOC_NPS_VNOC_X3Y0,VNOC,data_vc,1,5,1
1073000,1073,0,NOC_NPS_VNOC_X3Y1,VNOC,credit,0,-1,1
1073000,1073,0,NOC_NPS_VNOC_X3Y1,VNOC,data_vc,0,5,1
1073000,1073,1,NOC_NPS_VNOC_X3Y0,VNOC,credit,1,-1,1
1073000,1073,1,NOC_NPS_VNOC_X3Y0,VNOC,data_vc,1,5,1
1074000,1074,0,NOC_NPS_VNOC_X3Y1,VNOC,credit,0,-1,1
1074000,1074,0,NOC_NPS_VNOC_X3Y1,VNOC,data_vc,0,5,1
1074000,1074,1,NOC_NPS_VNOC_X3Y0,VNOC,credit,1,-1,1
1074000,1074,1,NOC_NPS_VNOC_X3Y0,VNOC,data_vc,1,5,1
1075000,1075,0,NOC_NPS_VNOC_X3Y1,VNOC,credit,0,-1,1
1075000,1075,0,NOC_NPS_VNOC_X3Y1,VNOC,data_vc,0,5,1
1075000,1075,1,NOC_NPS_VNOC_X3Y0,VNOC,credit,1,-1,1
1075000,1075,1,NOC_NPS_VNOC_X3Y0,VNOC,data_vc,1,5,1
1076000,1076,0,NOC_NPS_VNOC_X3Y1,VNOC,credit,0,-1,1
1076000,1076,0,NOC_NPS_VNOC_X3Y1,VNOC,data_vc,0,5,1
1076000,1076,1,NOC_NPS_VNOC_X3Y0,VNOC,credit,1,-1,1
1076000,1076,1,NOC_NPS_VNOC_X3Y0,VNOC,data_vc,1,5,1
1077000,1077,0,NOC_NPS_VNOC_X3Y1,VNOC,credit,0,-1,1
1077000,1077,0,NOC_NPS_VNOC_X3Y1,VNOC,data_vc,0,5,1
1077000,1077,1,NOC_NPS_VNOC_X3Y0,VNOC,credit,1,-1,1
1077000,1077,1,NOC_NPS_VNOC_X3Y0,VNOC,data_vc,1,5,1
1078000,1078,0,NOC_NPS_VNOC_X3Y1,VNOC,credit,0,-1,1
1078000,1078,0,NOC_NPS_VNOC_X3Y1,VNOC,data_vc,0,5,1
1078000,1078,1,NOC_NPS_VNOC_X3Y0,VNOC,credit,1,-1,1
1078000,1078,1,NOC_NPS_VNOC_X3Y0,VNOC,data_vc,1,5,1
1079000,1079,0,NOC_NPS_VNOC_X3Y1,VNOC,credit,0,-1,1
1079000,1079,0,NOC_NPS_VNOC_X3Y1,VNOC,data_vc,0,5,1
1079000,1079,1,NOC_NPS_VNOC_X3Y0,VNOC,credit,1,-1,1
1079000,1079,1,NOC_NPS_VNOC_X3Y0,VNOC,data_vc,1,5,1
1080000,1080,0,NOC_NPS_VNOC_X3Y1,VNOC,credit,0,-1,1
1080000,1080,0,NOC_NPS_VNOC_X3Y1,VNOC,data_vc,0,5,1
1080000,1080,1,NOC_NPS_VNOC_X3Y0,VNOC,credit,1,-1,1
1080000,1080,1,NOC_NPS_VNOC_X3Y0,VNOC,data_vc,1,5,1
1081000,1081,0,NOC_NPS_VNOC_X3Y1,VNOC,credit,0,-1,1
1081000,1081,0,NOC_NPS_VNOC_X3Y1,VNOC,data_vc,0,5,1
1081000,1081,1,NOC_NPS_VNOC_X3Y0,VNOC,credit,1,-1,1
1081000,1081,1,NOC_NPS_VNOC_X3Y0,VNOC,data_vc,1,5,1
1082000,1082,0,NOC_NPS_VNOC_X3Y1,VNOC,credit,0,-1,1
1082000,1082,0,NOC_NPS_VNOC_X3Y1,VNOC,data_vc,0,5,1
1082000,1082,1,NOC_NPS_VNOC_X3Y0,VNOC,credit,1,-1,1
1082000,1082,1,NOC_NPS_VNOC_X3Y0,VNOC,data_vc,1,5,1
1083000,1083,0,NOC_NPS_VNOC_X3Y1,VNOC,credit,0,-1,1
1083000,1083,0,NOC_NPS_VNOC_X3Y1,VNOC,data_vc,0,5,1
1083000,1083,1,NOC_NPS_VNOC_X3Y0,VNOC,credit,1,-1,1
1083000,1083,1,NOC_NPS_VNOC_X3Y0,VNOC,data_vc,1,5,1
1084000,1084,0,NOC_NPS_VNOC_X3Y1,VNOC,credit,0,-1,1
1084000,1084,0,NOC_NPS_VNOC_X3Y1,VNOC,data_vc,0,5,1
1084000,1084,1,NOC_NPS_VNOC_X3Y0,VNOC,credit,1,-1,1
1084000,1084,1,NOC_NPS_VNOC_X3Y0,VNOC,data_vc,1,5,1
1085000,1085,0,NOC_NPS_VNOC_X3Y1,VNOC,credit,0,-1,1
1085000,1085,0,NOC_NPS_VNOC_X3Y1,VNOC,data_vc,0,5,1
1085000,1085,1,NOC_NPS_VNOC_X3Y0,VNOC,credit,1,-1,1
1085000,1085,1,NOC_NPS_VNOC_X3Y0,VNOC,data_vc,1,5,1
1086000,1086,0,NOC_NPS_VNOC_X3Y1,VNOC,credit,0,-1,1
1086000,1086,0,NOC_NPS_VNOC_X3Y1,VNOC,data_vc,0,5,1
1086000,1086,1,NOC_NPS_VNOC_X3Y0,VNOC,credit,1,-1,1
1086000,1086,1,NOC_NPS_VNOC_X3Y0,VNOC,data_vc,1,5,1
1087000,1087,0,NOC_NPS_VNOC_X3Y1,VNOC,credit,0,-1,1
1087000,1087,0,NOC_NPS_VNOC_X3Y1,VNOC,data_vc,0,5,1
1087000,1087,1,NOC_NPS_VNOC_X3Y0,VNOC,credit,1,-1,1
1087000,1087,1,NOC_NPS_VNOC_X3Y0,VNOC,data_vc,1,5,1
1088000,1088,0,NOC_NPS_VNOC_X3Y1,VNOC,credit,0,-1,1
1088000,1088,0,NOC_NPS_VNOC_X3Y1,VNOC,data_vc,0,5,1
1088000,1088,1,NOC_NPS_VNOC_X3Y0,VNOC,credit,1,-1,1
1088000,1088,1,NOC_NPS_VNOC_X3Y0,VNOC,data_vc,1,5,1
1089000,1089,0,NOC_NPS_VNOC_X3Y1,VNOC,credit,0,-1,1
1089000,1089,0,NOC_NPS_VNOC_X3Y1,VNOC,data_vc,0,5,1
1089000,1089,1,NOC_NPS_VNOC_X3Y0,VNOC,credit,1,-1,1
1089000,1089,1,NOC_NPS_VNOC_X3Y0,VNOC,data_vc,1,5,1
1090000,1090,0,NOC_NPS_VNOC_X3Y1,VNOC,credit,0,-1,1
1090000,1090,0,NOC_NPS_VNOC_X3Y1,VNOC,data_vc,0,5,1
1090000,1090,1,NOC_NPS_VNOC_X3Y0,VNOC,credit,1,-1,1
1090000,1090,1,NOC_NPS_VNOC_X3Y0,VNOC,data_vc,1,5,1
1091000,1091,0,NOC_NPS_VNOC_X3Y1,VNOC,credit,0,-1,1
1091000,1091,0,NOC_NPS_VNOC_X3Y1,VNOC,data_vc,0,5,1
1091000,1091,1,NOC_NPS_VNOC_X3Y0,VNOC,credit,1,-1,1
1091000,1091,1,NOC_NPS_VNOC_X3Y0,VNOC,data_vc,1,5,1
1092000,1092,0,NOC_NPS_VNOC_X3Y1,VNOC,credit,0,-1,1
1092000,1092,0,NOC_NPS_VNOC_X3Y1,VNOC,data_vc,0,5,1
1092000,1092,1,NOC_NPS_VNOC_X3Y0,VNOC,credit,1,-1,1
1092000,1092,1,NOC_NPS_VNOC_X3Y0,VNOC,data_vc,1,5,1
1093000,1093,0,NOC_NPS_VNOC_X3Y1,VNOC,credit,0,-1,1
1093000,1093,0,NOC_NPS_VNOC_X3Y1,VNOC,data_vc,0,5,1
1093000,1093,1,NOC_NPS_VNOC_X3Y0,VNOC,credit,1,-1,1
1093000,1093,1,NOC_NPS_VNOC_X3Y0,VNOC,data_vc,1,5,1
1094000,1094,0,NOC_NPS_VNOC_X3Y1,VNOC,credit,0,-1,1
1094000,1094,0,NOC_NPS_VNOC_X3Y1,VNOC,data_vc,0,5,1
1094000,1094,1,NOC_NPS_VNOC_X3Y0,VNOC,credit,1,-1,1
1094000,1094,1,NOC_NPS_VNOC_X3Y0,VNOC,data_vc,1,5,1
1095000,1095,0,NOC_NPS_VNOC_X3Y1,VNOC,credit,0,-1,1
1095000,1095,0,NOC_NPS_VNOC_X3Y1,VNOC,data_vc,0,5,1
1095000,1095,1,NOC_NPS_VNOC_X3Y0,VNOC,credit,1,-1,1
1095000,1095,1,NOC_NPS_VNOC_X3Y0,VNOC,data_vc,1,5,1
1096000,1096,0,NOC_NPS_VNOC_X3Y1,VNOC,credit,0,-1,1
1096000,1096,0,NOC_NPS_VNOC_X3Y1,VNOC,data_vc,0,5,1
1096000,1096,1,NOC_NPS_VNOC_X3Y0,VNOC,credit,1,-1,1
1096000,1096,1,NOC_NPS_VNOC_X3Y0,VNOC,data_vc,1,5,1
1097000,1097,0,NOC_NPS_VNOC_X3Y1,VNOC,credit,0,-1,1
1097000,1097,0,NOC_NPS_VNOC_X3Y1,VNOC,data_vc,0,5,1
1097000,1097,1,NOC_NPS_VNOC_X3Y0,VNOC,credit,1,-1,1
1097000,1097,1,NOC_NPS_VNOC_X3Y0,VNOC,data_vc,1,5,1
1098000,1098,0,NOC_NPS_VNOC_X3Y1,VNOC,credit,0,-1,1
1098000,1098,0,NOC_NPS_VNOC_X3Y1,VNOC,data_vc,0,5,1
1098000,1098,1,NOC_NPS_VNOC_X3Y0,VNOC,credit,1,-1,1
1098000,1098,1,NOC_NPS_VNOC_X3Y0,VNOC,data_vc,1,5,1
1099000,1099,0,NOC_NPS_VNOC_X3Y1,VNOC,credit,0,-1,1
1099000,1099,0,NOC_NPS_VNOC_X3Y1,VNOC,data_vc,0,5,1
1099000,1099,1,NOC_NPS_VNOC_X3Y0,VNOC,credit,1,-1,1
1099000,1099,1,NOC_NPS_VNOC_X3Y0,VNOC,data_vc,1,5,1
1100000,1100,0,NOC_NPS_VNOC_X3Y1,VNOC,credit,0,-1,1
1100000,1100,0,NOC_NPS_VNOC_X3Y1,VNOC,data_vc,0,5,1
1100000,1100,1,NOC_NPS_VNOC_X3Y0,VNOC,credit,1,-1,1
1100000,1100,1,NOC_NPS_VNOC_X3Y0,VNOC,data_vc,1,5,1
1101000,1101,0,NOC_NPS_VNOC_X3Y1,VNOC,credit,0,-1,1
1101000,1101,0,NOC_NPS_VNOC_X3Y1,VNOC,data_vc,0,5,1
1101000,1101,1,NOC_NPS_VNOC_X3Y0,VNOC,credit,1,-1,1
1101000,1101,1,NOC_NPS_VNOC_X3Y0,VNOC,data_vc,1,5,1
1102000,1102,0,NOC_NPS_VNOC_X3Y1,VNOC,credit,0,-1,1
1102000,1102,0,NOC_NPS_VNOC_X3Y1,VNOC,data_vc,0,5,1
1102000,1102,1,NOC_NPS_VNOC_X3Y0,VNOC,credit,1,-1,1
1102000,1102,1,NOC_NPS_VNOC_X3Y0,VNOC,data_vc,1,5,1
1103000,1103,0,NOC_NPS_VNOC_X3Y1,VNOC,credit,0,-1,1
1103000,1103,0,NOC_NPS_VNOC_X3Y1,VNOC,data_vc,0,5,1
1103000,1103,1,NOC_NPS_VNOC_X3Y0,VNOC,credit,1,-1,1
1103000,1103,1,NOC_NPS_VNOC_X3Y0,VNOC,data_vc,1,5,1
1104000,1104,0,NOC_NPS_VNOC_X3Y1,VNOC,credit,0,-1,1
1104000,1104,0,NOC_NPS_VNOC_X3Y1,VNOC,data_vc,0,5,1
1104000,1104,1,NOC_NPS_VNOC_X3Y0,VNOC,credit,1,-1,1
1104000,1104,1,NOC_NPS_VNOC_X3Y0,VNOC,data_vc,1,5,1
1105000,1105,0,NOC_NPS_VNOC_X3Y1,VNOC,credit,0,-1,1
1105000,1105,0,NOC_NPS_VNOC_X3Y1,VNOC,data_vc,0,5,1
1105000,1105,1,NOC_NPS_VNOC_X3Y0,VNOC,credit,1,-1,1
1105000,1105,1,NOC_NPS_VNOC_X3Y0,VNOC,data_vc,1,5,1
1106000,1106,0,NOC_NPS_VNOC_X3Y1,VNOC,credit,0,-1,1
1106000,1106,0,NOC_NPS_VNOC_X3Y1,VNOC,data_vc,0,5,1
1106000,1106,1,NOC_NPS_VNOC_X3Y0,VNOC,credit,1,-1,1
1106000,1106,1,NOC_NPS_VNOC_X3Y0,VNOC,data_vc,1,5,1
1107000,1107,0,NOC_NPS_VNOC_X3Y1,VNOC,credit,0,-1,1
1107000,1107,0,NOC_NPS_VNOC_X3Y1,VNOC,data_vc,0,5,1
1107000,1107,1,NOC_NPS_VNOC_X3Y0,VNOC,credit,1,-1,1
1107000,1107,1,NOC_NPS_VNOC_X3Y0,VNOC,data_vc,1,5,1
1108000,1108,0,NOC_NPS_VNOC_X3Y1,VNOC,credit,0,-1,1
1108000,1108,0,NOC_NPS_VNOC_X3Y1,VNOC,data_vc,0,5,1
1108000,1108,1,NOC_NPS_VNOC_X3Y0,VNOC,credit,1,-1,1
1108000,1108,1,NOC_NPS_VNOC_X3Y0,VNOC,data_vc,1,5,1
1109000,1109,0,NOC_NPS_VNOC_X3Y1,VNOC,credit,0,-1,1
1109000,1109,0,NOC_NPS_VNOC_X3Y1,VNOC,data_vc,0,5,1
1109000,1109,1,NOC_NPS_VNOC_X3Y0,VNOC,credit,1,-1,1
1109000,1109,1,NOC_NPS_VNOC_X3Y0,VNOC,data_vc,1,5,1
1110000,1110,0,NOC_NPS_VNOC_X3Y1,VNOC,credit,0,-1,1
1110000,1110,0,NOC_NPS_VNOC_X3Y1,VNOC,data_vc,0,5,1
1110000,1110,1,NOC_NPS_VNOC_X3Y0,VNOC,credit,1,-1,1
1110000,1110,1,NOC_NPS_VNOC_X3Y0,VNOC,data_vc,1,5,1
1111000,1111,0,NOC_NPS_VNOC_X3Y1,VNOC,credit,0,-1,1
1111000,1111,0,NOC_NPS_VNOC_X3Y1,VNOC,data_vc,0,5,1
1111000,1111,1,NOC_NPS_VNOC_X3Y0,VNOC,credit,1,-1,1
1111000,1111,1,NOC_NPS_VNOC_X3Y0,VNOC,data_vc,1,5,1
1112000,1112,0,NOC_NPS_VNOC_X3Y1,VNOC,credit,0,-1,1
1112000,1112,0,NOC_NPS_VNOC_X3Y1,VNOC,data_vc,0,5,1
1112000,1112,1,NOC_NPS_VNOC_X3Y0,VNOC,credit,1,-1,1
1112000,1112,1,NOC_NPS_VNOC_X3Y0,VNOC,data_vc,1,5,1
1113000,1113,0,NOC_NPS_VNOC_X3Y1,VNOC,credit,0,-1,1
1113000,1113,0,NOC_NPS_VNOC_X3Y1,VNOC,data_vc,0,5,1
1113000,1113,1,NOC_NPS_VNOC_X3Y0,VNOC,credit,1,-1,1
1113000,1113,1,NOC_NPS_VNOC_X3Y0,VNOC,data_vc,1,5,1
1114000,1114,0,NOC_NPS_VNOC_X3Y1,VNOC,credit,0,-1,1
1114000,1114,0,NOC_NPS_VNOC_X3Y1,VNOC,data_vc,0,5,1
1114000,1114,1,NOC_NPS_VNOC_X3Y0,VNOC,credit,1,-1,1
1114000,1114,1,NOC_NPS_VNOC_X3Y0,VNOC,data_vc,1,5,1
1115000,1115,0,NOC_NPS_VNOC_X3Y1,VNOC,credit,0,-1,1
1115000,1115,0,NOC_NPS_VNOC_X3Y1,VNOC,data_vc,0,5,1
1115000,1115,1,NOC_NPS_VNOC_X3Y0,VNOC,credit,1,-1,1
1115000,1115,1,NOC_NPS_VNOC_X3Y0,VNOC,data_vc,1,5,1
1116000,1116,0,NOC_NPS_VNOC_X3Y1,VNOC,credit,0,-1,1
1116000,1116,0,NOC_NPS_VNOC_X3Y1,VNOC,data_vc,0,5,1
1116000,1116,1,NOC_NPS_VNOC_X3Y0,VNOC,credit,1,-1,1
1116000,1116,1,NOC_NPS_VNOC_X3Y0,VNOC,data_vc,1,5,1
1117000,1117,0,NOC_NPS_VNOC_X3Y1,VNOC,credit,0,-1,1
1117000,1117,1,NOC_NPS_VNOC_X3Y0,VNOC,credit,1,-1,1
1117000,1117,1,NOC_NPS_VNOC_X3Y0,VNOC,data_vc,1,5,1
1118000,1118,0,NOC_NPS_VNOC_X3Y1,VNOC,credit,0,-1,1
1118000,1118,1,NOC_NPS_VNOC_X3Y0,VNOC,credit,1,-1,1
1118000,1118,1,NOC_NPS_VNOC_X3Y0,VNOC,data_vc,1,5,1
1119000,1119,0,NOC_NPS_VNOC_X3Y1,VNOC,credit,0,-1,1
1119000,1119,0,NOC_NPS_VNOC_X3Y1,VNOC,data_vc,0,5,1
1119000,1119,1,NOC_NPS_VNOC_X3Y0,VNOC,credit,1,-1,1
1120000,1120,0,NOC_NPS_VNOC_X3Y1,VNOC,credit,0,-1,1
1120000,1120,0,NOC_NPS_VNOC_X3Y1,VNOC,data_vc,0,5,1
1120000,1120,1,NOC_NPS_VNOC_X3Y0,VNOC,credit,1,-1,1
1121000,1121,0,NOC_NPS_VNOC_X3Y1,VNOC,credit,0,-1,1
1121000,1121,0,NOC_NPS_VNOC_X3Y1,VNOC,data_vc,0,5,1
1121000,1121,1,NOC_NPS_VNOC_X3Y0,VNOC,credit,1,-1,1
1121000,1121,1,NOC_NPS_VNOC_X3Y0,VNOC,data_vc,1,5,1
1122000,1122,0,NOC_NPS_VNOC_X3Y1,VNOC,credit,0,-1,1
1122000,1122,0,NOC_NPS_VNOC_X3Y1,VNOC,data_vc,0,5,1
1122000,1122,1,NOC_NPS_VNOC_X3Y0,VNOC,credit,1,-1,1
1122000,1122,1,NOC_NPS_VNOC_X3Y0,VNOC,data_vc,1,5,1
1123000,1123,0,NOC_NPS_VNOC_X3Y1,VNOC,credit,0,-1,1
1123000,1123,0,NOC_NPS_VNOC_X3Y1,VNOC,data_vc,0,5,1
1123000,1123,1,NOC_NPS_VNOC_X3Y0,VNOC,credit,1,-1,1
1123000,1123,1,NOC_NPS_VNOC_X3Y0,VNOC,data_vc,1,5,1
1124000,1124,0,NOC_NPS_VNOC_X3Y1,VNOC,credit,0,-1,1
1124000,1124,0,NOC_NPS_VNOC_X3Y1,VNOC,data_vc,0,5,1
1124000,1124,1,NOC_NPS_VNOC_X3Y0,VNOC,credit,1,-1,1
1124000,1124,1,NOC_NPS_VNOC_X3Y0,VNOC,data_vc,1,5,1
1125000,1125,0,NOC_NPS_VNOC_X3Y1,VNOC,credit,0,-1,1
1125000,1125,0,NOC_NPS_VNOC_X3Y1,VNOC,data_vc,0,5,1
1125000,1125,1,NOC_NPS_VNOC_X3Y0,VNOC,credit,1,-1,1
1125000,1125,1,NOC_NPS_VNOC_X3Y0,VNOC,data_vc,1,5,1
1126000,1126,0,NOC_NPS_VNOC_X3Y1,VNOC,credit,0,-1,1
1126000,1126,0,NOC_NPS_VNOC_X3Y1,VNOC,data_vc,0,5,1
1126000,1126,1,NOC_NPS_VNOC_X3Y0,VNOC,credit,1,-1,1
1126000,1126,1,NOC_NPS_VNOC_X3Y0,VNOC,data_vc,1,5,1
1127000,1127,0,NOC_NPS_VNOC_X3Y1,VNOC,credit,0,-1,1
1127000,1127,0,NOC_NPS_VNOC_X3Y1,VNOC,data_vc,0,5,1
1127000,1127,1,NOC_NPS_VNOC_X3Y0,VNOC,credit,1,-1,1
1127000,1127,1,NOC_NPS_VNOC_X3Y0,VNOC,data_vc,1,5,1
1128000,1128,0,NOC_NPS_VNOC_X3Y1,VNOC,credit,0,-1,1
1128000,1128,0,NOC_NPS_VNOC_X3Y1,VNOC,data_vc,0,5,1
1128000,1128,1,NOC_NPS_VNOC_X3Y0,VNOC,credit,1,-1,1
1128000,1128,1,NOC_NPS_VNOC_X3Y0,VNOC,data_vc,1,5,1
1129000,1129,0,NOC_NPS_VNOC_X3Y1,VNOC,credit,0,-1,1
1129000,1129,0,NOC_NPS_VNOC_X3Y1,VNOC,data_vc,0,5,1
1129000,1129,1,NOC_NPS_VNOC_X3Y0,VNOC,credit,1,-1,1
1129000,1129,1,NOC_NPS_VNOC_X3Y0,VNOC,data_vc,1,5,1
1130000,1130,0,NOC_NPS_VNOC_X3Y1,VNOC,credit,0,-1,1
1130000,1130,0,NOC_NPS_VNOC_X3Y1,VNOC,data_vc,0,5,1
1130000,1130,1,NOC_NPS_VNOC_X3Y0,VNOC,credit,1,-1,1
1130000,1130,1,NOC_NPS_VNOC_X3Y0,VNOC,data_vc,1,5,1
1131000,1131,0,NOC_NPS_VNOC_X3Y1,VNOC,credit,0,-1,1
1131000,1131,0,NOC_NPS_VNOC_X3Y1,VNOC,data_vc,0,5,1
1131000,1131,1,NOC_NPS_VNOC_X3Y0,VNOC,credit,1,-1,1
1131000,1131,1,NOC_NPS_VNOC_X3Y0,VNOC,data_vc,1,5,1
1132000,1132,0,NOC_NPS_VNOC_X3Y1,VNOC,credit,0,-1,1
1132000,1132,0,NOC_NPS_VNOC_X3Y1,VNOC,data_vc,0,5,1
1132000,1132,1,NOC_NPS_VNOC_X3Y0,VNOC,credit,1,-1,1
1132000,1132,1,NOC_NPS_VNOC_X3Y0,VNOC,data_vc,1,5,1
1133000,1133,0,NOC_NPS_VNOC_X3Y1,VNOC,credit,0,-1,1
1133000,1133,0,NOC_NPS_VNOC_X3Y1,VNOC,data_vc,0,5,1
1133000,1133,1,NOC_NPS_VNOC_X3Y0,VNOC,credit,1,-1,1
1133000,1133,1,NOC_NPS_VNOC_X3Y0,VNOC,data_vc,1,5,1
1134000,1134,0,NOC_NPS_VNOC_X3Y1,VNOC,credit,0,-1,1
1134000,1134,0,NOC_NPS_VNOC_X3Y1,VNOC,data_vc,0,5,1
1134000,1134,1,NOC_NPS_VNOC_X3Y0,VNOC,credit,1,-1,1
1134000,1134,1,NOC_NPS_VNOC_X3Y0,VNOC,data_vc,1,5,1
1135000,1135,0,NOC_NPS_VNOC_X3Y1,VNOC,credit,0,-1,1
1135000,1135,0,NOC_NPS_VNOC_X3Y1,VNOC,data_vc,0,5,1
1135000,1135,1,NOC_NPS_VNOC_X3Y0,VNOC,credit,1,-1,1
1135000,1135,1,NOC_NPS_VNOC_X3Y0,VNOC,data_vc,1,5,1
1136000,1136,0,NOC_NPS_VNOC_X3Y1,VNOC,credit,0,-1,1
1136000,1136,0,NOC_NPS_VNOC_X3Y1,VNOC,data_vc,0,5,1
1136000,1136,1,NOC_NPS_VNOC_X3Y0,VNOC,credit,1,-1,1
1136000,1136,1,NOC_NPS_VNOC_X3Y0,VNOC,data_vc,1,5,1
1137000,1137,0,NOC_NPS_VNOC_X3Y1,VNOC,credit,0,-1,1
1137000,1137,0,NOC_NPS_VNOC_X3Y1,VNOC,data_vc,0,5,1
1137000,1137,1,NOC_NPS_VNOC_X3Y0,VNOC,credit,1,-1,1
1137000,1137,1,NOC_NPS_VNOC_X3Y0,VNOC,data_vc,1,5,1
1138000,1138,0,NOC_NPS_VNOC_X3Y1,VNOC,credit,0,-1,1
1138000,1138,0,NOC_NPS_VNOC_X3Y1,VNOC,data_vc,0,5,1
1138000,1138,1,NOC_NPS_VNOC_X3Y0,VNOC,credit,1,-1,1
1138000,1138,1,NOC_NPS_VNOC_X3Y0,VNOC,data_vc,1,5,1
1139000,1139,0,NOC_NPS_VNOC_X3Y1,VNOC,credit,0,-1,1
1139000,1139,0,NOC_NPS_VNOC_X3Y1,VNOC,data_vc,0,5,1
1139000,1139,1,NOC_NPS_VNOC_X3Y0,VNOC,credit,1,-1,1
1139000,1139,1,NOC_NPS_VNOC_X3Y0,VNOC,data_vc,1,5,1
1140000,1140,0,NOC_NPS_VNOC_X3Y1,VNOC,credit,0,-1,1
1140000,1140,0,NOC_NPS_VNOC_X3Y1,VNOC,data_vc,0,5,1
1140000,1140,1,NOC_NPS_VNOC_X3Y0,VNOC,credit,1,-1,1
1140000,1140,1,NOC_NPS_VNOC_X3Y0,VNOC,data_vc,1,5,1
1141000,1141,0,NOC_NPS_VNOC_X3Y1,VNOC,credit,0,-1,1
1141000,1141,0,NOC_NPS_VNOC_X3Y1,VNOC,data_vc,0,5,1
1141000,1141,1,NOC_NPS_VNOC_X3Y0,VNOC,credit,1,-1,1
1141000,1141,1,NOC_NPS_VNOC_X3Y0,VNOC,data_vc,1,5,1
1142000,1142,0,NOC_NPS_VNOC_X3Y1,VNOC,credit,0,-1,1
1142000,1142,0,NOC_NPS_VNOC_X3Y1,VNOC,data_vc,0,5,1
1142000,1142,1,NOC_NPS_VNOC_X3Y0,VNOC,credit,1,-1,1
1142000,1142,1,NOC_NPS_VNOC_X3Y0,VNOC,data_vc,1,5,1
1143000,1143,0,NOC_NPS_VNOC_X3Y1,VNOC,credit,0,-1,1
1143000,1143,0,NOC_NPS_VNOC_X3Y1,VNOC,data_vc,0,5,1
1143000,1143,1,NOC_NPS_VNOC_X3Y0,VNOC,credit,1,-1,1
1143000,1143,1,NOC_NPS_VNOC_X3Y0,VNOC,data_vc,1,5,1
1144000,1144,0,NOC_NPS_VNOC_X3Y1,VNOC,credit,0,-1,1
1144000,1144,0,NOC_NPS_VNOC_X3Y1,VNOC,data_vc,0,5,1
1144000,1144,1,NOC_NPS_VNOC_X3Y0,VNOC,credit,1,-1,1
1144000,1144,1,NOC_NPS_VNOC_X3Y0,VNOC,data_vc,1,5,1
1145000,1145,0,NOC_NPS_VNOC_X3Y1,VNOC,credit,0,-1,1
1145000,1145,0,NOC_NPS_VNOC_X3Y1,VNOC,data_vc,0,5,1
1145000,1145,1,NOC_NPS_VNOC_X3Y0,VNOC,credit,1,-1,1
1145000,1145,1,NOC_NPS_VNOC_X3Y0,VNOC,data_vc,1,5,1
1146000,1146,0,NOC_NPS_VNOC_X3Y1,VNOC,credit,0,-1,1
1146000,1146,0,NOC_NPS_VNOC_X3Y1,VNOC,data_vc,0,5,1
1146000,1146,1,NOC_NPS_VNOC_X3Y0,VNOC,credit,1,-1,1
1146000,1146,1,NOC_NPS_VNOC_X3Y0,VNOC,data_vc,1,5,1
1147000,1147,0,NOC_NPS_VNOC_X3Y1,VNOC,credit,0,-1,1
1147000,1147,0,NOC_NPS_VNOC_X3Y1,VNOC,data_vc,0,5,1
1147000,1147,1,NOC_NPS_VNOC_X3Y0,VNOC,credit,1,-1,1
1147000,1147,1,NOC_NPS_VNOC_X3Y0,VNOC,data_vc,1,5,1
1148000,1148,0,NOC_NPS_VNOC_X3Y1,VNOC,credit,0,-1,1
1148000,1148,0,NOC_NPS_VNOC_X3Y1,VNOC,data_vc,0,5,1
1148000,1148,1,NOC_NPS_VNOC_X3Y0,VNOC,credit,1,-1,1
1148000,1148,1,NOC_NPS_VNOC_X3Y0,VNOC,data_vc,1,5,1
1149000,1149,0,NOC_NPS_VNOC_X3Y1,VNOC,credit,0,-1,1
1149000,1149,0,NOC_NPS_VNOC_X3Y1,VNOC,data_vc,0,5,1
1149000,1149,1,NOC_NPS_VNOC_X3Y0,VNOC,credit,1,-1,1
1149000,1149,1,NOC_NPS_VNOC_X3Y0,VNOC,data_vc,1,5,1
1150000,1150,0,NOC_NPS_VNOC_X3Y1,VNOC,credit,0,-1,1
1150000,1150,0,NOC_NPS_VNOC_X3Y1,VNOC,data_vc,0,5,1
1150000,1150,1,NOC_NPS_VNOC_X3Y0,VNOC,credit,1,-1,1
1150000,1150,1,NOC_NPS_VNOC_X3Y0,VNOC,data_vc,1,5,1
1151000,1151,0,NOC_NPS_VNOC_X3Y1,VNOC,credit,0,-1,1
1151000,1151,0,NOC_NPS_VNOC_X3Y1,VNOC,data_vc,0,5,1
1151000,1151,1,NOC_NPS_VNOC_X3Y0,VNOC,credit,1,-1,1
1151000,1151,1,NOC_NPS_VNOC_X3Y0,VNOC,data_vc,1,5,1
1152000,1152,0,NOC_NPS_VNOC_X3Y1,VNOC,credit,0,-1,1
1152000,1152,0,NOC_NPS_VNOC_X3Y1,VNOC,data_vc,0,5,1
1152000,1152,1,NOC_NPS_VNOC_X3Y0,VNOC,credit,1,-1,1
1152000,1152,1,NOC_NPS_VNOC_X3Y0,VNOC,data_vc,1,5,1
1153000,1153,0,NOC_NPS_VNOC_X3Y1,VNOC,credit,0,-1,1
1153000,1153,0,NOC_NPS_VNOC_X3Y1,VNOC,data_vc,0,5,1
1153000,1153,1,NOC_NPS_VNOC_X3Y0,VNOC,credit,1,-1,1
1153000,1153,1,NOC_NPS_VNOC_X3Y0,VNOC,data_vc,1,5,1
1154000,1154,0,NOC_NPS_VNOC_X3Y1,VNOC,credit,0,-1,1
1154000,1154,0,NOC_NPS_VNOC_X3Y1,VNOC,data_vc,0,5,1
1154000,1154,1,NOC_NPS_VNOC_X3Y0,VNOC,credit,1,-1,1
1154000,1154,1,NOC_NPS_VNOC_X3Y0,VNOC,data_vc,1,5,1
1155000,1155,0,NOC_NPS_VNOC_X3Y1,VNOC,credit,0,-1,1
1155000,1155,0,NOC_NPS_VNOC_X3Y1,VNOC,data_vc,0,5,1
1155000,1155,1,NOC_NPS_VNOC_X3Y0,VNOC,credit,1,-1,1
1155000,1155,1,NOC_NPS_VNOC_X3Y0,VNOC,data_vc,1,5,1
1156000,1156,0,NOC_NPS_VNOC_X3Y1,VNOC,credit,0,-1,1
1156000,1156,0,NOC_NPS_VNOC_X3Y1,VNOC,data_vc,0,5,1
1156000,1156,1,NOC_NPS_VNOC_X3Y0,VNOC,credit,1,-1,1
1156000,1156,1,NOC_NPS_VNOC_X3Y0,VNOC,data_vc,1,5,1
1157000,1157,0,NOC_NPS_VNOC_X3Y1,VNOC,credit,0,-1,1
1157000,1157,0,NOC_NPS_VNOC_X3Y1,VNOC,data_vc,0,5,1
1157000,1157,1,NOC_NPS_VNOC_X3Y0,VNOC,credit,1,-1,1
1157000,1157,1,NOC_NPS_VNOC_X3Y0,VNOC,data_vc,1,5,1
1158000,1158,0,NOC_NPS_VNOC_X3Y1,VNOC,credit,0,-1,1
1158000,1158,0,NOC_NPS_VNOC_X3Y1,VNOC,data_vc,0,5,1
1158000,1158,1,NOC_NPS_VNOC_X3Y0,VNOC,credit,1,-1,1
1158000,1158,1,NOC_NPS_VNOC_X3Y0,VNOC,data_vc,1,5,1
1159000,1159,0,NOC_NPS_VNOC_X3Y1,VNOC,credit,0,-1,1
1159000,1159,0,NOC_NPS_VNOC_X3Y1,VNOC,data_vc,0,5,1
1159000,1159,1,NOC_NPS_VNOC_X3Y0,VNOC,credit,1,-1,1
1159000,1159,1,NOC_NPS_VNOC_X3Y0,VNOC,data_vc,1,5,1
1160000,1160,0,NOC_NPS_VNOC_X3Y1,VNOC,credit,0,-1,1
1160000,1160,0,NOC_NPS_VNOC_X3Y1,VNOC,data_vc,0,5,1
1160000,1160,1,NOC_NPS_VNOC_X3Y0,VNOC,credit,1,-1,1
1160000,1160,1,NOC_NPS_VNOC_X3Y0,VNOC,data_vc,1,5,1
1161000,1161,0,NOC_NPS_VNOC_X3Y1,VNOC,credit,0,-1,1
1161000,1161,0,NOC_NPS_VNOC_X3Y1,VNOC,data_vc,0,5,1
1161000,1161,1,NOC_NPS_VNOC_X3Y0,VNOC,credit,1,-1,1
1161000,1161,1,NOC_NPS_VNOC_X3Y0,VNOC,data_vc,1,5,1
1162000,1162,0,NOC_NPS_VNOC_X3Y1,VNOC,credit,0,-1,1
1162000,1162,0,NOC_NPS_VNOC_X3Y1,VNOC,data_vc,0,5,1
1162000,1162,1,NOC_NPS_VNOC_X3Y0,VNOC,credit,1,-1,1
1162000,1162,1,NOC_NPS_VNOC_X3Y0,VNOC,data_vc,1,5,1
1163000,1163,0,NOC_NPS_VNOC_X3Y1,VNOC,credit,0,-1,1
1163000,1163,0,NOC_NPS_VNOC_X3Y1,VNOC,data_vc,0,5,1
1163000,1163,1,NOC_NPS_VNOC_X3Y0,VNOC,credit,1,-1,1
1163000,1163,1,NOC_NPS_VNOC_X3Y0,VNOC,data_vc,1,5,1
1164000,1164,0,NOC_NPS_VNOC_X3Y1,VNOC,credit,0,-1,1
1164000,1164,0,NOC_NPS_VNOC_X3Y1,VNOC,data_vc,0,5,1
1164000,1164,1,NOC_NPS_VNOC_X3Y0,VNOC,credit,1,-1,1
1164000,1164,1,NOC_NPS_VNOC_X3Y0,VNOC,data_vc,1,5,1
1165000,1165,0,NOC_NPS_VNOC_X3Y1,VNOC,credit,0,-1,1
1165000,1165,0,NOC_NPS_VNOC_X3Y1,VNOC,data_vc,0,5,1
1165000,1165,1,NOC_NPS_VNOC_X3Y0,VNOC,credit,1,-1,1
1165000,1165,1,NOC_NPS_VNOC_X3Y0,VNOC,data_vc,1,5,1
1166000,1166,0,NOC_NPS_VNOC_X3Y1,VNOC,credit,0,-1,1
1166000,1166,0,NOC_NPS_VNOC_X3Y1,VNOC,data_vc,0,5,1
1166000,1166,1,NOC_NPS_VNOC_X3Y0,VNOC,credit,1,-1,1
1166000,1166,1,NOC_NPS_VNOC_X3Y0,VNOC,data_vc,1,5,1
1167000,1167,0,NOC_NPS_VNOC_X3Y1,VNOC,credit,0,-1,1
1167000,1167,0,NOC_NPS_VNOC_X3Y1,VNOC,data_vc,0,5,1
1167000,1167,1,NOC_NPS_VNOC_X3Y0,VNOC,credit,1,-1,1
1167000,1167,1,NOC_NPS_VNOC_X3Y0,VNOC,data_vc,1,5,1
1168000,1168,0,NOC_NPS_VNOC_X3Y1,VNOC,credit,0,-1,1
1168000,1168,0,NOC_NPS_VNOC_X3Y1,VNOC,data_vc,0,5,1
1168000,1168,1,NOC_NPS_VNOC_X3Y0,VNOC,credit,1,-1,1
1168000,1168,1,NOC_NPS_VNOC_X3Y0,VNOC,data_vc,1,5,1
1169000,1169,0,NOC_NPS_VNOC_X3Y1,VNOC,credit,0,-1,1
1169000,1169,0,NOC_NPS_VNOC_X3Y1,VNOC,data_vc,0,5,1
1169000,1169,1,NOC_NPS_VNOC_X3Y0,VNOC,credit,1,-1,1
1169000,1169,1,NOC_NPS_VNOC_X3Y0,VNOC,data_vc,1,5,1
1170000,1170,0,NOC_NPS_VNOC_X3Y1,VNOC,credit,0,-1,1
1170000,1170,0,NOC_NPS_VNOC_X3Y1,VNOC,data_vc,0,5,1
1170000,1170,1,NOC_NPS_VNOC_X3Y0,VNOC,credit,1,-1,1
1170000,1170,1,NOC_NPS_VNOC_X3Y0,VNOC,data_vc,1,5,1
1171000,1171,0,NOC_NPS_VNOC_X3Y1,VNOC,credit,0,-1,1
1171000,1171,0,NOC_NPS_VNOC_X3Y1,VNOC,data_vc,0,5,1
1171000,1171,1,NOC_NPS_VNOC_X3Y0,VNOC,credit,1,-1,1
1171000,1171,1,NOC_NPS_VNOC_X3Y0,VNOC,data_vc,1,5,1
1172000,1172,0,NOC_NPS_VNOC_X3Y1,VNOC,credit,0,-1,1
1172000,1172,0,NOC_NPS_VNOC_X3Y1,VNOC,data_vc,0,5,1
1172000,1172,1,NOC_NPS_VNOC_X3Y0,VNOC,credit,1,-1,1
1172000,1172,1,NOC_NPS_VNOC_X3Y0,VNOC,data_vc,1,5,1
1173000,1173,0,NOC_NPS_VNOC_X3Y1,VNOC,credit,0,-1,1
1173000,1173,0,NOC_NPS_VNOC_X3Y1,VNOC,data_vc,0,5,1
1173000,1173,1,NOC_NPS_VNOC_X3Y0,VNOC,credit,1,-1,1
1173000,1173,1,NOC_NPS_VNOC_X3Y0,VNOC,data_vc,1,5,1
1174000,1174,0,NOC_NPS_VNOC_X3Y1,VNOC,credit,0,-1,1
1174000,1174,0,NOC_NPS_VNOC_X3Y1,VNOC,data_vc,0,5,1
1174000,1174,1,NOC_NPS_VNOC_X3Y0,VNOC,credit,1,-1,1
1174000,1174,1,NOC_NPS_VNOC_X3Y0,VNOC,data_vc,1,5,1
1175000,1175,0,NOC_NPS_VNOC_X3Y1,VNOC,credit,0,-1,1
1175000,1175,0,NOC_NPS_VNOC_X3Y1,VNOC,data_vc,0,5,1
1175000,1175,1,NOC_NPS_VNOC_X3Y0,VNOC,credit,1,-1,1
1175000,1175,1,NOC_NPS_VNOC_X3Y0,VNOC,data_vc,1,5,1
1176000,1176,0,NOC_NPS_VNOC_X3Y1,VNOC,credit,0,-1,1
1176000,1176,0,NOC_NPS_VNOC_X3Y1,VNOC,data_vc,0,5,1
1176000,1176,1,NOC_NPS_VNOC_X3Y0,VNOC,credit,1,-1,1
1176000,1176,1,NOC_NPS_VNOC_X3Y0,VNOC,data_vc,1,5,1
1177000,1177,0,NOC_NPS_VNOC_X3Y1,VNOC,credit,0,-1,1
1177000,1177,0,NOC_NPS_VNOC_X3Y1,VNOC,data_vc,0,5,1
1177000,1177,1,NOC_NPS_VNOC_X3Y0,VNOC,credit,1,-1,1
1177000,1177,1,NOC_NPS_VNOC_X3Y0,VNOC,data_vc,1,5,1
1178000,1178,0,NOC_NPS_VNOC_X3Y1,VNOC,credit,0,-1,1
1178000,1178,0,NOC_NPS_VNOC_X3Y1,VNOC,data_vc,0,5,1
1178000,1178,1,NOC_NPS_VNOC_X3Y0,VNOC,credit,1,-1,1
1178000,1178,1,NOC_NPS_VNOC_X3Y0,VNOC,data_vc,1,5,1
1179000,1179,0,NOC_NPS_VNOC_X3Y1,VNOC,credit,0,-1,1
1179000,1179,0,NOC_NPS_VNOC_X3Y1,VNOC,data_vc,0,5,1
1179000,1179,1,NOC_NPS_VNOC_X3Y0,VNOC,credit,1,-1,1
1179000,1179,1,NOC_NPS_VNOC_X3Y0,VNOC,data_vc,1,5,1
1180000,1180,0,NOC_NPS_VNOC_X3Y1,VNOC,credit,0,-1,1
1180000,1180,0,NOC_NPS_VNOC_X3Y1,VNOC,data_vc,0,5,1
1180000,1180,1,NOC_NPS_VNOC_X3Y0,VNOC,credit,1,-1,1
1180000,1180,1,NOC_NPS_VNOC_X3Y0,VNOC,data_vc,1,5,1
1181000,1181,0,NOC_NPS_VNOC_X3Y1,VNOC,credit,0,-1,1
1181000,1181,0,NOC_NPS_VNOC_X3Y1,VNOC,data_vc,0,5,1
1181000,1181,1,NOC_NPS_VNOC_X3Y0,VNOC,credit,1,-1,1
1181000,1181,1,NOC_NPS_VNOC_X3Y0,VNOC,data_vc,1,5,1
1182000,1182,0,NOC_NPS_VNOC_X3Y1,VNOC,credit,0,-1,1
1182000,1182,0,NOC_NPS_VNOC_X3Y1,VNOC,data_vc,0,5,1
1182000,1182,1,NOC_NPS_VNOC_X3Y0,VNOC,credit,1,-1,1
1182000,1182,1,NOC_NPS_VNOC_X3Y0,VNOC,data_vc,1,5,1
1183000,1183,0,NOC_NPS_VNOC_X3Y1,VNOC,credit,0,-1,1
1183000,1183,0,NOC_NPS_VNOC_X3Y1,VNOC,data_vc,0,5,1
1183000,1183,1,NOC_NPS_VNOC_X3Y0,VNOC,credit,1,-1,1
1183000,1183,1,NOC_NPS_VNOC_X3Y0,VNOC,data_vc,1,5,1
1184000,1184,0,NOC_NPS_VNOC_X3Y1,VNOC,credit,0,-1,1
1184000,1184,0,NOC_NPS_VNOC_X3Y1,VNOC,data_vc,0,5,1
1184000,1184,1,NOC_NPS_VNOC_X3Y0,VNOC,credit,1,-1,1
1184000,1184,1,NOC_NPS_VNOC_X3Y0,VNOC,data_vc,1,5,1
1185000,1185,0,NOC_NPS_VNOC_X3Y1,VNOC,credit,0,-1,1
1185000,1185,0,NOC_NPS_VNOC_X3Y1,VNOC,data_vc,0,5,1
1185000,1185,1,NOC_NPS_VNOC_X3Y0,VNOC,credit,1,-1,1
1185000,1185,1,NOC_NPS_VNOC_X3Y0,VNOC,data_vc,1,5,1
1186000,1186,0,NOC_NPS_VNOC_X3Y1,VNOC,credit,0,-1,1
1186000,1186,0,NOC_NPS_VNOC_X3Y1,VNOC,data_vc,0,5,1
1186000,1186,1,NOC_NPS_VNOC_X3Y0,VNOC,credit,1,-1,1
1186000,1186,1,NOC_NPS_VNOC_X3Y0,VNOC,data_vc,1,5,1
1187000,1187,0,NOC_NPS_VNOC_X3Y1,VNOC,credit,0,-1,1
1187000,1187,0,NOC_NPS_VNOC_X3Y1,VNOC,data_vc,0,5,1
1187000,1187,1,NOC_NPS_VNOC_X3Y0,VNOC,credit,1,-1,1
1187000,1187,1,NOC_NPS_VNOC_X3Y0,VNOC,data_vc,1,5,1
1188000,1188,0,NOC_NPS_VNOC_X3Y1,VNOC,credit,0,-1,1
1188000,1188,0,NOC_NPS_VNOC_X3Y1,VNOC,data_vc,0,5,1
1188000,1188,1,NOC_NPS_VNOC_X3Y0,VNOC,credit,1,-1,1
1188000,1188,1,NOC_NPS_VNOC_X3Y0,VNOC,data_vc,1,5,1
1189000,1189,0,NOC_NPS_VNOC_X3Y1,VNOC,credit,0,-1,1
1189000,1189,0,NOC_NPS_VNOC_X3Y1,VNOC,data_vc,0,5,1
1189000,1189,1,NOC_NPS_VNOC_X3Y0,VNOC,credit,1,-1,1
1189000,1189,1,NOC_NPS_VNOC_X3Y0,VNOC,data_vc,1,5,1
1190000,1190,0,NOC_NPS_VNOC_X3Y1,VNOC,credit,0,-1,1
1190000,1190,0,NOC_NPS_VNOC_X3Y1,VNOC,data_vc,0,5,1
1190000,1190,1,NOC_NPS_VNOC_X3Y0,VNOC,credit,1,-1,1
1190000,1190,1,NOC_NPS_VNOC_X3Y0,VNOC,data_vc,1,5,1
1191000,1191,0,NOC_NPS_VNOC_X3Y1,VNOC,credit,0,-1,1
1191000,1191,0,NOC_NPS_VNOC_X3Y1,VNOC,data_vc,0,5,1
1191000,1191,1,NOC_NPS_VNOC_X3Y0,VNOC,credit,1,-1,1
1191000,1191,1,NOC_NPS_VNOC_X3Y0,VNOC,data_vc,1,5,1
1192000,1192,0,NOC_NPS_VNOC_X3Y1,VNOC,credit,0,-1,1
1192000,1192,0,NOC_NPS_VNOC_X3Y1,VNOC,data_vc,0,5,1
1192000,1192,1,NOC_NPS_VNOC_X3Y0,VNOC,credit,1,-1,1
1192000,1192,1,NOC_NPS_VNOC_X3Y0,VNOC,data_vc,1,5,1
1193000,1193,0,NOC_NPS_VNOC_X3Y1,VNOC,credit,0,-1,1
1193000,1193,0,NOC_NPS_VNOC_X3Y1,VNOC,data_vc,0,5,1
1193000,1193,1,NOC_NPS_VNOC_X3Y0,VNOC,credit,1,-1,1
1193000,1193,1,NOC_NPS_VNOC_X3Y0,VNOC,data_vc,1,5,1
1194000,1194,0,NOC_NPS_VNOC_X3Y1,VNOC,credit,0,-1,1
1194000,1194,0,NOC_NPS_VNOC_X3Y1,VNOC,data_vc,0,5,1
1194000,1194,1,NOC_NPS_VNOC_X3Y0,VNOC,credit,1,-1,1
1194000,1194,1,NOC_NPS_VNOC_X3Y0,VNOC,data_vc,1,5,1
1195000,1195,0,NOC_NPS_VNOC_X3Y1,VNOC,credit,0,-1,1
1195000,1195,0,NOC_NPS_VNOC_X3Y1,VNOC,data_vc,0,5,1
1195000,1195,1,NOC_NPS_VNOC_X3Y0,VNOC,credit,1,-1,1
1195000,1195,1,NOC_NPS_VNOC_X3Y0,VNOC,data_vc,1,5,1
1196000,1196,0,NOC_NPS_VNOC_X3Y1,VNOC,credit,0,-1,1
1196000,1196,0,NOC_NPS_VNOC_X3Y1,VNOC,data_vc,0,5,1
1196000,1196,1,NOC_NPS_VNOC_X3Y0,VNOC,credit,1,-1,1
1196000,1196,1,NOC_NPS_VNOC_X3Y0,VNOC,data_vc,1,5,1
1197000,1197,0,NOC_NPS_VNOC_X3Y1,VNOC,credit,0,-1,1
1197000,1197,0,NOC_NPS_VNOC_X3Y1,VNOC,data_vc,0,5,1
1197000,1197,1,NOC_NPS_VNOC_X3Y0,VNOC,credit,1,-1,1
1197000,1197,1,NOC_NPS_VNOC_X3Y0,VNOC,data_vc,1,5,1
1198000,1198,0,NOC_NPS_VNOC_X3Y1,VNOC,credit,0,-1,1
1198000,1198,0,NOC_NPS_VNOC_X3Y1,VNOC,data_vc,0,5,1
1198000,1198,1,NOC_NPS_VNOC_X3Y0,VNOC,credit,1,-1,1
1198000,1198,1,NOC_NPS_VNOC_X3Y0,VNOC,data_vc,1,5,1
1199000,1199,0,NOC_NPS_VNOC_X3Y1,VNOC,credit,0,-1,1
1199000,1199,0,NOC_NPS_VNOC_X3Y1,VNOC,data_vc,0,5,1
1199000,1199,1,NOC_NPS_VNOC_X3Y0,VNOC,credit,1,-1,1
1199000,1199,1,NOC_NPS_VNOC_X3Y0,VNOC,data_vc,1,5,1
1200000,1200,0,NOC_NPS_VNOC_X3Y1,VNOC,credit,0,-1,1
1200000,1200,0,NOC_NPS_VNOC_X3Y1,VNOC,data_vc,0,5,1
1200000,1200,1,NOC_NPS_VNOC_X3Y0,VNOC,credit,1,-1,1
1200000,1200,1,NOC_NPS_VNOC_X3Y0,VNOC,data_vc,1,5,1
1201000,1201,0,NOC_NPS_VNOC_X3Y1,VNOC,credit,0,-1,1
1201000,1201,0,NOC_NPS_VNOC_X3Y1,VNOC,data_vc,0,5,1
1201000,1201,1,NOC_NPS_VNOC_X3Y0,VNOC,credit,1,-1,1
1201000,1201,1,NOC_NPS_VNOC_X3Y0,VNOC,data_vc,1,5,1
1202000,1202,0,NOC_NPS_VNOC_X3Y1,VNOC,credit,0,-1,1
1202000,1202,0,NOC_NPS_VNOC_X3Y1,VNOC,data_vc,0,5,1
1202000,1202,1,NOC_NPS_VNOC_X3Y0,VNOC,credit,1,-1,1
1202000,1202,1,NOC_NPS_VNOC_X3Y0,VNOC,data_vc,1,5,1
1203000,1203,0,NOC_NPS_VNOC_X3Y1,VNOC,credit,0,-1,1
1203000,1203,0,NOC_NPS_VNOC_X3Y1,VNOC,data_vc,0,5,1
1203000,1203,1,NOC_NPS_VNOC_X3Y0,VNOC,credit,1,-1,1
1203000,1203,1,NOC_NPS_VNOC_X3Y0,VNOC,data_vc,1,5,1
1204000,1204,0,NOC_NPS_VNOC_X3Y1,VNOC,credit,0,-1,1
1204000,1204,0,NOC_NPS_VNOC_X3Y1,VNOC,data_vc,0,5,1
1204000,1204,1,NOC_NPS_VNOC_X3Y0,VNOC,credit,1,-1,1
1204000,1204,1,NOC_NPS_VNOC_X3Y0,VNOC,data_vc,1,5,1
1205000,1205,0,NOC_NPS_VNOC_X3Y1,VNOC,credit,0,-1,1
1205000,1205,0,NOC_NPS_VNOC_X3Y1,VNOC,data_vc,0,5,1
1205000,1205,1,NOC_NPS_VNOC_X3Y0,VNOC,credit,1,-1,1
1205000,1205,1,NOC_NPS_VNOC_X3Y0,VNOC,data_vc,1,5,1
1206000,1206,0,NOC_NPS_VNOC_X3Y1,VNOC,credit,0,-1,1
1206000,1206,0,NOC_NPS_VNOC_X3Y1,VNOC,data_vc,0,5,1
1206000,1206,1,NOC_NPS_VNOC_X3Y0,VNOC,credit,1,-1,1
1206000,1206,1,NOC_NPS_VNOC_X3Y0,VNOC,data_vc,1,5,1
1207000,1207,0,NOC_NPS_VNOC_X3Y1,VNOC,credit,0,-1,1
1207000,1207,0,NOC_NPS_VNOC_X3Y1,VNOC,data_vc,0,5,1
1207000,1207,1,NOC_NPS_VNOC_X3Y0,VNOC,credit,1,-1,1
1207000,1207,1,NOC_NPS_VNOC_X3Y0,VNOC,data_vc,1,5,1
1208000,1208,0,NOC_NPS_VNOC_X3Y1,VNOC,credit,0,-1,1
1208000,1208,0,NOC_NPS_VNOC_X3Y1,VNOC,data_vc,0,5,1
1208000,1208,1,NOC_NPS_VNOC_X3Y0,VNOC,credit,1,-1,1
1208000,1208,1,NOC_NPS_VNOC_X3Y0,VNOC,data_vc,1,5,1
1209000,1209,0,NOC_NPS_VNOC_X3Y1,VNOC,credit,0,-1,1
1209000,1209,0,NOC_NPS_VNOC_X3Y1,VNOC,data_vc,0,5,1
1209000,1209,1,NOC_NPS_VNOC_X3Y0,VNOC,credit,1,-1,1
1209000,1209,1,NOC_NPS_VNOC_X3Y0,VNOC,data_vc,1,5,1
1210000,1210,0,NOC_NPS_VNOC_X3Y1,VNOC,credit,0,-1,1
1210000,1210,0,NOC_NPS_VNOC_X3Y1,VNOC,data_vc,0,5,1
1210000,1210,1,NOC_NPS_VNOC_X3Y0,VNOC,credit,1,-1,1
1210000,1210,1,NOC_NPS_VNOC_X3Y0,VNOC,data_vc,1,5,1
1211000,1211,0,NOC_NPS_VNOC_X3Y1,VNOC,credit,0,-1,1
1211000,1211,0,NOC_NPS_VNOC_X3Y1,VNOC,data_vc,0,5,1
1211000,1211,1,NOC_NPS_VNOC_X3Y0,VNOC,credit,1,-1,1
1211000,1211,1,NOC_NPS_VNOC_X3Y0,VNOC,data_vc,1,5,1
1212000,1212,0,NOC_NPS_VNOC_X3Y1,VNOC,credit,0,-1,1
1212000,1212,0,NOC_NPS_VNOC_X3Y1,VNOC,data_vc,0,5,1
1212000,1212,1,NOC_NPS_VNOC_X3Y0,VNOC,credit,1,-1,1
1212000,1212,1,NOC_NPS_VNOC_X3Y0,VNOC,data_vc,1,5,1
1213000,1213,0,NOC_NPS_VNOC_X3Y1,VNOC,credit,0,-1,1
1213000,1213,0,NOC_NPS_VNOC_X3Y1,VNOC,data_vc,0,5,1
1213000,1213,1,NOC_NPS_VNOC_X3Y0,VNOC,credit,1,-1,1
1213000,1213,1,NOC_NPS_VNOC_X3Y0,VNOC,data_vc,1,5,1
1214000,1214,0,NOC_NPS_VNOC_X3Y1,VNOC,credit,0,-1,1
1214000,1214,0,NOC_NPS_VNOC_X3Y1,VNOC,data_vc,0,5,1
1214000,1214,1,NOC_NPS_VNOC_X3Y0,VNOC,credit,1,-1,1
1214000,1214,1,NOC_NPS_VNOC_X3Y0,VNOC,data_vc,1,5,1
1215000,1215,0,NOC_NPS_VNOC_X3Y1,VNOC,credit,0,-1,1
1215000,1215,0,NOC_NPS_VNOC_X3Y1,VNOC,data_vc,0,5,1
1215000,1215,1,NOC_NPS_VNOC_X3Y0,VNOC,credit,1,-1,1
1215000,1215,1,NOC_NPS_VNOC_X3Y0,VNOC,data_vc,1,5,1
1216000,1216,0,NOC_NPS_VNOC_X3Y1,VNOC,credit,0,-1,1
1216000,1216,0,NOC_NPS_VNOC_X3Y1,VNOC,data_vc,0,5,1
1216000,1216,1,NOC_NPS_VNOC_X3Y0,VNOC,credit,1,-1,1
1216000,1216,1,NOC_NPS_VNOC_X3Y0,VNOC,data_vc,1,5,1
1217000,1217,0,NOC_NPS_VNOC_X3Y1,VNOC,credit,0,-1,1
1217000,1217,0,NOC_NPS_VNOC_X3Y1,VNOC,data_vc,0,5,1
1217000,1217,1,NOC_NPS_VNOC_X3Y0,VNOC,credit,1,-1,1
1217000,1217,1,NOC_NPS_VNOC_X3Y0,VNOC,data_vc,1,5,1
1218000,1218,0,NOC_NPS_VNOC_X3Y1,VNOC,credit,0,-1,1
1218000,1218,0,NOC_NPS_VNOC_X3Y1,VNOC,data_vc,0,5,1
1218000,1218,1,NOC_NPS_VNOC_X3Y0,VNOC,credit,1,-1,1
1218000,1218,1,NOC_NPS_VNOC_X3Y0,VNOC,data_vc,1,5,1
1219000,1219,0,NOC_NPS_VNOC_X3Y1,VNOC,credit,0,-1,1
1219000,1219,0,NOC_NPS_VNOC_X3Y1,VNOC,data_vc,0,5,1
1219000,1219,1,NOC_NPS_VNOC_X3Y0,VNOC,credit,1,-1,1
1219000,1219,1,NOC_NPS_VNOC_X3Y0,VNOC,data_vc,1,5,1
1220000,1220,0,NOC_NPS_VNOC_X3Y1,VNOC,credit,0,-1,1
1220000,1220,0,NOC_NPS_VNOC_X3Y1,VNOC,data_vc,0,5,1
1220000,1220,1,NOC_NPS_VNOC_X3Y0,VNOC,credit,1,-1,1
1220000,1220,1,NOC_NPS_VNOC_X3Y0,VNOC,data_vc,1,5,1
1221000,1221,0,NOC_NPS_VNOC_X3Y1,VNOC,credit,0,-1,1
1221000,1221,0,NOC_NPS_VNOC_X3Y1,VNOC,data_vc,0,5,1
1221000,1221,1,NOC_NPS_VNOC_X3Y0,VNOC,credit,1,-1,1
1221000,1221,1,NOC_NPS_VNOC_X3Y0,VNOC,data_vc,1,5,1
1222000,1222,0,NOC_NPS_VNOC_X3Y1,VNOC,credit,0,-1,1
1222000,1222,0,NOC_NPS_VNOC_X3Y1,VNOC,data_vc,0,5,1
1222000,1222,1,NOC_NPS_VNOC_X3Y0,VNOC,credit,1,-1,1
1222000,1222,1,NOC_NPS_VNOC_X3Y0,VNOC,data_vc,1,5,1
1223000,1223,0,NOC_NPS_VNOC_X3Y1,VNOC,credit,0,-1,1
1223000,1223,0,NOC_NPS_VNOC_X3Y1,VNOC,data_vc,0,5,1
1223000,1223,1,NOC_NPS_VNOC_X3Y0,VNOC,credit,1,-1,1
1223000,1223,1,NOC_NPS_VNOC_X3Y0,VNOC,data_vc,1,5,1
1224000,1224,0,NOC_NPS_VNOC_X3Y1,VNOC,credit,0,-1,1
1224000,1224,0,NOC_NPS_VNOC_X3Y1,VNOC,data_vc,0,5,1
1224000,1224,1,NOC_NPS_VNOC_X3Y0,VNOC,credit,1,-1,1
1224000,1224,1,NOC_NPS_VNOC_X3Y0,VNOC,data_vc,1,5,1
1225000,1225,0,NOC_NPS_VNOC_X3Y1,VNOC,credit,0,-1,1
1225000,1225,0,NOC_NPS_VNOC_X3Y1,VNOC,data_vc,0,5,1
1225000,1225,1,NOC_NPS_VNOC_X3Y0,VNOC,credit,1,-1,1
1225000,1225,1,NOC_NPS_VNOC_X3Y0,VNOC,data_vc,1,5,1
1226000,1226,0,NOC_NPS_VNOC_X3Y1,VNOC,credit,0,-1,1
1226000,1226,0,NOC_NPS_VNOC_X3Y1,VNOC,data_vc,0,5,1
1226000,1226,1,NOC_NPS_VNOC_X3Y0,VNOC,credit,1,-1,1
1226000,1226,1,NOC_NPS_VNOC_X3Y0,VNOC,data_vc,1,5,1
1227000,1227,0,NOC_NPS_VNOC_X3Y1,VNOC,credit,0,-1,1
1227000,1227,0,NOC_NPS_VNOC_X3Y1,VNOC,data_vc,0,5,1
1227000,1227,1,NOC_NPS_VNOC_X3Y0,VNOC,credit,1,-1,1
1227000,1227,1,NOC_NPS_VNOC_X3Y0,VNOC,data_vc,1,5,1
1228000,1228,0,NOC_NPS_VNOC_X3Y1,VNOC,credit,0,-1,1
1228000,1228,0,NOC_NPS_VNOC_X3Y1,VNOC,data_vc,0,5,1
1228000,1228,1,NOC_NPS_VNOC_X3Y0,VNOC,credit,1,-1,1
1228000,1228,1,NOC_NPS_VNOC_X3Y0,VNOC,data_vc,1,5,1
1229000,1229,0,NOC_NPS_VNOC_X3Y1,VNOC,credit,0,-1,1
1229000,1229,0,NOC_NPS_VNOC_X3Y1,VNOC,data_vc,0,5,1
1229000,1229,1,NOC_NPS_VNOC_X3Y0,VNOC,credit,1,-1,1
1229000,1229,1,NOC_NPS_VNOC_X3Y0,VNOC,data_vc,1,5,1
1230000,1230,0,NOC_NPS_VNOC_X3Y1,VNOC,credit,0,-1,1
1230000,1230,0,NOC_NPS_VNOC_X3Y1,VNOC,data_vc,0,5,1
1230000,1230,1,NOC_NPS_VNOC_X3Y0,VNOC,credit,1,-1,1
1230000,1230,1,NOC_NPS_VNOC_X3Y0,VNOC,data_vc,1,5,1
1231000,1231,0,NOC_NPS_VNOC_X3Y1,VNOC,credit,0,-1,1
1231000,1231,0,NOC_NPS_VNOC_X3Y1,VNOC,data_vc,0,5,1
1231000,1231,1,NOC_NPS_VNOC_X3Y0,VNOC,credit,1,-1,1
1231000,1231,1,NOC_NPS_VNOC_X3Y0,VNOC,data_vc,1,5,1
1232000,1232,0,NOC_NPS_VNOC_X3Y1,VNOC,credit,0,-1,1
1232000,1232,0,NOC_NPS_VNOC_X3Y1,VNOC,data_vc,0,5,1
1232000,1232,1,NOC_NPS_VNOC_X3Y0,VNOC,credit,1,-1,1
1232000,1232,1,NOC_NPS_VNOC_X3Y0,VNOC,data_vc,1,5,1
1233000,1233,0,NOC_NPS_VNOC_X3Y1,VNOC,credit,0,-1,1
1233000,1233,0,NOC_NPS_VNOC_X3Y1,VNOC,data_vc,0,5,1
1233000,1233,1,NOC_NPS_VNOC_X3Y0,VNOC,credit,1,-1,1
1233000,1233,1,NOC_NPS_VNOC_X3Y0,VNOC,data_vc,1,5,1
1234000,1234,0,NOC_NPS_VNOC_X3Y1,VNOC,credit,0,-1,1
1234000,1234,0,NOC_NPS_VNOC_X3Y1,VNOC,data_vc,0,5,1
1234000,1234,1,NOC_NPS_VNOC_X3Y0,VNOC,credit,1,-1,1
1234000,1234,1,NOC_NPS_VNOC_X3Y0,VNOC,data_vc,1,5,1
1235000,1235,0,NOC_NPS_VNOC_X3Y1,VNOC,credit,0,-1,1
1235000,1235,0,NOC_NPS_VNOC_X3Y1,VNOC,data_vc,0,5,1
1235000,1235,1,NOC_NPS_VNOC_X3Y0,VNOC,credit,1,-1,1
1235000,1235,1,NOC_NPS_VNOC_X3Y0,VNOC,data_vc,1,5,1
1236000,1236,0,NOC_NPS_VNOC_X3Y1,VNOC,credit,0,-1,1
1236000,1236,0,NOC_NPS_VNOC_X3Y1,VNOC,data_vc,0,5,1
1236000,1236,1,NOC_NPS_VNOC_X3Y0,VNOC,credit,1,-1,1
1236000,1236,1,NOC_NPS_VNOC_X3Y0,VNOC,data_vc,1,5,1
1237000,1237,0,NOC_NPS_VNOC_X3Y1,VNOC,credit,0,-1,1
1237000,1237,0,NOC_NPS_VNOC_X3Y1,VNOC,data_vc,0,5,1
1237000,1237,1,NOC_NPS_VNOC_X3Y0,VNOC,credit,1,-1,1
1237000,1237,1,NOC_NPS_VNOC_X3Y0,VNOC,data_vc,1,5,1
1238000,1238,0,NOC_NPS_VNOC_X3Y1,VNOC,credit,0,-1,1
1238000,1238,0,NOC_NPS_VNOC_X3Y1,VNOC,data_vc,0,5,1
1238000,1238,1,NOC_NPS_VNOC_X3Y0,VNOC,credit,1,-1,1
1238000,1238,1,NOC_NPS_VNOC_X3Y0,VNOC,data_vc,1,5,1
1239000,1239,0,NOC_NPS_VNOC_X3Y1,VNOC,credit,0,-1,1
1239000,1239,0,NOC_NPS_VNOC_X3Y1,VNOC,data_vc,0,5,1
1239000,1239,1,NOC_NPS_VNOC_X3Y0,VNOC,credit,1,-1,1
1239000,1239,1,NOC_NPS_VNOC_X3Y0,VNOC,data_vc,1,5,1
1240000,1240,0,NOC_NPS_VNOC_X3Y1,VNOC,credit,0,-1,1
1240000,1240,0,NOC_NPS_VNOC_X3Y1,VNOC,data_vc,0,5,1
1240000,1240,1,NOC_NPS_VNOC_X3Y0,VNOC,credit,1,-1,1
1240000,1240,1,NOC_NPS_VNOC_X3Y0,VNOC,data_vc,1,5,1
1241000,1241,0,NOC_NPS_VNOC_X3Y1,VNOC,credit,0,-1,1
1241000,1241,0,NOC_NPS_VNOC_X3Y1,VNOC,data_vc,0,5,1
1241000,1241,1,NOC_NPS_VNOC_X3Y0,VNOC,credit,1,-1,1
1241000,1241,1,NOC_NPS_VNOC_X3Y0,VNOC,data_vc,1,5,1
1242000,1242,0,NOC_NPS_VNOC_X3Y1,VNOC,credit,0,-1,1
1242000,1242,0,NOC_NPS_VNOC_X3Y1,VNOC,data_vc,0,5,1
1242000,1242,1,NOC_NPS_VNOC_X3Y0,VNOC,credit,1,-1,1
1242000,1242,1,NOC_NPS_VNOC_X3Y0,VNOC,data_vc,1,5,1
1243000,1243,0,NOC_NPS_VNOC_X3Y1,VNOC,credit,0,-1,1
1243000,1243,0,NOC_NPS_VNOC_X3Y1,VNOC,data_vc,0,5,1
1243000,1243,1,NOC_NPS_VNOC_X3Y0,VNOC,credit,1,-1,1
1243000,1243,1,NOC_NPS_VNOC_X3Y0,VNOC,data_vc,1,5,1
1244000,1244,0,NOC_NPS_VNOC_X3Y1,VNOC,credit,0,-1,1
1244000,1244,0,NOC_NPS_VNOC_X3Y1,VNOC,data_vc,0,5,1
1244000,1244,1,NOC_NPS_VNOC_X3Y0,VNOC,credit,1,-1,1
1244000,1244,1,NOC_NPS_VNOC_X3Y0,VNOC,data_vc,1,5,1
1245000,1245,0,NOC_NPS_VNOC_X3Y1,VNOC,credit,0,-1,1
1245000,1245,0,NOC_NPS_VNOC_X3Y1,VNOC,data_vc,0,5,1
1245000,1245,1,NOC_NPS_VNOC_X3Y0,VNOC,credit,1,-1,1
1245000,1245,1,NOC_NPS_VNOC_X3Y0,VNOC,data_vc,1,5,1
1246000,1246,0,NOC_NPS_VNOC_X3Y1,VNOC,credit,0,-1,1
1246000,1246,0,NOC_NPS_VNOC_X3Y1,VNOC,data_vc,0,5,1
1246000,1246,1,NOC_NPS_VNOC_X3Y0,VNOC,credit,1,-1,1
1246000,1246,1,NOC_NPS_VNOC_X3Y0,VNOC,data_vc,1,5,1
1247000,1247,0,NOC_NPS_VNOC_X3Y1,VNOC,credit,0,-1,1
1247000,1247,0,NOC_NPS_VNOC_X3Y1,VNOC,data_vc,0,5,1
1247000,1247,1,NOC_NPS_VNOC_X3Y0,VNOC,credit,1,-1,1
1247000,1247,1,NOC_NPS_VNOC_X3Y0,VNOC,data_vc,1,5,1
1248000,1248,0,NOC_NPS_VNOC_X3Y1,VNOC,credit,0,-1,1
1248000,1248,0,NOC_NPS_VNOC_X3Y1,VNOC,data_vc,0,5,1
1248000,1248,1,NOC_NPS_VNOC_X3Y0,VNOC,credit,1,-1,1
1248000,1248,1,NOC_NPS_VNOC_X3Y0,VNOC,data_vc,1,5,1
1249000,1249,0,NOC_NPS_VNOC_X3Y1,VNOC,credit,0,-1,1
1249000,1249,0,NOC_NPS_VNOC_X3Y1,VNOC,data_vc,0,5,1
1249000,1249,1,NOC_NPS_VNOC_X3Y0,VNOC,credit,1,-1,1
1249000,1249,1,NOC_NPS_VNOC_X3Y0,VNOC,data_vc,1,5,1
1250000,1250,0,NOC_NPS_VNOC_X3Y1,VNOC,credit,0,-1,1
1250000,1250,0,NOC_NPS_VNOC_X3Y1,VNOC,data_vc,0,5,1
1250000,1250,1,NOC_NPS_VNOC_X3Y0,VNOC,credit,1,-1,1
1250000,1250,1,NOC_NPS_VNOC_X3Y0,VNOC,data_vc,1,5,1
1251000,1251,0,NOC_NPS_VNOC_X3Y1,VNOC,credit,0,-1,1
1251000,1251,0,NOC_NPS_VNOC_X3Y1,VNOC,data_vc,0,5,1
1251000,1251,1,NOC_NPS_VNOC_X3Y0,VNOC,credit,1,-1,1
1251000,1251,1,NOC_NPS_VNOC_X3Y0,VNOC,data_vc,1,5,1
1252000,1252,0,NOC_NPS_VNOC_X3Y1,VNOC,credit,0,-1,1
1252000,1252,0,NOC_NPS_VNOC_X3Y1,VNOC,data_vc,0,5,1
1252000,1252,1,NOC_NPS_VNOC_X3Y0,VNOC,credit,1,-1,1
1252000,1252,1,NOC_NPS_VNOC_X3Y0,VNOC,data_vc,1,5,1
1253000,1253,0,NOC_NPS_VNOC_X3Y1,VNOC,credit,0,-1,1
1253000,1253,0,NOC_NPS_VNOC_X3Y1,VNOC,data_vc,0,5,1
1253000,1253,1,NOC_NPS_VNOC_X3Y0,VNOC,credit,1,-1,1
1253000,1253,1,NOC_NPS_VNOC_X3Y0,VNOC,data_vc,1,5,1
1254000,1254,0,NOC_NPS_VNOC_X3Y1,VNOC,credit,0,-1,1
1254000,1254,0,NOC_NPS_VNOC_X3Y1,VNOC,data_vc,0,5,1
1254000,1254,1,NOC_NPS_VNOC_X3Y0,VNOC,credit,1,-1,1
1254000,1254,1,NOC_NPS_VNOC_X3Y0,VNOC,data_vc,1,5,1
1255000,1255,0,NOC_NPS_VNOC_X3Y1,VNOC,credit,0,-1,1
1255000,1255,0,NOC_NPS_VNOC_X3Y1,VNOC,data_vc,0,5,1
1255000,1255,1,NOC_NPS_VNOC_X3Y0,VNOC,credit,1,-1,1
1255000,1255,1,NOC_NPS_VNOC_X3Y0,VNOC,data_vc,1,5,1
1256000,1256,0,NOC_NPS_VNOC_X3Y1,VNOC,credit,0,-1,1
1256000,1256,0,NOC_NPS_VNOC_X3Y1,VNOC,data_vc,0,5,1
1256000,1256,1,NOC_NPS_VNOC_X3Y0,VNOC,credit,1,-1,1
1256000,1256,1,NOC_NPS_VNOC_X3Y0,VNOC,data_vc,1,5,1
1257000,1257,0,NOC_NPS_VNOC_X3Y1,VNOC,credit,0,-1,1
1257000,1257,0,NOC_NPS_VNOC_X3Y1,VNOC,data_vc,0,5,1
1257000,1257,1,NOC_NPS_VNOC_X3Y0,VNOC,credit,1,-1,1
1257000,1257,1,NOC_NPS_VNOC_X3Y0,VNOC,data_vc,1,5,1
1258000,1258,0,NOC_NPS_VNOC_X3Y1,VNOC,credit,0,-1,1
1258000,1258,0,NOC_NPS_VNOC_X3Y1,VNOC,data_vc,0,5,1
1258000,1258,1,NOC_NPS_VNOC_X3Y0,VNOC,credit,1,-1,1
1258000,1258,1,NOC_NPS_VNOC_X3Y0,VNOC,data_vc,1,5,1
1259000,1259,0,NOC_NPS_VNOC_X3Y1,VNOC,credit,0,-1,1
1259000,1259,0,NOC_NPS_VNOC_X3Y1,VNOC,data_vc,0,5,1
1259000,1259,1,NOC_NPS_VNOC_X3Y0,VNOC,credit,1,-1,1
1259000,1259,1,NOC_NPS_VNOC_X3Y0,VNOC,data_vc,1,5,1
1260000,1260,0,NOC_NPS_VNOC_X3Y1,VNOC,credit,0,-1,1
1260000,1260,0,NOC_NPS_VNOC_X3Y1,VNOC,data_vc,0,5,1
1260000,1260,1,NOC_NPS_VNOC_X3Y0,VNOC,credit,1,-1,1
1260000,1260,1,NOC_NPS_VNOC_X3Y0,VNOC,data_vc,1,5,1
1261000,1261,0,NOC_NPS_VNOC_X3Y1,VNOC,credit,0,-1,1
1261000,1261,0,NOC_NPS_VNOC_X3Y1,VNOC,data_vc,0,5,1
1261000,1261,1,NOC_NPS_VNOC_X3Y0,VNOC,credit,1,-1,1
1261000,1261,1,NOC_NPS_VNOC_X3Y0,VNOC,data_vc,1,5,1
1262000,1262,0,NOC_NPS_VNOC_X3Y1,VNOC,credit,0,-1,1
1262000,1262,0,NOC_NPS_VNOC_X3Y1,VNOC,data_vc,0,5,1
1262000,1262,1,NOC_NPS_VNOC_X3Y0,VNOC,credit,1,-1,1
1262000,1262,1,NOC_NPS_VNOC_X3Y0,VNOC,data_vc,1,5,1
1263000,1263,0,NOC_NPS_VNOC_X3Y1,VNOC,credit,0,-1,1
1263000,1263,0,NOC_NPS_VNOC_X3Y1,VNOC,data_vc,0,5,1
1263000,1263,1,NOC_NPS_VNOC_X3Y0,VNOC,credit,1,-1,1
1263000,1263,1,NOC_NPS_VNOC_X3Y0,VNOC,data_vc,1,5,1
1264000,1264,0,NOC_NPS_VNOC_X3Y1,VNOC,credit,0,-1,1
1264000,1264,0,NOC_NPS_VNOC_X3Y1,VNOC,data_vc,0,5,1
1264000,1264,1,NOC_NPS_VNOC_X3Y0,VNOC,credit,1,-1,1
1264000,1264,1,NOC_NPS_VNOC_X3Y0,VNOC,data_vc,1,5,1
1265000,1265,0,NOC_NPS_VNOC_X3Y1,VNOC,credit,0,-1,1
1265000,1265,0,NOC_NPS_VNOC_X3Y1,VNOC,data_vc,0,5,1
1265000,1265,1,NOC_NPS_VNOC_X3Y0,VNOC,credit,1,-1,1
1265000,1265,1,NOC_NPS_VNOC_X3Y0,VNOC,data_vc,1,5,1
1266000,1266,0,NOC_NPS_VNOC_X3Y1,VNOC,credit,0,-1,1
1266000,1266,0,NOC_NPS_VNOC_X3Y1,VNOC,data_vc,0,5,1
1266000,1266,1,NOC_NPS_VNOC_X3Y0,VNOC,credit,1,-1,1
1266000,1266,1,NOC_NPS_VNOC_X3Y0,VNOC,data_vc,1,5,1
1267000,1267,0,NOC_NPS_VNOC_X3Y1,VNOC,credit,0,-1,1
1267000,1267,0,NOC_NPS_VNOC_X3Y1,VNOC,data_vc,0,5,1
1267000,1267,1,NOC_NPS_VNOC_X3Y0,VNOC,credit,1,-1,1
1267000,1267,1,NOC_NPS_VNOC_X3Y0,VNOC,data_vc,1,5,1
1268000,1268,0,NOC_NPS_VNOC_X3Y1,VNOC,credit,0,-1,1
1268000,1268,0,NOC_NPS_VNOC_X3Y1,VNOC,data_vc,0,5,1
1268000,1268,1,NOC_NPS_VNOC_X3Y0,VNOC,credit,1,-1,1
1268000,1268,1,NOC_NPS_VNOC_X3Y0,VNOC,data_vc,1,5,1
1269000,1269,0,NOC_NPS_VNOC_X3Y1,VNOC,credit,0,-1,1
1269000,1269,0,NOC_NPS_VNOC_X3Y1,VNOC,data_vc,0,5,1
1269000,1269,1,NOC_NPS_VNOC_X3Y0,VNOC,credit,1,-1,1
1269000,1269,1,NOC_NPS_VNOC_X3Y0,VNOC,data_vc,1,5,1
1270000,1270,0,NOC_NPS_VNOC_X3Y1,VNOC,credit,0,-1,1
1270000,1270,0,NOC_NPS_VNOC_X3Y1,VNOC,data_vc,0,5,1
1270000,1270,1,NOC_NPS_VNOC_X3Y0,VNOC,credit,1,-1,1
1270000,1270,1,NOC_NPS_VNOC_X3Y0,VNOC,data_vc,1,5,1
1271000,1271,0,NOC_NPS_VNOC_X3Y1,VNOC,credit,0,-1,1
1271000,1271,0,NOC_NPS_VNOC_X3Y1,VNOC,data_vc,0,5,1
1271000,1271,1,NOC_NPS_VNOC_X3Y0,VNOC,credit,1,-1,1
1271000,1271,1,NOC_NPS_VNOC_X3Y0,VNOC,data_vc,1,5,1
1272000,1272,0,NOC_NPS_VNOC_X3Y1,VNOC,credit,0,-1,1
1272000,1272,0,NOC_NPS_VNOC_X3Y1,VNOC,data_vc,0,5,1
1272000,1272,1,NOC_NPS_VNOC_X3Y0,VNOC,credit,1,-1,1
1272000,1272,1,NOC_NPS_VNOC_X3Y0,VNOC,data_vc,1,5,1
1273000,1273,0,NOC_NPS_VNOC_X3Y1,VNOC,credit,0,-1,1
1273000,1273,0,NOC_NPS_VNOC_X3Y1,VNOC,data_vc,0,5,1
1273000,1273,1,NOC_NPS_VNOC_X3Y0,VNOC,credit,1,-1,1
1273000,1273,1,NOC_NPS_VNOC_X3Y0,VNOC,data_vc,1,5,1
1274000,1274,0,NOC_NPS_VNOC_X3Y1,VNOC,credit,0,-1,1
1274000,1274,0,NOC_NPS_VNOC_X3Y1,VNOC,data_vc,0,5,1
1274000,1274,1,NOC_NPS_VNOC_X3Y0,VNOC,credit,1,-1,1
1274000,1274,1,NOC_NPS_VNOC_X3Y0,VNOC,data_vc,1,5,1
1275000,1275,0,NOC_NPS_VNOC_X3Y1,VNOC,credit,0,-1,1
1275000,1275,0,NOC_NPS_VNOC_X3Y1,VNOC,data_vc,0,5,1
1275000,1275,1,NOC_NPS_VNOC_X3Y0,VNOC,credit,1,-1,1
1275000,1275,1,NOC_NPS_VNOC_X3Y0,VNOC,data_vc,1,5,1
1276000,1276,0,NOC_NPS_VNOC_X3Y1,VNOC,credit,0,-1,1
1276000,1276,0,NOC_NPS_VNOC_X3Y1,VNOC,data_vc,0,5,1
1276000,1276,1,NOC_NPS_VNOC_X3Y0,VNOC,credit,1,-1,1
1276000,1276,1,NOC_NPS_VNOC_X3Y0,VNOC,data_vc,1,5,1
1277000,1277,0,NOC_NPS_VNOC_X3Y1,VNOC,credit,0,-1,1
1277000,1277,0,NOC_NPS_VNOC_X3Y1,VNOC,data_vc,0,5,1
1277000,1277,1,NOC_NPS_VNOC_X3Y0,VNOC,credit,1,-1,1
1277000,1277,1,NOC_NPS_VNOC_X3Y0,VNOC,data_vc,1,5,1
1278000,1278,0,NOC_NPS_VNOC_X3Y1,VNOC,credit,0,-1,1
1278000,1278,0,NOC_NPS_VNOC_X3Y1,VNOC,data_vc,0,5,1
1278000,1278,1,NOC_NPS_VNOC_X3Y0,VNOC,credit,1,-1,1
1278000,1278,1,NOC_NPS_VNOC_X3Y0,VNOC,data_vc,1,5,1
1279000,1279,0,NOC_NPS_VNOC_X3Y1,VNOC,credit,0,-1,1
1279000,1279,0,NOC_NPS_VNOC_X3Y1,VNOC,data_vc,0,5,1
1279000,1279,1,NOC_NPS_VNOC_X3Y0,VNOC,credit,1,-1,1
1279000,1279,1,NOC_NPS_VNOC_X3Y0,VNOC,data_vc,1,5,1
1280000,1280,0,NOC_NPS_VNOC_X3Y1,VNOC,credit,0,-1,1
1280000,1280,0,NOC_NPS_VNOC_X3Y1,VNOC,data_vc,0,5,1
1280000,1280,1,NOC_NPS_VNOC_X3Y0,VNOC,credit,1,-1,1
1280000,1280,1,NOC_NPS_VNOC_X3Y0,VNOC,data_vc,1,5,1
1281000,1281,0,NOC_NPS_VNOC_X3Y1,VNOC,credit,0,-1,1
1281000,1281,0,NOC_NPS_VNOC_X3Y1,VNOC,data_vc,0,5,1
1281000,1281,1,NOC_NPS_VNOC_X3Y0,VNOC,credit,1,-1,1
1281000,1281,1,NOC_NPS_VNOC_X3Y0,VNOC,data_vc,1,5,1
1282000,1282,0,NOC_NPS_VNOC_X3Y1,VNOC,credit,0,-1,1
1282000,1282,0,NOC_NPS_VNOC_X3Y1,VNOC,data_vc,0,5,1
1282000,1282,1,NOC_NPS_VNOC_X3Y0,VNOC,credit,1,-1,1
1282000,1282,1,NOC_NPS_VNOC_X3Y0,VNOC,data_vc,1,5,1
1283000,1283,0,NOC_NPS_VNOC_X3Y1,VNOC,credit,0,-1,1
1283000,1283,0,NOC_NPS_VNOC_X3Y1,VNOC,data_vc,0,5,1
1283000,1283,1,NOC_NPS_VNOC_X3Y0,VNOC,credit,1,-1,1
1283000,1283,1,NOC_NPS_VNOC_X3Y0,VNOC,data_vc,1,5,1
1284000,1284,0,NOC_NPS_VNOC_X3Y1,VNOC,credit,0,-1,1
1284000,1284,0,NOC_NPS_VNOC_X3Y1,VNOC,data_vc,0,5,1
1284000,1284,1,NOC_NPS_VNOC_X3Y0,VNOC,credit,1,-1,1
1284000,1284,1,NOC_NPS_VNOC_X3Y0,VNOC,data_vc,1,5,1
1285000,1285,0,NOC_NPS_VNOC_X3Y1,VNOC,credit,0,-1,1
1285000,1285,0,NOC_NPS_VNOC_X3Y1,VNOC,data_vc,0,5,1
1285000,1285,1,NOC_NPS_VNOC_X3Y0,VNOC,credit,1,-1,1
1285000,1285,1,NOC_NPS_VNOC_X3Y0,VNOC,data_vc,1,5,1
1286000,1286,0,NOC_NPS_VNOC_X3Y1,VNOC,credit,0,-1,1
1286000,1286,0,NOC_NPS_VNOC_X3Y1,VNOC,data_vc,0,5,1
1286000,1286,1,NOC_NPS_VNOC_X3Y0,VNOC,credit,1,-1,1
1286000,1286,1,NOC_NPS_VNOC_X3Y0,VNOC,data_vc,1,5,1
1287000,1287,0,NOC_NPS_VNOC_X3Y1,VNOC,credit,0,-1,1
1287000,1287,0,NOC_NPS_VNOC_X3Y1,VNOC,data_vc,0,5,1
1287000,1287,1,NOC_NPS_VNOC_X3Y0,VNOC,credit,1,-1,1
1287000,1287,1,NOC_NPS_VNOC_X3Y0,VNOC,data_vc,1,5,1
1288000,1288,0,NOC_NPS_VNOC_X3Y1,VNOC,credit,0,-1,1
1288000,1288,0,NOC_NPS_VNOC_X3Y1,VNOC,data_vc,0,5,1
1288000,1288,1,NOC_NPS_VNOC_X3Y0,VNOC,credit,1,-1,1
1288000,1288,1,NOC_NPS_VNOC_X3Y0,VNOC,data_vc,1,5,1
1289000,1289,0,NOC_NPS_VNOC_X3Y1,VNOC,credit,0,-1,1
1289000,1289,0,NOC_NPS_VNOC_X3Y1,VNOC,data_vc,0,5,1
1289000,1289,1,NOC_NPS_VNOC_X3Y0,VNOC,credit,1,-1,1
1289000,1289,1,NOC_NPS_VNOC_X3Y0,VNOC,data_vc,1,5,1
1290000,1290,0,NOC_NPS_VNOC_X3Y1,VNOC,credit,0,-1,1
1290000,1290,0,NOC_NPS_VNOC_X3Y1,VNOC,data_vc,0,5,1
1290000,1290,1,NOC_NPS_VNOC_X3Y0,VNOC,credit,1,-1,1
1290000,1290,1,NOC_NPS_VNOC_X3Y0,VNOC,data_vc,1,5,1
1291000,1291,0,NOC_NPS_VNOC_X3Y1,VNOC,credit,0,-1,1
1291000,1291,0,NOC_NPS_VNOC_X3Y1,VNOC,data_vc,0,5,1
1291000,1291,1,NOC_NPS_VNOC_X3Y0,VNOC,credit,1,-1,1
1291000,1291,1,NOC_NPS_VNOC_X3Y0,VNOC,data_vc,1,5,1
1292000,1292,0,NOC_NPS_VNOC_X3Y1,VNOC,credit,0,-1,1
1292000,1292,0,NOC_NPS_VNOC_X3Y1,VNOC,data_vc,0,5,1
1292000,1292,1,NOC_NPS_VNOC_X3Y0,VNOC,credit,1,-1,1
1292000,1292,1,NOC_NPS_VNOC_X3Y0,VNOC,data_vc,1,5,1
1293000,1293,0,NOC_NPS_VNOC_X3Y1,VNOC,credit,0,-1,1
1293000,1293,0,NOC_NPS_VNOC_X3Y1,VNOC,data_vc,0,5,1
1293000,1293,1,NOC_NPS_VNOC_X3Y0,VNOC,credit,1,-1,1
1293000,1293,1,NOC_NPS_VNOC_X3Y0,VNOC,data_vc,1,5,1
1294000,1294,0,NOC_NPS_VNOC_X3Y1,VNOC,credit,0,-1,1
1294000,1294,0,NOC_NPS_VNOC_X3Y1,VNOC,data_vc,0,5,1
1294000,1294,1,NOC_NPS_VNOC_X3Y0,VNOC,credit,1,-1,1
1294000,1294,1,NOC_NPS_VNOC_X3Y0,VNOC,data_vc,1,5,1
1295000,1295,0,NOC_NPS_VNOC_X3Y1,VNOC,credit,0,-1,1
1295000,1295,0,NOC_NPS_VNOC_X3Y1,VNOC,data_vc,0,5,1
1295000,1295,1,NOC_NPS_VNOC_X3Y0,VNOC,credit,1,-1,1
1295000,1295,1,NOC_NPS_VNOC_X3Y0,VNOC,data_vc,1,5,1
1296000,1296,0,NOC_NPS_VNOC_X3Y1,VNOC,credit,0,-1,1
1296000,1296,0,NOC_NPS_VNOC_X3Y1,VNOC,data_vc,0,5,1
1296000,1296,1,NOC_NPS_VNOC_X3Y0,VNOC,credit,1,-1,1
1296000,1296,1,NOC_NPS_VNOC_X3Y0,VNOC,data_vc,1,5,1
1297000,1297,0,NOC_NPS_VNOC_X3Y1,VNOC,credit,0,-1,1
1297000,1297,0,NOC_NPS_VNOC_X3Y1,VNOC,data_vc,0,5,1
1297000,1297,1,NOC_NPS_VNOC_X3Y0,VNOC,credit,1,-1,1
1297000,1297,1,NOC_NPS_VNOC_X3Y0,VNOC,data_vc,1,5,1
1298000,1298,0,NOC_NPS_VNOC_X3Y1,VNOC,credit,0,-1,1
1298000,1298,0,NOC_NPS_VNOC_X3Y1,VNOC,data_vc,0,5,1
1298000,1298,1,NOC_NPS_VNOC_X3Y0,VNOC,credit,1,-1,1
1298000,1298,1,NOC_NPS_VNOC_X3Y0,VNOC,data_vc,1,5,1
1299000,1299,0,NOC_NPS_VNOC_X3Y1,VNOC,credit,0,-1,1
1299000,1299,0,NOC_NPS_VNOC_X3Y1,VNOC,data_vc,0,5,1
1299000,1299,1,NOC_NPS_VNOC_X3Y0,VNOC,credit,1,-1,1
1299000,1299,1,NOC_NPS_VNOC_X3Y0,VNOC,data_vc,1,5,1
1300000,1300,0,NOC_NPS_VNOC_X3Y1,VNOC,credit,0,-1,1
1300000,1300,0,NOC_NPS_VNOC_X3Y1,VNOC,data_vc,0,5,1
1300000,1300,1,NOC_NPS_VNOC_X3Y0,VNOC,credit,1,-1,1
1300000,1300,1,NOC_NPS_VNOC_X3Y0,VNOC,data_vc,1,5,1
1301000,1301,0,NOC_NPS_VNOC_X3Y1,VNOC,credit,0,-1,1
1301000,1301,0,NOC_NPS_VNOC_X3Y1,VNOC,data_vc,0,5,1
1301000,1301,1,NOC_NPS_VNOC_X3Y0,VNOC,credit,1,-1,1
1301000,1301,1,NOC_NPS_VNOC_X3Y0,VNOC,data_vc,1,5,1
1302000,1302,0,NOC_NPS_VNOC_X3Y1,VNOC,credit,0,-1,1
1302000,1302,0,NOC_NPS_VNOC_X3Y1,VNOC,data_vc,0,5,1
1302000,1302,1,NOC_NPS_VNOC_X3Y0,VNOC,credit,1,-1,1
1302000,1302,1,NOC_NPS_VNOC_X3Y0,VNOC,data_vc,1,5,1
1303000,1303,0,NOC_NPS_VNOC_X3Y1,VNOC,credit,0,-1,1
1303000,1303,0,NOC_NPS_VNOC_X3Y1,VNOC,data_vc,0,5,1
1303000,1303,1,NOC_NPS_VNOC_X3Y0,VNOC,credit,1,-1,1
1303000,1303,1,NOC_NPS_VNOC_X3Y0,VNOC,data_vc,1,5,1
1304000,1304,0,NOC_NPS_VNOC_X3Y1,VNOC,credit,0,-1,1
1304000,1304,0,NOC_NPS_VNOC_X3Y1,VNOC,data_vc,0,5,1
1304000,1304,1,NOC_NPS_VNOC_X3Y0,VNOC,credit,1,-1,1
1304000,1304,1,NOC_NPS_VNOC_X3Y0,VNOC,data_vc,1,5,1
1305000,1305,0,NOC_NPS_VNOC_X3Y1,VNOC,credit,0,-1,1
1305000,1305,0,NOC_NPS_VNOC_X3Y1,VNOC,data_vc,0,5,1
1305000,1305,1,NOC_NPS_VNOC_X3Y0,VNOC,credit,1,-1,1
1305000,1305,1,NOC_NPS_VNOC_X3Y0,VNOC,data_vc,1,5,1
1306000,1306,0,NOC_NPS_VNOC_X3Y1,VNOC,credit,0,-1,1
1306000,1306,0,NOC_NPS_VNOC_X3Y1,VNOC,data_vc,0,5,1
1306000,1306,1,NOC_NPS_VNOC_X3Y0,VNOC,credit,1,-1,1
1306000,1306,1,NOC_NPS_VNOC_X3Y0,VNOC,data_vc,1,5,1
1307000,1307,0,NOC_NPS_VNOC_X3Y1,VNOC,credit,0,-1,1
1307000,1307,0,NOC_NPS_VNOC_X3Y1,VNOC,data_vc,0,5,1
1307000,1307,1,NOC_NPS_VNOC_X3Y0,VNOC,credit,1,-1,1
1307000,1307,1,NOC_NPS_VNOC_X3Y0,VNOC,data_vc,1,5,1
1308000,1308,0,NOC_NPS_VNOC_X3Y1,VNOC,credit,0,-1,1
1308000,1308,0,NOC_NPS_VNOC_X3Y1,VNOC,data_vc,0,5,1
1308000,1308,1,NOC_NPS_VNOC_X3Y0,VNOC,credit,1,-1,1
1308000,1308,1,NOC_NPS_VNOC_X3Y0,VNOC,data_vc,1,5,1
1309000,1309,0,NOC_NPS_VNOC_X3Y1,VNOC,credit,0,-1,1
1309000,1309,0,NOC_NPS_VNOC_X3Y1,VNOC,data_vc,0,5,1
1309000,1309,1,NOC_NPS_VNOC_X3Y0,VNOC,credit,1,-1,1
1309000,1309,1,NOC_NPS_VNOC_X3Y0,VNOC,data_vc,1,5,1
1310000,1310,0,NOC_NPS_VNOC_X3Y1,VNOC,credit,0,-1,1
1310000,1310,0,NOC_NPS_VNOC_X3Y1,VNOC,data_vc,0,5,1
1310000,1310,1,NOC_NPS_VNOC_X3Y0,VNOC,credit,1,-1,1
1310000,1310,1,NOC_NPS_VNOC_X3Y0,VNOC,data_vc,1,5,1
1311000,1311,0,NOC_NPS_VNOC_X3Y1,VNOC,credit,0,-1,1
1311000,1311,0,NOC_NPS_VNOC_X3Y1,VNOC,data_vc,0,5,1
1311000,1311,1,NOC_NPS_VNOC_X3Y0,VNOC,credit,1,-1,1
1311000,1311,1,NOC_NPS_VNOC_X3Y0,VNOC,data_vc,1,5,1
1312000,1312,0,NOC_NPS_VNOC_X3Y1,VNOC,credit,0,-1,1
1312000,1312,0,NOC_NPS_VNOC_X3Y1,VNOC,data_vc,0,5,1
1312000,1312,1,NOC_NPS_VNOC_X3Y0,VNOC,credit,1,-1,1
1312000,1312,1,NOC_NPS_VNOC_X3Y0,VNOC,data_vc,1,5,1
1313000,1313,0,NOC_NPS_VNOC_X3Y1,VNOC,credit,0,-1,1
1313000,1313,0,NOC_NPS_VNOC_X3Y1,VNOC,data_vc,0,5,1
1313000,1313,1,NOC_NPS_VNOC_X3Y0,VNOC,credit,1,-1,1
1313000,1313,1,NOC_NPS_VNOC_X3Y0,VNOC,data_vc,1,5,1
1314000,1314,0,NOC_NPS_VNOC_X3Y1,VNOC,credit,0,-1,1
1314000,1314,0,NOC_NPS_VNOC_X3Y1,VNOC,data_vc,0,5,1
1314000,1314,1,NOC_NPS_VNOC_X3Y0,VNOC,credit,1,-1,1
1314000,1314,1,NOC_NPS_VNOC_X3Y0,VNOC,data_vc,1,5,1
1315000,1315,0,NOC_NPS_VNOC_X3Y1,VNOC,credit,0,-1,1
1315000,1315,0,NOC_NPS_VNOC_X3Y1,VNOC,data_vc,0,5,1
1315000,1315,1,NOC_NPS_VNOC_X3Y0,VNOC,credit,1,-1,1
1315000,1315,1,NOC_NPS_VNOC_X3Y0,VNOC,data_vc,1,5,1
1316000,1316,0,NOC_NPS_VNOC_X3Y1,VNOC,credit,0,-1,1
1316000,1316,0,NOC_NPS_VNOC_X3Y1,VNOC,data_vc,0,5,1
1316000,1316,1,NOC_NPS_VNOC_X3Y0,VNOC,credit,1,-1,1
1316000,1316,1,NOC_NPS_VNOC_X3Y0,VNOC,data_vc,1,5,1
1317000,1317,0,NOC_NPS_VNOC_X3Y1,VNOC,credit,0,-1,1
1317000,1317,0,NOC_NPS_VNOC_X3Y1,VNOC,data_vc,0,5,1
1317000,1317,1,NOC_NPS_VNOC_X3Y0,VNOC,credit,1,-1,1
1317000,1317,1,NOC_NPS_VNOC_X3Y0,VNOC,data_vc,1,5,1
1318000,1318,0,NOC_NPS_VNOC_X3Y1,VNOC,credit,0,-1,1
1318000,1318,0,NOC_NPS_VNOC_X3Y1,VNOC,data_vc,0,5,1
1318000,1318,1,NOC_NPS_VNOC_X3Y0,VNOC,credit,1,-1,1
1318000,1318,1,NOC_NPS_VNOC_X3Y0,VNOC,data_vc,1,5,1
1319000,1319,0,NOC_NPS_VNOC_X3Y1,VNOC,credit,0,-1,1
1319000,1319,0,NOC_NPS_VNOC_X3Y1,VNOC,data_vc,0,5,1
1319000,1319,1,NOC_NPS_VNOC_X3Y0,VNOC,credit,1,-1,1
1319000,1319,1,NOC_NPS_VNOC_X3Y0,VNOC,data_vc,1,5,1
1320000,1320,0,NOC_NPS_VNOC_X3Y1,VNOC,credit,0,-1,1
1320000,1320,0,NOC_NPS_VNOC_X3Y1,VNOC,data_vc,0,5,1
1320000,1320,1,NOC_NPS_VNOC_X3Y0,VNOC,credit,1,-1,1
1320000,1320,1,NOC_NPS_VNOC_X3Y0,VNOC,data_vc,1,5,1
1321000,1321,0,NOC_NPS_VNOC_X3Y1,VNOC,credit,0,-1,1
1321000,1321,0,NOC_NPS_VNOC_X3Y1,VNOC,data_vc,0,5,1
1321000,1321,1,NOC_NPS_VNOC_X3Y0,VNOC,credit,1,-1,1
1321000,1321,1,NOC_NPS_VNOC_X3Y0,VNOC,data_vc,1,5,1
1322000,1322,0,NOC_NPS_VNOC_X3Y1,VNOC,credit,0,-1,1
1322000,1322,0,NOC_NPS_VNOC_X3Y1,VNOC,data_vc,0,5,1
1322000,1322,1,NOC_NPS_VNOC_X3Y0,VNOC,credit,1,-1,1
1322000,1322,1,NOC_NPS_VNOC_X3Y0,VNOC,data_vc,1,5,1
1323000,1323,0,NOC_NPS_VNOC_X3Y1,VNOC,credit,0,-1,1
1323000,1323,0,NOC_NPS_VNOC_X3Y1,VNOC,data_vc,0,5,1
1323000,1323,1,NOC_NPS_VNOC_X3Y0,VNOC,credit,1,-1,1
1323000,1323,1,NOC_NPS_VNOC_X3Y0,VNOC,data_vc,1,5,1
1324000,1324,0,NOC_NPS_VNOC_X3Y1,VNOC,credit,0,-1,1
1324000,1324,0,NOC_NPS_VNOC_X3Y1,VNOC,data_vc,0,5,1
1324000,1324,1,NOC_NPS_VNOC_X3Y0,VNOC,credit,1,-1,1
1324000,1324,1,NOC_NPS_VNOC_X3Y0,VNOC,data_vc,1,5,1
1325000,1325,0,NOC_NPS_VNOC_X3Y1,VNOC,credit,0,-1,1
1325000,1325,0,NOC_NPS_VNOC_X3Y1,VNOC,data_vc,0,5,1
1325000,1325,1,NOC_NPS_VNOC_X3Y0,VNOC,credit,1,-1,1
1325000,1325,1,NOC_NPS_VNOC_X3Y0,VNOC,data_vc,1,5,1
1326000,1326,0,NOC_NPS_VNOC_X3Y1,VNOC,credit,0,-1,1
1326000,1326,0,NOC_NPS_VNOC_X3Y1,VNOC,data_vc,0,5,1
1326000,1326,1,NOC_NPS_VNOC_X3Y0,VNOC,credit,1,-1,1
1326000,1326,1,NOC_NPS_VNOC_X3Y0,VNOC,data_vc,1,5,1
1327000,1327,0,NOC_NPS_VNOC_X3Y1,VNOC,credit,0,-1,1
1327000,1327,0,NOC_NPS_VNOC_X3Y1,VNOC,data_vc,0,5,1
1327000,1327,1,NOC_NPS_VNOC_X3Y0,VNOC,credit,1,-1,1
1327000,1327,1,NOC_NPS_VNOC_X3Y0,VNOC,data_vc,1,5,1
1328000,1328,0,NOC_NPS_VNOC_X3Y1,VNOC,credit,0,-1,1
1328000,1328,0,NOC_NPS_VNOC_X3Y1,VNOC,data_vc,0,5,1
1328000,1328,1,NOC_NPS_VNOC_X3Y0,VNOC,credit,1,-1,1
1328000,1328,1,NOC_NPS_VNOC_X3Y0,VNOC,data_vc,1,5,1
1329000,1329,0,NOC_NPS_VNOC_X3Y1,VNOC,credit,0,-1,1
1329000,1329,0,NOC_NPS_VNOC_X3Y1,VNOC,data_vc,0,5,1
1329000,1329,1,NOC_NPS_VNOC_X3Y0,VNOC,credit,1,-1,1
1329000,1329,1,NOC_NPS_VNOC_X3Y0,VNOC,data_vc,1,5,1
1330000,1330,0,NOC_NPS_VNOC_X3Y1,VNOC,credit,0,-1,1
1330000,1330,0,NOC_NPS_VNOC_X3Y1,VNOC,data_vc,0,5,1
1330000,1330,1,NOC_NPS_VNOC_X3Y0,VNOC,credit,1,-1,1
1330000,1330,1,NOC_NPS_VNOC_X3Y0,VNOC,data_vc,1,5,1
1331000,1331,0,NOC_NPS_VNOC_X3Y1,VNOC,credit,0,-1,1
1331000,1331,0,NOC_NPS_VNOC_X3Y1,VNOC,data_vc,0,5,1
1331000,1331,1,NOC_NPS_VNOC_X3Y0,VNOC,credit,1,-1,1
1331000,1331,1,NOC_NPS_VNOC_X3Y0,VNOC,data_vc,1,5,1
1332000,1332,0,NOC_NPS_VNOC_X3Y1,VNOC,credit,0,-1,1
1332000,1332,0,NOC_NPS_VNOC_X3Y1,VNOC,data_vc,0,5,1
1332000,1332,1,NOC_NPS_VNOC_X3Y0,VNOC,credit,1,-1,1
1332000,1332,1,NOC_NPS_VNOC_X3Y0,VNOC,data_vc,1,5,1
1333000,1333,0,NOC_NPS_VNOC_X3Y1,VNOC,credit,0,-1,1
1333000,1333,0,NOC_NPS_VNOC_X3Y1,VNOC,data_vc,0,5,1
1333000,1333,1,NOC_NPS_VNOC_X3Y0,VNOC,credit,1,-1,1
1333000,1333,1,NOC_NPS_VNOC_X3Y0,VNOC,data_vc,1,5,1
1334000,1334,0,NOC_NPS_VNOC_X3Y1,VNOC,credit,0,-1,1
1334000,1334,0,NOC_NPS_VNOC_X3Y1,VNOC,data_vc,0,5,1
1334000,1334,1,NOC_NPS_VNOC_X3Y0,VNOC,credit,1,-1,1
1334000,1334,1,NOC_NPS_VNOC_X3Y0,VNOC,data_vc,1,5,1
1335000,1335,0,NOC_NPS_VNOC_X3Y1,VNOC,credit,0,-1,1
1335000,1335,0,NOC_NPS_VNOC_X3Y1,VNOC,data_vc,0,5,1
1335000,1335,1,NOC_NPS_VNOC_X3Y0,VNOC,credit,1,-1,1
1335000,1335,1,NOC_NPS_VNOC_X3Y0,VNOC,data_vc,1,5,1
1336000,1336,0,NOC_NPS_VNOC_X3Y1,VNOC,credit,0,-1,1
1336000,1336,0,NOC_NPS_VNOC_X3Y1,VNOC,data_vc,0,5,1
1336000,1336,1,NOC_NPS_VNOC_X3Y0,VNOC,credit,1,-1,1
1336000,1336,1,NOC_NPS_VNOC_X3Y0,VNOC,data_vc,1,5,1
1337000,1337,0,NOC_NPS_VNOC_X3Y1,VNOC,credit,0,-1,1
1337000,1337,0,NOC_NPS_VNOC_X3Y1,VNOC,data_vc,0,5,1
1337000,1337,1,NOC_NPS_VNOC_X3Y0,VNOC,credit,1,-1,1
1337000,1337,1,NOC_NPS_VNOC_X3Y0,VNOC,data_vc,1,5,1
1338000,1338,0,NOC_NPS_VNOC_X3Y1,VNOC,credit,0,-1,1
1338000,1338,0,NOC_NPS_VNOC_X3Y1,VNOC,data_vc,0,5,1
1338000,1338,1,NOC_NPS_VNOC_X3Y0,VNOC,credit,1,-1,1
1338000,1338,1,NOC_NPS_VNOC_X3Y0,VNOC,data_vc,1,5,1
1339000,1339,0,NOC_NPS_VNOC_X3Y1,VNOC,credit,0,-1,1
1339000,1339,0,NOC_NPS_VNOC_X3Y1,VNOC,data_vc,0,5,1
1339000,1339,1,NOC_NPS_VNOC_X3Y0,VNOC,credit,1,-1,1
1339000,1339,1,NOC_NPS_VNOC_X3Y0,VNOC,data_vc,1,5,1
1340000,1340,0,NOC_NPS_VNOC_X3Y1,VNOC,credit,0,-1,1
1340000,1340,0,NOC_NPS_VNOC_X3Y1,VNOC,data_vc,0,5,1
1340000,1340,1,NOC_NPS_VNOC_X3Y0,VNOC,credit,1,-1,1
1340000,1340,1,NOC_NPS_VNOC_X3Y0,VNOC,data_vc,1,5,1
1341000,1341,0,NOC_NPS_VNOC_X3Y1,VNOC,credit,0,-1,1
1341000,1341,0,NOC_NPS_VNOC_X3Y1,VNOC,data_vc,0,5,1
1341000,1341,1,NOC_NPS_VNOC_X3Y0,VNOC,credit,1,-1,1
1341000,1341,1,NOC_NPS_VNOC_X3Y0,VNOC,data_vc,1,5,1
1342000,1342,0,NOC_NPS_VNOC_X3Y1,VNOC,credit,0,-1,1
1342000,1342,0,NOC_NPS_VNOC_X3Y1,VNOC,data_vc,0,5,1
1342000,1342,1,NOC_NPS_VNOC_X3Y0,VNOC,credit,1,-1,1
1342000,1342,1,NOC_NPS_VNOC_X3Y0,VNOC,data_vc,1,5,1
1343000,1343,0,NOC_NPS_VNOC_X3Y1,VNOC,credit,0,-1,1
1343000,1343,0,NOC_NPS_VNOC_X3Y1,VNOC,data_vc,0,5,1
1343000,1343,1,NOC_NPS_VNOC_X3Y0,VNOC,credit,1,-1,1
1343000,1343,1,NOC_NPS_VNOC_X3Y0,VNOC,data_vc,1,5,1
1344000,1344,0,NOC_NPS_VNOC_X3Y1,VNOC,credit,0,-1,1
1344000,1344,0,NOC_NPS_VNOC_X3Y1,VNOC,data_vc,0,5,1
1344000,1344,1,NOC_NPS_VNOC_X3Y0,VNOC,credit,1,-1,1
1344000,1344,1,NOC_NPS_VNOC_X3Y0,VNOC,data_vc,1,5,1
1345000,1345,0,NOC_NPS_VNOC_X3Y1,VNOC,credit,0,-1,1
1345000,1345,0,NOC_NPS_VNOC_X3Y1,VNOC,data_vc,0,5,1
1345000,1345,1,NOC_NPS_VNOC_X3Y0,VNOC,credit,1,-1,1
1345000,1345,1,NOC_NPS_VNOC_X3Y0,VNOC,data_vc,1,5,1
1346000,1346,0,NOC_NPS_VNOC_X3Y1,VNOC,credit,0,-1,1
1346000,1346,0,NOC_NPS_VNOC_X3Y1,VNOC,data_vc,0,5,1
1346000,1346,1,NOC_NPS_VNOC_X3Y0,VNOC,credit,1,-1,1
1346000,1346,1,NOC_NPS_VNOC_X3Y0,VNOC,data_vc,1,5,1
1347000,1347,0,NOC_NPS_VNOC_X3Y1,VNOC,credit,0,-1,1
1347000,1347,0,NOC_NPS_VNOC_X3Y1,VNOC,data_vc,0,5,1
1347000,1347,1,NOC_NPS_VNOC_X3Y0,VNOC,credit,1,-1,1
1347000,1347,1,NOC_NPS_VNOC_X3Y0,VNOC,data_vc,1,5,1
1348000,1348,0,NOC_NPS_VNOC_X3Y1,VNOC,credit,0,-1,1
1348000,1348,0,NOC_NPS_VNOC_X3Y1,VNOC,data_vc,0,5,1
1348000,1348,1,NOC_NPS_VNOC_X3Y0,VNOC,credit,1,-1,1
1348000,1348,1,NOC_NPS_VNOC_X3Y0,VNOC,data_vc,1,5,1
1349000,1349,0,NOC_NPS_VNOC_X3Y1,VNOC,credit,0,-1,1
1349000,1349,0,NOC_NPS_VNOC_X3Y1,VNOC,data_vc,0,5,1
1349000,1349,1,NOC_NPS_VNOC_X3Y0,VNOC,credit,1,-1,1
1349000,1349,1,NOC_NPS_VNOC_X3Y0,VNOC,data_vc,1,5,1
1350000,1350,0,NOC_NPS_VNOC_X3Y1,VNOC,credit,0,-1,1
1350000,1350,0,NOC_NPS_VNOC_X3Y1,VNOC,data_vc,0,5,1
1350000,1350,1,NOC_NPS_VNOC_X3Y0,VNOC,credit,1,-1,1
1350000,1350,1,NOC_NPS_VNOC_X3Y0,VNOC,data_vc,1,5,1
1351000,1351,0,NOC_NPS_VNOC_X3Y1,VNOC,credit,0,-1,1
1351000,1351,0,NOC_NPS_VNOC_X3Y1,VNOC,data_vc,0,5,1
1351000,1351,1,NOC_NPS_VNOC_X3Y0,VNOC,credit,1,-1,1
1351000,1351,1,NOC_NPS_VNOC_X3Y0,VNOC,data_vc,1,5,1
1352000,1352,0,NOC_NPS_VNOC_X3Y1,VNOC,credit,0,-1,1
1352000,1352,0,NOC_NPS_VNOC_X3Y1,VNOC,data_vc,0,5,1
1352000,1352,1,NOC_NPS_VNOC_X3Y0,VNOC,credit,1,-1,1
1352000,1352,1,NOC_NPS_VNOC_X3Y0,VNOC,data_vc,1,5,1
1353000,1353,0,NOC_NPS_VNOC_X3Y1,VNOC,credit,0,-1,1
1353000,1353,0,NOC_NPS_VNOC_X3Y1,VNOC,data_vc,0,5,1
1353000,1353,1,NOC_NPS_VNOC_X3Y0,VNOC,credit,1,-1,1
1353000,1353,1,NOC_NPS_VNOC_X3Y0,VNOC,data_vc,1,5,1
1354000,1354,0,NOC_NPS_VNOC_X3Y1,VNOC,credit,0,-1,1
1354000,1354,0,NOC_NPS_VNOC_X3Y1,VNOC,data_vc,0,5,1
1354000,1354,1,NOC_NPS_VNOC_X3Y0,VNOC,credit,1,-1,1
1354000,1354,1,NOC_NPS_VNOC_X3Y0,VNOC,data_vc,1,5,1
1355000,1355,0,NOC_NPS_VNOC_X3Y1,VNOC,credit,0,-1,1
1355000,1355,0,NOC_NPS_VNOC_X3Y1,VNOC,data_vc,0,5,1
1355000,1355,1,NOC_NPS_VNOC_X3Y0,VNOC,credit,1,-1,1
1355000,1355,1,NOC_NPS_VNOC_X3Y0,VNOC,data_vc,1,5,1
1356000,1356,0,NOC_NPS_VNOC_X3Y1,VNOC,credit,0,-1,1
1356000,1356,0,NOC_NPS_VNOC_X3Y1,VNOC,data_vc,0,5,1
1356000,1356,1,NOC_NPS_VNOC_X3Y0,VNOC,credit,1,-1,1
1356000,1356,1,NOC_NPS_VNOC_X3Y0,VNOC,data_vc,1,5,1
1357000,1357,0,NOC_NPS_VNOC_X3Y1,VNOC,credit,0,-1,1
1357000,1357,0,NOC_NPS_VNOC_X3Y1,VNOC,data_vc,0,5,1
1357000,1357,1,NOC_NPS_VNOC_X3Y0,VNOC,credit,1,-1,1
1357000,1357,1,NOC_NPS_VNOC_X3Y0,VNOC,data_vc,1,5,1
1358000,1358,0,NOC_NPS_VNOC_X3Y1,VNOC,credit,0,-1,1
1358000,1358,0,NOC_NPS_VNOC_X3Y1,VNOC,data_vc,0,5,1
1358000,1358,1,NOC_NPS_VNOC_X3Y0,VNOC,credit,1,-1,1
1358000,1358,1,NOC_NPS_VNOC_X3Y0,VNOC,data_vc,1,5,1
1359000,1359,0,NOC_NPS_VNOC_X3Y1,VNOC,credit,0,-1,1
1359000,1359,0,NOC_NPS_VNOC_X3Y1,VNOC,data_vc,0,5,1
1359000,1359,1,NOC_NPS_VNOC_X3Y0,VNOC,credit,1,-1,1
1359000,1359,1,NOC_NPS_VNOC_X3Y0,VNOC,data_vc,1,5,1
1360000,1360,0,NOC_NPS_VNOC_X3Y1,VNOC,credit,0,-1,1
1360000,1360,0,NOC_NPS_VNOC_X3Y1,VNOC,data_vc,0,5,1
1360000,1360,1,NOC_NPS_VNOC_X3Y0,VNOC,credit,1,-1,1
1360000,1360,1,NOC_NPS_VNOC_X3Y0,VNOC,data_vc,1,5,1
1361000,1361,0,NOC_NPS_VNOC_X3Y1,VNOC,credit,0,-1,1
1361000,1361,0,NOC_NPS_VNOC_X3Y1,VNOC,data_vc,0,5,1
1361000,1361,1,NOC_NPS_VNOC_X3Y0,VNOC,credit,1,-1,1
1361000,1361,1,NOC_NPS_VNOC_X3Y0,VNOC,data_vc,1,5,1
1362000,1362,0,NOC_NPS_VNOC_X3Y1,VNOC,credit,0,-1,1
1362000,1362,0,NOC_NPS_VNOC_X3Y1,VNOC,data_vc,0,5,1
1362000,1362,1,NOC_NPS_VNOC_X3Y0,VNOC,credit,1,-1,1
1362000,1362,1,NOC_NPS_VNOC_X3Y0,VNOC,data_vc,1,5,1
1363000,1363,0,NOC_NPS_VNOC_X3Y1,VNOC,credit,0,-1,1
1363000,1363,0,NOC_NPS_VNOC_X3Y1,VNOC,data_vc,0,5,1
1363000,1363,1,NOC_NPS_VNOC_X3Y0,VNOC,credit,1,-1,1
1363000,1363,1,NOC_NPS_VNOC_X3Y0,VNOC,data_vc,1,5,1
1364000,1364,0,NOC_NPS_VNOC_X3Y1,VNOC,credit,0,-1,1
1364000,1364,0,NOC_NPS_VNOC_X3Y1,VNOC,data_vc,0,5,1
1364000,1364,1,NOC_NPS_VNOC_X3Y0,VNOC,credit,1,-1,1
1364000,1364,1,NOC_NPS_VNOC_X3Y0,VNOC,data_vc,1,5,1
1365000,1365,0,NOC_NPS_VNOC_X3Y1,VNOC,credit,0,-1,1
1365000,1365,0,NOC_NPS_VNOC_X3Y1,VNOC,data_vc,0,5,1
1365000,1365,1,NOC_NPS_VNOC_X3Y0,VNOC,credit,1,-1,1
1365000,1365,1,NOC_NPS_VNOC_X3Y0,VNOC,data_vc,1,5,1
1366000,1366,0,NOC_NPS_VNOC_X3Y1,VNOC,credit,0,-1,1
1366000,1366,0,NOC_NPS_VNOC_X3Y1,VNOC,data_vc,0,5,1
1366000,1366,1,NOC_NPS_VNOC_X3Y0,VNOC,credit,1,-1,1
1366000,1366,1,NOC_NPS_VNOC_X3Y0,VNOC,data_vc,1,5,1
1367000,1367,0,NOC_NPS_VNOC_X3Y1,VNOC,credit,0,-1,1
1367000,1367,0,NOC_NPS_VNOC_X3Y1,VNOC,data_vc,0,5,1
1367000,1367,1,NOC_NPS_VNOC_X3Y0,VNOC,credit,1,-1,1
1367000,1367,1,NOC_NPS_VNOC_X3Y0,VNOC,data_vc,1,5,1
1368000,1368,0,NOC_NPS_VNOC_X3Y1,VNOC,credit,0,-1,1
1368000,1368,0,NOC_NPS_VNOC_X3Y1,VNOC,data_vc,0,5,1
1368000,1368,1,NOC_NPS_VNOC_X3Y0,VNOC,credit,1,-1,1
1368000,1368,1,NOC_NPS_VNOC_X3Y0,VNOC,data_vc,1,5,1
1369000,1369,0,NOC_NPS_VNOC_X3Y1,VNOC,credit,0,-1,1
1369000,1369,0,NOC_NPS_VNOC_X3Y1,VNOC,data_vc,0,5,1
1369000,1369,1,NOC_NPS_VNOC_X3Y0,VNOC,credit,1,-1,1
1369000,1369,1,NOC_NPS_VNOC_X3Y0,VNOC,data_vc,1,5,1
1370000,1370,0,NOC_NPS_VNOC_X3Y1,VNOC,credit,0,-1,1
1370000,1370,0,NOC_NPS_VNOC_X3Y1,VNOC,data_vc,0,5,1
1370000,1370,1,NOC_NPS_VNOC_X3Y0,VNOC,credit,1,-1,1
1370000,1370,1,NOC_NPS_VNOC_X3Y0,VNOC,data_vc,1,5,1
1371000,1371,0,NOC_NPS_VNOC_X3Y1,VNOC,data_vc,0,5,1
1371000,1371,1,NOC_NPS_VNOC_X3Y0,VNOC,credit,1,-1,1
1371000,1371,1,NOC_NPS_VNOC_X3Y0,VNOC,data_vc,1,5,1
1372000,1372,0,NOC_NPS_VNOC_X3Y1,VNOC,data_vc,0,5,1
1372000,1372,1,NOC_NPS_VNOC_X3Y0,VNOC,credit,1,-1,1
1372000,1372,1,NOC_NPS_VNOC_X3Y0,VNOC,data_vc,1,5,1
1373000,1373,0,NOC_NPS_VNOC_X3Y1,VNOC,credit,0,-1,1
1373000,1373,0,NOC_NPS_VNOC_X3Y1,VNOC,data_vc,0,5,1
1373000,1373,1,NOC_NPS_VNOC_X3Y0,VNOC,data_vc,1,5,1
1374000,1374,0,NOC_NPS_VNOC_X3Y1,VNOC,credit,0,-1,1
1374000,1374,0,NOC_NPS_VNOC_X3Y1,VNOC,data_vc,0,5,1
1374000,1374,1,NOC_NPS_VNOC_X3Y0,VNOC,data_vc,1,5,1
1375000,1375,0,NOC_NPS_VNOC_X3Y1,VNOC,credit,0,-1,1
1375000,1375,0,NOC_NPS_VNOC_X3Y1,VNOC,data_vc,0,5,1
1375000,1375,1,NOC_NPS_VNOC_X3Y0,VNOC,credit,1,-1,1
1375000,1375,1,NOC_NPS_VNOC_X3Y0,VNOC,data_vc,1,5,1
1376000,1376,0,NOC_NPS_VNOC_X3Y1,VNOC,credit,0,-1,1
1376000,1376,0,NOC_NPS_VNOC_X3Y1,VNOC,data_vc,0,5,1
1376000,1376,1,NOC_NPS_VNOC_X3Y0,VNOC,credit,1,-1,1
1376000,1376,1,NOC_NPS_VNOC_X3Y0,VNOC,data_vc,1,5,1
1377000,1377,0,NOC_NPS_VNOC_X3Y1,VNOC,credit,0,-1,1
1377000,1377,0,NOC_NPS_VNOC_X3Y1,VNOC,data_vc,0,5,1
1377000,1377,1,NOC_NPS_VNOC_X3Y0,VNOC,credit,1,-1,1
1377000,1377,1,NOC_NPS_VNOC_X3Y0,VNOC,data_vc,1,5,1
1378000,1378,0,NOC_NPS_VNOC_X3Y1,VNOC,credit,0,-1,1
1378000,1378,0,NOC_NPS_VNOC_X3Y1,VNOC,data_vc,0,5,1
1378000,1378,1,NOC_NPS_VNOC_X3Y0,VNOC,credit,1,-1,1
1378000,1378,1,NOC_NPS_VNOC_X3Y0,VNOC,data_vc,1,5,1
1379000,1379,0,NOC_NPS_VNOC_X3Y1,VNOC,credit,0,-1,1
1379000,1379,0,NOC_NPS_VNOC_X3Y1,VNOC,data_vc,0,5,1
1379000,1379,1,NOC_NPS_VNOC_X3Y0,VNOC,credit,1,-1,1
1379000,1379,1,NOC_NPS_VNOC_X3Y0,VNOC,data_vc,1,5,1
1380000,1380,0,NOC_NPS_VNOC_X3Y1,VNOC,credit,0,-1,1
1380000,1380,0,NOC_NPS_VNOC_X3Y1,VNOC,data_vc,0,5,1
1380000,1380,1,NOC_NPS_VNOC_X3Y0,VNOC,credit,1,-1,1
1380000,1380,1,NOC_NPS_VNOC_X3Y0,VNOC,data_vc,1,5,1
1381000,1381,0,NOC_NPS_VNOC_X3Y1,VNOC,credit,0,-1,1
1381000,1381,0,NOC_NPS_VNOC_X3Y1,VNOC,data_vc,0,5,1
1381000,1381,1,NOC_NPS_VNOC_X3Y0,VNOC,credit,1,-1,1
1381000,1381,1,NOC_NPS_VNOC_X3Y0,VNOC,data_vc,1,5,1
1382000,1382,0,NOC_NPS_VNOC_X3Y1,VNOC,credit,0,-1,1
1382000,1382,0,NOC_NPS_VNOC_X3Y1,VNOC,data_vc,0,5,1
1382000,1382,1,NOC_NPS_VNOC_X3Y0,VNOC,credit,1,-1,1
1382000,1382,1,NOC_NPS_VNOC_X3Y0,VNOC,data_vc,1,5,1
1383000,1383,0,NOC_NPS_VNOC_X3Y1,VNOC,credit,0,-1,1
1383000,1383,0,NOC_NPS_VNOC_X3Y1,VNOC,data_vc,0,5,1
1383000,1383,1,NOC_NPS_VNOC_X3Y0,VNOC,credit,1,-1,1
1383000,1383,1,NOC_NPS_VNOC_X3Y0,VNOC,data_vc,1,5,1
1384000,1384,0,NOC_NPS_VNOC_X3Y1,VNOC,credit,0,-1,1
1384000,1384,0,NOC_NPS_VNOC_X3Y1,VNOC,data_vc,0,5,1
1384000,1384,1,NOC_NPS_VNOC_X3Y0,VNOC,credit,1,-1,1
1384000,1384,1,NOC_NPS_VNOC_X3Y0,VNOC,data_vc,1,5,1
1385000,1385,0,NOC_NPS_VNOC_X3Y1,VNOC,credit,0,-1,1
1385000,1385,0,NOC_NPS_VNOC_X3Y1,VNOC,data_vc,0,5,1
1385000,1385,1,NOC_NPS_VNOC_X3Y0,VNOC,credit,1,-1,1
1385000,1385,1,NOC_NPS_VNOC_X3Y0,VNOC,data_vc,1,5,1
1386000,1386,0,NOC_NPS_VNOC_X3Y1,VNOC,credit,0,-1,1
1386000,1386,0,NOC_NPS_VNOC_X3Y1,VNOC,data_vc,0,5,1
1386000,1386,1,NOC_NPS_VNOC_X3Y0,VNOC,credit,1,-1,1
1386000,1386,1,NOC_NPS_VNOC_X3Y0,VNOC,data_vc,1,5,1
1387000,1387,0,NOC_NPS_VNOC_X3Y1,VNOC,credit,0,-1,1
1387000,1387,0,NOC_NPS_VNOC_X3Y1,VNOC,data_vc,0,5,1
1387000,1387,1,NOC_NPS_VNOC_X3Y0,VNOC,credit,1,-1,1
1387000,1387,1,NOC_NPS_VNOC_X3Y0,VNOC,data_vc,1,5,1
1388000,1388,0,NOC_NPS_VNOC_X3Y1,VNOC,credit,0,-1,1
1388000,1388,0,NOC_NPS_VNOC_X3Y1,VNOC,data_vc,0,5,1
1388000,1388,1,NOC_NPS_VNOC_X3Y0,VNOC,credit,1,-1,1
1388000,1388,1,NOC_NPS_VNOC_X3Y0,VNOC,data_vc,1,5,1
1389000,1389,0,NOC_NPS_VNOC_X3Y1,VNOC,credit,0,-1,1
1389000,1389,0,NOC_NPS_VNOC_X3Y1,VNOC,data_vc,0,5,1
1389000,1389,1,NOC_NPS_VNOC_X3Y0,VNOC,credit,1,-1,1
1389000,1389,1,NOC_NPS_VNOC_X3Y0,VNOC,data_vc,1,5,1
1390000,1390,0,NOC_NPS_VNOC_X3Y1,VNOC,credit,0,-1,1
1390000,1390,0,NOC_NPS_VNOC_X3Y1,VNOC,data_vc,0,5,1
1390000,1390,1,NOC_NPS_VNOC_X3Y0,VNOC,credit,1,-1,1
1390000,1390,1,NOC_NPS_VNOC_X3Y0,VNOC,data_vc,1,5,1
1391000,1391,0,NOC_NPS_VNOC_X3Y1,VNOC,credit,0,-1,1
1391000,1391,0,NOC_NPS_VNOC_X3Y1,VNOC,data_vc,0,5,1
1391000,1391,1,NOC_NPS_VNOC_X3Y0,VNOC,credit,1,-1,1
1391000,1391,1,NOC_NPS_VNOC_X3Y0,VNOC,data_vc,1,5,1
1392000,1392,0,NOC_NPS_VNOC_X3Y1,VNOC,credit,0,-1,1
1392000,1392,0,NOC_NPS_VNOC_X3Y1,VNOC,data_vc,0,5,1
1392000,1392,1,NOC_NPS_VNOC_X3Y0,VNOC,credit,1,-1,1
1392000,1392,1,NOC_NPS_VNOC_X3Y0,VNOC,data_vc,1,5,1
1393000,1393,0,NOC_NPS_VNOC_X3Y1,VNOC,credit,0,-1,1
1393000,1393,0,NOC_NPS_VNOC_X3Y1,VNOC,data_vc,0,5,1
1393000,1393,1,NOC_NPS_VNOC_X3Y0,VNOC,credit,1,-1,1
1393000,1393,1,NOC_NPS_VNOC_X3Y0,VNOC,data_vc,1,5,1
1394000,1394,0,NOC_NPS_VNOC_X3Y1,VNOC,credit,0,-1,1
1394000,1394,0,NOC_NPS_VNOC_X3Y1,VNOC,data_vc,0,5,1
1394000,1394,1,NOC_NPS_VNOC_X3Y0,VNOC,credit,1,-1,1
1394000,1394,1,NOC_NPS_VNOC_X3Y0,VNOC,data_vc,1,5,1
1395000,1395,0,NOC_NPS_VNOC_X3Y1,VNOC,credit,0,-1,1
1395000,1395,0,NOC_NPS_VNOC_X3Y1,VNOC,data_vc,0,5,1
1395000,1395,1,NOC_NPS_VNOC_X3Y0,VNOC,credit,1,-1,1
1395000,1395,1,NOC_NPS_VNOC_X3Y0,VNOC,data_vc,1,5,1
1396000,1396,0,NOC_NPS_VNOC_X3Y1,VNOC,credit,0,-1,1
1396000,1396,0,NOC_NPS_VNOC_X3Y1,VNOC,data_vc,0,5,1
1396000,1396,1,NOC_NPS_VNOC_X3Y0,VNOC,credit,1,-1,1
1396000,1396,1,NOC_NPS_VNOC_X3Y0,VNOC,data_vc,1,5,1
1397000,1397,0,NOC_NPS_VNOC_X3Y1,VNOC,credit,0,-1,1
1397000,1397,0,NOC_NPS_VNOC_X3Y1,VNOC,data_vc,0,5,1
1397000,1397,1,NOC_NPS_VNOC_X3Y0,VNOC,credit,1,-1,1
1397000,1397,1,NOC_NPS_VNOC_X3Y0,VNOC,data_vc,1,5,1
1398000,1398,0,NOC_NPS_VNOC_X3Y1,VNOC,credit,0,-1,1
1398000,1398,0,NOC_NPS_VNOC_X3Y1,VNOC,data_vc,0,5,1
1398000,1398,1,NOC_NPS_VNOC_X3Y0,VNOC,credit,1,-1,1
1398000,1398,1,NOC_NPS_VNOC_X3Y0,VNOC,data_vc,1,5,1
1399000,1399,0,NOC_NPS_VNOC_X3Y1,VNOC,credit,0,-1,1
1399000,1399,0,NOC_NPS_VNOC_X3Y1,VNOC,data_vc,0,5,1
1399000,1399,1,NOC_NPS_VNOC_X3Y0,VNOC,credit,1,-1,1
1399000,1399,1,NOC_NPS_VNOC_X3Y0,VNOC,data_vc,1,5,1
1400000,1400,0,NOC_NPS_VNOC_X3Y1,VNOC,credit,0,-1,1
1400000,1400,0,NOC_NPS_VNOC_X3Y1,VNOC,data_vc,0,5,1
1400000,1400,1,NOC_NPS_VNOC_X3Y0,VNOC,credit,1,-1,1
1400000,1400,1,NOC_NPS_VNOC_X3Y0,VNOC,data_vc,1,5,1
1401000,1401,0,NOC_NPS_VNOC_X3Y1,VNOC,credit,0,-1,1
1401000,1401,0,NOC_NPS_VNOC_X3Y1,VNOC,data_vc,0,5,1
1401000,1401,1,NOC_NPS_VNOC_X3Y0,VNOC,credit,1,-1,1
1401000,1401,1,NOC_NPS_VNOC_X3Y0,VNOC,data_vc,1,5,1
1402000,1402,0,NOC_NPS_VNOC_X3Y1,VNOC,credit,0,-1,1
1402000,1402,0,NOC_NPS_VNOC_X3Y1,VNOC,data_vc,0,5,1
1402000,1402,1,NOC_NPS_VNOC_X3Y0,VNOC,credit,1,-1,1
1402000,1402,1,NOC_NPS_VNOC_X3Y0,VNOC,data_vc,1,5,1
1403000,1403,0,NOC_NPS_VNOC_X3Y1,VNOC,credit,0,-1,1
1403000,1403,0,NOC_NPS_VNOC_X3Y1,VNOC,data_vc,0,5,1
1403000,1403,1,NOC_NPS_VNOC_X3Y0,VNOC,credit,1,-1,1
1403000,1403,1,NOC_NPS_VNOC_X3Y0,VNOC,data_vc,1,5,1
1404000,1404,0,NOC_NPS_VNOC_X3Y1,VNOC,credit,0,-1,1
1404000,1404,0,NOC_NPS_VNOC_X3Y1,VNOC,data_vc,0,5,1
1404000,1404,1,NOC_NPS_VNOC_X3Y0,VNOC,credit,1,-1,1
1404000,1404,1,NOC_NPS_VNOC_X3Y0,VNOC,data_vc,1,5,1
1405000,1405,0,NOC_NPS_VNOC_X3Y1,VNOC,credit,0,-1,1
1405000,1405,0,NOC_NPS_VNOC_X3Y1,VNOC,data_vc,0,5,1
1405000,1405,1,NOC_NPS_VNOC_X3Y0,VNOC,credit,1,-1,1
1405000,1405,1,NOC_NPS_VNOC_X3Y0,VNOC,data_vc,1,5,1
1406000,1406,0,NOC_NPS_VNOC_X3Y1,VNOC,credit,0,-1,1
1406000,1406,0,NOC_NPS_VNOC_X3Y1,VNOC,data_vc,0,5,1
1406000,1406,1,NOC_NPS_VNOC_X3Y0,VNOC,credit,1,-1,1
1406000,1406,1,NOC_NPS_VNOC_X3Y0,VNOC,data_vc,1,5,1
1407000,1407,0,NOC_NPS_VNOC_X3Y1,VNOC,credit,0,-1,1
1407000,1407,0,NOC_NPS_VNOC_X3Y1,VNOC,data_vc,0,5,1
1407000,1407,1,NOC_NPS_VNOC_X3Y0,VNOC,credit,1,-1,1
1407000,1407,1,NOC_NPS_VNOC_X3Y0,VNOC,data_vc,1,5,1
1408000,1408,0,NOC_NPS_VNOC_X3Y1,VNOC,credit,0,-1,1
1408000,1408,0,NOC_NPS_VNOC_X3Y1,VNOC,data_vc,0,5,1
1408000,1408,1,NOC_NPS_VNOC_X3Y0,VNOC,credit,1,-1,1
1408000,1408,1,NOC_NPS_VNOC_X3Y0,VNOC,data_vc,1,5,1
1409000,1409,0,NOC_NPS_VNOC_X3Y1,VNOC,credit,0,-1,1
1409000,1409,0,NOC_NPS_VNOC_X3Y1,VNOC,data_vc,0,5,1
1409000,1409,1,NOC_NPS_VNOC_X3Y0,VNOC,credit,1,-1,1
1409000,1409,1,NOC_NPS_VNOC_X3Y0,VNOC,data_vc,1,5,1
1410000,1410,0,NOC_NPS_VNOC_X3Y1,VNOC,credit,0,-1,1
1410000,1410,0,NOC_NPS_VNOC_X3Y1,VNOC,data_vc,0,5,1
1410000,1410,1,NOC_NPS_VNOC_X3Y0,VNOC,credit,1,-1,1
1410000,1410,1,NOC_NPS_VNOC_X3Y0,VNOC,data_vc,1,5,1
1411000,1411,0,NOC_NPS_VNOC_X3Y1,VNOC,credit,0,-1,1
1411000,1411,0,NOC_NPS_VNOC_X3Y1,VNOC,data_vc,0,5,1
1411000,1411,1,NOC_NPS_VNOC_X3Y0,VNOC,credit,1,-1,1
1411000,1411,1,NOC_NPS_VNOC_X3Y0,VNOC,data_vc,1,5,1
1412000,1412,0,NOC_NPS_VNOC_X3Y1,VNOC,credit,0,-1,1
1412000,1412,0,NOC_NPS_VNOC_X3Y1,VNOC,data_vc,0,5,1
1412000,1412,1,NOC_NPS_VNOC_X3Y0,VNOC,credit,1,-1,1
1412000,1412,1,NOC_NPS_VNOC_X3Y0,VNOC,data_vc,1,5,1
1413000,1413,0,NOC_NPS_VNOC_X3Y1,VNOC,credit,0,-1,1
1413000,1413,0,NOC_NPS_VNOC_X3Y1,VNOC,data_vc,0,5,1
1413000,1413,1,NOC_NPS_VNOC_X3Y0,VNOC,credit,1,-1,1
1413000,1413,1,NOC_NPS_VNOC_X3Y0,VNOC,data_vc,1,5,1
1414000,1414,0,NOC_NPS_VNOC_X3Y1,VNOC,credit,0,-1,1
1414000,1414,0,NOC_NPS_VNOC_X3Y1,VNOC,data_vc,0,5,1
1414000,1414,1,NOC_NPS_VNOC_X3Y0,VNOC,credit,1,-1,1
1414000,1414,1,NOC_NPS_VNOC_X3Y0,VNOC,data_vc,1,5,1
1415000,1415,0,NOC_NPS_VNOC_X3Y1,VNOC,credit,0,-1,1
1415000,1415,0,NOC_NPS_VNOC_X3Y1,VNOC,data_vc,0,5,1
1415000,1415,1,NOC_NPS_VNOC_X3Y0,VNOC,credit,1,-1,1
1415000,1415,1,NOC_NPS_VNOC_X3Y0,VNOC,data_vc,1,5,1
1416000,1416,0,NOC_NPS_VNOC_X3Y1,VNOC,credit,0,-1,1
1416000,1416,0,NOC_NPS_VNOC_X3Y1,VNOC,data_vc,0,5,1
1416000,1416,1,NOC_NPS_VNOC_X3Y0,VNOC,credit,1,-1,1
1416000,1416,1,NOC_NPS_VNOC_X3Y0,VNOC,data_vc,1,5,1
1417000,1417,0,NOC_NPS_VNOC_X3Y1,VNOC,credit,0,-1,1
1417000,1417,0,NOC_NPS_VNOC_X3Y1,VNOC,data_vc,0,5,1
1417000,1417,1,NOC_NPS_VNOC_X3Y0,VNOC,credit,1,-1,1
1417000,1417,1,NOC_NPS_VNOC_X3Y0,VNOC,data_vc,1,5,1
1418000,1418,0,NOC_NPS_VNOC_X3Y1,VNOC,credit,0,-1,1
1418000,1418,0,NOC_NPS_VNOC_X3Y1,VNOC,data_vc,0,5,1
1418000,1418,1,NOC_NPS_VNOC_X3Y0,VNOC,credit,1,-1,1
1418000,1418,1,NOC_NPS_VNOC_X3Y0,VNOC,data_vc,1,5,1
1419000,1419,0,NOC_NPS_VNOC_X3Y1,VNOC,credit,0,-1,1
1419000,1419,0,NOC_NPS_VNOC_X3Y1,VNOC,data_vc,0,5,1
1419000,1419,1,NOC_NPS_VNOC_X3Y0,VNOC,credit,1,-1,1
1419000,1419,1,NOC_NPS_VNOC_X3Y0,VNOC,data_vc,1,5,1
1420000,1420,0,NOC_NPS_VNOC_X3Y1,VNOC,credit,0,-1,1
1420000,1420,0,NOC_NPS_VNOC_X3Y1,VNOC,data_vc,0,5,1
1420000,1420,1,NOC_NPS_VNOC_X3Y0,VNOC,credit,1,-1,1
1420000,1420,1,NOC_NPS_VNOC_X3Y0,VNOC,data_vc,1,5,1
1421000,1421,0,NOC_NPS_VNOC_X3Y1,VNOC,credit,0,-1,1
1421000,1421,0,NOC_NPS_VNOC_X3Y1,VNOC,data_vc,0,5,1
1421000,1421,1,NOC_NPS_VNOC_X3Y0,VNOC,credit,1,-1,1
1421000,1421,1,NOC_NPS_VNOC_X3Y0,VNOC,data_vc,1,5,1
1422000,1422,0,NOC_NPS_VNOC_X3Y1,VNOC,credit,0,-1,1
1422000,1422,0,NOC_NPS_VNOC_X3Y1,VNOC,data_vc,0,5,1
1422000,1422,1,NOC_NPS_VNOC_X3Y0,VNOC,credit,1,-1,1
1422000,1422,1,NOC_NPS_VNOC_X3Y0,VNOC,data_vc,1,5,1
1423000,1423,0,NOC_NPS_VNOC_X3Y1,VNOC,credit,0,-1,1
1423000,1423,0,NOC_NPS_VNOC_X3Y1,VNOC,data_vc,0,5,1
1423000,1423,1,NOC_NPS_VNOC_X3Y0,VNOC,credit,1,-1,1
1423000,1423,1,NOC_NPS_VNOC_X3Y0,VNOC,data_vc,1,5,1
1424000,1424,0,NOC_NPS_VNOC_X3Y1,VNOC,credit,0,-1,1
1424000,1424,0,NOC_NPS_VNOC_X3Y1,VNOC,data_vc,0,5,1
1424000,1424,1,NOC_NPS_VNOC_X3Y0,VNOC,credit,1,-1,1
1424000,1424,1,NOC_NPS_VNOC_X3Y0,VNOC,data_vc,1,5,1
1425000,1425,0,NOC_NPS_VNOC_X3Y1,VNOC,credit,0,-1,1
1425000,1425,0,NOC_NPS_VNOC_X3Y1,VNOC,data_vc,0,5,1
1425000,1425,1,NOC_NPS_VNOC_X3Y0,VNOC,credit,1,-1,1
1425000,1425,1,NOC_NPS_VNOC_X3Y0,VNOC,data_vc,1,5,1
1426000,1426,0,NOC_NPS_VNOC_X3Y1,VNOC,credit,0,-1,1
1426000,1426,0,NOC_NPS_VNOC_X3Y1,VNOC,data_vc,0,5,1
1426000,1426,1,NOC_NPS_VNOC_X3Y0,VNOC,credit,1,-1,1
1426000,1426,1,NOC_NPS_VNOC_X3Y0,VNOC,data_vc,1,5,1
1427000,1427,0,NOC_NPS_VNOC_X3Y1,VNOC,credit,0,-1,1
1427000,1427,0,NOC_NPS_VNOC_X3Y1,VNOC,data_vc,0,5,1
1427000,1427,1,NOC_NPS_VNOC_X3Y0,VNOC,credit,1,-1,1
1427000,1427,1,NOC_NPS_VNOC_X3Y0,VNOC,data_vc,1,5,1
1428000,1428,0,NOC_NPS_VNOC_X3Y1,VNOC,credit,0,-1,1
1428000,1428,0,NOC_NPS_VNOC_X3Y1,VNOC,data_vc,0,5,1
1428000,1428,1,NOC_NPS_VNOC_X3Y0,VNOC,credit,1,-1,1
1428000,1428,1,NOC_NPS_VNOC_X3Y0,VNOC,data_vc,1,5,1
1429000,1429,0,NOC_NPS_VNOC_X3Y1,VNOC,credit,0,-1,1
1429000,1429,0,NOC_NPS_VNOC_X3Y1,VNOC,data_vc,0,5,1
1429000,1429,1,NOC_NPS_VNOC_X3Y0,VNOC,credit,1,-1,1
1429000,1429,1,NOC_NPS_VNOC_X3Y0,VNOC,data_vc,1,5,1
1430000,1430,0,NOC_NPS_VNOC_X3Y1,VNOC,credit,0,-1,1
1430000,1430,0,NOC_NPS_VNOC_X3Y1,VNOC,data_vc,0,5,1
1430000,1430,1,NOC_NPS_VNOC_X3Y0,VNOC,credit,1,-1,1
1430000,1430,1,NOC_NPS_VNOC_X3Y0,VNOC,data_vc,1,5,1
1431000,1431,0,NOC_NPS_VNOC_X3Y1,VNOC,credit,0,-1,1
1431000,1431,0,NOC_NPS_VNOC_X3Y1,VNOC,data_vc,0,5,1
1431000,1431,1,NOC_NPS_VNOC_X3Y0,VNOC,credit,1,-1,1
1431000,1431,1,NOC_NPS_VNOC_X3Y0,VNOC,data_vc,1,5,1
1432000,1432,0,NOC_NPS_VNOC_X3Y1,VNOC,credit,0,-1,1
1432000,1432,0,NOC_NPS_VNOC_X3Y1,VNOC,data_vc,0,5,1
1432000,1432,1,NOC_NPS_VNOC_X3Y0,VNOC,credit,1,-1,1
1432000,1432,1,NOC_NPS_VNOC_X3Y0,VNOC,data_vc,1,5,1
1433000,1433,0,NOC_NPS_VNOC_X3Y1,VNOC,credit,0,-1,1
1433000,1433,0,NOC_NPS_VNOC_X3Y1,VNOC,data_vc,0,5,1
1433000,1433,1,NOC_NPS_VNOC_X3Y0,VNOC,credit,1,-1,1
1433000,1433,1,NOC_NPS_VNOC_X3Y0,VNOC,data_vc,1,5,1
1434000,1434,0,NOC_NPS_VNOC_X3Y1,VNOC,credit,0,-1,1
1434000,1434,0,NOC_NPS_VNOC_X3Y1,VNOC,data_vc,0,5,1
1434000,1434,1,NOC_NPS_VNOC_X3Y0,VNOC,credit,1,-1,1
1434000,1434,1,NOC_NPS_VNOC_X3Y0,VNOC,data_vc,1,5,1
1435000,1435,0,NOC_NPS_VNOC_X3Y1,VNOC,credit,0,-1,1
1435000,1435,0,NOC_NPS_VNOC_X3Y1,VNOC,data_vc,0,5,1
1435000,1435,1,NOC_NPS_VNOC_X3Y0,VNOC,credit,1,-1,1
1435000,1435,1,NOC_NPS_VNOC_X3Y0,VNOC,data_vc,1,5,1
1436000,1436,0,NOC_NPS_VNOC_X3Y1,VNOC,credit,0,-1,1
1436000,1436,0,NOC_NPS_VNOC_X3Y1,VNOC,data_vc,0,5,1
1436000,1436,1,NOC_NPS_VNOC_X3Y0,VNOC,credit,1,-1,1
1436000,1436,1,NOC_NPS_VNOC_X3Y0,VNOC,data_vc,1,5,1
1437000,1437,0,NOC_NPS_VNOC_X3Y1,VNOC,credit,0,-1,1
1437000,1437,0,NOC_NPS_VNOC_X3Y1,VNOC,data_vc,0,5,1
1437000,1437,1,NOC_NPS_VNOC_X3Y0,VNOC,credit,1,-1,1
1437000,1437,1,NOC_NPS_VNOC_X3Y0,VNOC,data_vc,1,5,1
1438000,1438,0,NOC_NPS_VNOC_X3Y1,VNOC,credit,0,-1,1
1438000,1438,0,NOC_NPS_VNOC_X3Y1,VNOC,data_vc,0,5,1
1438000,1438,1,NOC_NPS_VNOC_X3Y0,VNOC,credit,1,-1,1
1438000,1438,1,NOC_NPS_VNOC_X3Y0,VNOC,data_vc,1,5,1
1439000,1439,0,NOC_NPS_VNOC_X3Y1,VNOC,credit,0,-1,1
1439000,1439,0,NOC_NPS_VNOC_X3Y1,VNOC,data_vc,0,5,1
1439000,1439,1,NOC_NPS_VNOC_X3Y0,VNOC,credit,1,-1,1
1439000,1439,1,NOC_NPS_VNOC_X3Y0,VNOC,data_vc,1,5,1
1440000,1440,0,NOC_NPS_VNOC_X3Y1,VNOC,credit,0,-1,1
1440000,1440,0,NOC_NPS_VNOC_X3Y1,VNOC,data_vc,0,5,1
1440000,1440,1,NOC_NPS_VNOC_X3Y0,VNOC,credit,1,-1,1
1440000,1440,1,NOC_NPS_VNOC_X3Y0,VNOC,data_vc,1,5,1
1441000,1441,0,NOC_NPS_VNOC_X3Y1,VNOC,credit,0,-1,1
1441000,1441,0,NOC_NPS_VNOC_X3Y1,VNOC,data_vc,0,5,1
1441000,1441,1,NOC_NPS_VNOC_X3Y0,VNOC,credit,1,-1,1
1441000,1441,1,NOC_NPS_VNOC_X3Y0,VNOC,data_vc,1,5,1
1442000,1442,0,NOC_NPS_VNOC_X3Y1,VNOC,credit,0,-1,1
1442000,1442,0,NOC_NPS_VNOC_X3Y1,VNOC,data_vc,0,5,1
1442000,1442,1,NOC_NPS_VNOC_X3Y0,VNOC,credit,1,-1,1
1442000,1442,1,NOC_NPS_VNOC_X3Y0,VNOC,data_vc,1,5,1
1443000,1443,0,NOC_NPS_VNOC_X3Y1,VNOC,credit,0,-1,1
1443000,1443,0,NOC_NPS_VNOC_X3Y1,VNOC,data_vc,0,5,1
1443000,1443,1,NOC_NPS_VNOC_X3Y0,VNOC,credit,1,-1,1
1443000,1443,1,NOC_NPS_VNOC_X3Y0,VNOC,data_vc,1,5,1
1444000,1444,0,NOC_NPS_VNOC_X3Y1,VNOC,credit,0,-1,1
1444000,1444,0,NOC_NPS_VNOC_X3Y1,VNOC,data_vc,0,5,1
1444000,1444,1,NOC_NPS_VNOC_X3Y0,VNOC,credit,1,-1,1
1444000,1444,1,NOC_NPS_VNOC_X3Y0,VNOC,data_vc,1,5,1
1445000,1445,0,NOC_NPS_VNOC_X3Y1,VNOC,credit,0,-1,1
1445000,1445,0,NOC_NPS_VNOC_X3Y1,VNOC,data_vc,0,5,1
1445000,1445,1,NOC_NPS_VNOC_X3Y0,VNOC,credit,1,-1,1
1445000,1445,1,NOC_NPS_VNOC_X3Y0,VNOC,data_vc,1,5,1
1446000,1446,0,NOC_NPS_VNOC_X3Y1,VNOC,credit,0,-1,1
1446000,1446,0,NOC_NPS_VNOC_X3Y1,VNOC,data_vc,0,5,1
1446000,1446,1,NOC_NPS_VNOC_X3Y0,VNOC,credit,1,-1,1
1446000,1446,1,NOC_NPS_VNOC_X3Y0,VNOC,data_vc,1,5,1
1447000,1447,0,NOC_NPS_VNOC_X3Y1,VNOC,credit,0,-1,1
1447000,1447,0,NOC_NPS_VNOC_X3Y1,VNOC,data_vc,0,5,1
1447000,1447,1,NOC_NPS_VNOC_X3Y0,VNOC,credit,1,-1,1
1447000,1447,1,NOC_NPS_VNOC_X3Y0,VNOC,data_vc,1,5,1
1448000,1448,0,NOC_NPS_VNOC_X3Y1,VNOC,credit,0,-1,1
1448000,1448,0,NOC_NPS_VNOC_X3Y1,VNOC,data_vc,0,5,1
1448000,1448,1,NOC_NPS_VNOC_X3Y0,VNOC,credit,1,-1,1
1448000,1448,1,NOC_NPS_VNOC_X3Y0,VNOC,data_vc,1,5,1
1449000,1449,0,NOC_NPS_VNOC_X3Y1,VNOC,credit,0,-1,1
1449000,1449,0,NOC_NPS_VNOC_X3Y1,VNOC,data_vc,0,5,1
1449000,1449,1,NOC_NPS_VNOC_X3Y0,VNOC,credit,1,-1,1
1449000,1449,1,NOC_NPS_VNOC_X3Y0,VNOC,data_vc,1,5,1
1450000,1450,0,NOC_NPS_VNOC_X3Y1,VNOC,credit,0,-1,1
1450000,1450,0,NOC_NPS_VNOC_X3Y1,VNOC,data_vc,0,5,1
1450000,1450,1,NOC_NPS_VNOC_X3Y0,VNOC,credit,1,-1,1
1450000,1450,1,NOC_NPS_VNOC_X3Y0,VNOC,data_vc,1,5,1
1451000,1451,0,NOC_NPS_VNOC_X3Y1,VNOC,credit,0,-1,1
1451000,1451,0,NOC_NPS_VNOC_X3Y1,VNOC,data_vc,0,5,1
1451000,1451,1,NOC_NPS_VNOC_X3Y0,VNOC,credit,1,-1,1
1451000,1451,1,NOC_NPS_VNOC_X3Y0,VNOC,data_vc,1,5,1
1452000,1452,0,NOC_NPS_VNOC_X3Y1,VNOC,credit,0,-1,1
1452000,1452,0,NOC_NPS_VNOC_X3Y1,VNOC,data_vc,0,5,1
1452000,1452,1,NOC_NPS_VNOC_X3Y0,VNOC,credit,1,-1,1
1452000,1452,1,NOC_NPS_VNOC_X3Y0,VNOC,data_vc,1,5,1
1453000,1453,0,NOC_NPS_VNOC_X3Y1,VNOC,credit,0,-1,1
1453000,1453,0,NOC_NPS_VNOC_X3Y1,VNOC,data_vc,0,5,1
1453000,1453,1,NOC_NPS_VNOC_X3Y0,VNOC,credit,1,-1,1
1453000,1453,1,NOC_NPS_VNOC_X3Y0,VNOC,data_vc,1,5,1
1454000,1454,0,NOC_NPS_VNOC_X3Y1,VNOC,credit,0,-1,1
1454000,1454,0,NOC_NPS_VNOC_X3Y1,VNOC,data_vc,0,5,1
1454000,1454,1,NOC_NPS_VNOC_X3Y0,VNOC,credit,1,-1,1
1454000,1454,1,NOC_NPS_VNOC_X3Y0,VNOC,data_vc,1,5,1
1455000,1455,0,NOC_NPS_VNOC_X3Y1,VNOC,credit,0,-1,1
1455000,1455,0,NOC_NPS_VNOC_X3Y1,VNOC,data_vc,0,5,1
1455000,1455,1,NOC_NPS_VNOC_X3Y0,VNOC,credit,1,-1,1
1455000,1455,1,NOC_NPS_VNOC_X3Y0,VNOC,data_vc,1,5,1
1456000,1456,0,NOC_NPS_VNOC_X3Y1,VNOC,credit,0,-1,1
1456000,1456,0,NOC_NPS_VNOC_X3Y1,VNOC,data_vc,0,5,1
1456000,1456,1,NOC_NPS_VNOC_X3Y0,VNOC,credit,1,-1,1
1456000,1456,1,NOC_NPS_VNOC_X3Y0,VNOC,data_vc,1,5,1
1457000,1457,0,NOC_NPS_VNOC_X3Y1,VNOC,credit,0,-1,1
1457000,1457,0,NOC_NPS_VNOC_X3Y1,VNOC,data_vc,0,5,1
1457000,1457,1,NOC_NPS_VNOC_X3Y0,VNOC,credit,1,-1,1
1457000,1457,1,NOC_NPS_VNOC_X3Y0,VNOC,data_vc,1,5,1
1458000,1458,0,NOC_NPS_VNOC_X3Y1,VNOC,credit,0,-1,1
1458000,1458,0,NOC_NPS_VNOC_X3Y1,VNOC,data_vc,0,5,1
1458000,1458,1,NOC_NPS_VNOC_X3Y0,VNOC,credit,1,-1,1
1458000,1458,1,NOC_NPS_VNOC_X3Y0,VNOC,data_vc,1,5,1
1459000,1459,0,NOC_NPS_VNOC_X3Y1,VNOC,credit,0,-1,1
1459000,1459,0,NOC_NPS_VNOC_X3Y1,VNOC,data_vc,0,5,1
1459000,1459,1,NOC_NPS_VNOC_X3Y0,VNOC,credit,1,-1,1
1459000,1459,1,NOC_NPS_VNOC_X3Y0,VNOC,data_vc,1,5,1
1460000,1460,0,NOC_NPS_VNOC_X3Y1,VNOC,credit,0,-1,1
1460000,1460,0,NOC_NPS_VNOC_X3Y1,VNOC,data_vc,0,5,1
1460000,1460,1,NOC_NPS_VNOC_X3Y0,VNOC,credit,1,-1,1
1460000,1460,1,NOC_NPS_VNOC_X3Y0,VNOC,data_vc,1,5,1
1461000,1461,0,NOC_NPS_VNOC_X3Y1,VNOC,credit,0,-1,1
1461000,1461,0,NOC_NPS_VNOC_X3Y1,VNOC,data_vc,0,5,1
1461000,1461,1,NOC_NPS_VNOC_X3Y0,VNOC,credit,1,-1,1
1461000,1461,1,NOC_NPS_VNOC_X3Y0,VNOC,data_vc,1,5,1
1462000,1462,0,NOC_NPS_VNOC_X3Y1,VNOC,credit,0,-1,1
1462000,1462,0,NOC_NPS_VNOC_X3Y1,VNOC,data_vc,0,5,1
1462000,1462,1,NOC_NPS_VNOC_X3Y0,VNOC,credit,1,-1,1
1462000,1462,1,NOC_NPS_VNOC_X3Y0,VNOC,data_vc,1,5,1
1463000,1463,0,NOC_NPS_VNOC_X3Y1,VNOC,credit,0,-1,1
1463000,1463,0,NOC_NPS_VNOC_X3Y1,VNOC,data_vc,0,5,1
1463000,1463,1,NOC_NPS_VNOC_X3Y0,VNOC,credit,1,-1,1
1463000,1463,1,NOC_NPS_VNOC_X3Y0,VNOC,data_vc,1,5,1
1464000,1464,0,NOC_NPS_VNOC_X3Y1,VNOC,credit,0,-1,1
1464000,1464,0,NOC_NPS_VNOC_X3Y1,VNOC,data_vc,0,5,1
1464000,1464,1,NOC_NPS_VNOC_X3Y0,VNOC,credit,1,-1,1
1464000,1464,1,NOC_NPS_VNOC_X3Y0,VNOC,data_vc,1,5,1
1465000,1465,0,NOC_NPS_VNOC_X3Y1,VNOC,credit,0,-1,1
1465000,1465,0,NOC_NPS_VNOC_X3Y1,VNOC,data_vc,0,5,1
1465000,1465,1,NOC_NPS_VNOC_X3Y0,VNOC,credit,1,-1,1
1465000,1465,1,NOC_NPS_VNOC_X3Y0,VNOC,data_vc,1,5,1
1466000,1466,0,NOC_NPS_VNOC_X3Y1,VNOC,credit,0,-1,1
1466000,1466,0,NOC_NPS_VNOC_X3Y1,VNOC,data_vc,0,5,1
1466000,1466,1,NOC_NPS_VNOC_X3Y0,VNOC,credit,1,-1,1
1466000,1466,1,NOC_NPS_VNOC_X3Y0,VNOC,data_vc,1,5,1
1467000,1467,0,NOC_NPS_VNOC_X3Y1,VNOC,credit,0,-1,1
1467000,1467,0,NOC_NPS_VNOC_X3Y1,VNOC,data_vc,0,5,1
1467000,1467,1,NOC_NPS_VNOC_X3Y0,VNOC,credit,1,-1,1
1467000,1467,1,NOC_NPS_VNOC_X3Y0,VNOC,data_vc,1,5,1
1468000,1468,0,NOC_NPS_VNOC_X3Y1,VNOC,credit,0,-1,1
1468000,1468,0,NOC_NPS_VNOC_X3Y1,VNOC,data_vc,0,5,1
1468000,1468,1,NOC_NPS_VNOC_X3Y0,VNOC,credit,1,-1,1
1468000,1468,1,NOC_NPS_VNOC_X3Y0,VNOC,data_vc,1,5,1
1469000,1469,0,NOC_NPS_VNOC_X3Y1,VNOC,credit,0,-1,1
1469000,1469,0,NOC_NPS_VNOC_X3Y1,VNOC,data_vc,0,5,1
1469000,1469,1,NOC_NPS_VNOC_X3Y0,VNOC,credit,1,-1,1
1469000,1469,1,NOC_NPS_VNOC_X3Y0,VNOC,data_vc,1,5,1
1470000,1470,0,NOC_NPS_VNOC_X3Y1,VNOC,credit,0,-1,1
1470000,1470,0,NOC_NPS_VNOC_X3Y1,VNOC,data_vc,0,5,1
1470000,1470,1,NOC_NPS_VNOC_X3Y0,VNOC,credit,1,-1,1
1470000,1470,1,NOC_NPS_VNOC_X3Y0,VNOC,data_vc,1,5,1
1471000,1471,0,NOC_NPS_VNOC_X3Y1,VNOC,credit,0,-1,1
1471000,1471,0,NOC_NPS_VNOC_X3Y1,VNOC,data_vc,0,5,1
1471000,1471,1,NOC_NPS_VNOC_X3Y0,VNOC,credit,1,-1,1
1471000,1471,1,NOC_NPS_VNOC_X3Y0,VNOC,data_vc,1,5,1
1472000,1472,0,NOC_NPS_VNOC_X3Y1,VNOC,credit,0,-1,1
1472000,1472,0,NOC_NPS_VNOC_X3Y1,VNOC,data_vc,0,5,1
1472000,1472,1,NOC_NPS_VNOC_X3Y0,VNOC,credit,1,-1,1
1472000,1472,1,NOC_NPS_VNOC_X3Y0,VNOC,data_vc,1,5,1
1473000,1473,0,NOC_NPS_VNOC_X3Y1,VNOC,credit,0,-1,1
1473000,1473,0,NOC_NPS_VNOC_X3Y1,VNOC,data_vc,0,5,1
1473000,1473,1,NOC_NPS_VNOC_X3Y0,VNOC,credit,1,-1,1
1473000,1473,1,NOC_NPS_VNOC_X3Y0,VNOC,data_vc,1,5,1
1474000,1474,0,NOC_NPS_VNOC_X3Y1,VNOC,credit,0,-1,1
1474000,1474,0,NOC_NPS_VNOC_X3Y1,VNOC,data_vc,0,5,1
1474000,1474,1,NOC_NPS_VNOC_X3Y0,VNOC,credit,1,-1,1
1474000,1474,1,NOC_NPS_VNOC_X3Y0,VNOC,data_vc,1,5,1
1475000,1475,0,NOC_NPS_VNOC_X3Y1,VNOC,credit,0,-1,1
1475000,1475,0,NOC_NPS_VNOC_X3Y1,VNOC,data_vc,0,5,1
1475000,1475,1,NOC_NPS_VNOC_X3Y0,VNOC,credit,1,-1,1
1475000,1475,1,NOC_NPS_VNOC_X3Y0,VNOC,data_vc,1,5,1
1476000,1476,0,NOC_NPS_VNOC_X3Y1,VNOC,credit,0,-1,1
1476000,1476,0,NOC_NPS_VNOC_X3Y1,VNOC,data_vc,0,5,1
1476000,1476,1,NOC_NPS_VNOC_X3Y0,VNOC,credit,1,-1,1
1476000,1476,1,NOC_NPS_VNOC_X3Y0,VNOC,data_vc,1,5,1
1477000,1477,0,NOC_NPS_VNOC_X3Y1,VNOC,credit,0,-1,1
1477000,1477,0,NOC_NPS_VNOC_X3Y1,VNOC,data_vc,0,5,1
1477000,1477,1,NOC_NPS_VNOC_X3Y0,VNOC,credit,1,-1,1
1477000,1477,1,NOC_NPS_VNOC_X3Y0,VNOC,data_vc,1,5,1
1478000,1478,0,NOC_NPS_VNOC_X3Y1,VNOC,credit,0,-1,1
1478000,1478,0,NOC_NPS_VNOC_X3Y1,VNOC,data_vc,0,5,1
1478000,1478,1,NOC_NPS_VNOC_X3Y0,VNOC,credit,1,-1,1
1478000,1478,1,NOC_NPS_VNOC_X3Y0,VNOC,data_vc,1,5,1
1479000,1479,0,NOC_NPS_VNOC_X3Y1,VNOC,credit,0,-1,1
1479000,1479,0,NOC_NPS_VNOC_X3Y1,VNOC,data_vc,0,5,1
1479000,1479,1,NOC_NPS_VNOC_X3Y0,VNOC,credit,1,-1,1
1479000,1479,1,NOC_NPS_VNOC_X3Y0,VNOC,data_vc,1,5,1
1480000,1480,0,NOC_NPS_VNOC_X3Y1,VNOC,credit,0,-1,1
1480000,1480,0,NOC_NPS_VNOC_X3Y1,VNOC,data_vc,0,5,1
1480000,1480,1,NOC_NPS_VNOC_X3Y0,VNOC,credit,1,-1,1
1480000,1480,1,NOC_NPS_VNOC_X3Y0,VNOC,data_vc,1,5,1
1481000,1481,0,NOC_NPS_VNOC_X3Y1,VNOC,credit,0,-1,1
1481000,1481,0,NOC_NPS_VNOC_X3Y1,VNOC,data_vc,0,5,1
1481000,1481,1,NOC_NPS_VNOC_X3Y0,VNOC,credit,1,-1,1
1481000,1481,1,NOC_NPS_VNOC_X3Y0,VNOC,data_vc,1,5,1
1482000,1482,0,NOC_NPS_VNOC_X3Y1,VNOC,credit,0,-1,1
1482000,1482,0,NOC_NPS_VNOC_X3Y1,VNOC,data_vc,0,5,1
1482000,1482,1,NOC_NPS_VNOC_X3Y0,VNOC,credit,1,-1,1
1482000,1482,1,NOC_NPS_VNOC_X3Y0,VNOC,data_vc,1,5,1
1483000,1483,0,NOC_NPS_VNOC_X3Y1,VNOC,credit,0,-1,1
1483000,1483,0,NOC_NPS_VNOC_X3Y1,VNOC,data_vc,0,5,1
1483000,1483,1,NOC_NPS_VNOC_X3Y0,VNOC,credit,1,-1,1
1483000,1483,1,NOC_NPS_VNOC_X3Y0,VNOC,data_vc,1,5,1
1484000,1484,0,NOC_NPS_VNOC_X3Y1,VNOC,credit,0,-1,1
1484000,1484,0,NOC_NPS_VNOC_X3Y1,VNOC,data_vc,0,5,1
1484000,1484,1,NOC_NPS_VNOC_X3Y0,VNOC,credit,1,-1,1
1484000,1484,1,NOC_NPS_VNOC_X3Y0,VNOC,data_vc,1,5,1
1485000,1485,0,NOC_NPS_VNOC_X3Y1,VNOC,credit,0,-1,1
1485000,1485,0,NOC_NPS_VNOC_X3Y1,VNOC,data_vc,0,5,1
1485000,1485,1,NOC_NPS_VNOC_X3Y0,VNOC,credit,1,-1,1
1485000,1485,1,NOC_NPS_VNOC_X3Y0,VNOC,data_vc,1,5,1
1486000,1486,0,NOC_NPS_VNOC_X3Y1,VNOC,credit,0,-1,1
1486000,1486,0,NOC_NPS_VNOC_X3Y1,VNOC,data_vc,0,5,1
1486000,1486,1,NOC_NPS_VNOC_X3Y0,VNOC,credit,1,-1,1
1486000,1486,1,NOC_NPS_VNOC_X3Y0,VNOC,data_vc,1,5,1
1487000,1487,0,NOC_NPS_VNOC_X3Y1,VNOC,credit,0,-1,1
1487000,1487,0,NOC_NPS_VNOC_X3Y1,VNOC,data_vc,0,5,1
1487000,1487,1,NOC_NPS_VNOC_X3Y0,VNOC,credit,1,-1,1
1487000,1487,1,NOC_NPS_VNOC_X3Y0,VNOC,data_vc,1,5,1
1488000,1488,0,NOC_NPS_VNOC_X3Y1,VNOC,credit,0,-1,1
1488000,1488,0,NOC_NPS_VNOC_X3Y1,VNOC,data_vc,0,5,1
1488000,1488,1,NOC_NPS_VNOC_X3Y0,VNOC,credit,1,-1,1
1488000,1488,1,NOC_NPS_VNOC_X3Y0,VNOC,data_vc,1,5,1
1489000,1489,0,NOC_NPS_VNOC_X3Y1,VNOC,credit,0,-1,1
1489000,1489,0,NOC_NPS_VNOC_X3Y1,VNOC,data_vc,0,5,1
1489000,1489,1,NOC_NPS_VNOC_X3Y0,VNOC,credit,1,-1,1
1489000,1489,1,NOC_NPS_VNOC_X3Y0,VNOC,data_vc,1,5,1
1490000,1490,0,NOC_NPS_VNOC_X3Y1,VNOC,credit,0,-1,1
1490000,1490,0,NOC_NPS_VNOC_X3Y1,VNOC,data_vc,0,5,1
1490000,1490,1,NOC_NPS_VNOC_X3Y0,VNOC,credit,1,-1,1
1490000,1490,1,NOC_NPS_VNOC_X3Y0,VNOC,data_vc,1,5,1
1491000,1491,0,NOC_NPS_VNOC_X3Y1,VNOC,credit,0,-1,1
1491000,1491,0,NOC_NPS_VNOC_X3Y1,VNOC,data_vc,0,5,1
1491000,1491,1,NOC_NPS_VNOC_X3Y0,VNOC,credit,1,-1,1
1491000,1491,1,NOC_NPS_VNOC_X3Y0,VNOC,data_vc,1,5,1
1492000,1492,0,NOC_NPS_VNOC_X3Y1,VNOC,credit,0,-1,1
1492000,1492,0,NOC_NPS_VNOC_X3Y1,VNOC,data_vc,0,5,1
1492000,1492,1,NOC_NPS_VNOC_X3Y0,VNOC,credit,1,-1,1
1492000,1492,1,NOC_NPS_VNOC_X3Y0,VNOC,data_vc,1,5,1
1493000,1493,0,NOC_NPS_VNOC_X3Y1,VNOC,credit,0,-1,1
1493000,1493,0,NOC_NPS_VNOC_X3Y1,VNOC,data_vc,0,5,1
1493000,1493,1,NOC_NPS_VNOC_X3Y0,VNOC,credit,1,-1,1
1493000,1493,1,NOC_NPS_VNOC_X3Y0,VNOC,data_vc,1,5,1
1494000,1494,0,NOC_NPS_VNOC_X3Y1,VNOC,credit,0,-1,1
1494000,1494,0,NOC_NPS_VNOC_X3Y1,VNOC,data_vc,0,5,1
1494000,1494,1,NOC_NPS_VNOC_X3Y0,VNOC,credit,1,-1,1
1494000,1494,1,NOC_NPS_VNOC_X3Y0,VNOC,data_vc,1,5,1
1495000,1495,0,NOC_NPS_VNOC_X3Y1,VNOC,credit,0,-1,1
1495000,1495,0,NOC_NPS_VNOC_X3Y1,VNOC,data_vc,0,5,1
1495000,1495,1,NOC_NPS_VNOC_X3Y0,VNOC,credit,1,-1,1
1495000,1495,1,NOC_NPS_VNOC_X3Y0,VNOC,data_vc,1,5,1
1496000,1496,0,NOC_NPS_VNOC_X3Y1,VNOC,credit,0,-1,1
1496000,1496,0,NOC_NPS_VNOC_X3Y1,VNOC,data_vc,0,5,1
1496000,1496,1,NOC_NPS_VNOC_X3Y0,VNOC,credit,1,-1,1
1496000,1496,1,NOC_NPS_VNOC_X3Y0,VNOC,data_vc,1,5,1
1497000,1497,0,NOC_NPS_VNOC_X3Y1,VNOC,credit,0,-1,1
1497000,1497,0,NOC_NPS_VNOC_X3Y1,VNOC,data_vc,0,5,1
1497000,1497,1,NOC_NPS_VNOC_X3Y0,VNOC,credit,1,-1,1
1497000,1497,1,NOC_NPS_VNOC_X3Y0,VNOC,data_vc,1,5,1
1498000,1498,0,NOC_NPS_VNOC_X3Y1,VNOC,credit,0,-1,1
1498000,1498,0,NOC_NPS_VNOC_X3Y1,VNOC,data_vc,0,5,1
1498000,1498,1,NOC_NPS_VNOC_X3Y0,VNOC,credit,1,-1,1
1498000,1498,1,NOC_NPS_VNOC_X3Y0,VNOC,data_vc,1,5,1
1499000,1499,0,NOC_NPS_VNOC_X3Y1,VNOC,credit,0,-1,1
1499000,1499,0,NOC_NPS_VNOC_X3Y1,VNOC,data_vc,0,5,1
1499000,1499,1,NOC_NPS_VNOC_X3Y0,VNOC,credit,1,-1,1
1499000,1499,1,NOC_NPS_VNOC_X3Y0,VNOC,data_vc,1,5,1
1500000,1500,0,NOC_NPS_VNOC_X3Y1,VNOC,credit,0,-1,1
1500000,1500,0,NOC_NPS_VNOC_X3Y1,VNOC,data_vc,0,5,1
1500000,1500,1,NOC_NPS_VNOC_X3Y0,VNOC,credit,1,-1,1
1500000,1500,1,NOC_NPS_VNOC_X3Y0,VNOC,data_vc,1,5,1
1501000,1501,0,NOC_NPS_VNOC_X3Y1,VNOC,credit,0,-1,1
1501000,1501,0,NOC_NPS_VNOC_X3Y1,VNOC,data_vc,0,5,1
1501000,1501,1,NOC_NPS_VNOC_X3Y0,VNOC,credit,1,-1,1
1501000,1501,1,NOC_NPS_VNOC_X3Y0,VNOC,data_vc,1,5,1
1502000,1502,0,NOC_NPS_VNOC_X3Y1,VNOC,credit,0,-1,1
1502000,1502,0,NOC_NPS_VNOC_X3Y1,VNOC,data_vc,0,5,1
1502000,1502,1,NOC_NPS_VNOC_X3Y0,VNOC,credit,1,-1,1
1502000,1502,1,NOC_NPS_VNOC_X3Y0,VNOC,data_vc,1,5,1
1503000,1503,0,NOC_NPS_VNOC_X3Y1,VNOC,credit,0,-1,1
1503000,1503,0,NOC_NPS_VNOC_X3Y1,VNOC,data_vc,0,5,1
1503000,1503,1,NOC_NPS_VNOC_X3Y0,VNOC,credit,1,-1,1
1503000,1503,1,NOC_NPS_VNOC_X3Y0,VNOC,data_vc,1,5,1
1504000,1504,0,NOC_NPS_VNOC_X3Y1,VNOC,credit,0,-1,1
1504000,1504,0,NOC_NPS_VNOC_X3Y1,VNOC,data_vc,0,5,1
1504000,1504,1,NOC_NPS_VNOC_X3Y0,VNOC,credit,1,-1,1
1504000,1504,1,NOC_NPS_VNOC_X3Y0,VNOC,data_vc,1,5,1
1505000,1505,0,NOC_NPS_VNOC_X3Y1,VNOC,credit,0,-1,1
1505000,1505,0,NOC_NPS_VNOC_X3Y1,VNOC,data_vc,0,5,1
1505000,1505,1,NOC_NPS_VNOC_X3Y0,VNOC,credit,1,-1,1
1505000,1505,1,NOC_NPS_VNOC_X3Y0,VNOC,data_vc,1,5,1
1506000,1506,0,NOC_NPS_VNOC_X3Y1,VNOC,credit,0,-1,1
1506000,1506,0,NOC_NPS_VNOC_X3Y1,VNOC,data_vc,0,5,1
1506000,1506,1,NOC_NPS_VNOC_X3Y0,VNOC,credit,1,-1,1
1506000,1506,1,NOC_NPS_VNOC_X3Y0,VNOC,data_vc,1,5,1
1507000,1507,0,NOC_NPS_VNOC_X3Y1,VNOC,credit,0,-1,1
1507000,1507,0,NOC_NPS_VNOC_X3Y1,VNOC,data_vc,0,5,1
1507000,1507,1,NOC_NPS_VNOC_X3Y0,VNOC,credit,1,-1,1
1507000,1507,1,NOC_NPS_VNOC_X3Y0,VNOC,data_vc,1,5,1
1508000,1508,0,NOC_NPS_VNOC_X3Y1,VNOC,credit,0,-1,1
1508000,1508,0,NOC_NPS_VNOC_X3Y1,VNOC,data_vc,0,5,1
1508000,1508,1,NOC_NPS_VNOC_X3Y0,VNOC,credit,1,-1,1
1508000,1508,1,NOC_NPS_VNOC_X3Y0,VNOC,data_vc,1,5,1
1509000,1509,0,NOC_NPS_VNOC_X3Y1,VNOC,credit,0,-1,1
1509000,1509,0,NOC_NPS_VNOC_X3Y1,VNOC,data_vc,0,5,1
1509000,1509,1,NOC_NPS_VNOC_X3Y0,VNOC,credit,1,-1,1
1509000,1509,1,NOC_NPS_VNOC_X3Y0,VNOC,data_vc,1,5,1
1510000,1510,0,NOC_NPS_VNOC_X3Y1,VNOC,credit,0,-1,1
1510000,1510,0,NOC_NPS_VNOC_X3Y1,VNOC,data_vc,0,5,1
1510000,1510,1,NOC_NPS_VNOC_X3Y0,VNOC,credit,1,-1,1
1510000,1510,1,NOC_NPS_VNOC_X3Y0,VNOC,data_vc,1,5,1
1511000,1511,0,NOC_NPS_VNOC_X3Y1,VNOC,credit,0,-1,1
1511000,1511,0,NOC_NPS_VNOC_X3Y1,VNOC,data_vc,0,5,1
1511000,1511,1,NOC_NPS_VNOC_X3Y0,VNOC,credit,1,-1,1
1511000,1511,1,NOC_NPS_VNOC_X3Y0,VNOC,data_vc,1,5,1
1512000,1512,0,NOC_NPS_VNOC_X3Y1,VNOC,credit,0,-1,1
1512000,1512,0,NOC_NPS_VNOC_X3Y1,VNOC,data_vc,0,5,1
1512000,1512,1,NOC_NPS_VNOC_X3Y0,VNOC,credit,1,-1,1
1512000,1512,1,NOC_NPS_VNOC_X3Y0,VNOC,data_vc,1,5,1
1513000,1513,0,NOC_NPS_VNOC_X3Y1,VNOC,credit,0,-1,1
1513000,1513,0,NOC_NPS_VNOC_X3Y1,VNOC,data_vc,0,5,1
1513000,1513,1,NOC_NPS_VNOC_X3Y0,VNOC,credit,1,-1,1
1513000,1513,1,NOC_NPS_VNOC_X3Y0,VNOC,data_vc,1,5,1
1514000,1514,0,NOC_NPS_VNOC_X3Y1,VNOC,credit,0,-1,1
1514000,1514,0,NOC_NPS_VNOC_X3Y1,VNOC,data_vc,0,5,1
1514000,1514,1,NOC_NPS_VNOC_X3Y0,VNOC,credit,1,-1,1
1514000,1514,1,NOC_NPS_VNOC_X3Y0,VNOC,data_vc,1,5,1
1515000,1515,0,NOC_NPS_VNOC_X3Y1,VNOC,credit,0,-1,1
1515000,1515,0,NOC_NPS_VNOC_X3Y1,VNOC,data_vc,0,5,1
1515000,1515,1,NOC_NPS_VNOC_X3Y0,VNOC,credit,1,-1,1
1515000,1515,1,NOC_NPS_VNOC_X3Y0,VNOC,data_vc,1,5,1
1516000,1516,0,NOC_NPS_VNOC_X3Y1,VNOC,credit,0,-1,1
1516000,1516,0,NOC_NPS_VNOC_X3Y1,VNOC,data_vc,0,5,1
1516000,1516,1,NOC_NPS_VNOC_X3Y0,VNOC,credit,1,-1,1
1516000,1516,1,NOC_NPS_VNOC_X3Y0,VNOC,data_vc,1,5,1
1517000,1517,0,NOC_NPS_VNOC_X3Y1,VNOC,credit,0,-1,1
1517000,1517,0,NOC_NPS_VNOC_X3Y1,VNOC,data_vc,0,5,1
1517000,1517,1,NOC_NPS_VNOC_X3Y0,VNOC,credit,1,-1,1
1517000,1517,1,NOC_NPS_VNOC_X3Y0,VNOC,data_vc,1,5,1
1518000,1518,0,NOC_NPS_VNOC_X3Y1,VNOC,credit,0,-1,1
1518000,1518,0,NOC_NPS_VNOC_X3Y1,VNOC,data_vc,0,5,1
1518000,1518,1,NOC_NPS_VNOC_X3Y0,VNOC,credit,1,-1,1
1518000,1518,1,NOC_NPS_VNOC_X3Y0,VNOC,data_vc,1,5,1
1519000,1519,0,NOC_NPS_VNOC_X3Y1,VNOC,credit,0,-1,1
1519000,1519,0,NOC_NPS_VNOC_X3Y1,VNOC,data_vc,0,5,1
1519000,1519,1,NOC_NPS_VNOC_X3Y0,VNOC,credit,1,-1,1
1519000,1519,1,NOC_NPS_VNOC_X3Y0,VNOC,data_vc,1,5,1
1520000,1520,0,NOC_NPS_VNOC_X3Y1,VNOC,credit,0,-1,1
1520000,1520,0,NOC_NPS_VNOC_X3Y1,VNOC,data_vc,0,5,1
1520000,1520,1,NOC_NPS_VNOC_X3Y0,VNOC,credit,1,-1,1
1520000,1520,1,NOC_NPS_VNOC_X3Y0,VNOC,data_vc,1,5,1
1521000,1521,0,NOC_NPS_VNOC_X3Y1,VNOC,credit,0,-1,1
1521000,1521,0,NOC_NPS_VNOC_X3Y1,VNOC,data_vc,0,5,1
1521000,1521,1,NOC_NPS_VNOC_X3Y0,VNOC,credit,1,-1,1
1521000,1521,1,NOC_NPS_VNOC_X3Y0,VNOC,data_vc,1,5,1
1522000,1522,0,NOC_NPS_VNOC_X3Y1,VNOC,credit,0,-1,1
1522000,1522,0,NOC_NPS_VNOC_X3Y1,VNOC,data_vc,0,5,1
1522000,1522,1,NOC_NPS_VNOC_X3Y0,VNOC,credit,1,-1,1
1522000,1522,1,NOC_NPS_VNOC_X3Y0,VNOC,data_vc,1,5,1
1523000,1523,0,NOC_NPS_VNOC_X3Y1,VNOC,credit,0,-1,1
1523000,1523,0,NOC_NPS_VNOC_X3Y1,VNOC,data_vc,0,5,1
1523000,1523,1,NOC_NPS_VNOC_X3Y0,VNOC,credit,1,-1,1
1523000,1523,1,NOC_NPS_VNOC_X3Y0,VNOC,data_vc,1,5,1
1524000,1524,0,NOC_NPS_VNOC_X3Y1,VNOC,credit,0,-1,1
1524000,1524,0,NOC_NPS_VNOC_X3Y1,VNOC,data_vc,0,5,1
1524000,1524,1,NOC_NPS_VNOC_X3Y0,VNOC,credit,1,-1,1
1524000,1524,1,NOC_NPS_VNOC_X3Y0,VNOC,data_vc,1,5,1
1525000,1525,0,NOC_NPS_VNOC_X3Y1,VNOC,credit,0,-1,1
1525000,1525,0,NOC_NPS_VNOC_X3Y1,VNOC,data_vc,0,5,1
1525000,1525,1,NOC_NPS_VNOC_X3Y0,VNOC,credit,1,-1,1
1525000,1525,1,NOC_NPS_VNOC_X3Y0,VNOC,data_vc,1,5,1
1526000,1526,0,NOC_NPS_VNOC_X3Y1,VNOC,credit,0,-1,1
1526000,1526,0,NOC_NPS_VNOC_X3Y1,VNOC,data_vc,0,5,1
1526000,1526,1,NOC_NPS_VNOC_X3Y0,VNOC,credit,1,-1,1
1526000,1526,1,NOC_NPS_VNOC_X3Y0,VNOC,data_vc,1,5,1
1527000,1527,0,NOC_NPS_VNOC_X3Y1,VNOC,credit,0,-1,1
1527000,1527,0,NOC_NPS_VNOC_X3Y1,VNOC,data_vc,0,5,1
1527000,1527,1,NOC_NPS_VNOC_X3Y0,VNOC,credit,1,-1,1
1527000,1527,1,NOC_NPS_VNOC_X3Y0,VNOC,data_vc,1,5,1
1528000,1528,0,NOC_NPS_VNOC_X3Y1,VNOC,credit,0,-1,1
1528000,1528,0,NOC_NPS_VNOC_X3Y1,VNOC,data_vc,0,5,1
1528000,1528,1,NOC_NPS_VNOC_X3Y0,VNOC,credit,1,-1,1
1528000,1528,1,NOC_NPS_VNOC_X3Y0,VNOC,data_vc,1,5,1
1529000,1529,0,NOC_NPS_VNOC_X3Y1,VNOC,credit,0,-1,1
1529000,1529,0,NOC_NPS_VNOC_X3Y1,VNOC,data_vc,0,5,1
1529000,1529,1,NOC_NPS_VNOC_X3Y0,VNOC,credit,1,-1,1
1529000,1529,1,NOC_NPS_VNOC_X3Y0,VNOC,data_vc,1,5,1
1530000,1530,0,NOC_NPS_VNOC_X3Y1,VNOC,credit,0,-1,1
1530000,1530,0,NOC_NPS_VNOC_X3Y1,VNOC,data_vc,0,5,1
1530000,1530,1,NOC_NPS_VNOC_X3Y0,VNOC,credit,1,-1,1
1530000,1530,1,NOC_NPS_VNOC_X3Y0,VNOC,data_vc,1,5,1
1531000,1531,0,NOC_NPS_VNOC_X3Y1,VNOC,credit,0,-1,1
1531000,1531,0,NOC_NPS_VNOC_X3Y1,VNOC,data_vc,0,5,1
1531000,1531,1,NOC_NPS_VNOC_X3Y0,VNOC,credit,1,-1,1
1531000,1531,1,NOC_NPS_VNOC_X3Y0,VNOC,data_vc,1,5,1
1532000,1532,0,NOC_NPS_VNOC_X3Y1,VNOC,credit,0,-1,1
1532000,1532,0,NOC_NPS_VNOC_X3Y1,VNOC,data_vc,0,5,1
1532000,1532,1,NOC_NPS_VNOC_X3Y0,VNOC,credit,1,-1,1
1532000,1532,1,NOC_NPS_VNOC_X3Y0,VNOC,data_vc,1,5,1
1533000,1533,0,NOC_NPS_VNOC_X3Y1,VNOC,credit,0,-1,1
1533000,1533,0,NOC_NPS_VNOC_X3Y1,VNOC,data_vc,0,5,1
1533000,1533,1,NOC_NPS_VNOC_X3Y0,VNOC,credit,1,-1,1
1533000,1533,1,NOC_NPS_VNOC_X3Y0,VNOC,data_vc,1,5,1
1534000,1534,0,NOC_NPS_VNOC_X3Y1,VNOC,credit,0,-1,1
1534000,1534,0,NOC_NPS_VNOC_X3Y1,VNOC,data_vc,0,5,1
1534000,1534,1,NOC_NPS_VNOC_X3Y0,VNOC,credit,1,-1,1
1534000,1534,1,NOC_NPS_VNOC_X3Y0,VNOC,data_vc,1,5,1
1535000,1535,0,NOC_NPS_VNOC_X3Y1,VNOC,credit,0,-1,1
1535000,1535,0,NOC_NPS_VNOC_X3Y1,VNOC,data_vc,0,5,1
1535000,1535,1,NOC_NPS_VNOC_X3Y0,VNOC,credit,1,-1,1
1535000,1535,1,NOC_NPS_VNOC_X3Y0,VNOC,data_vc,1,5,1
1536000,1536,0,NOC_NPS_VNOC_X3Y1,VNOC,credit,0,-1,1
1536000,1536,0,NOC_NPS_VNOC_X3Y1,VNOC,data_vc,0,5,1
1536000,1536,1,NOC_NPS_VNOC_X3Y0,VNOC,credit,1,-1,1
1536000,1536,1,NOC_NPS_VNOC_X3Y0,VNOC,data_vc,1,5,1
1537000,1537,0,NOC_NPS_VNOC_X3Y1,VNOC,credit,0,-1,1
1537000,1537,0,NOC_NPS_VNOC_X3Y1,VNOC,data_vc,0,5,1
1537000,1537,1,NOC_NPS_VNOC_X3Y0,VNOC,credit,1,-1,1
1537000,1537,1,NOC_NPS_VNOC_X3Y0,VNOC,data_vc,1,5,1
1538000,1538,0,NOC_NPS_VNOC_X3Y1,VNOC,credit,0,-1,1
1538000,1538,0,NOC_NPS_VNOC_X3Y1,VNOC,data_vc,0,5,1
1538000,1538,1,NOC_NPS_VNOC_X3Y0,VNOC,credit,1,-1,1
1538000,1538,1,NOC_NPS_VNOC_X3Y0,VNOC,data_vc,1,5,1
1539000,1539,0,NOC_NPS_VNOC_X3Y1,VNOC,credit,0,-1,1
1539000,1539,0,NOC_NPS_VNOC_X3Y1,VNOC,data_vc,0,5,1
1539000,1539,1,NOC_NPS_VNOC_X3Y0,VNOC,credit,1,-1,1
1539000,1539,1,NOC_NPS_VNOC_X3Y0,VNOC,data_vc,1,5,1
1540000,1540,0,NOC_NPS_VNOC_X3Y1,VNOC,credit,0,-1,1
1540000,1540,0,NOC_NPS_VNOC_X3Y1,VNOC,data_vc,0,5,1
1540000,1540,1,NOC_NPS_VNOC_X3Y0,VNOC,credit,1,-1,1
1540000,1540,1,NOC_NPS_VNOC_X3Y0,VNOC,data_vc,1,5,1
1541000,1541,0,NOC_NPS_VNOC_X3Y1,VNOC,credit,0,-1,1
1541000,1541,0,NOC_NPS_VNOC_X3Y1,VNOC,data_vc,0,5,1
1541000,1541,1,NOC_NPS_VNOC_X3Y0,VNOC,credit,1,-1,1
1541000,1541,1,NOC_NPS_VNOC_X3Y0,VNOC,data_vc,1,5,1
1542000,1542,0,NOC_NPS_VNOC_X3Y1,VNOC,credit,0,-1,1
1542000,1542,0,NOC_NPS_VNOC_X3Y1,VNOC,data_vc,0,5,1
1542000,1542,1,NOC_NPS_VNOC_X3Y0,VNOC,credit,1,-1,1
1542000,1542,1,NOC_NPS_VNOC_X3Y0,VNOC,data_vc,1,5,1
1543000,1543,0,NOC_NPS_VNOC_X3Y1,VNOC,credit,0,-1,1
1543000,1543,0,NOC_NPS_VNOC_X3Y1,VNOC,data_vc,0,5,1
1543000,1543,1,NOC_NPS_VNOC_X3Y0,VNOC,credit,1,-1,1
1543000,1543,1,NOC_NPS_VNOC_X3Y0,VNOC,data_vc,1,5,1
1544000,1544,0,NOC_NPS_VNOC_X3Y1,VNOC,credit,0,-1,1
1544000,1544,0,NOC_NPS_VNOC_X3Y1,VNOC,data_vc,0,5,1
1544000,1544,1,NOC_NPS_VNOC_X3Y0,VNOC,credit,1,-1,1
1544000,1544,1,NOC_NPS_VNOC_X3Y0,VNOC,data_vc,1,5,1
1545000,1545,0,NOC_NPS_VNOC_X3Y1,VNOC,credit,0,-1,1
1545000,1545,0,NOC_NPS_VNOC_X3Y1,VNOC,data_vc,0,5,1
1545000,1545,1,NOC_NPS_VNOC_X3Y0,VNOC,credit,1,-1,1
1545000,1545,1,NOC_NPS_VNOC_X3Y0,VNOC,data_vc,1,5,1
1546000,1546,0,NOC_NPS_VNOC_X3Y1,VNOC,credit,0,-1,1
1546000,1546,0,NOC_NPS_VNOC_X3Y1,VNOC,data_vc,0,5,1
1546000,1546,1,NOC_NPS_VNOC_X3Y0,VNOC,credit,1,-1,1
1546000,1546,1,NOC_NPS_VNOC_X3Y0,VNOC,data_vc,1,5,1
1547000,1547,0,NOC_NPS_VNOC_X3Y1,VNOC,credit,0,-1,1
1547000,1547,0,NOC_NPS_VNOC_X3Y1,VNOC,data_vc,0,5,1
1547000,1547,1,NOC_NPS_VNOC_X3Y0,VNOC,credit,1,-1,1
1547000,1547,1,NOC_NPS_VNOC_X3Y0,VNOC,data_vc,1,5,1
1548000,1548,0,NOC_NPS_VNOC_X3Y1,VNOC,credit,0,-1,1
1548000,1548,0,NOC_NPS_VNOC_X3Y1,VNOC,data_vc,0,5,1
1548000,1548,1,NOC_NPS_VNOC_X3Y0,VNOC,credit,1,-1,1
1548000,1548,1,NOC_NPS_VNOC_X3Y0,VNOC,data_vc,1,5,1
1549000,1549,0,NOC_NPS_VNOC_X3Y1,VNOC,credit,0,-1,1
1549000,1549,0,NOC_NPS_VNOC_X3Y1,VNOC,data_vc,0,5,1
1549000,1549,1,NOC_NPS_VNOC_X3Y0,VNOC,credit,1,-1,1
1549000,1549,1,NOC_NPS_VNOC_X3Y0,VNOC,data_vc,1,5,1
1550000,1550,0,NOC_NPS_VNOC_X3Y1,VNOC,credit,0,-1,1
1550000,1550,0,NOC_NPS_VNOC_X3Y1,VNOC,data_vc,0,5,1
1550000,1550,1,NOC_NPS_VNOC_X3Y0,VNOC,credit,1,-1,1
1550000,1550,1,NOC_NPS_VNOC_X3Y0,VNOC,data_vc,1,5,1
1551000,1551,0,NOC_NPS_VNOC_X3Y1,VNOC,credit,0,-1,1
1551000,1551,0,NOC_NPS_VNOC_X3Y1,VNOC,data_vc,0,5,1
1551000,1551,1,NOC_NPS_VNOC_X3Y0,VNOC,credit,1,-1,1
1551000,1551,1,NOC_NPS_VNOC_X3Y0,VNOC,data_vc,1,5,1
1552000,1552,0,NOC_NPS_VNOC_X3Y1,VNOC,credit,0,-1,1
1552000,1552,0,NOC_NPS_VNOC_X3Y1,VNOC,data_vc,0,5,1
1552000,1552,1,NOC_NPS_VNOC_X3Y0,VNOC,credit,1,-1,1
1552000,1552,1,NOC_NPS_VNOC_X3Y0,VNOC,data_vc,1,5,1
1553000,1553,0,NOC_NPS_VNOC_X3Y1,VNOC,credit,0,-1,1
1553000,1553,0,NOC_NPS_VNOC_X3Y1,VNOC,data_vc,0,5,1
1553000,1553,1,NOC_NPS_VNOC_X3Y0,VNOC,credit,1,-1,1
1553000,1553,1,NOC_NPS_VNOC_X3Y0,VNOC,data_vc,1,5,1
1554000,1554,0,NOC_NPS_VNOC_X3Y1,VNOC,credit,0,-1,1
1554000,1554,0,NOC_NPS_VNOC_X3Y1,VNOC,data_vc,0,5,1
1554000,1554,1,NOC_NPS_VNOC_X3Y0,VNOC,credit,1,-1,1
1554000,1554,1,NOC_NPS_VNOC_X3Y0,VNOC,data_vc,1,5,1
1555000,1555,0,NOC_NPS_VNOC_X3Y1,VNOC,credit,0,-1,1
1555000,1555,0,NOC_NPS_VNOC_X3Y1,VNOC,data_vc,0,5,1
1555000,1555,1,NOC_NPS_VNOC_X3Y0,VNOC,credit,1,-1,1
1555000,1555,1,NOC_NPS_VNOC_X3Y0,VNOC,data_vc,1,5,1
1556000,1556,0,NOC_NPS_VNOC_X3Y1,VNOC,credit,0,-1,1
1556000,1556,0,NOC_NPS_VNOC_X3Y1,VNOC,data_vc,0,5,1
1556000,1556,1,NOC_NPS_VNOC_X3Y0,VNOC,credit,1,-1,1
1556000,1556,1,NOC_NPS_VNOC_X3Y0,VNOC,data_vc,1,5,1
1557000,1557,0,NOC_NPS_VNOC_X3Y1,VNOC,credit,0,-1,1
1557000,1557,0,NOC_NPS_VNOC_X3Y1,VNOC,data_vc,0,5,1
1557000,1557,1,NOC_NPS_VNOC_X3Y0,VNOC,credit,1,-1,1
1557000,1557,1,NOC_NPS_VNOC_X3Y0,VNOC,data_vc,1,5,1
1558000,1558,0,NOC_NPS_VNOC_X3Y1,VNOC,credit,0,-1,1
1558000,1558,0,NOC_NPS_VNOC_X3Y1,VNOC,data_vc,0,5,1
1558000,1558,1,NOC_NPS_VNOC_X3Y0,VNOC,credit,1,-1,1
1558000,1558,1,NOC_NPS_VNOC_X3Y0,VNOC,data_vc,1,5,1
1559000,1559,0,NOC_NPS_VNOC_X3Y1,VNOC,credit,0,-1,1
1559000,1559,0,NOC_NPS_VNOC_X3Y1,VNOC,data_vc,0,5,1
1559000,1559,1,NOC_NPS_VNOC_X3Y0,VNOC,credit,1,-1,1
1559000,1559,1,NOC_NPS_VNOC_X3Y0,VNOC,data_vc,1,5,1
1560000,1560,0,NOC_NPS_VNOC_X3Y1,VNOC,credit,0,-1,1
1560000,1560,0,NOC_NPS_VNOC_X3Y1,VNOC,data_vc,0,5,1
1560000,1560,1,NOC_NPS_VNOC_X3Y0,VNOC,credit,1,-1,1
1560000,1560,1,NOC_NPS_VNOC_X3Y0,VNOC,data_vc,1,5,1
1561000,1561,0,NOC_NPS_VNOC_X3Y1,VNOC,credit,0,-1,1
1561000,1561,0,NOC_NPS_VNOC_X3Y1,VNOC,data_vc,0,5,1
1561000,1561,1,NOC_NPS_VNOC_X3Y0,VNOC,credit,1,-1,1
1561000,1561,1,NOC_NPS_VNOC_X3Y0,VNOC,data_vc,1,5,1
1562000,1562,0,NOC_NPS_VNOC_X3Y1,VNOC,credit,0,-1,1
1562000,1562,0,NOC_NPS_VNOC_X3Y1,VNOC,data_vc,0,5,1
1562000,1562,1,NOC_NPS_VNOC_X3Y0,VNOC,credit,1,-1,1
1562000,1562,1,NOC_NPS_VNOC_X3Y0,VNOC,data_vc,1,5,1
1563000,1563,0,NOC_NPS_VNOC_X3Y1,VNOC,credit,0,-1,1
1563000,1563,0,NOC_NPS_VNOC_X3Y1,VNOC,data_vc,0,5,1
1563000,1563,1,NOC_NPS_VNOC_X3Y0,VNOC,credit,1,-1,1
1563000,1563,1,NOC_NPS_VNOC_X3Y0,VNOC,data_vc,1,5,1
1564000,1564,0,NOC_NPS_VNOC_X3Y1,VNOC,credit,0,-1,1
1564000,1564,0,NOC_NPS_VNOC_X3Y1,VNOC,data_vc,0,5,1
1564000,1564,1,NOC_NPS_VNOC_X3Y0,VNOC,credit,1,-1,1
1564000,1564,1,NOC_NPS_VNOC_X3Y0,VNOC,data_vc,1,5,1
1565000,1565,0,NOC_NPS_VNOC_X3Y1,VNOC,credit,0,-1,1
1565000,1565,0,NOC_NPS_VNOC_X3Y1,VNOC,data_vc,0,5,1
1565000,1565,1,NOC_NPS_VNOC_X3Y0,VNOC,credit,1,-1,1
1565000,1565,1,NOC_NPS_VNOC_X3Y0,VNOC,data_vc,1,5,1
1566000,1566,0,NOC_NPS_VNOC_X3Y1,VNOC,credit,0,-1,1
1566000,1566,0,NOC_NPS_VNOC_X3Y1,VNOC,data_vc,0,5,1
1566000,1566,1,NOC_NPS_VNOC_X3Y0,VNOC,credit,1,-1,1
1566000,1566,1,NOC_NPS_VNOC_X3Y0,VNOC,data_vc,1,5,1
1567000,1567,0,NOC_NPS_VNOC_X3Y1,VNOC,credit,0,-1,1
1567000,1567,0,NOC_NPS_VNOC_X3Y1,VNOC,data_vc,0,5,1
1567000,1567,1,NOC_NPS_VNOC_X3Y0,VNOC,credit,1,-1,1
1567000,1567,1,NOC_NPS_VNOC_X3Y0,VNOC,data_vc,1,5,1
1568000,1568,0,NOC_NPS_VNOC_X3Y1,VNOC,credit,0,-1,1
1568000,1568,0,NOC_NPS_VNOC_X3Y1,VNOC,data_vc,0,5,1
1568000,1568,1,NOC_NPS_VNOC_X3Y0,VNOC,credit,1,-1,1
1568000,1568,1,NOC_NPS_VNOC_X3Y0,VNOC,data_vc,1,5,1
1569000,1569,0,NOC_NPS_VNOC_X3Y1,VNOC,credit,0,-1,1
1569000,1569,0,NOC_NPS_VNOC_X3Y1,VNOC,data_vc,0,5,1
1569000,1569,1,NOC_NPS_VNOC_X3Y0,VNOC,credit,1,-1,1
1569000,1569,1,NOC_NPS_VNOC_X3Y0,VNOC,data_vc,1,5,1
1570000,1570,0,NOC_NPS_VNOC_X3Y1,VNOC,credit,0,-1,1
1570000,1570,0,NOC_NPS_VNOC_X3Y1,VNOC,data_vc,0,5,1
1570000,1570,1,NOC_NPS_VNOC_X3Y0,VNOC,credit,1,-1,1
1570000,1570,1,NOC_NPS_VNOC_X3Y0,VNOC,data_vc,1,5,1
1571000,1571,0,NOC_NPS_VNOC_X3Y1,VNOC,credit,0,-1,1
1571000,1571,0,NOC_NPS_VNOC_X3Y1,VNOC,data_vc,0,5,1
1571000,1571,1,NOC_NPS_VNOC_X3Y0,VNOC,credit,1,-1,1
1571000,1571,1,NOC_NPS_VNOC_X3Y0,VNOC,data_vc,1,5,1
1572000,1572,0,NOC_NPS_VNOC_X3Y1,VNOC,credit,0,-1,1
1572000,1572,0,NOC_NPS_VNOC_X3Y1,VNOC,data_vc,0,5,1
1572000,1572,1,NOC_NPS_VNOC_X3Y0,VNOC,credit,1,-1,1
1572000,1572,1,NOC_NPS_VNOC_X3Y0,VNOC,data_vc,1,5,1
1573000,1573,0,NOC_NPS_VNOC_X3Y1,VNOC,credit,0,-1,1
1573000,1573,0,NOC_NPS_VNOC_X3Y1,VNOC,data_vc,0,5,1
1573000,1573,1,NOC_NPS_VNOC_X3Y0,VNOC,credit,1,-1,1
1573000,1573,1,NOC_NPS_VNOC_X3Y0,VNOC,data_vc,1,5,1
1574000,1574,0,NOC_NPS_VNOC_X3Y1,VNOC,credit,0,-1,1
1574000,1574,0,NOC_NPS_VNOC_X3Y1,VNOC,data_vc,0,5,1
1574000,1574,1,NOC_NPS_VNOC_X3Y0,VNOC,credit,1,-1,1
1574000,1574,1,NOC_NPS_VNOC_X3Y0,VNOC,data_vc,1,5,1
1575000,1575,0,NOC_NPS_VNOC_X3Y1,VNOC,credit,0,-1,1
1575000,1575,0,NOC_NPS_VNOC_X3Y1,VNOC,data_vc,0,5,1
1575000,1575,1,NOC_NPS_VNOC_X3Y0,VNOC,credit,1,-1,1
1575000,1575,1,NOC_NPS_VNOC_X3Y0,VNOC,data_vc,1,5,1
1576000,1576,0,NOC_NPS_VNOC_X3Y1,VNOC,credit,0,-1,1
1576000,1576,0,NOC_NPS_VNOC_X3Y1,VNOC,data_vc,0,5,1
1576000,1576,1,NOC_NPS_VNOC_X3Y0,VNOC,credit,1,-1,1
1576000,1576,1,NOC_NPS_VNOC_X3Y0,VNOC,data_vc,1,5,1
1577000,1577,0,NOC_NPS_VNOC_X3Y1,VNOC,credit,0,-1,1
1577000,1577,0,NOC_NPS_VNOC_X3Y1,VNOC,data_vc,0,5,1
1577000,1577,1,NOC_NPS_VNOC_X3Y0,VNOC,credit,1,-1,1
1577000,1577,1,NOC_NPS_VNOC_X3Y0,VNOC,data_vc,1,5,1
1578000,1578,0,NOC_NPS_VNOC_X3Y1,VNOC,credit,0,-1,1
1578000,1578,0,NOC_NPS_VNOC_X3Y1,VNOC,data_vc,0,5,1
1578000,1578,1,NOC_NPS_VNOC_X3Y0,VNOC,credit,1,-1,1
1578000,1578,1,NOC_NPS_VNOC_X3Y0,VNOC,data_vc,1,5,1
1579000,1579,0,NOC_NPS_VNOC_X3Y1,VNOC,credit,0,-1,1
1579000,1579,0,NOC_NPS_VNOC_X3Y1,VNOC,data_vc,0,5,1
1579000,1579,1,NOC_NPS_VNOC_X3Y0,VNOC,credit,1,-1,1
1579000,1579,1,NOC_NPS_VNOC_X3Y0,VNOC,data_vc,1,5,1
1580000,1580,0,NOC_NPS_VNOC_X3Y1,VNOC,credit,0,-1,1
1580000,1580,0,NOC_NPS_VNOC_X3Y1,VNOC,data_vc,0,5,1
1580000,1580,1,NOC_NPS_VNOC_X3Y0,VNOC,credit,1,-1,1
1580000,1580,1,NOC_NPS_VNOC_X3Y0,VNOC,data_vc,1,5,1
1581000,1581,0,NOC_NPS_VNOC_X3Y1,VNOC,credit,0,-1,1
1581000,1581,0,NOC_NPS_VNOC_X3Y1,VNOC,data_vc,0,5,1
1581000,1581,1,NOC_NPS_VNOC_X3Y0,VNOC,credit,1,-1,1
1581000,1581,1,NOC_NPS_VNOC_X3Y0,VNOC,data_vc,1,5,1
1582000,1582,0,NOC_NPS_VNOC_X3Y1,VNOC,credit,0,-1,1
1582000,1582,0,NOC_NPS_VNOC_X3Y1,VNOC,data_vc,0,5,1
1582000,1582,1,NOC_NPS_VNOC_X3Y0,VNOC,credit,1,-1,1
1582000,1582,1,NOC_NPS_VNOC_X3Y0,VNOC,data_vc,1,5,1
1583000,1583,0,NOC_NPS_VNOC_X3Y1,VNOC,credit,0,-1,1
1583000,1583,0,NOC_NPS_VNOC_X3Y1,VNOC,data_vc,0,5,1
1583000,1583,1,NOC_NPS_VNOC_X3Y0,VNOC,credit,1,-1,1
1583000,1583,1,NOC_NPS_VNOC_X3Y0,VNOC,data_vc,1,5,1
1584000,1584,0,NOC_NPS_VNOC_X3Y1,VNOC,credit,0,-1,1
1584000,1584,0,NOC_NPS_VNOC_X3Y1,VNOC,data_vc,0,5,1
1584000,1584,1,NOC_NPS_VNOC_X3Y0,VNOC,credit,1,-1,1
1584000,1584,1,NOC_NPS_VNOC_X3Y0,VNOC,data_vc,1,5,1
1585000,1585,0,NOC_NPS_VNOC_X3Y1,VNOC,credit,0,-1,1
1585000,1585,0,NOC_NPS_VNOC_X3Y1,VNOC,data_vc,0,5,1
1585000,1585,1,NOC_NPS_VNOC_X3Y0,VNOC,credit,1,-1,1
1585000,1585,1,NOC_NPS_VNOC_X3Y0,VNOC,data_vc,1,5,1
1586000,1586,0,NOC_NPS_VNOC_X3Y1,VNOC,credit,0,-1,1
1586000,1586,0,NOC_NPS_VNOC_X3Y1,VNOC,data_vc,0,5,1
1586000,1586,1,NOC_NPS_VNOC_X3Y0,VNOC,credit,1,-1,1
1586000,1586,1,NOC_NPS_VNOC_X3Y0,VNOC,data_vc,1,5,1
1587000,1587,0,NOC_NPS_VNOC_X3Y1,VNOC,credit,0,-1,1
1587000,1587,0,NOC_NPS_VNOC_X3Y1,VNOC,data_vc,0,5,1
1587000,1587,1,NOC_NPS_VNOC_X3Y0,VNOC,credit,1,-1,1
1587000,1587,1,NOC_NPS_VNOC_X3Y0,VNOC,data_vc,1,5,1
1588000,1588,0,NOC_NPS_VNOC_X3Y1,VNOC,credit,0,-1,1
1588000,1588,0,NOC_NPS_VNOC_X3Y1,VNOC,data_vc,0,5,1
1588000,1588,1,NOC_NPS_VNOC_X3Y0,VNOC,credit,1,-1,1
1588000,1588,1,NOC_NPS_VNOC_X3Y0,VNOC,data_vc,1,5,1
1589000,1589,0,NOC_NPS_VNOC_X3Y1,VNOC,credit,0,-1,1
1589000,1589,0,NOC_NPS_VNOC_X3Y1,VNOC,data_vc,0,5,1
1589000,1589,1,NOC_NPS_VNOC_X3Y0,VNOC,credit,1,-1,1
1589000,1589,1,NOC_NPS_VNOC_X3Y0,VNOC,data_vc,1,5,1
1590000,1590,0,NOC_NPS_VNOC_X3Y1,VNOC,credit,0,-1,1
1590000,1590,0,NOC_NPS_VNOC_X3Y1,VNOC,data_vc,0,5,1
1590000,1590,1,NOC_NPS_VNOC_X3Y0,VNOC,credit,1,-1,1
1590000,1590,1,NOC_NPS_VNOC_X3Y0,VNOC,data_vc,1,5,1
1591000,1591,0,NOC_NPS_VNOC_X3Y1,VNOC,credit,0,-1,1
1591000,1591,0,NOC_NPS_VNOC_X3Y1,VNOC,data_vc,0,5,1
1591000,1591,1,NOC_NPS_VNOC_X3Y0,VNOC,credit,1,-1,1
1591000,1591,1,NOC_NPS_VNOC_X3Y0,VNOC,data_vc,1,5,1
1592000,1592,0,NOC_NPS_VNOC_X3Y1,VNOC,credit,0,-1,1
1592000,1592,0,NOC_NPS_VNOC_X3Y1,VNOC,data_vc,0,5,1
1592000,1592,1,NOC_NPS_VNOC_X3Y0,VNOC,credit,1,-1,1
1592000,1592,1,NOC_NPS_VNOC_X3Y0,VNOC,data_vc,1,5,1
1593000,1593,0,NOC_NPS_VNOC_X3Y1,VNOC,credit,0,-1,1
1593000,1593,0,NOC_NPS_VNOC_X3Y1,VNOC,data_vc,0,5,1
1593000,1593,1,NOC_NPS_VNOC_X3Y0,VNOC,credit,1,-1,1
1593000,1593,1,NOC_NPS_VNOC_X3Y0,VNOC,data_vc,1,5,1
1594000,1594,0,NOC_NPS_VNOC_X3Y1,VNOC,credit,0,-1,1
1594000,1594,0,NOC_NPS_VNOC_X3Y1,VNOC,data_vc,0,5,1
1594000,1594,1,NOC_NPS_VNOC_X3Y0,VNOC,credit,1,-1,1
1594000,1594,1,NOC_NPS_VNOC_X3Y0,VNOC,data_vc,1,5,1
1595000,1595,0,NOC_NPS_VNOC_X3Y1,VNOC,credit,0,-1,1
1595000,1595,0,NOC_NPS_VNOC_X3Y1,VNOC,data_vc,0,5,1
1595000,1595,1,NOC_NPS_VNOC_X3Y0,VNOC,credit,1,-1,1
1595000,1595,1,NOC_NPS_VNOC_X3Y0,VNOC,data_vc,1,5,1
1596000,1596,0,NOC_NPS_VNOC_X3Y1,VNOC,credit,0,-1,1
1596000,1596,0,NOC_NPS_VNOC_X3Y1,VNOC,data_vc,0,5,1
1596000,1596,1,NOC_NPS_VNOC_X3Y0,VNOC,credit,1,-1,1
1596000,1596,1,NOC_NPS_VNOC_X3Y0,VNOC,data_vc,1,5,1
1597000,1597,0,NOC_NPS_VNOC_X3Y1,VNOC,credit,0,-1,1
1597000,1597,0,NOC_NPS_VNOC_X3Y1,VNOC,data_vc,0,5,1
1597000,1597,1,NOC_NPS_VNOC_X3Y0,VNOC,credit,1,-1,1
1597000,1597,1,NOC_NPS_VNOC_X3Y0,VNOC,data_vc,1,5,1
1598000,1598,0,NOC_NPS_VNOC_X3Y1,VNOC,credit,0,-1,1
1598000,1598,0,NOC_NPS_VNOC_X3Y1,VNOC,data_vc,0,5,1
1598000,1598,1,NOC_NPS_VNOC_X3Y0,VNOC,credit,1,-1,1
1598000,1598,1,NOC_NPS_VNOC_X3Y0,VNOC,data_vc,1,5,1
1599000,1599,0,NOC_NPS_VNOC_X3Y1,VNOC,credit,0,-1,1
1599000,1599,0,NOC_NPS_VNOC_X3Y1,VNOC,data_vc,0,5,1
1599000,1599,1,NOC_NPS_VNOC_X3Y0,VNOC,credit,1,-1,1
1599000,1599,1,NOC_NPS_VNOC_X3Y0,VNOC,data_vc,1,5,1
1600000,1600,0,NOC_NPS_VNOC_X3Y1,VNOC,credit,0,-1,1
1600000,1600,0,NOC_NPS_VNOC_X3Y1,VNOC,data_vc,0,5,1
1600000,1600,1,NOC_NPS_VNOC_X3Y0,VNOC,credit,1,-1,1
1600000,1600,1,NOC_NPS_VNOC_X3Y0,VNOC,data_vc,1,5,1
1601000,1601,0,NOC_NPS_VNOC_X3Y1,VNOC,credit,0,-1,1
1601000,1601,0,NOC_NPS_VNOC_X3Y1,VNOC,data_vc,0,5,1
1601000,1601,1,NOC_NPS_VNOC_X3Y0,VNOC,credit,1,-1,1
1601000,1601,1,NOC_NPS_VNOC_X3Y0,VNOC,data_vc,1,5,1
1602000,1602,0,NOC_NPS_VNOC_X3Y1,VNOC,credit,0,-1,1
1602000,1602,0,NOC_NPS_VNOC_X3Y1,VNOC,data_vc,0,5,1
1602000,1602,1,NOC_NPS_VNOC_X3Y0,VNOC,credit,1,-1,1
1602000,1602,1,NOC_NPS_VNOC_X3Y0,VNOC,data_vc,1,5,1
1603000,1603,0,NOC_NPS_VNOC_X3Y1,VNOC,credit,0,-1,1
1603000,1603,0,NOC_NPS_VNOC_X3Y1,VNOC,data_vc,0,5,1
1603000,1603,1,NOC_NPS_VNOC_X3Y0,VNOC,credit,1,-1,1
1603000,1603,1,NOC_NPS_VNOC_X3Y0,VNOC,data_vc,1,5,1
1604000,1604,0,NOC_NPS_VNOC_X3Y1,VNOC,credit,0,-1,1
1604000,1604,0,NOC_NPS_VNOC_X3Y1,VNOC,data_vc,0,5,1
1604000,1604,1,NOC_NPS_VNOC_X3Y0,VNOC,credit,1,-1,1
1604000,1604,1,NOC_NPS_VNOC_X3Y0,VNOC,data_vc,1,5,1
1605000,1605,0,NOC_NPS_VNOC_X3Y1,VNOC,credit,0,-1,1
1605000,1605,0,NOC_NPS_VNOC_X3Y1,VNOC,data_vc,0,5,1
1605000,1605,1,NOC_NPS_VNOC_X3Y0,VNOC,credit,1,-1,1
1605000,1605,1,NOC_NPS_VNOC_X3Y0,VNOC,data_vc,1,5,1
1606000,1606,0,NOC_NPS_VNOC_X3Y1,VNOC,credit,0,-1,1
1606000,1606,0,NOC_NPS_VNOC_X3Y1,VNOC,data_vc,0,5,1
1606000,1606,1,NOC_NPS_VNOC_X3Y0,VNOC,credit,1,-1,1
1606000,1606,1,NOC_NPS_VNOC_X3Y0,VNOC,data_vc,1,5,1
1607000,1607,0,NOC_NPS_VNOC_X3Y1,VNOC,credit,0,-1,1
1607000,1607,0,NOC_NPS_VNOC_X3Y1,VNOC,data_vc,0,5,1
1607000,1607,1,NOC_NPS_VNOC_X3Y0,VNOC,credit,1,-1,1
1607000,1607,1,NOC_NPS_VNOC_X3Y0,VNOC,data_vc,1,5,1
1608000,1608,0,NOC_NPS_VNOC_X3Y1,VNOC,credit,0,-1,1
1608000,1608,0,NOC_NPS_VNOC_X3Y1,VNOC,data_vc,0,5,1
1608000,1608,1,NOC_NPS_VNOC_X3Y0,VNOC,credit,1,-1,1
1608000,1608,1,NOC_NPS_VNOC_X3Y0,VNOC,data_vc,1,5,1
1609000,1609,0,NOC_NPS_VNOC_X3Y1,VNOC,credit,0,-1,1
1609000,1609,0,NOC_NPS_VNOC_X3Y1,VNOC,data_vc,0,5,1
1609000,1609,1,NOC_NPS_VNOC_X3Y0,VNOC,credit,1,-1,1
1609000,1609,1,NOC_NPS_VNOC_X3Y0,VNOC,data_vc,1,5,1
1610000,1610,0,NOC_NPS_VNOC_X3Y1,VNOC,credit,0,-1,1
1610000,1610,0,NOC_NPS_VNOC_X3Y1,VNOC,data_vc,0,5,1
1610000,1610,1,NOC_NPS_VNOC_X3Y0,VNOC,credit,1,-1,1
1610000,1610,1,NOC_NPS_VNOC_X3Y0,VNOC,data_vc,1,5,1
1611000,1611,0,NOC_NPS_VNOC_X3Y1,VNOC,credit,0,-1,1
1611000,1611,0,NOC_NPS_VNOC_X3Y1,VNOC,data_vc,0,5,1
1611000,1611,1,NOC_NPS_VNOC_X3Y0,VNOC,credit,1,-1,1
1611000,1611,1,NOC_NPS_VNOC_X3Y0,VNOC,data_vc,1,5,1
1612000,1612,0,NOC_NPS_VNOC_X3Y1,VNOC,credit,0,-1,1
1612000,1612,0,NOC_NPS_VNOC_X3Y1,VNOC,data_vc,0,5,1
1612000,1612,1,NOC_NPS_VNOC_X3Y0,VNOC,credit,1,-1,1
1612000,1612,1,NOC_NPS_VNOC_X3Y0,VNOC,data_vc,1,5,1
1613000,1613,0,NOC_NPS_VNOC_X3Y1,VNOC,credit,0,-1,1
1613000,1613,0,NOC_NPS_VNOC_X3Y1,VNOC,data_vc,0,5,1
1613000,1613,1,NOC_NPS_VNOC_X3Y0,VNOC,credit,1,-1,1
1613000,1613,1,NOC_NPS_VNOC_X3Y0,VNOC,data_vc,1,5,1
1614000,1614,0,NOC_NPS_VNOC_X3Y1,VNOC,credit,0,-1,1
1614000,1614,0,NOC_NPS_VNOC_X3Y1,VNOC,data_vc,0,5,1
1614000,1614,1,NOC_NPS_VNOC_X3Y0,VNOC,credit,1,-1,1
1614000,1614,1,NOC_NPS_VNOC_X3Y0,VNOC,data_vc,1,5,1
1615000,1615,0,NOC_NPS_VNOC_X3Y1,VNOC,credit,0,-1,1
1615000,1615,0,NOC_NPS_VNOC_X3Y1,VNOC,data_vc,0,5,1
1615000,1615,1,NOC_NPS_VNOC_X3Y0,VNOC,credit,1,-1,1
1615000,1615,1,NOC_NPS_VNOC_X3Y0,VNOC,data_vc,1,5,1
1616000,1616,0,NOC_NPS_VNOC_X3Y1,VNOC,credit,0,-1,1
1616000,1616,0,NOC_NPS_VNOC_X3Y1,VNOC,data_vc,0,5,1
1616000,1616,1,NOC_NPS_VNOC_X3Y0,VNOC,credit,1,-1,1
1616000,1616,1,NOC_NPS_VNOC_X3Y0,VNOC,data_vc,1,5,1
1617000,1617,0,NOC_NPS_VNOC_X3Y1,VNOC,credit,0,-1,1
1617000,1617,0,NOC_NPS_VNOC_X3Y1,VNOC,data_vc,0,5,1
1617000,1617,1,NOC_NPS_VNOC_X3Y0,VNOC,credit,1,-1,1
1617000,1617,1,NOC_NPS_VNOC_X3Y0,VNOC,data_vc,1,5,1
1618000,1618,0,NOC_NPS_VNOC_X3Y1,VNOC,credit,0,-1,1
1618000,1618,0,NOC_NPS_VNOC_X3Y1,VNOC,data_vc,0,5,1
1618000,1618,1,NOC_NPS_VNOC_X3Y0,VNOC,credit,1,-1,1
1618000,1618,1,NOC_NPS_VNOC_X3Y0,VNOC,data_vc,1,5,1
1619000,1619,0,NOC_NPS_VNOC_X3Y1,VNOC,credit,0,-1,1
1619000,1619,0,NOC_NPS_VNOC_X3Y1,VNOC,data_vc,0,5,1
1619000,1619,1,NOC_NPS_VNOC_X3Y0,VNOC,credit,1,-1,1
1619000,1619,1,NOC_NPS_VNOC_X3Y0,VNOC,data_vc,1,5,1
1620000,1620,0,NOC_NPS_VNOC_X3Y1,VNOC,credit,0,-1,1
1620000,1620,0,NOC_NPS_VNOC_X3Y1,VNOC,data_vc,0,5,1
1620000,1620,1,NOC_NPS_VNOC_X3Y0,VNOC,credit,1,-1,1
1620000,1620,1,NOC_NPS_VNOC_X3Y0,VNOC,data_vc,1,5,1
1621000,1621,0,NOC_NPS_VNOC_X3Y1,VNOC,credit,0,-1,1
1621000,1621,0,NOC_NPS_VNOC_X3Y1,VNOC,data_vc,0,5,1
1621000,1621,1,NOC_NPS_VNOC_X3Y0,VNOC,credit,1,-1,1
1621000,1621,1,NOC_NPS_VNOC_X3Y0,VNOC,data_vc,1,5,1
1622000,1622,0,NOC_NPS_VNOC_X3Y1,VNOC,credit,0,-1,1
1622000,1622,0,NOC_NPS_VNOC_X3Y1,VNOC,data_vc,0,5,1
1622000,1622,1,NOC_NPS_VNOC_X3Y0,VNOC,credit,1,-1,1
1622000,1622,1,NOC_NPS_VNOC_X3Y0,VNOC,data_vc,1,5,1
1623000,1623,0,NOC_NPS_VNOC_X3Y1,VNOC,credit,0,-1,1
1623000,1623,0,NOC_NPS_VNOC_X3Y1,VNOC,data_vc,0,5,1
1623000,1623,1,NOC_NPS_VNOC_X3Y0,VNOC,credit,1,-1,1
1623000,1623,1,NOC_NPS_VNOC_X3Y0,VNOC,data_vc,1,5,1
1624000,1624,0,NOC_NPS_VNOC_X3Y1,VNOC,credit,0,-1,1
1624000,1624,0,NOC_NPS_VNOC_X3Y1,VNOC,data_vc,0,5,1
1624000,1624,1,NOC_NPS_VNOC_X3Y0,VNOC,credit,1,-1,1
1624000,1624,1,NOC_NPS_VNOC_X3Y0,VNOC,data_vc,1,5,1
1625000,1625,0,NOC_NPS_VNOC_X3Y1,VNOC,credit,0,-1,1
1625000,1625,0,NOC_NPS_VNOC_X3Y1,VNOC,data_vc,0,5,1
1625000,1625,1,NOC_NPS_VNOC_X3Y0,VNOC,credit,1,-1,1
1625000,1625,1,NOC_NPS_VNOC_X3Y0,VNOC,data_vc,1,5,1
1626000,1626,0,NOC_NPS_VNOC_X3Y1,VNOC,credit,0,-1,1
1626000,1626,0,NOC_NPS_VNOC_X3Y1,VNOC,data_vc,0,5,1
1626000,1626,1,NOC_NPS_VNOC_X3Y0,VNOC,credit,1,-1,1
1626000,1626,1,NOC_NPS_VNOC_X3Y0,VNOC,data_vc,1,5,1
1627000,1627,0,NOC_NPS_VNOC_X3Y1,VNOC,credit,0,-1,1
1627000,1627,0,NOC_NPS_VNOC_X3Y1,VNOC,data_vc,0,5,1
1627000,1627,1,NOC_NPS_VNOC_X3Y0,VNOC,credit,1,-1,1
1627000,1627,1,NOC_NPS_VNOC_X3Y0,VNOC,data_vc,1,5,1
1628000,1628,0,NOC_NPS_VNOC_X3Y1,VNOC,credit,0,-1,1
1628000,1628,0,NOC_NPS_VNOC_X3Y1,VNOC,data_vc,0,5,1
1628000,1628,1,NOC_NPS_VNOC_X3Y0,VNOC,credit,1,-1,1
1628000,1628,1,NOC_NPS_VNOC_X3Y0,VNOC,data_vc,1,5,1
1629000,1629,0,NOC_NPS_VNOC_X3Y1,VNOC,credit,0,-1,1
1629000,1629,0,NOC_NPS_VNOC_X3Y1,VNOC,data_vc,0,5,1
1629000,1629,1,NOC_NPS_VNOC_X3Y0,VNOC,credit,1,-1,1
1629000,1629,1,NOC_NPS_VNOC_X3Y0,VNOC,data_vc,1,5,1
1630000,1630,0,NOC_NPS_VNOC_X3Y1,VNOC,credit,0,-1,1
1630000,1630,0,NOC_NPS_VNOC_X3Y1,VNOC,data_vc,0,5,1
1630000,1630,1,NOC_NPS_VNOC_X3Y0,VNOC,credit,1,-1,1
1630000,1630,1,NOC_NPS_VNOC_X3Y0,VNOC,data_vc,1,5,1
1631000,1631,0,NOC_NPS_VNOC_X3Y1,VNOC,credit,0,-1,1
1631000,1631,0,NOC_NPS_VNOC_X3Y1,VNOC,data_vc,0,5,1
1631000,1631,1,NOC_NPS_VNOC_X3Y0,VNOC,credit,1,-1,1
1631000,1631,1,NOC_NPS_VNOC_X3Y0,VNOC,data_vc,1,5,1
1632000,1632,0,NOC_NPS_VNOC_X3Y1,VNOC,credit,0,-1,1
1632000,1632,0,NOC_NPS_VNOC_X3Y1,VNOC,data_vc,0,5,1
1632000,1632,1,NOC_NPS_VNOC_X3Y0,VNOC,credit,1,-1,1
1632000,1632,1,NOC_NPS_VNOC_X3Y0,VNOC,data_vc,1,5,1
1633000,1633,0,NOC_NPS_VNOC_X3Y1,VNOC,credit,0,-1,1
1633000,1633,0,NOC_NPS_VNOC_X3Y1,VNOC,data_vc,0,5,1
1633000,1633,1,NOC_NPS_VNOC_X3Y0,VNOC,credit,1,-1,1
1633000,1633,1,NOC_NPS_VNOC_X3Y0,VNOC,data_vc,1,5,1
1634000,1634,0,NOC_NPS_VNOC_X3Y1,VNOC,credit,0,-1,1
1634000,1634,0,NOC_NPS_VNOC_X3Y1,VNOC,data_vc,0,5,1
1634000,1634,1,NOC_NPS_VNOC_X3Y0,VNOC,credit,1,-1,1
1634000,1634,1,NOC_NPS_VNOC_X3Y0,VNOC,data_vc,1,5,1
1635000,1635,0,NOC_NPS_VNOC_X3Y1,VNOC,credit,0,-1,1
1635000,1635,0,NOC_NPS_VNOC_X3Y1,VNOC,data_vc,0,5,1
1635000,1635,1,NOC_NPS_VNOC_X3Y0,VNOC,credit,1,-1,1
1635000,1635,1,NOC_NPS_VNOC_X3Y0,VNOC,data_vc,1,5,1
1636000,1636,0,NOC_NPS_VNOC_X3Y1,VNOC,credit,0,-1,1
1636000,1636,0,NOC_NPS_VNOC_X3Y1,VNOC,data_vc,0,5,1
1636000,1636,1,NOC_NPS_VNOC_X3Y0,VNOC,credit,1,-1,1
1636000,1636,1,NOC_NPS_VNOC_X3Y0,VNOC,data_vc,1,5,1
1637000,1637,0,NOC_NPS_VNOC_X3Y1,VNOC,credit,0,-1,1
1637000,1637,0,NOC_NPS_VNOC_X3Y1,VNOC,data_vc,0,5,1
1637000,1637,1,NOC_NPS_VNOC_X3Y0,VNOC,credit,1,-1,1
1637000,1637,1,NOC_NPS_VNOC_X3Y0,VNOC,data_vc,1,5,1
1638000,1638,0,NOC_NPS_VNOC_X3Y1,VNOC,credit,0,-1,1
1638000,1638,0,NOC_NPS_VNOC_X3Y1,VNOC,data_vc,0,5,1
1638000,1638,1,NOC_NPS_VNOC_X3Y0,VNOC,credit,1,-1,1
1638000,1638,1,NOC_NPS_VNOC_X3Y0,VNOC,data_vc,1,5,1
1639000,1639,0,NOC_NPS_VNOC_X3Y1,VNOC,credit,0,-1,1
1639000,1639,0,NOC_NPS_VNOC_X3Y1,VNOC,data_vc,0,5,1
1639000,1639,1,NOC_NPS_VNOC_X3Y0,VNOC,credit,1,-1,1
1639000,1639,1,NOC_NPS_VNOC_X3Y0,VNOC,data_vc,1,5,1
1640000,1640,0,NOC_NPS_VNOC_X3Y1,VNOC,credit,0,-1,1
1640000,1640,0,NOC_NPS_VNOC_X3Y1,VNOC,data_vc,0,5,1
1640000,1640,1,NOC_NPS_VNOC_X3Y0,VNOC,credit,1,-1,1
1640000,1640,1,NOC_NPS_VNOC_X3Y0,VNOC,data_vc,1,5,1
1641000,1641,0,NOC_NPS_VNOC_X3Y1,VNOC,credit,0,-1,1
1641000,1641,0,NOC_NPS_VNOC_X3Y1,VNOC,data_vc,0,5,1
1641000,1641,1,NOC_NPS_VNOC_X3Y0,VNOC,credit,1,-1,1
1641000,1641,1,NOC_NPS_VNOC_X3Y0,VNOC,data_vc,1,5,1
1642000,1642,0,NOC_NPS_VNOC_X3Y1,VNOC,credit,0,-1,1
1642000,1642,0,NOC_NPS_VNOC_X3Y1,VNOC,data_vc,0,5,1
1642000,1642,1,NOC_NPS_VNOC_X3Y0,VNOC,credit,1,-1,1
1642000,1642,1,NOC_NPS_VNOC_X3Y0,VNOC,data_vc,1,5,1
1643000,1643,0,NOC_NPS_VNOC_X3Y1,VNOC,credit,0,-1,1
1643000,1643,0,NOC_NPS_VNOC_X3Y1,VNOC,data_vc,0,5,1
1643000,1643,1,NOC_NPS_VNOC_X3Y0,VNOC,credit,1,-1,1
1643000,1643,1,NOC_NPS_VNOC_X3Y0,VNOC,data_vc,1,5,1
1644000,1644,0,NOC_NPS_VNOC_X3Y1,VNOC,credit,0,-1,1
1644000,1644,0,NOC_NPS_VNOC_X3Y1,VNOC,data_vc,0,5,1
1644000,1644,1,NOC_NPS_VNOC_X3Y0,VNOC,credit,1,-1,1
1644000,1644,1,NOC_NPS_VNOC_X3Y0,VNOC,data_vc,1,5,1
1645000,1645,0,NOC_NPS_VNOC_X3Y1,VNOC,credit,0,-1,1
1645000,1645,0,NOC_NPS_VNOC_X3Y1,VNOC,data_vc,0,5,1
1645000,1645,1,NOC_NPS_VNOC_X3Y0,VNOC,credit,1,-1,1
1645000,1645,1,NOC_NPS_VNOC_X3Y0,VNOC,data_vc,1,5,1
1646000,1646,0,NOC_NPS_VNOC_X3Y1,VNOC,credit,0,-1,1
1646000,1646,0,NOC_NPS_VNOC_X3Y1,VNOC,data_vc,0,5,1
1646000,1646,1,NOC_NPS_VNOC_X3Y0,VNOC,credit,1,-1,1
1646000,1646,1,NOC_NPS_VNOC_X3Y0,VNOC,data_vc,1,5,1
1647000,1647,0,NOC_NPS_VNOC_X3Y1,VNOC,credit,0,-1,1
1647000,1647,0,NOC_NPS_VNOC_X3Y1,VNOC,data_vc,0,5,1
1647000,1647,1,NOC_NPS_VNOC_X3Y0,VNOC,credit,1,-1,1
1647000,1647,1,NOC_NPS_VNOC_X3Y0,VNOC,data_vc,1,5,1
1648000,1648,0,NOC_NPS_VNOC_X3Y1,VNOC,credit,0,-1,1
1648000,1648,0,NOC_NPS_VNOC_X3Y1,VNOC,data_vc,0,5,1
1648000,1648,1,NOC_NPS_VNOC_X3Y0,VNOC,credit,1,-1,1
1648000,1648,1,NOC_NPS_VNOC_X3Y0,VNOC,data_vc,1,5,1
1649000,1649,0,NOC_NPS_VNOC_X3Y1,VNOC,credit,0,-1,1
1649000,1649,0,NOC_NPS_VNOC_X3Y1,VNOC,data_vc,0,5,1
1649000,1649,1,NOC_NPS_VNOC_X3Y0,VNOC,credit,1,-1,1
1649000,1649,1,NOC_NPS_VNOC_X3Y0,VNOC,data_vc,1,5,1
1650000,1650,0,NOC_NPS_VNOC_X3Y1,VNOC,credit,0,-1,1
1650000,1650,0,NOC_NPS_VNOC_X3Y1,VNOC,data_vc,0,5,1
1650000,1650,1,NOC_NPS_VNOC_X3Y0,VNOC,credit,1,-1,1
1650000,1650,1,NOC_NPS_VNOC_X3Y0,VNOC,data_vc,1,5,1
1651000,1651,0,NOC_NPS_VNOC_X3Y1,VNOC,credit,0,-1,1
1651000,1651,0,NOC_NPS_VNOC_X3Y1,VNOC,data_vc,0,5,1
1651000,1651,1,NOC_NPS_VNOC_X3Y0,VNOC,credit,1,-1,1
1651000,1651,1,NOC_NPS_VNOC_X3Y0,VNOC,data_vc,1,5,1
1652000,1652,0,NOC_NPS_VNOC_X3Y1,VNOC,credit,0,-1,1
1652000,1652,0,NOC_NPS_VNOC_X3Y1,VNOC,data_vc,0,5,1
1652000,1652,1,NOC_NPS_VNOC_X3Y0,VNOC,credit,1,-1,1
1652000,1652,1,NOC_NPS_VNOC_X3Y0,VNOC,data_vc,1,5,1
1653000,1653,0,NOC_NPS_VNOC_X3Y1,VNOC,credit,0,-1,1
1653000,1653,0,NOC_NPS_VNOC_X3Y1,VNOC,data_vc,0,5,1
1653000,1653,1,NOC_NPS_VNOC_X3Y0,VNOC,credit,1,-1,1
1653000,1653,1,NOC_NPS_VNOC_X3Y0,VNOC,data_vc,1,5,1
1654000,1654,0,NOC_NPS_VNOC_X3Y1,VNOC,credit,0,-1,1
1654000,1654,0,NOC_NPS_VNOC_X3Y1,VNOC,data_vc,0,5,1
1654000,1654,1,NOC_NPS_VNOC_X3Y0,VNOC,credit,1,-1,1
1654000,1654,1,NOC_NPS_VNOC_X3Y0,VNOC,data_vc,1,5,1
1655000,1655,0,NOC_NPS_VNOC_X3Y1,VNOC,credit,0,-1,1
1655000,1655,0,NOC_NPS_VNOC_X3Y1,VNOC,data_vc,0,5,1
1655000,1655,1,NOC_NPS_VNOC_X3Y0,VNOC,credit,1,-1,1
1655000,1655,1,NOC_NPS_VNOC_X3Y0,VNOC,data_vc,1,5,1
1656000,1656,0,NOC_NPS_VNOC_X3Y1,VNOC,credit,0,-1,1
1656000,1656,0,NOC_NPS_VNOC_X3Y1,VNOC,data_vc,0,5,1
1656000,1656,1,NOC_NPS_VNOC_X3Y0,VNOC,credit,1,-1,1
1656000,1656,1,NOC_NPS_VNOC_X3Y0,VNOC,data_vc,1,5,1
1657000,1657,0,NOC_NPS_VNOC_X3Y1,VNOC,credit,0,-1,1
1657000,1657,0,NOC_NPS_VNOC_X3Y1,VNOC,data_vc,0,5,1
1657000,1657,1,NOC_NPS_VNOC_X3Y0,VNOC,credit,1,-1,1
1657000,1657,1,NOC_NPS_VNOC_X3Y0,VNOC,data_vc,1,5,1
1658000,1658,0,NOC_NPS_VNOC_X3Y1,VNOC,credit,0,-1,1
1658000,1658,0,NOC_NPS_VNOC_X3Y1,VNOC,data_vc,0,5,1
1658000,1658,1,NOC_NPS_VNOC_X3Y0,VNOC,credit,1,-1,1
1658000,1658,1,NOC_NPS_VNOC_X3Y0,VNOC,data_vc,1,5,1
1659000,1659,0,NOC_NPS_VNOC_X3Y1,VNOC,credit,0,-1,1
1659000,1659,0,NOC_NPS_VNOC_X3Y1,VNOC,data_vc,0,5,1
1659000,1659,1,NOC_NPS_VNOC_X3Y0,VNOC,credit,1,-1,1
1659000,1659,1,NOC_NPS_VNOC_X3Y0,VNOC,data_vc,1,5,1
1660000,1660,0,NOC_NPS_VNOC_X3Y1,VNOC,credit,0,-1,1
1660000,1660,0,NOC_NPS_VNOC_X3Y1,VNOC,data_vc,0,5,1
1660000,1660,1,NOC_NPS_VNOC_X3Y0,VNOC,credit,1,-1,1
1660000,1660,1,NOC_NPS_VNOC_X3Y0,VNOC,data_vc,1,5,1
1661000,1661,0,NOC_NPS_VNOC_X3Y1,VNOC,credit,0,-1,1
1661000,1661,0,NOC_NPS_VNOC_X3Y1,VNOC,data_vc,0,5,1
1661000,1661,1,NOC_NPS_VNOC_X3Y0,VNOC,credit,1,-1,1
1661000,1661,1,NOC_NPS_VNOC_X3Y0,VNOC,data_vc,1,5,1
1662000,1662,0,NOC_NPS_VNOC_X3Y1,VNOC,credit,0,-1,1
1662000,1662,0,NOC_NPS_VNOC_X3Y1,VNOC,data_vc,0,5,1
1662000,1662,1,NOC_NPS_VNOC_X3Y0,VNOC,credit,1,-1,1
1662000,1662,1,NOC_NPS_VNOC_X3Y0,VNOC,data_vc,1,5,1
1663000,1663,0,NOC_NPS_VNOC_X3Y1,VNOC,credit,0,-1,1
1663000,1663,0,NOC_NPS_VNOC_X3Y1,VNOC,data_vc,0,5,1
1663000,1663,1,NOC_NPS_VNOC_X3Y0,VNOC,credit,1,-1,1
1663000,1663,1,NOC_NPS_VNOC_X3Y0,VNOC,data_vc,1,5,1
1664000,1664,0,NOC_NPS_VNOC_X3Y1,VNOC,credit,0,-1,1
1664000,1664,0,NOC_NPS_VNOC_X3Y1,VNOC,data_vc,0,5,1
1664000,1664,1,NOC_NPS_VNOC_X3Y0,VNOC,credit,1,-1,1
1664000,1664,1,NOC_NPS_VNOC_X3Y0,VNOC,data_vc,1,5,1
1665000,1665,0,NOC_NPS_VNOC_X3Y1,VNOC,credit,0,-1,1
1665000,1665,0,NOC_NPS_VNOC_X3Y1,VNOC,data_vc,0,5,1
1665000,1665,1,NOC_NPS_VNOC_X3Y0,VNOC,credit,1,-1,1
1665000,1665,1,NOC_NPS_VNOC_X3Y0,VNOC,data_vc,1,5,1
1666000,1666,0,NOC_NPS_VNOC_X3Y1,VNOC,credit,0,-1,1
1666000,1666,0,NOC_NPS_VNOC_X3Y1,VNOC,data_vc,0,5,1
1666000,1666,1,NOC_NPS_VNOC_X3Y0,VNOC,credit,1,-1,1
1666000,1666,1,NOC_NPS_VNOC_X3Y0,VNOC,data_vc,1,5,1
1667000,1667,0,NOC_NPS_VNOC_X3Y1,VNOC,credit,0,-1,1
1667000,1667,0,NOC_NPS_VNOC_X3Y1,VNOC,data_vc,0,5,1
1667000,1667,1,NOC_NPS_VNOC_X3Y0,VNOC,credit,1,-1,1
1667000,1667,1,NOC_NPS_VNOC_X3Y0,VNOC,data_vc,1,5,1
1668000,1668,0,NOC_NPS_VNOC_X3Y1,VNOC,credit,0,-1,1
1668000,1668,0,NOC_NPS_VNOC_X3Y1,VNOC,data_vc,0,5,1
1668000,1668,1,NOC_NPS_VNOC_X3Y0,VNOC,credit,1,-1,1
1668000,1668,1,NOC_NPS_VNOC_X3Y0,VNOC,data_vc,1,5,1
1669000,1669,0,NOC_NPS_VNOC_X3Y1,VNOC,credit,0,-1,1
1669000,1669,0,NOC_NPS_VNOC_X3Y1,VNOC,data_vc,0,5,1
1669000,1669,1,NOC_NPS_VNOC_X3Y0,VNOC,credit,1,-1,1
1669000,1669,1,NOC_NPS_VNOC_X3Y0,VNOC,data_vc,1,5,1
1670000,1670,0,NOC_NPS_VNOC_X3Y1,VNOC,credit,0,-1,1
1670000,1670,0,NOC_NPS_VNOC_X3Y1,VNOC,data_vc,0,5,1
1670000,1670,1,NOC_NPS_VNOC_X3Y0,VNOC,credit,1,-1,1
1670000,1670,1,NOC_NPS_VNOC_X3Y0,VNOC,data_vc,1,5,1
1671000,1671,0,NOC_NPS_VNOC_X3Y1,VNOC,credit,0,-1,1
1671000,1671,0,NOC_NPS_VNOC_X3Y1,VNOC,data_vc,0,5,1
1671000,1671,1,NOC_NPS_VNOC_X3Y0,VNOC,credit,1,-1,1
1671000,1671,1,NOC_NPS_VNOC_X3Y0,VNOC,data_vc,1,5,1
1672000,1672,0,NOC_NPS_VNOC_X3Y1,VNOC,credit,0,-1,1
1672000,1672,0,NOC_NPS_VNOC_X3Y1,VNOC,data_vc,0,5,1
1672000,1672,1,NOC_NPS_VNOC_X3Y0,VNOC,credit,1,-1,1
1672000,1672,1,NOC_NPS_VNOC_X3Y0,VNOC,data_vc,1,5,1
1673000,1673,0,NOC_NPS_VNOC_X3Y1,VNOC,credit,0,-1,1
1673000,1673,0,NOC_NPS_VNOC_X3Y1,VNOC,data_vc,0,5,1
1673000,1673,1,NOC_NPS_VNOC_X3Y0,VNOC,credit,1,-1,1
1673000,1673,1,NOC_NPS_VNOC_X3Y0,VNOC,data_vc,1,5,1
1674000,1674,0,NOC_NPS_VNOC_X3Y1,VNOC,credit,0,-1,1
1674000,1674,0,NOC_NPS_VNOC_X3Y1,VNOC,data_vc,0,5,1
1674000,1674,1,NOC_NPS_VNOC_X3Y0,VNOC,credit,1,-1,1
1674000,1674,1,NOC_NPS_VNOC_X3Y0,VNOC,data_vc,1,5,1
1675000,1675,0,NOC_NPS_VNOC_X3Y1,VNOC,credit,0,-1,1
1675000,1675,0,NOC_NPS_VNOC_X3Y1,VNOC,data_vc,0,5,1
1675000,1675,1,NOC_NPS_VNOC_X3Y0,VNOC,credit,1,-1,1
1675000,1675,1,NOC_NPS_VNOC_X3Y0,VNOC,data_vc,1,5,1
1676000,1676,0,NOC_NPS_VNOC_X3Y1,VNOC,credit,0,-1,1
1676000,1676,0,NOC_NPS_VNOC_X3Y1,VNOC,data_vc,0,5,1
1676000,1676,1,NOC_NPS_VNOC_X3Y0,VNOC,credit,1,-1,1
1676000,1676,1,NOC_NPS_VNOC_X3Y0,VNOC,data_vc,1,5,1
1677000,1677,0,NOC_NPS_VNOC_X3Y1,VNOC,credit,0,-1,1
1677000,1677,0,NOC_NPS_VNOC_X3Y1,VNOC,data_vc,0,5,1
1677000,1677,1,NOC_NPS_VNOC_X3Y0,VNOC,credit,1,-1,1
1677000,1677,1,NOC_NPS_VNOC_X3Y0,VNOC,data_vc,1,5,1
1678000,1678,0,NOC_NPS_VNOC_X3Y1,VNOC,credit,0,-1,1
1678000,1678,0,NOC_NPS_VNOC_X3Y1,VNOC,data_vc,0,5,1
1678000,1678,1,NOC_NPS_VNOC_X3Y0,VNOC,credit,1,-1,1
1678000,1678,1,NOC_NPS_VNOC_X3Y0,VNOC,data_vc,1,5,1
1679000,1679,0,NOC_NPS_VNOC_X3Y1,VNOC,credit,0,-1,1
1679000,1679,0,NOC_NPS_VNOC_X3Y1,VNOC,data_vc,0,5,1
1679000,1679,1,NOC_NPS_VNOC_X3Y0,VNOC,credit,1,-1,1
1679000,1679,1,NOC_NPS_VNOC_X3Y0,VNOC,data_vc,1,5,1
1680000,1680,0,NOC_NPS_VNOC_X3Y1,VNOC,credit,0,-1,1
1680000,1680,0,NOC_NPS_VNOC_X3Y1,VNOC,data_vc,0,5,1
1680000,1680,1,NOC_NPS_VNOC_X3Y0,VNOC,credit,1,-1,1
1680000,1680,1,NOC_NPS_VNOC_X3Y0,VNOC,data_vc,1,5,1
1681000,1681,0,NOC_NPS_VNOC_X3Y1,VNOC,credit,0,-1,1
1681000,1681,0,NOC_NPS_VNOC_X3Y1,VNOC,data_vc,0,5,1
1681000,1681,1,NOC_NPS_VNOC_X3Y0,VNOC,credit,1,-1,1
1681000,1681,1,NOC_NPS_VNOC_X3Y0,VNOC,data_vc,1,5,1
1682000,1682,0,NOC_NPS_VNOC_X3Y1,VNOC,credit,0,-1,1
1682000,1682,0,NOC_NPS_VNOC_X3Y1,VNOC,data_vc,0,5,1
1682000,1682,1,NOC_NPS_VNOC_X3Y0,VNOC,credit,1,-1,1
1682000,1682,1,NOC_NPS_VNOC_X3Y0,VNOC,data_vc,1,5,1
1683000,1683,0,NOC_NPS_VNOC_X3Y1,VNOC,credit,0,-1,1
1683000,1683,0,NOC_NPS_VNOC_X3Y1,VNOC,data_vc,0,5,1
1683000,1683,1,NOC_NPS_VNOC_X3Y0,VNOC,credit,1,-1,1
1683000,1683,1,NOC_NPS_VNOC_X3Y0,VNOC,data_vc,1,5,1
1684000,1684,0,NOC_NPS_VNOC_X3Y1,VNOC,credit,0,-1,1
1684000,1684,0,NOC_NPS_VNOC_X3Y1,VNOC,data_vc,0,5,1
1684000,1684,1,NOC_NPS_VNOC_X3Y0,VNOC,credit,1,-1,1
1684000,1684,1,NOC_NPS_VNOC_X3Y0,VNOC,data_vc,1,5,1
1685000,1685,0,NOC_NPS_VNOC_X3Y1,VNOC,credit,0,-1,1
1685000,1685,0,NOC_NPS_VNOC_X3Y1,VNOC,data_vc,0,5,1
1685000,1685,1,NOC_NPS_VNOC_X3Y0,VNOC,credit,1,-1,1
1685000,1685,1,NOC_NPS_VNOC_X3Y0,VNOC,data_vc,1,5,1
1686000,1686,0,NOC_NPS_VNOC_X3Y1,VNOC,credit,0,-1,1
1686000,1686,0,NOC_NPS_VNOC_X3Y1,VNOC,data_vc,0,5,1
1686000,1686,1,NOC_NPS_VNOC_X3Y0,VNOC,credit,1,-1,1
1686000,1686,1,NOC_NPS_VNOC_X3Y0,VNOC,data_vc,1,5,1
1687000,1687,0,NOC_NPS_VNOC_X3Y1,VNOC,credit,0,-1,1
1687000,1687,0,NOC_NPS_VNOC_X3Y1,VNOC,data_vc,0,5,1
1687000,1687,1,NOC_NPS_VNOC_X3Y0,VNOC,credit,1,-1,1
1687000,1687,1,NOC_NPS_VNOC_X3Y0,VNOC,data_vc,1,5,1
1688000,1688,0,NOC_NPS_VNOC_X3Y1,VNOC,credit,0,-1,1
1688000,1688,0,NOC_NPS_VNOC_X3Y1,VNOC,data_vc,0,5,1
1688000,1688,1,NOC_NPS_VNOC_X3Y0,VNOC,credit,1,-1,1
1688000,1688,1,NOC_NPS_VNOC_X3Y0,VNOC,data_vc,1,5,1
1689000,1689,0,NOC_NPS_VNOC_X3Y1,VNOC,credit,0,-1,1
1689000,1689,0,NOC_NPS_VNOC_X3Y1,VNOC,data_vc,0,5,1
1689000,1689,1,NOC_NPS_VNOC_X3Y0,VNOC,credit,1,-1,1
1689000,1689,1,NOC_NPS_VNOC_X3Y0,VNOC,data_vc,1,5,1
1690000,1690,0,NOC_NPS_VNOC_X3Y1,VNOC,credit,0,-1,1
1690000,1690,0,NOC_NPS_VNOC_X3Y1,VNOC,data_vc,0,5,1
1690000,1690,1,NOC_NPS_VNOC_X3Y0,VNOC,credit,1,-1,1
1690000,1690,1,NOC_NPS_VNOC_X3Y0,VNOC,data_vc,1,5,1
1691000,1691,0,NOC_NPS_VNOC_X3Y1,VNOC,credit,0,-1,1
1691000,1691,0,NOC_NPS_VNOC_X3Y1,VNOC,data_vc,0,5,1
1691000,1691,1,NOC_NPS_VNOC_X3Y0,VNOC,credit,1,-1,1
1691000,1691,1,NOC_NPS_VNOC_X3Y0,VNOC,data_vc,1,5,1
1692000,1692,0,NOC_NPS_VNOC_X3Y1,VNOC,credit,0,-1,1
1692000,1692,0,NOC_NPS_VNOC_X3Y1,VNOC,data_vc,0,5,1
1692000,1692,1,NOC_NPS_VNOC_X3Y0,VNOC,credit,1,-1,1
1692000,1692,1,NOC_NPS_VNOC_X3Y0,VNOC,data_vc,1,5,1
1693000,1693,0,NOC_NPS_VNOC_X3Y1,VNOC,credit,0,-1,1
1693000,1693,0,NOC_NPS_VNOC_X3Y1,VNOC,data_vc,0,5,1
1693000,1693,1,NOC_NPS_VNOC_X3Y0,VNOC,credit,1,-1,1
1693000,1693,1,NOC_NPS_VNOC_X3Y0,VNOC,data_vc,1,5,1
1694000,1694,0,NOC_NPS_VNOC_X3Y1,VNOC,credit,0,-1,1
1694000,1694,0,NOC_NPS_VNOC_X3Y1,VNOC,data_vc,0,5,1
1694000,1694,1,NOC_NPS_VNOC_X3Y0,VNOC,credit,1,-1,1
1694000,1694,1,NOC_NPS_VNOC_X3Y0,VNOC,data_vc,1,5,1
1695000,1695,0,NOC_NPS_VNOC_X3Y1,VNOC,credit,0,-1,1
1695000,1695,0,NOC_NPS_VNOC_X3Y1,VNOC,data_vc,0,5,1
1695000,1695,1,NOC_NPS_VNOC_X3Y0,VNOC,credit,1,-1,1
1695000,1695,1,NOC_NPS_VNOC_X3Y0,VNOC,data_vc,1,5,1
1696000,1696,0,NOC_NPS_VNOC_X3Y1,VNOC,credit,0,-1,1
1696000,1696,0,NOC_NPS_VNOC_X3Y1,VNOC,data_vc,0,5,1
1696000,1696,1,NOC_NPS_VNOC_X3Y0,VNOC,credit,1,-1,1
1696000,1696,1,NOC_NPS_VNOC_X3Y0,VNOC,data_vc,1,5,1
1697000,1697,0,NOC_NPS_VNOC_X3Y1,VNOC,credit,0,-1,1
1697000,1697,0,NOC_NPS_VNOC_X3Y1,VNOC,data_vc,0,5,1
1697000,1697,1,NOC_NPS_VNOC_X3Y0,VNOC,credit,1,-1,1
1697000,1697,1,NOC_NPS_VNOC_X3Y0,VNOC,data_vc,1,5,1
1698000,1698,0,NOC_NPS_VNOC_X3Y1,VNOC,credit,0,-1,1
1698000,1698,0,NOC_NPS_VNOC_X3Y1,VNOC,data_vc,0,5,1
1698000,1698,1,NOC_NPS_VNOC_X3Y0,VNOC,credit,1,-1,1
1698000,1698,1,NOC_NPS_VNOC_X3Y0,VNOC,data_vc,1,5,1
1699000,1699,0,NOC_NPS_VNOC_X3Y1,VNOC,credit,0,-1,1
1699000,1699,0,NOC_NPS_VNOC_X3Y1,VNOC,data_vc,0,5,1
1699000,1699,1,NOC_NPS_VNOC_X3Y0,VNOC,credit,1,-1,1
1699000,1699,1,NOC_NPS_VNOC_X3Y0,VNOC,data_vc,1,5,1
1700000,1700,0,NOC_NPS_VNOC_X3Y1,VNOC,credit,0,-1,1
1700000,1700,0,NOC_NPS_VNOC_X3Y1,VNOC,data_vc,0,5,1
1700000,1700,1,NOC_NPS_VNOC_X3Y0,VNOC,credit,1,-1,1
1700000,1700,1,NOC_NPS_VNOC_X3Y0,VNOC,data_vc,1,5,1
1701000,1701,0,NOC_NPS_VNOC_X3Y1,VNOC,credit,0,-1,1
1701000,1701,0,NOC_NPS_VNOC_X3Y1,VNOC,data_vc,0,5,1
1701000,1701,1,NOC_NPS_VNOC_X3Y0,VNOC,credit,1,-1,1
1701000,1701,1,NOC_NPS_VNOC_X3Y0,VNOC,data_vc,1,5,1
1702000,1702,0,NOC_NPS_VNOC_X3Y1,VNOC,credit,0,-1,1
1702000,1702,0,NOC_NPS_VNOC_X3Y1,VNOC,data_vc,0,5,1
1702000,1702,1,NOC_NPS_VNOC_X3Y0,VNOC,credit,1,-1,1
1702000,1702,1,NOC_NPS_VNOC_X3Y0,VNOC,data_vc,1,5,1
1703000,1703,0,NOC_NPS_VNOC_X3Y1,VNOC,credit,0,-1,1
1703000,1703,0,NOC_NPS_VNOC_X3Y1,VNOC,data_vc,0,5,1
1703000,1703,1,NOC_NPS_VNOC_X3Y0,VNOC,credit,1,-1,1
1703000,1703,1,NOC_NPS_VNOC_X3Y0,VNOC,data_vc,1,5,1
1704000,1704,0,NOC_NPS_VNOC_X3Y1,VNOC,credit,0,-1,1
1704000,1704,0,NOC_NPS_VNOC_X3Y1,VNOC,data_vc,0,5,1
1704000,1704,1,NOC_NPS_VNOC_X3Y0,VNOC,credit,1,-1,1
1704000,1704,1,NOC_NPS_VNOC_X3Y0,VNOC,data_vc,1,5,1
1705000,1705,0,NOC_NPS_VNOC_X3Y1,VNOC,credit,0,-1,1
1705000,1705,0,NOC_NPS_VNOC_X3Y1,VNOC,data_vc,0,5,1
1705000,1705,1,NOC_NPS_VNOC_X3Y0,VNOC,credit,1,-1,1
1705000,1705,1,NOC_NPS_VNOC_X3Y0,VNOC,data_vc,1,5,1
1706000,1706,0,NOC_NPS_VNOC_X3Y1,VNOC,credit,0,-1,1
1706000,1706,0,NOC_NPS_VNOC_X3Y1,VNOC,data_vc,0,5,1
1706000,1706,1,NOC_NPS_VNOC_X3Y0,VNOC,credit,1,-1,1
1706000,1706,1,NOC_NPS_VNOC_X3Y0,VNOC,data_vc,1,5,1
1707000,1707,0,NOC_NPS_VNOC_X3Y1,VNOC,credit,0,-1,1
1707000,1707,0,NOC_NPS_VNOC_X3Y1,VNOC,data_vc,0,5,1
1707000,1707,1,NOC_NPS_VNOC_X3Y0,VNOC,credit,1,-1,1
1707000,1707,1,NOC_NPS_VNOC_X3Y0,VNOC,data_vc,1,5,1
1708000,1708,0,NOC_NPS_VNOC_X3Y1,VNOC,credit,0,-1,1
1708000,1708,0,NOC_NPS_VNOC_X3Y1,VNOC,data_vc,0,5,1
1708000,1708,1,NOC_NPS_VNOC_X3Y0,VNOC,credit,1,-1,1
1708000,1708,1,NOC_NPS_VNOC_X3Y0,VNOC,data_vc,1,5,1
1709000,1709,0,NOC_NPS_VNOC_X3Y1,VNOC,credit,0,-1,1
1709000,1709,0,NOC_NPS_VNOC_X3Y1,VNOC,data_vc,0,5,1
1709000,1709,1,NOC_NPS_VNOC_X3Y0,VNOC,credit,1,-1,1
1709000,1709,1,NOC_NPS_VNOC_X3Y0,VNOC,data_vc,1,5,1
1710000,1710,0,NOC_NPS_VNOC_X3Y1,VNOC,credit,0,-1,1
1710000,1710,0,NOC_NPS_VNOC_X3Y1,VNOC,data_vc,0,5,1
1710000,1710,1,NOC_NPS_VNOC_X3Y0,VNOC,credit,1,-1,1
1710000,1710,1,NOC_NPS_VNOC_X3Y0,VNOC,data_vc,1,5,1
1711000,1711,0,NOC_NPS_VNOC_X3Y1,VNOC,credit,0,-1,1
1711000,1711,0,NOC_NPS_VNOC_X3Y1,VNOC,data_vc,0,5,1
1711000,1711,1,NOC_NPS_VNOC_X3Y0,VNOC,credit,1,-1,1
1711000,1711,1,NOC_NPS_VNOC_X3Y0,VNOC,data_vc,1,5,1
1712000,1712,0,NOC_NPS_VNOC_X3Y1,VNOC,credit,0,-1,1
1712000,1712,0,NOC_NPS_VNOC_X3Y1,VNOC,data_vc,0,5,1
1712000,1712,1,NOC_NPS_VNOC_X3Y0,VNOC,credit,1,-1,1
1712000,1712,1,NOC_NPS_VNOC_X3Y0,VNOC,data_vc,1,5,1
1713000,1713,0,NOC_NPS_VNOC_X3Y1,VNOC,credit,0,-1,1
1713000,1713,0,NOC_NPS_VNOC_X3Y1,VNOC,data_vc,0,5,1
1713000,1713,1,NOC_NPS_VNOC_X3Y0,VNOC,credit,1,-1,1
1713000,1713,1,NOC_NPS_VNOC_X3Y0,VNOC,data_vc,1,5,1
1714000,1714,0,NOC_NPS_VNOC_X3Y1,VNOC,credit,0,-1,1
1714000,1714,0,NOC_NPS_VNOC_X3Y1,VNOC,data_vc,0,5,1
1714000,1714,1,NOC_NPS_VNOC_X3Y0,VNOC,credit,1,-1,1
1714000,1714,1,NOC_NPS_VNOC_X3Y0,VNOC,data_vc,1,5,1
1715000,1715,0,NOC_NPS_VNOC_X3Y1,VNOC,credit,0,-1,1
1715000,1715,0,NOC_NPS_VNOC_X3Y1,VNOC,data_vc,0,5,1
1715000,1715,1,NOC_NPS_VNOC_X3Y0,VNOC,credit,1,-1,1
1715000,1715,1,NOC_NPS_VNOC_X3Y0,VNOC,data_vc,1,5,1
1716000,1716,0,NOC_NPS_VNOC_X3Y1,VNOC,credit,0,-1,1
1716000,1716,0,NOC_NPS_VNOC_X3Y1,VNOC,data_vc,0,5,1
1716000,1716,1,NOC_NPS_VNOC_X3Y0,VNOC,credit,1,-1,1
1716000,1716,1,NOC_NPS_VNOC_X3Y0,VNOC,data_vc,1,5,1
1717000,1717,0,NOC_NPS_VNOC_X3Y1,VNOC,credit,0,-1,1
1717000,1717,0,NOC_NPS_VNOC_X3Y1,VNOC,data_vc,0,5,1
1717000,1717,1,NOC_NPS_VNOC_X3Y0,VNOC,credit,1,-1,1
1717000,1717,1,NOC_NPS_VNOC_X3Y0,VNOC,data_vc,1,5,1
1718000,1718,0,NOC_NPS_VNOC_X3Y1,VNOC,credit,0,-1,1
1718000,1718,0,NOC_NPS_VNOC_X3Y1,VNOC,data_vc,0,5,1
1718000,1718,1,NOC_NPS_VNOC_X3Y0,VNOC,credit,1,-1,1
1718000,1718,1,NOC_NPS_VNOC_X3Y0,VNOC,data_vc,1,5,1
1719000,1719,0,NOC_NPS_VNOC_X3Y1,VNOC,credit,0,-1,1
1719000,1719,0,NOC_NPS_VNOC_X3Y1,VNOC,data_vc,0,5,1
1719000,1719,1,NOC_NPS_VNOC_X3Y0,VNOC,credit,1,-1,1
1719000,1719,1,NOC_NPS_VNOC_X3Y0,VNOC,data_vc,1,5,1
1720000,1720,0,NOC_NPS_VNOC_X3Y1,VNOC,credit,0,-1,1
1720000,1720,0,NOC_NPS_VNOC_X3Y1,VNOC,data_vc,0,5,1
1720000,1720,1,NOC_NPS_VNOC_X3Y0,VNOC,credit,1,-1,1
1720000,1720,1,NOC_NPS_VNOC_X3Y0,VNOC,data_vc,1,5,1
1721000,1721,0,NOC_NPS_VNOC_X3Y1,VNOC,credit,0,-1,1
1721000,1721,0,NOC_NPS_VNOC_X3Y1,VNOC,data_vc,0,5,1
1721000,1721,1,NOC_NPS_VNOC_X3Y0,VNOC,credit,1,-1,1
1721000,1721,1,NOC_NPS_VNOC_X3Y0,VNOC,data_vc,1,5,1
1722000,1722,0,NOC_NPS_VNOC_X3Y1,VNOC,credit,0,-1,1
1722000,1722,0,NOC_NPS_VNOC_X3Y1,VNOC,data_vc,0,5,1
1722000,1722,1,NOC_NPS_VNOC_X3Y0,VNOC,credit,1,-1,1
1722000,1722,1,NOC_NPS_VNOC_X3Y0,VNOC,data_vc,1,5,1
1723000,1723,0,NOC_NPS_VNOC_X3Y1,VNOC,credit,0,-1,1
1723000,1723,0,NOC_NPS_VNOC_X3Y1,VNOC,data_vc,0,5,1
1723000,1723,1,NOC_NPS_VNOC_X3Y0,VNOC,credit,1,-1,1
1723000,1723,1,NOC_NPS_VNOC_X3Y0,VNOC,data_vc,1,5,1
1724000,1724,0,NOC_NPS_VNOC_X3Y1,VNOC,credit,0,-1,1
1724000,1724,0,NOC_NPS_VNOC_X3Y1,VNOC,data_vc,0,5,1
1724000,1724,1,NOC_NPS_VNOC_X3Y0,VNOC,credit,1,-1,1
1724000,1724,1,NOC_NPS_VNOC_X3Y0,VNOC,data_vc,1,5,1
1725000,1725,0,NOC_NPS_VNOC_X3Y1,VNOC,credit,0,-1,1
1725000,1725,0,NOC_NPS_VNOC_X3Y1,VNOC,data_vc,0,5,1
1725000,1725,1,NOC_NPS_VNOC_X3Y0,VNOC,credit,1,-1,1
1725000,1725,1,NOC_NPS_VNOC_X3Y0,VNOC,data_vc,1,5,1
1726000,1726,0,NOC_NPS_VNOC_X3Y1,VNOC,credit,0,-1,1
1726000,1726,0,NOC_NPS_VNOC_X3Y1,VNOC,data_vc,0,5,1
1726000,1726,1,NOC_NPS_VNOC_X3Y0,VNOC,credit,1,-1,1
1726000,1726,1,NOC_NPS_VNOC_X3Y0,VNOC,data_vc,1,5,1
1727000,1727,0,NOC_NPS_VNOC_X3Y1,VNOC,credit,0,-1,1
1727000,1727,0,NOC_NPS_VNOC_X3Y1,VNOC,data_vc,0,5,1
1727000,1727,1,NOC_NPS_VNOC_X3Y0,VNOC,credit,1,-1,1
1727000,1727,1,NOC_NPS_VNOC_X3Y0,VNOC,data_vc,1,5,1
1728000,1728,0,NOC_NPS_VNOC_X3Y1,VNOC,credit,0,-1,1
1728000,1728,0,NOC_NPS_VNOC_X3Y1,VNOC,data_vc,0,5,1
1728000,1728,1,NOC_NPS_VNOC_X3Y0,VNOC,credit,1,-1,1
1728000,1728,1,NOC_NPS_VNOC_X3Y0,VNOC,data_vc,1,5,1
1729000,1729,0,NOC_NPS_VNOC_X3Y1,VNOC,credit,0,-1,1
1729000,1729,0,NOC_NPS_VNOC_X3Y1,VNOC,data_vc,0,5,1
1729000,1729,1,NOC_NPS_VNOC_X3Y0,VNOC,credit,1,-1,1
1729000,1729,1,NOC_NPS_VNOC_X3Y0,VNOC,data_vc,1,5,1
1730000,1730,0,NOC_NPS_VNOC_X3Y1,VNOC,credit,0,-1,1
1730000,1730,0,NOC_NPS_VNOC_X3Y1,VNOC,data_vc,0,5,1
1730000,1730,1,NOC_NPS_VNOC_X3Y0,VNOC,credit,1,-1,1
1730000,1730,1,NOC_NPS_VNOC_X3Y0,VNOC,data_vc,1,5,1
1731000,1731,0,NOC_NPS_VNOC_X3Y1,VNOC,credit,0,-1,1
1731000,1731,0,NOC_NPS_VNOC_X3Y1,VNOC,data_vc,0,5,1
1731000,1731,1,NOC_NPS_VNOC_X3Y0,VNOC,credit,1,-1,1
1731000,1731,1,NOC_NPS_VNOC_X3Y0,VNOC,data_vc,1,5,1
1732000,1732,0,NOC_NPS_VNOC_X3Y1,VNOC,credit,0,-1,1
1732000,1732,0,NOC_NPS_VNOC_X3Y1,VNOC,data_vc,0,5,1
1732000,1732,1,NOC_NPS_VNOC_X3Y0,VNOC,credit,1,-1,1
1732000,1732,1,NOC_NPS_VNOC_X3Y0,VNOC,data_vc,1,5,1
1733000,1733,0,NOC_NPS_VNOC_X3Y1,VNOC,credit,0,-1,1
1733000,1733,0,NOC_NPS_VNOC_X3Y1,VNOC,data_vc,0,5,1
1733000,1733,1,NOC_NPS_VNOC_X3Y0,VNOC,credit,1,-1,1
1733000,1733,1,NOC_NPS_VNOC_X3Y0,VNOC,data_vc,1,5,1
1734000,1734,0,NOC_NPS_VNOC_X3Y1,VNOC,credit,0,-1,1
1734000,1734,0,NOC_NPS_VNOC_X3Y1,VNOC,data_vc,0,5,1
1734000,1734,1,NOC_NPS_VNOC_X3Y0,VNOC,credit,1,-1,1
1734000,1734,1,NOC_NPS_VNOC_X3Y0,VNOC,data_vc,1,5,1
1735000,1735,0,NOC_NPS_VNOC_X3Y1,VNOC,credit,0,-1,1
1735000,1735,0,NOC_NPS_VNOC_X3Y1,VNOC,data_vc,0,5,1
1735000,1735,1,NOC_NPS_VNOC_X3Y0,VNOC,credit,1,-1,1
1735000,1735,1,NOC_NPS_VNOC_X3Y0,VNOC,data_vc,1,5,1
1736000,1736,0,NOC_NPS_VNOC_X3Y1,VNOC,credit,0,-1,1
1736000,1736,0,NOC_NPS_VNOC_X3Y1,VNOC,data_vc,0,5,1
1736000,1736,1,NOC_NPS_VNOC_X3Y0,VNOC,credit,1,-1,1
1736000,1736,1,NOC_NPS_VNOC_X3Y0,VNOC,data_vc,1,5,1
1737000,1737,0,NOC_NPS_VNOC_X3Y1,VNOC,credit,0,-1,1
1737000,1737,0,NOC_NPS_VNOC_X3Y1,VNOC,data_vc,0,5,1
1737000,1737,1,NOC_NPS_VNOC_X3Y0,VNOC,credit,1,-1,1
1737000,1737,1,NOC_NPS_VNOC_X3Y0,VNOC,data_vc,1,5,1
1738000,1738,0,NOC_NPS_VNOC_X3Y1,VNOC,credit,0,-1,1
1738000,1738,0,NOC_NPS_VNOC_X3Y1,VNOC,data_vc,0,5,1
1738000,1738,1,NOC_NPS_VNOC_X3Y0,VNOC,credit,1,-1,1
1738000,1738,1,NOC_NPS_VNOC_X3Y0,VNOC,data_vc,1,5,1
1739000,1739,0,NOC_NPS_VNOC_X3Y1,VNOC,credit,0,-1,1
1739000,1739,0,NOC_NPS_VNOC_X3Y1,VNOC,data_vc,0,5,1
1739000,1739,1,NOC_NPS_VNOC_X3Y0,VNOC,credit,1,-1,1
1739000,1739,1,NOC_NPS_VNOC_X3Y0,VNOC,data_vc,1,5,1
1740000,1740,0,NOC_NPS_VNOC_X3Y1,VNOC,credit,0,-1,1
1740000,1740,0,NOC_NPS_VNOC_X3Y1,VNOC,data_vc,0,5,1
1740000,1740,1,NOC_NPS_VNOC_X3Y0,VNOC,credit,1,-1,1
1740000,1740,1,NOC_NPS_VNOC_X3Y0,VNOC,data_vc,1,5,1
1741000,1741,0,NOC_NPS_VNOC_X3Y1,VNOC,credit,0,-1,1
1741000,1741,0,NOC_NPS_VNOC_X3Y1,VNOC,data_vc,0,5,1
1741000,1741,1,NOC_NPS_VNOC_X3Y0,VNOC,credit,1,-1,1
1741000,1741,1,NOC_NPS_VNOC_X3Y0,VNOC,data_vc,1,5,1
1742000,1742,0,NOC_NPS_VNOC_X3Y1,VNOC,credit,0,-1,1
1742000,1742,0,NOC_NPS_VNOC_X3Y1,VNOC,data_vc,0,5,1
1742000,1742,1,NOC_NPS_VNOC_X3Y0,VNOC,credit,1,-1,1
1742000,1742,1,NOC_NPS_VNOC_X3Y0,VNOC,data_vc,1,5,1
1743000,1743,0,NOC_NPS_VNOC_X3Y1,VNOC,credit,0,-1,1
1743000,1743,0,NOC_NPS_VNOC_X3Y1,VNOC,data_vc,0,5,1
1743000,1743,1,NOC_NPS_VNOC_X3Y0,VNOC,credit,1,-1,1
1743000,1743,1,NOC_NPS_VNOC_X3Y0,VNOC,data_vc,1,5,1
1744000,1744,0,NOC_NPS_VNOC_X3Y1,VNOC,credit,0,-1,1
1744000,1744,0,NOC_NPS_VNOC_X3Y1,VNOC,data_vc,0,5,1
1744000,1744,1,NOC_NPS_VNOC_X3Y0,VNOC,credit,1,-1,1
1744000,1744,1,NOC_NPS_VNOC_X3Y0,VNOC,data_vc,1,5,1
1745000,1745,0,NOC_NPS_VNOC_X3Y1,VNOC,credit,0,-1,1
1745000,1745,0,NOC_NPS_VNOC_X3Y1,VNOC,data_vc,0,5,1
1745000,1745,1,NOC_NPS_VNOC_X3Y0,VNOC,credit,1,-1,1
1745000,1745,1,NOC_NPS_VNOC_X3Y0,VNOC,data_vc,1,5,1
1746000,1746,0,NOC_NPS_VNOC_X3Y1,VNOC,credit,0,-1,1
1746000,1746,0,NOC_NPS_VNOC_X3Y1,VNOC,data_vc,0,5,1
1746000,1746,1,NOC_NPS_VNOC_X3Y0,VNOC,credit,1,-1,1
1746000,1746,1,NOC_NPS_VNOC_X3Y0,VNOC,data_vc,1,5,1
1747000,1747,0,NOC_NPS_VNOC_X3Y1,VNOC,credit,0,-1,1
1747000,1747,0,NOC_NPS_VNOC_X3Y1,VNOC,data_vc,0,5,1
1747000,1747,1,NOC_NPS_VNOC_X3Y0,VNOC,credit,1,-1,1
1747000,1747,1,NOC_NPS_VNOC_X3Y0,VNOC,data_vc,1,5,1
1748000,1748,0,NOC_NPS_VNOC_X3Y1,VNOC,credit,0,-1,1
1748000,1748,0,NOC_NPS_VNOC_X3Y1,VNOC,data_vc,0,5,1
1748000,1748,1,NOC_NPS_VNOC_X3Y0,VNOC,credit,1,-1,1
1748000,1748,1,NOC_NPS_VNOC_X3Y0,VNOC,data_vc,1,5,1
1749000,1749,0,NOC_NPS_VNOC_X3Y1,VNOC,credit,0,-1,1
1749000,1749,0,NOC_NPS_VNOC_X3Y1,VNOC,data_vc,0,5,1
1749000,1749,1,NOC_NPS_VNOC_X3Y0,VNOC,credit,1,-1,1
1749000,1749,1,NOC_NPS_VNOC_X3Y0,VNOC,data_vc,1,5,1
1750000,1750,0,NOC_NPS_VNOC_X3Y1,VNOC,credit,0,-1,1
1750000,1750,0,NOC_NPS_VNOC_X3Y1,VNOC,data_vc,0,5,1
1750000,1750,1,NOC_NPS_VNOC_X3Y0,VNOC,credit,1,-1,1
1750000,1750,1,NOC_NPS_VNOC_X3Y0,VNOC,data_vc,1,5,1
1751000,1751,0,NOC_NPS_VNOC_X3Y1,VNOC,credit,0,-1,1
1751000,1751,0,NOC_NPS_VNOC_X3Y1,VNOC,data_vc,0,5,1
1751000,1751,1,NOC_NPS_VNOC_X3Y0,VNOC,credit,1,-1,1
1751000,1751,1,NOC_NPS_VNOC_X3Y0,VNOC,data_vc,1,5,1
1752000,1752,0,NOC_NPS_VNOC_X3Y1,VNOC,credit,0,-1,1
1752000,1752,0,NOC_NPS_VNOC_X3Y1,VNOC,data_vc,0,5,1
1752000,1752,1,NOC_NPS_VNOC_X3Y0,VNOC,credit,1,-1,1
1752000,1752,1,NOC_NPS_VNOC_X3Y0,VNOC,data_vc,1,5,1
1753000,1753,0,NOC_NPS_VNOC_X3Y1,VNOC,credit,0,-1,1
1753000,1753,0,NOC_NPS_VNOC_X3Y1,VNOC,data_vc,0,5,1
1753000,1753,1,NOC_NPS_VNOC_X3Y0,VNOC,credit,1,-1,1
1753000,1753,1,NOC_NPS_VNOC_X3Y0,VNOC,data_vc,1,5,1
1754000,1754,0,NOC_NPS_VNOC_X3Y1,VNOC,credit,0,-1,1
1754000,1754,0,NOC_NPS_VNOC_X3Y1,VNOC,data_vc,0,5,1
1754000,1754,1,NOC_NPS_VNOC_X3Y0,VNOC,credit,1,-1,1
1754000,1754,1,NOC_NPS_VNOC_X3Y0,VNOC,data_vc,1,5,1
1755000,1755,0,NOC_NPS_VNOC_X3Y1,VNOC,credit,0,-1,1
1755000,1755,0,NOC_NPS_VNOC_X3Y1,VNOC,data_vc,0,5,1
1755000,1755,1,NOC_NPS_VNOC_X3Y0,VNOC,credit,1,-1,1
1755000,1755,1,NOC_NPS_VNOC_X3Y0,VNOC,data_vc,1,5,1
1756000,1756,0,NOC_NPS_VNOC_X3Y1,VNOC,credit,0,-1,1
1756000,1756,0,NOC_NPS_VNOC_X3Y1,VNOC,data_vc,0,5,1
1756000,1756,1,NOC_NPS_VNOC_X3Y0,VNOC,credit,1,-1,1
1756000,1756,1,NOC_NPS_VNOC_X3Y0,VNOC,data_vc,1,5,1
1757000,1757,0,NOC_NPS_VNOC_X3Y1,VNOC,credit,0,-1,1
1757000,1757,0,NOC_NPS_VNOC_X3Y1,VNOC,data_vc,0,5,1
1757000,1757,1,NOC_NPS_VNOC_X3Y0,VNOC,credit,1,-1,1
1757000,1757,1,NOC_NPS_VNOC_X3Y0,VNOC,data_vc,1,5,1
1758000,1758,0,NOC_NPS_VNOC_X3Y1,VNOC,credit,0,-1,1
1758000,1758,0,NOC_NPS_VNOC_X3Y1,VNOC,data_vc,0,5,1
1758000,1758,1,NOC_NPS_VNOC_X3Y0,VNOC,credit,1,-1,1
1758000,1758,1,NOC_NPS_VNOC_X3Y0,VNOC,data_vc,1,5,1
1759000,1759,0,NOC_NPS_VNOC_X3Y1,VNOC,credit,0,-1,1
1759000,1759,0,NOC_NPS_VNOC_X3Y1,VNOC,data_vc,0,5,1
1759000,1759,1,NOC_NPS_VNOC_X3Y0,VNOC,credit,1,-1,1
1759000,1759,1,NOC_NPS_VNOC_X3Y0,VNOC,data_vc,1,5,1
1760000,1760,0,NOC_NPS_VNOC_X3Y1,VNOC,credit,0,-1,1
1760000,1760,0,NOC_NPS_VNOC_X3Y1,VNOC,data_vc,0,5,1
1760000,1760,1,NOC_NPS_VNOC_X3Y0,VNOC,credit,1,-1,1
1760000,1760,1,NOC_NPS_VNOC_X3Y0,VNOC,data_vc,1,5,1
1761000,1761,0,NOC_NPS_VNOC_X3Y1,VNOC,credit,0,-1,1
1761000,1761,0,NOC_NPS_VNOC_X3Y1,VNOC,data_vc,0,5,1
1761000,1761,1,NOC_NPS_VNOC_X3Y0,VNOC,credit,1,-1,1
1761000,1761,1,NOC_NPS_VNOC_X3Y0,VNOC,data_vc,1,5,1
1762000,1762,0,NOC_NPS_VNOC_X3Y1,VNOC,credit,0,-1,1
1762000,1762,0,NOC_NPS_VNOC_X3Y1,VNOC,data_vc,0,5,1
1762000,1762,1,NOC_NPS_VNOC_X3Y0,VNOC,credit,1,-1,1
1762000,1762,1,NOC_NPS_VNOC_X3Y0,VNOC,data_vc,1,5,1
1763000,1763,0,NOC_NPS_VNOC_X3Y1,VNOC,credit,0,-1,1
1763000,1763,0,NOC_NPS_VNOC_X3Y1,VNOC,data_vc,0,5,1
1763000,1763,1,NOC_NPS_VNOC_X3Y0,VNOC,credit,1,-1,1
1763000,1763,1,NOC_NPS_VNOC_X3Y0,VNOC,data_vc,1,5,1
1764000,1764,0,NOC_NPS_VNOC_X3Y1,VNOC,credit,0,-1,1
1764000,1764,0,NOC_NPS_VNOC_X3Y1,VNOC,data_vc,0,5,1
1764000,1764,1,NOC_NPS_VNOC_X3Y0,VNOC,credit,1,-1,1
1764000,1764,1,NOC_NPS_VNOC_X3Y0,VNOC,data_vc,1,5,1
1765000,1765,0,NOC_NPS_VNOC_X3Y1,VNOC,credit,0,-1,1
1765000,1765,0,NOC_NPS_VNOC_X3Y1,VNOC,data_vc,0,5,1
1765000,1765,1,NOC_NPS_VNOC_X3Y0,VNOC,credit,1,-1,1
1765000,1765,1,NOC_NPS_VNOC_X3Y0,VNOC,data_vc,1,5,1
1766000,1766,0,NOC_NPS_VNOC_X3Y1,VNOC,credit,0,-1,1
1766000,1766,0,NOC_NPS_VNOC_X3Y1,VNOC,data_vc,0,5,1
1766000,1766,1,NOC_NPS_VNOC_X3Y0,VNOC,credit,1,-1,1
1766000,1766,1,NOC_NPS_VNOC_X3Y0,VNOC,data_vc,1,5,1
1767000,1767,0,NOC_NPS_VNOC_X3Y1,VNOC,credit,0,-1,1
1767000,1767,0,NOC_NPS_VNOC_X3Y1,VNOC,data_vc,0,5,1
1767000,1767,1,NOC_NPS_VNOC_X3Y0,VNOC,credit,1,-1,1
1767000,1767,1,NOC_NPS_VNOC_X3Y0,VNOC,data_vc,1,5,1
1768000,1768,0,NOC_NPS_VNOC_X3Y1,VNOC,credit,0,-1,1
1768000,1768,0,NOC_NPS_VNOC_X3Y1,VNOC,data_vc,0,5,1
1768000,1768,1,NOC_NPS_VNOC_X3Y0,VNOC,credit,1,-1,1
1768000,1768,1,NOC_NPS_VNOC_X3Y0,VNOC,data_vc,1,5,1
1769000,1769,0,NOC_NPS_VNOC_X3Y1,VNOC,credit,0,-1,1
1769000,1769,0,NOC_NPS_VNOC_X3Y1,VNOC,data_vc,0,5,1
1769000,1769,1,NOC_NPS_VNOC_X3Y0,VNOC,credit,1,-1,1
1769000,1769,1,NOC_NPS_VNOC_X3Y0,VNOC,data_vc,1,5,1
1770000,1770,0,NOC_NPS_VNOC_X3Y1,VNOC,credit,0,-1,1
1770000,1770,0,NOC_NPS_VNOC_X3Y1,VNOC,data_vc,0,5,1
1770000,1770,1,NOC_NPS_VNOC_X3Y0,VNOC,credit,1,-1,1
1770000,1770,1,NOC_NPS_VNOC_X3Y0,VNOC,data_vc,1,5,1
1771000,1771,0,NOC_NPS_VNOC_X3Y1,VNOC,credit,0,-1,1
1771000,1771,0,NOC_NPS_VNOC_X3Y1,VNOC,data_vc,0,5,1
1771000,1771,1,NOC_NPS_VNOC_X3Y0,VNOC,credit,1,-1,1
1771000,1771,1,NOC_NPS_VNOC_X3Y0,VNOC,data_vc,1,5,1
1772000,1772,0,NOC_NPS_VNOC_X3Y1,VNOC,credit,0,-1,1
1772000,1772,0,NOC_NPS_VNOC_X3Y1,VNOC,data_vc,0,5,1
1772000,1772,1,NOC_NPS_VNOC_X3Y0,VNOC,credit,1,-1,1
1772000,1772,1,NOC_NPS_VNOC_X3Y0,VNOC,data_vc,1,5,1
1773000,1773,0,NOC_NPS_VNOC_X3Y1,VNOC,credit,0,-1,1
1773000,1773,0,NOC_NPS_VNOC_X3Y1,VNOC,data_vc,0,5,1
1773000,1773,1,NOC_NPS_VNOC_X3Y0,VNOC,credit,1,-1,1
1773000,1773,1,NOC_NPS_VNOC_X3Y0,VNOC,data_vc,1,5,1
1774000,1774,0,NOC_NPS_VNOC_X3Y1,VNOC,credit,0,-1,1
1774000,1774,0,NOC_NPS_VNOC_X3Y1,VNOC,data_vc,0,5,1
1774000,1774,1,NOC_NPS_VNOC_X3Y0,VNOC,credit,1,-1,1
1774000,1774,1,NOC_NPS_VNOC_X3Y0,VNOC,data_vc,1,5,1
1775000,1775,0,NOC_NPS_VNOC_X3Y1,VNOC,credit,0,-1,1
1775000,1775,0,NOC_NPS_VNOC_X3Y1,VNOC,data_vc,0,5,1
1775000,1775,1,NOC_NPS_VNOC_X3Y0,VNOC,credit,1,-1,1
1775000,1775,1,NOC_NPS_VNOC_X3Y0,VNOC,data_vc,1,5,1
1776000,1776,0,NOC_NPS_VNOC_X3Y1,VNOC,credit,0,-1,1
1776000,1776,0,NOC_NPS_VNOC_X3Y1,VNOC,data_vc,0,5,1
1776000,1776,1,NOC_NPS_VNOC_X3Y0,VNOC,credit,1,-1,1
1776000,1776,1,NOC_NPS_VNOC_X3Y0,VNOC,data_vc,1,5,1
1777000,1777,0,NOC_NPS_VNOC_X3Y1,VNOC,credit,0,-1,1
1777000,1777,1,NOC_NPS_VNOC_X3Y0,VNOC,credit,1,-1,1
1777000,1777,1,NOC_NPS_VNOC_X3Y0,VNOC,data_vc,1,5,1
1778000,1778,0,NOC_NPS_VNOC_X3Y1,VNOC,credit,0,-1,1
1778000,1778,1,NOC_NPS_VNOC_X3Y0,VNOC,credit,1,-1,1
1778000,1778,1,NOC_NPS_VNOC_X3Y0,VNOC,data_vc,1,5,1
1779000,1779,0,NOC_NPS_VNOC_X3Y1,VNOC,credit,0,-1,1
1779000,1779,0,NOC_NPS_VNOC_X3Y1,VNOC,data_vc,0,5,1
1779000,1779,1,NOC_NPS_VNOC_X3Y0,VNOC,credit,1,-1,1
1780000,1780,0,NOC_NPS_VNOC_X3Y1,VNOC,credit,0,-1,1
1780000,1780,0,NOC_NPS_VNOC_X3Y1,VNOC,data_vc,0,5,1
1780000,1780,1,NOC_NPS_VNOC_X3Y0,VNOC,credit,1,-1,1
1781000,1781,0,NOC_NPS_VNOC_X3Y1,VNOC,credit,0,-1,1
1781000,1781,0,NOC_NPS_VNOC_X3Y1,VNOC,data_vc,0,5,1
1781000,1781,1,NOC_NPS_VNOC_X3Y0,VNOC,credit,1,-1,1
1781000,1781,1,NOC_NPS_VNOC_X3Y0,VNOC,data_vc,1,5,1
1782000,1782,0,NOC_NPS_VNOC_X3Y1,VNOC,credit,0,-1,1
1782000,1782,0,NOC_NPS_VNOC_X3Y1,VNOC,data_vc,0,5,1
1782000,1782,1,NOC_NPS_VNOC_X3Y0,VNOC,credit,1,-1,1
1782000,1782,1,NOC_NPS_VNOC_X3Y0,VNOC,data_vc,1,5,1
1783000,1783,0,NOC_NPS_VNOC_X3Y1,VNOC,credit,0,-1,1
1783000,1783,0,NOC_NPS_VNOC_X3Y1,VNOC,data_vc,0,5,1
1783000,1783,1,NOC_NPS_VNOC_X3Y0,VNOC,credit,1,-1,1
1783000,1783,1,NOC_NPS_VNOC_X3Y0,VNOC,data_vc,1,5,1
1784000,1784,0,NOC_NPS_VNOC_X3Y1,VNOC,credit,0,-1,1
1784000,1784,0,NOC_NPS_VNOC_X3Y1,VNOC,data_vc,0,5,1
1784000,1784,1,NOC_NPS_VNOC_X3Y0,VNOC,credit,1,-1,1
1784000,1784,1,NOC_NPS_VNOC_X3Y0,VNOC,data_vc,1,5,1
1785000,1785,0,NOC_NPS_VNOC_X3Y1,VNOC,credit,0,-1,1
1785000,1785,0,NOC_NPS_VNOC_X3Y1,VNOC,data_vc,0,5,1
1785000,1785,1,NOC_NPS_VNOC_X3Y0,VNOC,credit,1,-1,1
1785000,1785,1,NOC_NPS_VNOC_X3Y0,VNOC,data_vc,1,5,1
1786000,1786,0,NOC_NPS_VNOC_X3Y1,VNOC,credit,0,-1,1
1786000,1786,0,NOC_NPS_VNOC_X3Y1,VNOC,data_vc,0,5,1
1786000,1786,1,NOC_NPS_VNOC_X3Y0,VNOC,credit,1,-1,1
1786000,1786,1,NOC_NPS_VNOC_X3Y0,VNOC,data_vc,1,5,1
1787000,1787,0,NOC_NPS_VNOC_X3Y1,VNOC,credit,0,-1,1
1787000,1787,0,NOC_NPS_VNOC_X3Y1,VNOC,data_vc,0,5,1
1787000,1787,1,NOC_NPS_VNOC_X3Y0,VNOC,credit,1,-1,1
1787000,1787,1,NOC_NPS_VNOC_X3Y0,VNOC,data_vc,1,5,1
1788000,1788,0,NOC_NPS_VNOC_X3Y1,VNOC,credit,0,-1,1
1788000,1788,0,NOC_NPS_VNOC_X3Y1,VNOC,data_vc,0,5,1
1788000,1788,1,NOC_NPS_VNOC_X3Y0,VNOC,credit,1,-1,1
1788000,1788,1,NOC_NPS_VNOC_X3Y0,VNOC,data_vc,1,5,1
1789000,1789,0,NOC_NPS_VNOC_X3Y1,VNOC,credit,0,-1,1
1789000,1789,0,NOC_NPS_VNOC_X3Y1,VNOC,data_vc,0,5,1
1789000,1789,1,NOC_NPS_VNOC_X3Y0,VNOC,credit,1,-1,1
1789000,1789,1,NOC_NPS_VNOC_X3Y0,VNOC,data_vc,1,5,1
1790000,1790,0,NOC_NPS_VNOC_X3Y1,VNOC,credit,0,-1,1
1790000,1790,0,NOC_NPS_VNOC_X3Y1,VNOC,data_vc,0,5,1
1790000,1790,1,NOC_NPS_VNOC_X3Y0,VNOC,credit,1,-1,1
1790000,1790,1,NOC_NPS_VNOC_X3Y0,VNOC,data_vc,1,5,1
1791000,1791,0,NOC_NPS_VNOC_X3Y1,VNOC,credit,0,-1,1
1791000,1791,0,NOC_NPS_VNOC_X3Y1,VNOC,data_vc,0,5,1
1791000,1791,1,NOC_NPS_VNOC_X3Y0,VNOC,credit,1,-1,1
1791000,1791,1,NOC_NPS_VNOC_X3Y0,VNOC,data_vc,1,5,1
1792000,1792,0,NOC_NPS_VNOC_X3Y1,VNOC,credit,0,-1,1
1792000,1792,0,NOC_NPS_VNOC_X3Y1,VNOC,data_vc,0,5,1
1792000,1792,1,NOC_NPS_VNOC_X3Y0,VNOC,credit,1,-1,1
1792000,1792,1,NOC_NPS_VNOC_X3Y0,VNOC,data_vc,1,5,1
1793000,1793,0,NOC_NPS_VNOC_X3Y1,VNOC,credit,0,-1,1
1793000,1793,0,NOC_NPS_VNOC_X3Y1,VNOC,data_vc,0,5,1
1793000,1793,1,NOC_NPS_VNOC_X3Y0,VNOC,credit,1,-1,1
1793000,1793,1,NOC_NPS_VNOC_X3Y0,VNOC,data_vc,1,5,1
1794000,1794,0,NOC_NPS_VNOC_X3Y1,VNOC,credit,0,-1,1
1794000,1794,0,NOC_NPS_VNOC_X3Y1,VNOC,data_vc,0,5,1
1794000,1794,1,NOC_NPS_VNOC_X3Y0,VNOC,credit,1,-1,1
1794000,1794,1,NOC_NPS_VNOC_X3Y0,VNOC,data_vc,1,5,1
1795000,1795,0,NOC_NPS_VNOC_X3Y1,VNOC,credit,0,-1,1
1795000,1795,0,NOC_NPS_VNOC_X3Y1,VNOC,data_vc,0,5,1
1795000,1795,1,NOC_NPS_VNOC_X3Y0,VNOC,credit,1,-1,1
1795000,1795,1,NOC_NPS_VNOC_X3Y0,VNOC,data_vc,1,5,1
1796000,1796,0,NOC_NPS_VNOC_X3Y1,VNOC,credit,0,-1,1
1796000,1796,0,NOC_NPS_VNOC_X3Y1,VNOC,data_vc,0,5,1
1796000,1796,1,NOC_NPS_VNOC_X3Y0,VNOC,credit,1,-1,1
1796000,1796,1,NOC_NPS_VNOC_X3Y0,VNOC,data_vc,1,5,1
1797000,1797,0,NOC_NPS_VNOC_X3Y1,VNOC,credit,0,-1,1
1797000,1797,0,NOC_NPS_VNOC_X3Y1,VNOC,data_vc,0,5,1
1797000,1797,1,NOC_NPS_VNOC_X3Y0,VNOC,credit,1,-1,1
1797000,1797,1,NOC_NPS_VNOC_X3Y0,VNOC,data_vc,1,5,1
1798000,1798,0,NOC_NPS_VNOC_X3Y1,VNOC,credit,0,-1,1
1798000,1798,0,NOC_NPS_VNOC_X3Y1,VNOC,data_vc,0,5,1
1798000,1798,1,NOC_NPS_VNOC_X3Y0,VNOC,credit,1,-1,1
1798000,1798,1,NOC_NPS_VNOC_X3Y0,VNOC,data_vc,1,5,1
1799000,1799,0,NOC_NPS_VNOC_X3Y1,VNOC,credit,0,-1,1
1799000,1799,0,NOC_NPS_VNOC_X3Y1,VNOC,data_vc,0,5,1
1799000,1799,1,NOC_NPS_VNOC_X3Y0,VNOC,credit,1,-1,1
1799000,1799,1,NOC_NPS_VNOC_X3Y0,VNOC,data_vc,1,5,1
1800000,1800,0,NOC_NPS_VNOC_X3Y1,VNOC,credit,0,-1,1
1800000,1800,0,NOC_NPS_VNOC_X3Y1,VNOC,data_vc,0,5,1
1800000,1800,1,NOC_NPS_VNOC_X3Y0,VNOC,credit,1,-1,1
1800000,1800,1,NOC_NPS_VNOC_X3Y0,VNOC,data_vc,1,5,1
1801000,1801,0,NOC_NPS_VNOC_X3Y1,VNOC,credit,0,-1,1
1801000,1801,0,NOC_NPS_VNOC_X3Y1,VNOC,data_vc,0,5,1
1801000,1801,1,NOC_NPS_VNOC_X3Y0,VNOC,credit,1,-1,1
1801000,1801,1,NOC_NPS_VNOC_X3Y0,VNOC,data_vc,1,5,1
1802000,1802,0,NOC_NPS_VNOC_X3Y1,VNOC,credit,0,-1,1
1802000,1802,0,NOC_NPS_VNOC_X3Y1,VNOC,data_vc,0,5,1
1802000,1802,1,NOC_NPS_VNOC_X3Y0,VNOC,credit,1,-1,1
1802000,1802,1,NOC_NPS_VNOC_X3Y0,VNOC,data_vc,1,5,1
1803000,1803,0,NOC_NPS_VNOC_X3Y1,VNOC,credit,0,-1,1
1803000,1803,0,NOC_NPS_VNOC_X3Y1,VNOC,data_vc,0,5,1
1803000,1803,1,NOC_NPS_VNOC_X3Y0,VNOC,credit,1,-1,1
1803000,1803,1,NOC_NPS_VNOC_X3Y0,VNOC,data_vc,1,5,1
1804000,1804,0,NOC_NPS_VNOC_X3Y1,VNOC,credit,0,-1,1
1804000,1804,0,NOC_NPS_VNOC_X3Y1,VNOC,data_vc,0,5,1
1804000,1804,1,NOC_NPS_VNOC_X3Y0,VNOC,credit,1,-1,1
1804000,1804,1,NOC_NPS_VNOC_X3Y0,VNOC,data_vc,1,5,1
1805000,1805,0,NOC_NPS_VNOC_X3Y1,VNOC,credit,0,-1,1
1805000,1805,0,NOC_NPS_VNOC_X3Y1,VNOC,data_vc,0,5,1
1805000,1805,1,NOC_NPS_VNOC_X3Y0,VNOC,credit,1,-1,1
1805000,1805,1,NOC_NPS_VNOC_X3Y0,VNOC,data_vc,1,5,1
1806000,1806,0,NOC_NPS_VNOC_X3Y1,VNOC,credit,0,-1,1
1806000,1806,0,NOC_NPS_VNOC_X3Y1,VNOC,data_vc,0,5,1
1806000,1806,1,NOC_NPS_VNOC_X3Y0,VNOC,credit,1,-1,1
1806000,1806,1,NOC_NPS_VNOC_X3Y0,VNOC,data_vc,1,5,1
1807000,1807,0,NOC_NPS_VNOC_X3Y1,VNOC,credit,0,-1,1
1807000,1807,0,NOC_NPS_VNOC_X3Y1,VNOC,data_vc,0,5,1
1807000,1807,1,NOC_NPS_VNOC_X3Y0,VNOC,credit,1,-1,1
1807000,1807,1,NOC_NPS_VNOC_X3Y0,VNOC,data_vc,1,5,1
1808000,1808,0,NOC_NPS_VNOC_X3Y1,VNOC,credit,0,-1,1
1808000,1808,0,NOC_NPS_VNOC_X3Y1,VNOC,data_vc,0,5,1
1808000,1808,1,NOC_NPS_VNOC_X3Y0,VNOC,credit,1,-1,1
1808000,1808,1,NOC_NPS_VNOC_X3Y0,VNOC,data_vc,1,5,1
1809000,1809,0,NOC_NPS_VNOC_X3Y1,VNOC,credit,0,-1,1
1809000,1809,0,NOC_NPS_VNOC_X3Y1,VNOC,data_vc,0,5,1
1809000,1809,1,NOC_NPS_VNOC_X3Y0,VNOC,credit,1,-1,1
1809000,1809,1,NOC_NPS_VNOC_X3Y0,VNOC,data_vc,1,5,1
1810000,1810,0,NOC_NPS_VNOC_X3Y1,VNOC,credit,0,-1,1
1810000,1810,0,NOC_NPS_VNOC_X3Y1,VNOC,data_vc,0,5,1
1810000,1810,1,NOC_NPS_VNOC_X3Y0,VNOC,credit,1,-1,1
1810000,1810,1,NOC_NPS_VNOC_X3Y0,VNOC,data_vc,1,5,1
1811000,1811,0,NOC_NPS_VNOC_X3Y1,VNOC,credit,0,-1,1
1811000,1811,0,NOC_NPS_VNOC_X3Y1,VNOC,data_vc,0,5,1
1811000,1811,1,NOC_NPS_VNOC_X3Y0,VNOC,credit,1,-1,1
1811000,1811,1,NOC_NPS_VNOC_X3Y0,VNOC,data_vc,1,5,1
1812000,1812,0,NOC_NPS_VNOC_X3Y1,VNOC,credit,0,-1,1
1812000,1812,0,NOC_NPS_VNOC_X3Y1,VNOC,data_vc,0,5,1
1812000,1812,1,NOC_NPS_VNOC_X3Y0,VNOC,credit,1,-1,1
1812000,1812,1,NOC_NPS_VNOC_X3Y0,VNOC,data_vc,1,5,1
1813000,1813,0,NOC_NPS_VNOC_X3Y1,VNOC,credit,0,-1,1
1813000,1813,0,NOC_NPS_VNOC_X3Y1,VNOC,data_vc,0,5,1
1813000,1813,1,NOC_NPS_VNOC_X3Y0,VNOC,credit,1,-1,1
1813000,1813,1,NOC_NPS_VNOC_X3Y0,VNOC,data_vc,1,5,1
1814000,1814,0,NOC_NPS_VNOC_X3Y1,VNOC,credit,0,-1,1
1814000,1814,0,NOC_NPS_VNOC_X3Y1,VNOC,data_vc,0,5,1
1814000,1814,1,NOC_NPS_VNOC_X3Y0,VNOC,credit,1,-1,1
1814000,1814,1,NOC_NPS_VNOC_X3Y0,VNOC,data_vc,1,5,1
1815000,1815,0,NOC_NPS_VNOC_X3Y1,VNOC,credit,0,-1,1
1815000,1815,0,NOC_NPS_VNOC_X3Y1,VNOC,data_vc,0,5,1
1815000,1815,1,NOC_NPS_VNOC_X3Y0,VNOC,credit,1,-1,1
1815000,1815,1,NOC_NPS_VNOC_X3Y0,VNOC,data_vc,1,5,1
1816000,1816,0,NOC_NPS_VNOC_X3Y1,VNOC,credit,0,-1,1
1816000,1816,0,NOC_NPS_VNOC_X3Y1,VNOC,data_vc,0,5,1
1816000,1816,1,NOC_NPS_VNOC_X3Y0,VNOC,credit,1,-1,1
1816000,1816,1,NOC_NPS_VNOC_X3Y0,VNOC,data_vc,1,5,1
1817000,1817,0,NOC_NPS_VNOC_X3Y1,VNOC,credit,0,-1,1
1817000,1817,0,NOC_NPS_VNOC_X3Y1,VNOC,data_vc,0,5,1
1817000,1817,1,NOC_NPS_VNOC_X3Y0,VNOC,credit,1,-1,1
1817000,1817,1,NOC_NPS_VNOC_X3Y0,VNOC,data_vc,1,5,1
1818000,1818,0,NOC_NPS_VNOC_X3Y1,VNOC,credit,0,-1,1
1818000,1818,0,NOC_NPS_VNOC_X3Y1,VNOC,data_vc,0,5,1
1818000,1818,1,NOC_NPS_VNOC_X3Y0,VNOC,credit,1,-1,1
1818000,1818,1,NOC_NPS_VNOC_X3Y0,VNOC,data_vc,1,5,1
1819000,1819,0,NOC_NPS_VNOC_X3Y1,VNOC,credit,0,-1,1
1819000,1819,0,NOC_NPS_VNOC_X3Y1,VNOC,data_vc,0,5,1
1819000,1819,1,NOC_NPS_VNOC_X3Y0,VNOC,credit,1,-1,1
1819000,1819,1,NOC_NPS_VNOC_X3Y0,VNOC,data_vc,1,5,1
1820000,1820,0,NOC_NPS_VNOC_X3Y1,VNOC,credit,0,-1,1
1820000,1820,0,NOC_NPS_VNOC_X3Y1,VNOC,data_vc,0,5,1
1820000,1820,1,NOC_NPS_VNOC_X3Y0,VNOC,credit,1,-1,1
1820000,1820,1,NOC_NPS_VNOC_X3Y0,VNOC,data_vc,1,5,1
1821000,1821,0,NOC_NPS_VNOC_X3Y1,VNOC,credit,0,-1,1
1821000,1821,0,NOC_NPS_VNOC_X3Y1,VNOC,data_vc,0,5,1
1821000,1821,1,NOC_NPS_VNOC_X3Y0,VNOC,credit,1,-1,1
1821000,1821,1,NOC_NPS_VNOC_X3Y0,VNOC,data_vc,1,5,1
1822000,1822,0,NOC_NPS_VNOC_X3Y1,VNOC,credit,0,-1,1
1822000,1822,0,NOC_NPS_VNOC_X3Y1,VNOC,data_vc,0,5,1
1822000,1822,1,NOC_NPS_VNOC_X3Y0,VNOC,credit,1,-1,1
1822000,1822,1,NOC_NPS_VNOC_X3Y0,VNOC,data_vc,1,5,1
1823000,1823,0,NOC_NPS_VNOC_X3Y1,VNOC,credit,0,-1,1
1823000,1823,0,NOC_NPS_VNOC_X3Y1,VNOC,data_vc,0,5,1
1823000,1823,1,NOC_NPS_VNOC_X3Y0,VNOC,credit,1,-1,1
1823000,1823,1,NOC_NPS_VNOC_X3Y0,VNOC,data_vc,1,5,1
1824000,1824,0,NOC_NPS_VNOC_X3Y1,VNOC,credit,0,-1,1
1824000,1824,0,NOC_NPS_VNOC_X3Y1,VNOC,data_vc,0,5,1
1824000,1824,1,NOC_NPS_VNOC_X3Y0,VNOC,credit,1,-1,1
1824000,1824,1,NOC_NPS_VNOC_X3Y0,VNOC,data_vc,1,5,1
1825000,1825,0,NOC_NPS_VNOC_X3Y1,VNOC,credit,0,-1,1
1825000,1825,0,NOC_NPS_VNOC_X3Y1,VNOC,data_vc,0,5,1
1825000,1825,1,NOC_NPS_VNOC_X3Y0,VNOC,credit,1,-1,1
1825000,1825,1,NOC_NPS_VNOC_X3Y0,VNOC,data_vc,1,5,1
1826000,1826,0,NOC_NPS_VNOC_X3Y1,VNOC,credit,0,-1,1
1826000,1826,0,NOC_NPS_VNOC_X3Y1,VNOC,data_vc,0,5,1
1826000,1826,1,NOC_NPS_VNOC_X3Y0,VNOC,credit,1,-1,1
1826000,1826,1,NOC_NPS_VNOC_X3Y0,VNOC,data_vc,1,5,1
1827000,1827,0,NOC_NPS_VNOC_X3Y1,VNOC,credit,0,-1,1
1827000,1827,0,NOC_NPS_VNOC_X3Y1,VNOC,data_vc,0,5,1
1827000,1827,1,NOC_NPS_VNOC_X3Y0,VNOC,credit,1,-1,1
1827000,1827,1,NOC_NPS_VNOC_X3Y0,VNOC,data_vc,1,5,1
1828000,1828,0,NOC_NPS_VNOC_X3Y1,VNOC,credit,0,-1,1
1828000,1828,0,NOC_NPS_VNOC_X3Y1,VNOC,data_vc,0,5,1
1828000,1828,1,NOC_NPS_VNOC_X3Y0,VNOC,credit,1,-1,1
1828000,1828,1,NOC_NPS_VNOC_X3Y0,VNOC,data_vc,1,5,1
1829000,1829,0,NOC_NPS_VNOC_X3Y1,VNOC,credit,0,-1,1
1829000,1829,0,NOC_NPS_VNOC_X3Y1,VNOC,data_vc,0,5,1
1829000,1829,1,NOC_NPS_VNOC_X3Y0,VNOC,credit,1,-1,1
1829000,1829,1,NOC_NPS_VNOC_X3Y0,VNOC,data_vc,1,5,1
1830000,1830,0,NOC_NPS_VNOC_X3Y1,VNOC,credit,0,-1,1
1830000,1830,0,NOC_NPS_VNOC_X3Y1,VNOC,data_vc,0,5,1
1830000,1830,1,NOC_NPS_VNOC_X3Y0,VNOC,credit,1,-1,1
1830000,1830,1,NOC_NPS_VNOC_X3Y0,VNOC,data_vc,1,5,1
1831000,1831,0,NOC_NPS_VNOC_X3Y1,VNOC,credit,0,-1,1
1831000,1831,0,NOC_NPS_VNOC_X3Y1,VNOC,data_vc,0,5,1
1831000,1831,1,NOC_NPS_VNOC_X3Y0,VNOC,credit,1,-1,1
1831000,1831,1,NOC_NPS_VNOC_X3Y0,VNOC,data_vc,1,5,1
1832000,1832,0,NOC_NPS_VNOC_X3Y1,VNOC,credit,0,-1,1
1832000,1832,0,NOC_NPS_VNOC_X3Y1,VNOC,data_vc,0,5,1
1832000,1832,1,NOC_NPS_VNOC_X3Y0,VNOC,credit,1,-1,1
1832000,1832,1,NOC_NPS_VNOC_X3Y0,VNOC,data_vc,1,5,1
1833000,1833,0,NOC_NPS_VNOC_X3Y1,VNOC,credit,0,-1,1
1833000,1833,0,NOC_NPS_VNOC_X3Y1,VNOC,data_vc,0,5,1
1833000,1833,1,NOC_NPS_VNOC_X3Y0,VNOC,credit,1,-1,1
1833000,1833,1,NOC_NPS_VNOC_X3Y0,VNOC,data_vc,1,5,1
1834000,1834,0,NOC_NPS_VNOC_X3Y1,VNOC,credit,0,-1,1
1834000,1834,0,NOC_NPS_VNOC_X3Y1,VNOC,data_vc,0,5,1
1834000,1834,1,NOC_NPS_VNOC_X3Y0,VNOC,credit,1,-1,1
1834000,1834,1,NOC_NPS_VNOC_X3Y0,VNOC,data_vc,1,5,1
1835000,1835,0,NOC_NPS_VNOC_X3Y1,VNOC,credit,0,-1,1
1835000,1835,0,NOC_NPS_VNOC_X3Y1,VNOC,data_vc,0,5,1
1835000,1835,1,NOC_NPS_VNOC_X3Y0,VNOC,credit,1,-1,1
1835000,1835,1,NOC_NPS_VNOC_X3Y0,VNOC,data_vc,1,5,1
1836000,1836,0,NOC_NPS_VNOC_X3Y1,VNOC,credit,0,-1,1
1836000,1836,0,NOC_NPS_VNOC_X3Y1,VNOC,data_vc,0,5,1
1836000,1836,1,NOC_NPS_VNOC_X3Y0,VNOC,credit,1,-1,1
1836000,1836,1,NOC_NPS_VNOC_X3Y0,VNOC,data_vc,1,5,1
1837000,1837,0,NOC_NPS_VNOC_X3Y1,VNOC,credit,0,-1,1
1837000,1837,0,NOC_NPS_VNOC_X3Y1,VNOC,data_vc,0,5,1
1837000,1837,1,NOC_NPS_VNOC_X3Y0,VNOC,credit,1,-1,1
1837000,1837,1,NOC_NPS_VNOC_X3Y0,VNOC,data_vc,1,5,1
1838000,1838,0,NOC_NPS_VNOC_X3Y1,VNOC,credit,0,-1,1
1838000,1838,0,NOC_NPS_VNOC_X3Y1,VNOC,data_vc,0,5,1
1838000,1838,1,NOC_NPS_VNOC_X3Y0,VNOC,credit,1,-1,1
1838000,1838,1,NOC_NPS_VNOC_X3Y0,VNOC,data_vc,1,5,1
1839000,1839,0,NOC_NPS_VNOC_X3Y1,VNOC,data_vc,0,5,1
1839000,1839,1,NOC_NPS_VNOC_X3Y0,VNOC,credit,1,-1,1
1839000,1839,1,NOC_NPS_VNOC_X3Y0,VNOC,data_vc,1,5,1
1840000,1840,0,NOC_NPS_VNOC_X3Y1,VNOC,data_vc,0,5,1
1840000,1840,1,NOC_NPS_VNOC_X3Y0,VNOC,credit,1,-1,1
1840000,1840,1,NOC_NPS_VNOC_X3Y0,VNOC,data_vc,1,5,1
1841000,1841,0,NOC_NPS_VNOC_X3Y1,VNOC,credit,0,-1,1
1841000,1841,0,NOC_NPS_VNOC_X3Y1,VNOC,data_vc,0,5,1
1841000,1841,1,NOC_NPS_VNOC_X3Y0,VNOC,data_vc,1,5,1
1842000,1842,0,NOC_NPS_VNOC_X3Y1,VNOC,credit,0,-1,1
1842000,1842,0,NOC_NPS_VNOC_X3Y1,VNOC,data_vc,0,5,1
1842000,1842,1,NOC_NPS_VNOC_X3Y0,VNOC,data_vc,1,5,1
1843000,1843,0,NOC_NPS_VNOC_X3Y1,VNOC,credit,0,-1,1
1843000,1843,0,NOC_NPS_VNOC_X3Y1,VNOC,data_vc,0,5,1
1843000,1843,1,NOC_NPS_VNOC_X3Y0,VNOC,credit,1,-1,1
1843000,1843,1,NOC_NPS_VNOC_X3Y0,VNOC,data_vc,1,5,1
1844000,1844,0,NOC_NPS_VNOC_X3Y1,VNOC,credit,0,-1,1
1844000,1844,0,NOC_NPS_VNOC_X3Y1,VNOC,data_vc,0,5,1
1844000,1844,1,NOC_NPS_VNOC_X3Y0,VNOC,credit,1,-1,1
1844000,1844,1,NOC_NPS_VNOC_X3Y0,VNOC,data_vc,1,5,1
1845000,1845,0,NOC_NPS_VNOC_X3Y1,VNOC,credit,0,-1,1
1845000,1845,0,NOC_NPS_VNOC_X3Y1,VNOC,data_vc,0,5,1
1845000,1845,1,NOC_NPS_VNOC_X3Y0,VNOC,credit,1,-1,1
1845000,1845,1,NOC_NPS_VNOC_X3Y0,VNOC,data_vc,1,5,1
1846000,1846,0,NOC_NPS_VNOC_X3Y1,VNOC,credit,0,-1,1
1846000,1846,0,NOC_NPS_VNOC_X3Y1,VNOC,data_vc,0,5,1
1846000,1846,1,NOC_NPS_VNOC_X3Y0,VNOC,credit,1,-1,1
1846000,1846,1,NOC_NPS_VNOC_X3Y0,VNOC,data_vc,1,5,1
1847000,1847,0,NOC_NPS_VNOC_X3Y1,VNOC,credit,0,-1,1
1847000,1847,0,NOC_NPS_VNOC_X3Y1,VNOC,data_vc,0,5,1
1847000,1847,1,NOC_NPS_VNOC_X3Y0,VNOC,credit,1,-1,1
1847000,1847,1,NOC_NPS_VNOC_X3Y0,VNOC,data_vc,1,5,1
1848000,1848,0,NOC_NPS_VNOC_X3Y1,VNOC,credit,0,-1,1
1848000,1848,0,NOC_NPS_VNOC_X3Y1,VNOC,data_vc,0,5,1
1848000,1848,1,NOC_NPS_VNOC_X3Y0,VNOC,credit,1,-1,1
1848000,1848,1,NOC_NPS_VNOC_X3Y0,VNOC,data_vc,1,5,1
1849000,1849,0,NOC_NPS_VNOC_X3Y1,VNOC,credit,0,-1,1
1849000,1849,0,NOC_NPS_VNOC_X3Y1,VNOC,data_vc,0,5,1
1849000,1849,1,NOC_NPS_VNOC_X3Y0,VNOC,credit,1,-1,1
1849000,1849,1,NOC_NPS_VNOC_X3Y0,VNOC,data_vc,1,5,1
1850000,1850,0,NOC_NPS_VNOC_X3Y1,VNOC,credit,0,-1,1
1850000,1850,0,NOC_NPS_VNOC_X3Y1,VNOC,data_vc,0,5,1
1850000,1850,1,NOC_NPS_VNOC_X3Y0,VNOC,credit,1,-1,1
1850000,1850,1,NOC_NPS_VNOC_X3Y0,VNOC,data_vc,1,5,1
1851000,1851,0,NOC_NPS_VNOC_X3Y1,VNOC,credit,0,-1,1
1851000,1851,0,NOC_NPS_VNOC_X3Y1,VNOC,data_vc,0,5,1
1851000,1851,1,NOC_NPS_VNOC_X3Y0,VNOC,credit,1,-1,1
1851000,1851,1,NOC_NPS_VNOC_X3Y0,VNOC,data_vc,1,5,1
1852000,1852,0,NOC_NPS_VNOC_X3Y1,VNOC,credit,0,-1,1
1852000,1852,0,NOC_NPS_VNOC_X3Y1,VNOC,data_vc,0,5,1
1852000,1852,1,NOC_NPS_VNOC_X3Y0,VNOC,credit,1,-1,1
1852000,1852,1,NOC_NPS_VNOC_X3Y0,VNOC,data_vc,1,5,1
1853000,1853,0,NOC_NPS_VNOC_X3Y1,VNOC,credit,0,-1,1
1853000,1853,0,NOC_NPS_VNOC_X3Y1,VNOC,data_vc,0,5,1
1853000,1853,1,NOC_NPS_VNOC_X3Y0,VNOC,credit,1,-1,1
1853000,1853,1,NOC_NPS_VNOC_X3Y0,VNOC,data_vc,1,5,1
1854000,1854,0,NOC_NPS_VNOC_X3Y1,VNOC,credit,0,-1,1
1854000,1854,0,NOC_NPS_VNOC_X3Y1,VNOC,data_vc,0,5,1
1854000,1854,1,NOC_NPS_VNOC_X3Y0,VNOC,credit,1,-1,1
1854000,1854,1,NOC_NPS_VNOC_X3Y0,VNOC,data_vc,1,5,1
1855000,1855,0,NOC_NPS_VNOC_X3Y1,VNOC,credit,0,-1,1
1855000,1855,0,NOC_NPS_VNOC_X3Y1,VNOC,data_vc,0,5,1
1855000,1855,1,NOC_NPS_VNOC_X3Y0,VNOC,credit,1,-1,1
1855000,1855,1,NOC_NPS_VNOC_X3Y0,VNOC,data_vc,1,5,1
1856000,1856,0,NOC_NPS_VNOC_X3Y1,VNOC,credit,0,-1,1
1856000,1856,0,NOC_NPS_VNOC_X3Y1,VNOC,data_vc,0,5,1
1856000,1856,1,NOC_NPS_VNOC_X3Y0,VNOC,credit,1,-1,1
1856000,1856,1,NOC_NPS_VNOC_X3Y0,VNOC,data_vc,1,5,1
1857000,1857,0,NOC_NPS_VNOC_X3Y1,VNOC,credit,0,-1,1
1857000,1857,0,NOC_NPS_VNOC_X3Y1,VNOC,data_vc,0,5,1
1857000,1857,1,NOC_NPS_VNOC_X3Y0,VNOC,credit,1,-1,1
1857000,1857,1,NOC_NPS_VNOC_X3Y0,VNOC,data_vc,1,5,1
1858000,1858,0,NOC_NPS_VNOC_X3Y1,VNOC,credit,0,-1,1
1858000,1858,0,NOC_NPS_VNOC_X3Y1,VNOC,data_vc,0,5,1
1858000,1858,1,NOC_NPS_VNOC_X3Y0,VNOC,credit,1,-1,1
1858000,1858,1,NOC_NPS_VNOC_X3Y0,VNOC,data_vc,1,5,1
1859000,1859,0,NOC_NPS_VNOC_X3Y1,VNOC,credit,0,-1,1
1859000,1859,0,NOC_NPS_VNOC_X3Y1,VNOC,data_vc,0,5,1
1859000,1859,1,NOC_NPS_VNOC_X3Y0,VNOC,credit,1,-1,1
1859000,1859,1,NOC_NPS_VNOC_X3Y0,VNOC,data_vc,1,5,1
1860000,1860,0,NOC_NPS_VNOC_X3Y1,VNOC,credit,0,-1,1
1860000,1860,0,NOC_NPS_VNOC_X3Y1,VNOC,data_vc,0,5,1
1860000,1860,1,NOC_NPS_VNOC_X3Y0,VNOC,credit,1,-1,1
1860000,1860,1,NOC_NPS_VNOC_X3Y0,VNOC,data_vc,1,5,1
1861000,1861,0,NOC_NPS_VNOC_X3Y1,VNOC,credit,0,-1,1
1861000,1861,0,NOC_NPS_VNOC_X3Y1,VNOC,data_vc,0,5,1
1861000,1861,1,NOC_NPS_VNOC_X3Y0,VNOC,credit,1,-1,1
1861000,1861,1,NOC_NPS_VNOC_X3Y0,VNOC,data_vc,1,5,1
1862000,1862,0,NOC_NPS_VNOC_X3Y1,VNOC,credit,0,-1,1
1862000,1862,0,NOC_NPS_VNOC_X3Y1,VNOC,data_vc,0,5,1
1862000,1862,1,NOC_NPS_VNOC_X3Y0,VNOC,credit,1,-1,1
1862000,1862,1,NOC_NPS_VNOC_X3Y0,VNOC,data_vc,1,5,1
1863000,1863,0,NOC_NPS_VNOC_X3Y1,VNOC,credit,0,-1,1
1863000,1863,0,NOC_NPS_VNOC_X3Y1,VNOC,data_vc,0,5,1
1863000,1863,1,NOC_NPS_VNOC_X3Y0,VNOC,credit,1,-1,1
1863000,1863,1,NOC_NPS_VNOC_X3Y0,VNOC,data_vc,1,5,1
1864000,1864,0,NOC_NPS_VNOC_X3Y1,VNOC,credit,0,-1,1
1864000,1864,0,NOC_NPS_VNOC_X3Y1,VNOC,data_vc,0,5,1
1864000,1864,1,NOC_NPS_VNOC_X3Y0,VNOC,credit,1,-1,1
1864000,1864,1,NOC_NPS_VNOC_X3Y0,VNOC,data_vc,1,5,1
1865000,1865,0,NOC_NPS_VNOC_X3Y1,VNOC,credit,0,-1,1
1865000,1865,0,NOC_NPS_VNOC_X3Y1,VNOC,data_vc,0,5,1
1865000,1865,1,NOC_NPS_VNOC_X3Y0,VNOC,credit,1,-1,1
1865000,1865,1,NOC_NPS_VNOC_X3Y0,VNOC,data_vc,1,5,1
1866000,1866,0,NOC_NPS_VNOC_X3Y1,VNOC,credit,0,-1,1
1866000,1866,0,NOC_NPS_VNOC_X3Y1,VNOC,data_vc,0,5,1
1866000,1866,1,NOC_NPS_VNOC_X3Y0,VNOC,credit,1,-1,1
1866000,1866,1,NOC_NPS_VNOC_X3Y0,VNOC,data_vc,1,5,1
1867000,1867,0,NOC_NPS_VNOC_X3Y1,VNOC,credit,0,-1,1
1867000,1867,0,NOC_NPS_VNOC_X3Y1,VNOC,data_vc,0,5,1
1867000,1867,1,NOC_NPS_VNOC_X3Y0,VNOC,credit,1,-1,1
1867000,1867,1,NOC_NPS_VNOC_X3Y0,VNOC,data_vc,1,5,1
1868000,1868,0,NOC_NPS_VNOC_X3Y1,VNOC,credit,0,-1,1
1868000,1868,0,NOC_NPS_VNOC_X3Y1,VNOC,data_vc,0,5,1
1868000,1868,1,NOC_NPS_VNOC_X3Y0,VNOC,credit,1,-1,1
1868000,1868,1,NOC_NPS_VNOC_X3Y0,VNOC,data_vc,1,5,1
1869000,1869,0,NOC_NPS_VNOC_X3Y1,VNOC,credit,0,-1,1
1869000,1869,0,NOC_NPS_VNOC_X3Y1,VNOC,data_vc,0,5,1
1869000,1869,1,NOC_NPS_VNOC_X3Y0,VNOC,credit,1,-1,1
1869000,1869,1,NOC_NPS_VNOC_X3Y0,VNOC,data_vc,1,5,1
1870000,1870,0,NOC_NPS_VNOC_X3Y1,VNOC,credit,0,-1,1
1870000,1870,0,NOC_NPS_VNOC_X3Y1,VNOC,data_vc,0,5,1
1870000,1870,1,NOC_NPS_VNOC_X3Y0,VNOC,credit,1,-1,1
1870000,1870,1,NOC_NPS_VNOC_X3Y0,VNOC,data_vc,1,5,1
1871000,1871,0,NOC_NPS_VNOC_X3Y1,VNOC,credit,0,-1,1
1871000,1871,0,NOC_NPS_VNOC_X3Y1,VNOC,data_vc,0,5,1
1871000,1871,1,NOC_NPS_VNOC_X3Y0,VNOC,credit,1,-1,1
1871000,1871,1,NOC_NPS_VNOC_X3Y0,VNOC,data_vc,1,5,1
1872000,1872,0,NOC_NPS_VNOC_X3Y1,VNOC,credit,0,-1,1
1872000,1872,0,NOC_NPS_VNOC_X3Y1,VNOC,data_vc,0,5,1
1872000,1872,1,NOC_NPS_VNOC_X3Y0,VNOC,credit,1,-1,1
1872000,1872,1,NOC_NPS_VNOC_X3Y0,VNOC,data_vc,1,5,1
1873000,1873,0,NOC_NPS_VNOC_X3Y1,VNOC,credit,0,-1,1
1873000,1873,0,NOC_NPS_VNOC_X3Y1,VNOC,data_vc,0,5,1
1873000,1873,1,NOC_NPS_VNOC_X3Y0,VNOC,credit,1,-1,1
1873000,1873,1,NOC_NPS_VNOC_X3Y0,VNOC,data_vc,1,5,1
1874000,1874,0,NOC_NPS_VNOC_X3Y1,VNOC,credit,0,-1,1
1874000,1874,0,NOC_NPS_VNOC_X3Y1,VNOC,data_vc,0,5,1
1874000,1874,1,NOC_NPS_VNOC_X3Y0,VNOC,credit,1,-1,1
1874000,1874,1,NOC_NPS_VNOC_X3Y0,VNOC,data_vc,1,5,1
1875000,1875,0,NOC_NPS_VNOC_X3Y1,VNOC,credit,0,-1,1
1875000,1875,0,NOC_NPS_VNOC_X3Y1,VNOC,data_vc,0,5,1
1875000,1875,1,NOC_NPS_VNOC_X3Y0,VNOC,credit,1,-1,1
1875000,1875,1,NOC_NPS_VNOC_X3Y0,VNOC,data_vc,1,5,1
1876000,1876,0,NOC_NPS_VNOC_X3Y1,VNOC,credit,0,-1,1
1876000,1876,0,NOC_NPS_VNOC_X3Y1,VNOC,data_vc,0,5,1
1876000,1876,1,NOC_NPS_VNOC_X3Y0,VNOC,credit,1,-1,1
1876000,1876,1,NOC_NPS_VNOC_X3Y0,VNOC,data_vc,1,5,1
1877000,1877,0,NOC_NPS_VNOC_X3Y1,VNOC,credit,0,-1,1
1877000,1877,0,NOC_NPS_VNOC_X3Y1,VNOC,data_vc,0,5,1
1877000,1877,1,NOC_NPS_VNOC_X3Y0,VNOC,credit,1,-1,1
1877000,1877,1,NOC_NPS_VNOC_X3Y0,VNOC,data_vc,1,5,1
1878000,1878,0,NOC_NPS_VNOC_X3Y1,VNOC,credit,0,-1,1
1878000,1878,0,NOC_NPS_VNOC_X3Y1,VNOC,data_vc,0,5,1
1878000,1878,1,NOC_NPS_VNOC_X3Y0,VNOC,credit,1,-1,1
1878000,1878,1,NOC_NPS_VNOC_X3Y0,VNOC,data_vc,1,5,1
1879000,1879,0,NOC_NPS_VNOC_X3Y1,VNOC,credit,0,-1,1
1879000,1879,0,NOC_NPS_VNOC_X3Y1,VNOC,data_vc,0,5,1
1879000,1879,1,NOC_NPS_VNOC_X3Y0,VNOC,credit,1,-1,1
1879000,1879,1,NOC_NPS_VNOC_X3Y0,VNOC,data_vc,1,5,1
1880000,1880,0,NOC_NPS_VNOC_X3Y1,VNOC,credit,0,-1,1
1880000,1880,0,NOC_NPS_VNOC_X3Y1,VNOC,data_vc,0,5,1
1880000,1880,1,NOC_NPS_VNOC_X3Y0,VNOC,credit,1,-1,1
1880000,1880,1,NOC_NPS_VNOC_X3Y0,VNOC,data_vc,1,5,1
1881000,1881,0,NOC_NPS_VNOC_X3Y1,VNOC,credit,0,-1,1
1881000,1881,0,NOC_NPS_VNOC_X3Y1,VNOC,data_vc,0,5,1
1881000,1881,1,NOC_NPS_VNOC_X3Y0,VNOC,credit,1,-1,1
1881000,1881,1,NOC_NPS_VNOC_X3Y0,VNOC,data_vc,1,5,1
1882000,1882,0,NOC_NPS_VNOC_X3Y1,VNOC,credit,0,-1,1
1882000,1882,0,NOC_NPS_VNOC_X3Y1,VNOC,data_vc,0,5,1
1882000,1882,1,NOC_NPS_VNOC_X3Y0,VNOC,credit,1,-1,1
1882000,1882,1,NOC_NPS_VNOC_X3Y0,VNOC,data_vc,1,5,1
1883000,1883,0,NOC_NPS_VNOC_X3Y1,VNOC,credit,0,-1,1
1883000,1883,0,NOC_NPS_VNOC_X3Y1,VNOC,data_vc,0,5,1
1883000,1883,1,NOC_NPS_VNOC_X3Y0,VNOC,credit,1,-1,1
1883000,1883,1,NOC_NPS_VNOC_X3Y0,VNOC,data_vc,1,5,1
1884000,1884,0,NOC_NPS_VNOC_X3Y1,VNOC,credit,0,-1,1
1884000,1884,0,NOC_NPS_VNOC_X3Y1,VNOC,data_vc,0,5,1
1884000,1884,1,NOC_NPS_VNOC_X3Y0,VNOC,credit,1,-1,1
1884000,1884,1,NOC_NPS_VNOC_X3Y0,VNOC,data_vc,1,5,1
1885000,1885,0,NOC_NPS_VNOC_X3Y1,VNOC,credit,0,-1,1
1885000,1885,0,NOC_NPS_VNOC_X3Y1,VNOC,data_vc,0,5,1
1885000,1885,1,NOC_NPS_VNOC_X3Y0,VNOC,credit,1,-1,1
1885000,1885,1,NOC_NPS_VNOC_X3Y0,VNOC,data_vc,1,5,1
1886000,1886,0,NOC_NPS_VNOC_X3Y1,VNOC,credit,0,-1,1
1886000,1886,0,NOC_NPS_VNOC_X3Y1,VNOC,data_vc,0,5,1
1886000,1886,1,NOC_NPS_VNOC_X3Y0,VNOC,credit,1,-1,1
1886000,1886,1,NOC_NPS_VNOC_X3Y0,VNOC,data_vc,1,5,1
1887000,1887,0,NOC_NPS_VNOC_X3Y1,VNOC,credit,0,-1,1
1887000,1887,0,NOC_NPS_VNOC_X3Y1,VNOC,data_vc,0,5,1
1887000,1887,1,NOC_NPS_VNOC_X3Y0,VNOC,credit,1,-1,1
1887000,1887,1,NOC_NPS_VNOC_X3Y0,VNOC,data_vc,1,5,1
1888000,1888,0,NOC_NPS_VNOC_X3Y1,VNOC,credit,0,-1,1
1888000,1888,0,NOC_NPS_VNOC_X3Y1,VNOC,data_vc,0,5,1
1888000,1888,1,NOC_NPS_VNOC_X3Y0,VNOC,credit,1,-1,1
1888000,1888,1,NOC_NPS_VNOC_X3Y0,VNOC,data_vc,1,5,1
1889000,1889,0,NOC_NPS_VNOC_X3Y1,VNOC,credit,0,-1,1
1889000,1889,0,NOC_NPS_VNOC_X3Y1,VNOC,data_vc,0,5,1
1889000,1889,1,NOC_NPS_VNOC_X3Y0,VNOC,credit,1,-1,1
1889000,1889,1,NOC_NPS_VNOC_X3Y0,VNOC,data_vc,1,5,1
1890000,1890,0,NOC_NPS_VNOC_X3Y1,VNOC,credit,0,-1,1
1890000,1890,0,NOC_NPS_VNOC_X3Y1,VNOC,data_vc,0,5,1
1890000,1890,1,NOC_NPS_VNOC_X3Y0,VNOC,credit,1,-1,1
1890000,1890,1,NOC_NPS_VNOC_X3Y0,VNOC,data_vc,1,5,1
1891000,1891,0,NOC_NPS_VNOC_X3Y1,VNOC,credit,0,-1,1
1891000,1891,0,NOC_NPS_VNOC_X3Y1,VNOC,data_vc,0,5,1
1891000,1891,1,NOC_NPS_VNOC_X3Y0,VNOC,credit,1,-1,1
1891000,1891,1,NOC_NPS_VNOC_X3Y0,VNOC,data_vc,1,5,1
1892000,1892,0,NOC_NPS_VNOC_X3Y1,VNOC,credit,0,-1,1
1892000,1892,0,NOC_NPS_VNOC_X3Y1,VNOC,data_vc,0,5,1
1892000,1892,1,NOC_NPS_VNOC_X3Y0,VNOC,credit,1,-1,1
1892000,1892,1,NOC_NPS_VNOC_X3Y0,VNOC,data_vc,1,5,1
1893000,1893,0,NOC_NPS_VNOC_X3Y1,VNOC,credit,0,-1,1
1893000,1893,0,NOC_NPS_VNOC_X3Y1,VNOC,data_vc,0,5,1
1893000,1893,1,NOC_NPS_VNOC_X3Y0,VNOC,credit,1,-1,1
1893000,1893,1,NOC_NPS_VNOC_X3Y0,VNOC,data_vc,1,5,1
1894000,1894,0,NOC_NPS_VNOC_X3Y1,VNOC,credit,0,-1,1
1894000,1894,0,NOC_NPS_VNOC_X3Y1,VNOC,data_vc,0,5,1
1894000,1894,1,NOC_NPS_VNOC_X3Y0,VNOC,credit,1,-1,1
1894000,1894,1,NOC_NPS_VNOC_X3Y0,VNOC,data_vc,1,5,1
1895000,1895,0,NOC_NPS_VNOC_X3Y1,VNOC,credit,0,-1,1
1895000,1895,0,NOC_NPS_VNOC_X3Y1,VNOC,data_vc,0,5,1
1895000,1895,1,NOC_NPS_VNOC_X3Y0,VNOC,credit,1,-1,1
1895000,1895,1,NOC_NPS_VNOC_X3Y0,VNOC,data_vc,1,5,1
1896000,1896,0,NOC_NPS_VNOC_X3Y1,VNOC,credit,0,-1,1
1896000,1896,0,NOC_NPS_VNOC_X3Y1,VNOC,data_vc,0,5,1
1896000,1896,1,NOC_NPS_VNOC_X3Y0,VNOC,credit,1,-1,1
1896000,1896,1,NOC_NPS_VNOC_X3Y0,VNOC,data_vc,1,5,1
1897000,1897,0,NOC_NPS_VNOC_X3Y1,VNOC,credit,0,-1,1
1897000,1897,0,NOC_NPS_VNOC_X3Y1,VNOC,data_vc,0,5,1
1897000,1897,1,NOC_NPS_VNOC_X3Y0,VNOC,credit,1,-1,1
1897000,1897,1,NOC_NPS_VNOC_X3Y0,VNOC,data_vc,1,5,1
1898000,1898,0,NOC_NPS_VNOC_X3Y1,VNOC,credit,0,-1,1
1898000,1898,0,NOC_NPS_VNOC_X3Y1,VNOC,data_vc,0,5,1
1898000,1898,1,NOC_NPS_VNOC_X3Y0,VNOC,credit,1,-1,1
1898000,1898,1,NOC_NPS_VNOC_X3Y0,VNOC,data_vc,1,5,1
1899000,1899,0,NOC_NPS_VNOC_X3Y1,VNOC,credit,0,-1,1
1899000,1899,0,NOC_NPS_VNOC_X3Y1,VNOC,data_vc,0,5,1
1899000,1899,1,NOC_NPS_VNOC_X3Y0,VNOC,credit,1,-1,1
1899000,1899,1,NOC_NPS_VNOC_X3Y0,VNOC,data_vc,1,5,1
1900000,1900,0,NOC_NPS_VNOC_X3Y1,VNOC,credit,0,-1,1
1900000,1900,0,NOC_NPS_VNOC_X3Y1,VNOC,data_vc,0,5,1
1900000,1900,1,NOC_NPS_VNOC_X3Y0,VNOC,credit,1,-1,1
1900000,1900,1,NOC_NPS_VNOC_X3Y0,VNOC,data_vc,1,5,1
1901000,1901,0,NOC_NPS_VNOC_X3Y1,VNOC,credit,0,-1,1
1901000,1901,0,NOC_NPS_VNOC_X3Y1,VNOC,data_vc,0,5,1
1901000,1901,1,NOC_NPS_VNOC_X3Y0,VNOC,credit,1,-1,1
1901000,1901,1,NOC_NPS_VNOC_X3Y0,VNOC,data_vc,1,5,1
1902000,1902,0,NOC_NPS_VNOC_X3Y1,VNOC,credit,0,-1,1
1902000,1902,0,NOC_NPS_VNOC_X3Y1,VNOC,data_vc,0,5,1
1902000,1902,1,NOC_NPS_VNOC_X3Y0,VNOC,credit,1,-1,1
1902000,1902,1,NOC_NPS_VNOC_X3Y0,VNOC,data_vc,1,5,1
1903000,1903,0,NOC_NPS_VNOC_X3Y1,VNOC,credit,0,-1,1
1903000,1903,0,NOC_NPS_VNOC_X3Y1,VNOC,data_vc,0,5,1
1903000,1903,1,NOC_NPS_VNOC_X3Y0,VNOC,credit,1,-1,1
1903000,1903,1,NOC_NPS_VNOC_X3Y0,VNOC,data_vc,1,5,1
1904000,1904,0,NOC_NPS_VNOC_X3Y1,VNOC,credit,0,-1,1
1904000,1904,0,NOC_NPS_VNOC_X3Y1,VNOC,data_vc,0,5,1
1904000,1904,1,NOC_NPS_VNOC_X3Y0,VNOC,credit,1,-1,1
1904000,1904,1,NOC_NPS_VNOC_X3Y0,VNOC,data_vc,1,5,1
1905000,1905,0,NOC_NPS_VNOC_X3Y1,VNOC,credit,0,-1,1
1905000,1905,0,NOC_NPS_VNOC_X3Y1,VNOC,data_vc,0,5,1
1905000,1905,1,NOC_NPS_VNOC_X3Y0,VNOC,credit,1,-1,1
1905000,1905,1,NOC_NPS_VNOC_X3Y0,VNOC,data_vc,1,5,1
1906000,1906,0,NOC_NPS_VNOC_X3Y1,VNOC,credit,0,-1,1
1906000,1906,0,NOC_NPS_VNOC_X3Y1,VNOC,data_vc,0,5,1
1906000,1906,1,NOC_NPS_VNOC_X3Y0,VNOC,credit,1,-1,1
1906000,1906,1,NOC_NPS_VNOC_X3Y0,VNOC,data_vc,1,5,1
1907000,1907,0,NOC_NPS_VNOC_X3Y1,VNOC,credit,0,-1,1
1907000,1907,0,NOC_NPS_VNOC_X3Y1,VNOC,data_vc,0,5,1
1907000,1907,1,NOC_NPS_VNOC_X3Y0,VNOC,credit,1,-1,1
1907000,1907,1,NOC_NPS_VNOC_X3Y0,VNOC,data_vc,1,5,1
1908000,1908,0,NOC_NPS_VNOC_X3Y1,VNOC,credit,0,-1,1
1908000,1908,0,NOC_NPS_VNOC_X3Y1,VNOC,data_vc,0,5,1
1908000,1908,1,NOC_NPS_VNOC_X3Y0,VNOC,credit,1,-1,1
1908000,1908,1,NOC_NPS_VNOC_X3Y0,VNOC,data_vc,1,5,1
1909000,1909,0,NOC_NPS_VNOC_X3Y1,VNOC,credit,0,-1,1
1909000,1909,0,NOC_NPS_VNOC_X3Y1,VNOC,data_vc,0,5,1
1909000,1909,1,NOC_NPS_VNOC_X3Y0,VNOC,credit,1,-1,1
1909000,1909,1,NOC_NPS_VNOC_X3Y0,VNOC,data_vc,1,5,1
1910000,1910,0,NOC_NPS_VNOC_X3Y1,VNOC,credit,0,-1,1
1910000,1910,0,NOC_NPS_VNOC_X3Y1,VNOC,data_vc,0,5,1
1910000,1910,1,NOC_NPS_VNOC_X3Y0,VNOC,credit,1,-1,1
1910000,1910,1,NOC_NPS_VNOC_X3Y0,VNOC,data_vc,1,5,1
1911000,1911,0,NOC_NPS_VNOC_X3Y1,VNOC,credit,0,-1,1
1911000,1911,0,NOC_NPS_VNOC_X3Y1,VNOC,data_vc,0,5,1
1911000,1911,1,NOC_NPS_VNOC_X3Y0,VNOC,credit,1,-1,1
1911000,1911,1,NOC_NPS_VNOC_X3Y0,VNOC,data_vc,1,5,1
1912000,1912,0,NOC_NPS_VNOC_X3Y1,VNOC,credit,0,-1,1
1912000,1912,0,NOC_NPS_VNOC_X3Y1,VNOC,data_vc,0,5,1
1912000,1912,1,NOC_NPS_VNOC_X3Y0,VNOC,credit,1,-1,1
1912000,1912,1,NOC_NPS_VNOC_X3Y0,VNOC,data_vc,1,5,1
1913000,1913,0,NOC_NPS_VNOC_X3Y1,VNOC,credit,0,-1,1
1913000,1913,0,NOC_NPS_VNOC_X3Y1,VNOC,data_vc,0,5,1
1913000,1913,1,NOC_NPS_VNOC_X3Y0,VNOC,credit,1,-1,1
1913000,1913,1,NOC_NPS_VNOC_X3Y0,VNOC,data_vc,1,5,1
1914000,1914,0,NOC_NPS_VNOC_X3Y1,VNOC,credit,0,-1,1
1914000,1914,0,NOC_NPS_VNOC_X3Y1,VNOC,data_vc,0,5,1
1914000,1914,1,NOC_NPS_VNOC_X3Y0,VNOC,credit,1,-1,1
1914000,1914,1,NOC_NPS_VNOC_X3Y0,VNOC,data_vc,1,5,1
1915000,1915,0,NOC_NPS_VNOC_X3Y1,VNOC,credit,0,-1,1
1915000,1915,0,NOC_NPS_VNOC_X3Y1,VNOC,data_vc,0,5,1
1915000,1915,1,NOC_NPS_VNOC_X3Y0,VNOC,credit,1,-1,1
1915000,1915,1,NOC_NPS_VNOC_X3Y0,VNOC,data_vc,1,5,1
1916000,1916,0,NOC_NPS_VNOC_X3Y1,VNOC,credit,0,-1,1
1916000,1916,0,NOC_NPS_VNOC_X3Y1,VNOC,data_vc,0,5,1
1916000,1916,1,NOC_NPS_VNOC_X3Y0,VNOC,credit,1,-1,1
1916000,1916,1,NOC_NPS_VNOC_X3Y0,VNOC,data_vc,1,5,1
1917000,1917,0,NOC_NPS_VNOC_X3Y1,VNOC,credit,0,-1,1
1917000,1917,0,NOC_NPS_VNOC_X3Y1,VNOC,data_vc,0,5,1
1917000,1917,1,NOC_NPS_VNOC_X3Y0,VNOC,credit,1,-1,1
1917000,1917,1,NOC_NPS_VNOC_X3Y0,VNOC,data_vc,1,5,1
1918000,1918,0,NOC_NPS_VNOC_X3Y1,VNOC,credit,0,-1,1
1918000,1918,0,NOC_NPS_VNOC_X3Y1,VNOC,data_vc,0,5,1
1918000,1918,1,NOC_NPS_VNOC_X3Y0,VNOC,credit,1,-1,1
1918000,1918,1,NOC_NPS_VNOC_X3Y0,VNOC,data_vc,1,5,1
1919000,1919,0,NOC_NPS_VNOC_X3Y1,VNOC,credit,0,-1,1
1919000,1919,0,NOC_NPS_VNOC_X3Y1,VNOC,data_vc,0,5,1
1919000,1919,1,NOC_NPS_VNOC_X3Y0,VNOC,credit,1,-1,1
1919000,1919,1,NOC_NPS_VNOC_X3Y0,VNOC,data_vc,1,5,1
1920000,1920,0,NOC_NPS_VNOC_X3Y1,VNOC,credit,0,-1,1
1920000,1920,0,NOC_NPS_VNOC_X3Y1,VNOC,data_vc,0,5,1
1920000,1920,1,NOC_NPS_VNOC_X3Y0,VNOC,credit,1,-1,1
1920000,1920,1,NOC_NPS_VNOC_X3Y0,VNOC,data_vc,1,5,1
1921000,1921,0,NOC_NPS_VNOC_X3Y1,VNOC,credit,0,-1,1
1921000,1921,0,NOC_NPS_VNOC_X3Y1,VNOC,data_vc,0,5,1
1921000,1921,1,NOC_NPS_VNOC_X3Y0,VNOC,credit,1,-1,1
1921000,1921,1,NOC_NPS_VNOC_X3Y0,VNOC,data_vc,1,5,1
1922000,1922,0,NOC_NPS_VNOC_X3Y1,VNOC,credit,0,-1,1
1922000,1922,0,NOC_NPS_VNOC_X3Y1,VNOC,data_vc,0,5,1
1922000,1922,1,NOC_NPS_VNOC_X3Y0,VNOC,credit,1,-1,1
1922000,1922,1,NOC_NPS_VNOC_X3Y0,VNOC,data_vc,1,5,1
1923000,1923,0,NOC_NPS_VNOC_X3Y1,VNOC,credit,0,-1,1
1923000,1923,0,NOC_NPS_VNOC_X3Y1,VNOC,data_vc,0,5,1
1923000,1923,1,NOC_NPS_VNOC_X3Y0,VNOC,credit,1,-1,1
1923000,1923,1,NOC_NPS_VNOC_X3Y0,VNOC,data_vc,1,5,1
1924000,1924,0,NOC_NPS_VNOC_X3Y1,VNOC,credit,0,-1,1
1924000,1924,0,NOC_NPS_VNOC_X3Y1,VNOC,data_vc,0,5,1
1924000,1924,1,NOC_NPS_VNOC_X3Y0,VNOC,credit,1,-1,1
1924000,1924,1,NOC_NPS_VNOC_X3Y0,VNOC,data_vc,1,5,1
1925000,1925,0,NOC_NPS_VNOC_X3Y1,VNOC,credit,0,-1,1
1925000,1925,1,NOC_NPS_VNOC_X3Y0,VNOC,credit,1,-1,1
1925000,1925,1,NOC_NPS_VNOC_X3Y0,VNOC,data_vc,1,5,1
1926000,1926,0,NOC_NPS_VNOC_X3Y1,VNOC,credit,0,-1,1
1926000,1926,1,NOC_NPS_VNOC_X3Y0,VNOC,credit,1,-1,1
1926000,1926,1,NOC_NPS_VNOC_X3Y0,VNOC,data_vc,1,5,1
1927000,1927,0,NOC_NPS_VNOC_X3Y1,VNOC,credit,0,-1,1
1927000,1927,0,NOC_NPS_VNOC_X3Y1,VNOC,data_vc,0,5,1
1927000,1927,1,NOC_NPS_VNOC_X3Y0,VNOC,credit,1,-1,1
1928000,1928,0,NOC_NPS_VNOC_X3Y1,VNOC,credit,0,-1,1
1928000,1928,0,NOC_NPS_VNOC_X3Y1,VNOC,data_vc,0,5,1
1928000,1928,1,NOC_NPS_VNOC_X3Y0,VNOC,credit,1,-1,1
1929000,1929,0,NOC_NPS_VNOC_X3Y1,VNOC,data_vc,0,5,1
1929000,1929,1,NOC_NPS_VNOC_X3Y0,VNOC,credit,1,-1,1
1929000,1929,1,NOC_NPS_VNOC_X3Y0,VNOC,data_vc,1,5,1
1930000,1930,0,NOC_NPS_VNOC_X3Y1,VNOC,data_vc,0,5,1
1930000,1930,1,NOC_NPS_VNOC_X3Y0,VNOC,credit,1,-1,1
1930000,1930,1,NOC_NPS_VNOC_X3Y0,VNOC,data_vc,1,5,1
1931000,1931,0,NOC_NPS_VNOC_X3Y1,VNOC,credit,0,-1,1
1931000,1931,0,NOC_NPS_VNOC_X3Y1,VNOC,data_vc,0,5,1
1931000,1931,1,NOC_NPS_VNOC_X3Y0,VNOC,data_vc,1,5,1
1932000,1932,0,NOC_NPS_VNOC_X3Y1,VNOC,credit,0,-1,1
1932000,1932,0,NOC_NPS_VNOC_X3Y1,VNOC,data_vc,0,5,1
1932000,1932,1,NOC_NPS_VNOC_X3Y0,VNOC,data_vc,1,5,1
1933000,1933,0,NOC_NPS_VNOC_X3Y1,VNOC,credit,0,-1,1
1933000,1933,0,NOC_NPS_VNOC_X3Y1,VNOC,data_vc,0,5,1
1933000,1933,1,NOC_NPS_VNOC_X3Y0,VNOC,credit,1,-1,1
1933000,1933,1,NOC_NPS_VNOC_X3Y0,VNOC,data_vc,1,5,1
1934000,1934,0,NOC_NPS_VNOC_X3Y1,VNOC,credit,0,-1,1
1934000,1934,0,NOC_NPS_VNOC_X3Y1,VNOC,data_vc,0,5,1
1934000,1934,1,NOC_NPS_VNOC_X3Y0,VNOC,credit,1,-1,1
1934000,1934,1,NOC_NPS_VNOC_X3Y0,VNOC,data_vc,1,5,1
1935000,1935,0,NOC_NPS_VNOC_X3Y1,VNOC,credit,0,-1,1
1935000,1935,0,NOC_NPS_VNOC_X3Y1,VNOC,data_vc,0,5,1
1935000,1935,1,NOC_NPS_VNOC_X3Y0,VNOC,credit,1,-1,1
1935000,1935,1,NOC_NPS_VNOC_X3Y0,VNOC,data_vc,1,5,1
1936000,1936,0,NOC_NPS_VNOC_X3Y1,VNOC,credit,0,-1,1
1936000,1936,0,NOC_NPS_VNOC_X3Y1,VNOC,data_vc,0,5,1
1936000,1936,1,NOC_NPS_VNOC_X3Y0,VNOC,credit,1,-1,1
1936000,1936,1,NOC_NPS_VNOC_X3Y0,VNOC,data_vc,1,5,1
1937000,1937,0,NOC_NPS_VNOC_X3Y1,VNOC,credit,0,-1,1
1937000,1937,0,NOC_NPS_VNOC_X3Y1,VNOC,data_vc,0,5,1
1937000,1937,1,NOC_NPS_VNOC_X3Y0,VNOC,credit,1,-1,1
1937000,1937,1,NOC_NPS_VNOC_X3Y0,VNOC,data_vc,1,5,1
1938000,1938,0,NOC_NPS_VNOC_X3Y1,VNOC,credit,0,-1,1
1938000,1938,0,NOC_NPS_VNOC_X3Y1,VNOC,data_vc,0,5,1
1938000,1938,1,NOC_NPS_VNOC_X3Y0,VNOC,credit,1,-1,1
1938000,1938,1,NOC_NPS_VNOC_X3Y0,VNOC,data_vc,1,5,1
1939000,1939,0,NOC_NPS_VNOC_X3Y1,VNOC,credit,0,-1,1
1939000,1939,0,NOC_NPS_VNOC_X3Y1,VNOC,data_vc,0,5,1
1939000,1939,1,NOC_NPS_VNOC_X3Y0,VNOC,credit,1,-1,1
1939000,1939,1,NOC_NPS_VNOC_X3Y0,VNOC,data_vc,1,5,1
1940000,1940,0,NOC_NPS_VNOC_X3Y1,VNOC,credit,0,-1,1
1940000,1940,0,NOC_NPS_VNOC_X3Y1,VNOC,data_vc,0,5,1
1940000,1940,1,NOC_NPS_VNOC_X3Y0,VNOC,credit,1,-1,1
1940000,1940,1,NOC_NPS_VNOC_X3Y0,VNOC,data_vc,1,5,1
1941000,1941,0,NOC_NPS_VNOC_X3Y1,VNOC,credit,0,-1,1
1941000,1941,0,NOC_NPS_VNOC_X3Y1,VNOC,data_vc,0,5,1
1941000,1941,1,NOC_NPS_VNOC_X3Y0,VNOC,credit,1,-1,1
1941000,1941,1,NOC_NPS_VNOC_X3Y0,VNOC,data_vc,1,5,1
1942000,1942,0,NOC_NPS_VNOC_X3Y1,VNOC,credit,0,-1,1
1942000,1942,0,NOC_NPS_VNOC_X3Y1,VNOC,data_vc,0,5,1
1942000,1942,1,NOC_NPS_VNOC_X3Y0,VNOC,credit,1,-1,1
1942000,1942,1,NOC_NPS_VNOC_X3Y0,VNOC,data_vc,1,5,1
1943000,1943,0,NOC_NPS_VNOC_X3Y1,VNOC,credit,0,-1,1
1943000,1943,0,NOC_NPS_VNOC_X3Y1,VNOC,data_vc,0,5,1
1943000,1943,1,NOC_NPS_VNOC_X3Y0,VNOC,credit,1,-1,1
1943000,1943,1,NOC_NPS_VNOC_X3Y0,VNOC,data_vc,1,5,1
1944000,1944,0,NOC_NPS_VNOC_X3Y1,VNOC,credit,0,-1,1
1944000,1944,0,NOC_NPS_VNOC_X3Y1,VNOC,data_vc,0,5,1
1944000,1944,1,NOC_NPS_VNOC_X3Y0,VNOC,credit,1,-1,1
1944000,1944,1,NOC_NPS_VNOC_X3Y0,VNOC,data_vc,1,5,1
1945000,1945,0,NOC_NPS_VNOC_X3Y1,VNOC,credit,0,-1,1
1945000,1945,0,NOC_NPS_VNOC_X3Y1,VNOC,data_vc,0,5,1
1945000,1945,1,NOC_NPS_VNOC_X3Y0,VNOC,credit,1,-1,1
1945000,1945,1,NOC_NPS_VNOC_X3Y0,VNOC,data_vc,1,5,1
1946000,1946,0,NOC_NPS_VNOC_X3Y1,VNOC,credit,0,-1,1
1946000,1946,0,NOC_NPS_VNOC_X3Y1,VNOC,data_vc,0,5,1
1946000,1946,1,NOC_NPS_VNOC_X3Y0,VNOC,credit,1,-1,1
1946000,1946,1,NOC_NPS_VNOC_X3Y0,VNOC,data_vc,1,5,1
1947000,1947,0,NOC_NPS_VNOC_X3Y1,VNOC,credit,0,-1,1
1947000,1947,0,NOC_NPS_VNOC_X3Y1,VNOC,data_vc,0,5,1
1947000,1947,1,NOC_NPS_VNOC_X3Y0,VNOC,credit,1,-1,1
1947000,1947,1,NOC_NPS_VNOC_X3Y0,VNOC,data_vc,1,5,1
1948000,1948,0,NOC_NPS_VNOC_X3Y1,VNOC,credit,0,-1,1
1948000,1948,0,NOC_NPS_VNOC_X3Y1,VNOC,data_vc,0,5,1
1948000,1948,1,NOC_NPS_VNOC_X3Y0,VNOC,credit,1,-1,1
1948000,1948,1,NOC_NPS_VNOC_X3Y0,VNOC,data_vc,1,5,1
1949000,1949,0,NOC_NPS_VNOC_X3Y1,VNOC,credit,0,-1,1
1949000,1949,0,NOC_NPS_VNOC_X3Y1,VNOC,data_vc,0,5,1
1949000,1949,1,NOC_NPS_VNOC_X3Y0,VNOC,credit,1,-1,1
1949000,1949,1,NOC_NPS_VNOC_X3Y0,VNOC,data_vc,1,5,1
1950000,1950,0,NOC_NPS_VNOC_X3Y1,VNOC,credit,0,-1,1
1950000,1950,0,NOC_NPS_VNOC_X3Y1,VNOC,data_vc,0,5,1
1950000,1950,1,NOC_NPS_VNOC_X3Y0,VNOC,credit,1,-1,1
1950000,1950,1,NOC_NPS_VNOC_X3Y0,VNOC,data_vc,1,5,1
1951000,1951,0,NOC_NPS_VNOC_X3Y1,VNOC,credit,0,-1,1
1951000,1951,0,NOC_NPS_VNOC_X3Y1,VNOC,data_vc,0,5,1
1951000,1951,1,NOC_NPS_VNOC_X3Y0,VNOC,credit,1,-1,1
1951000,1951,1,NOC_NPS_VNOC_X3Y0,VNOC,data_vc,1,5,1
1952000,1952,0,NOC_NPS_VNOC_X3Y1,VNOC,credit,0,-1,1
1952000,1952,0,NOC_NPS_VNOC_X3Y1,VNOC,data_vc,0,5,1
1952000,1952,1,NOC_NPS_VNOC_X3Y0,VNOC,credit,1,-1,1
1952000,1952,1,NOC_NPS_VNOC_X3Y0,VNOC,data_vc,1,5,1
1953000,1953,0,NOC_NPS_VNOC_X3Y1,VNOC,credit,0,-1,1
1953000,1953,0,NOC_NPS_VNOC_X3Y1,VNOC,data_vc,0,5,1
1953000,1953,1,NOC_NPS_VNOC_X3Y0,VNOC,credit,1,-1,1
1953000,1953,1,NOC_NPS_VNOC_X3Y0,VNOC,data_vc,1,5,1
1954000,1954,0,NOC_NPS_VNOC_X3Y1,VNOC,credit,0,-1,1
1954000,1954,0,NOC_NPS_VNOC_X3Y1,VNOC,data_vc,0,5,1
1954000,1954,1,NOC_NPS_VNOC_X3Y0,VNOC,credit,1,-1,1
1954000,1954,1,NOC_NPS_VNOC_X3Y0,VNOC,data_vc,1,5,1
1955000,1955,0,NOC_NPS_VNOC_X3Y1,VNOC,credit,0,-1,1
1955000,1955,0,NOC_NPS_VNOC_X3Y1,VNOC,data_vc,0,5,1
1955000,1955,1,NOC_NPS_VNOC_X3Y0,VNOC,credit,1,-1,1
1955000,1955,1,NOC_NPS_VNOC_X3Y0,VNOC,data_vc,1,5,1
1956000,1956,0,NOC_NPS_VNOC_X3Y1,VNOC,credit,0,-1,1
1956000,1956,0,NOC_NPS_VNOC_X3Y1,VNOC,data_vc,0,5,1
1956000,1956,1,NOC_NPS_VNOC_X3Y0,VNOC,credit,1,-1,1
1956000,1956,1,NOC_NPS_VNOC_X3Y0,VNOC,data_vc,1,5,1
1957000,1957,0,NOC_NPS_VNOC_X3Y1,VNOC,credit,0,-1,1
1957000,1957,0,NOC_NPS_VNOC_X3Y1,VNOC,data_vc,0,5,1
1957000,1957,1,NOC_NPS_VNOC_X3Y0,VNOC,credit,1,-1,1
1957000,1957,1,NOC_NPS_VNOC_X3Y0,VNOC,data_vc,1,5,1
1958000,1958,0,NOC_NPS_VNOC_X3Y1,VNOC,credit,0,-1,1
1958000,1958,0,NOC_NPS_VNOC_X3Y1,VNOC,data_vc,0,5,1
1958000,1958,1,NOC_NPS_VNOC_X3Y0,VNOC,credit,1,-1,1
1958000,1958,1,NOC_NPS_VNOC_X3Y0,VNOC,data_vc,1,5,1
1959000,1959,0,NOC_NPS_VNOC_X3Y1,VNOC,credit,0,-1,1
1959000,1959,0,NOC_NPS_VNOC_X3Y1,VNOC,data_vc,0,5,1
1959000,1959,1,NOC_NPS_VNOC_X3Y0,VNOC,credit,1,-1,1
1959000,1959,1,NOC_NPS_VNOC_X3Y0,VNOC,data_vc,1,5,1
1960000,1960,0,NOC_NPS_VNOC_X3Y1,VNOC,credit,0,-1,1
1960000,1960,0,NOC_NPS_VNOC_X3Y1,VNOC,data_vc,0,5,1
1960000,1960,1,NOC_NPS_VNOC_X3Y0,VNOC,credit,1,-1,1
1960000,1960,1,NOC_NPS_VNOC_X3Y0,VNOC,data_vc,1,5,1
1961000,1961,0,NOC_NPS_VNOC_X3Y1,VNOC,credit,0,-1,1
1961000,1961,0,NOC_NPS_VNOC_X3Y1,VNOC,data_vc,0,5,1
1961000,1961,1,NOC_NPS_VNOC_X3Y0,VNOC,credit,1,-1,1
1961000,1961,1,NOC_NPS_VNOC_X3Y0,VNOC,data_vc,1,5,1
1962000,1962,0,NOC_NPS_VNOC_X3Y1,VNOC,credit,0,-1,1
1962000,1962,0,NOC_NPS_VNOC_X3Y1,VNOC,data_vc,0,5,1
1962000,1962,1,NOC_NPS_VNOC_X3Y0,VNOC,credit,1,-1,1
1962000,1962,1,NOC_NPS_VNOC_X3Y0,VNOC,data_vc,1,5,1
1963000,1963,0,NOC_NPS_VNOC_X3Y1,VNOC,credit,0,-1,1
1963000,1963,0,NOC_NPS_VNOC_X3Y1,VNOC,data_vc,0,5,1
1963000,1963,1,NOC_NPS_VNOC_X3Y0,VNOC,credit,1,-1,1
1963000,1963,1,NOC_NPS_VNOC_X3Y0,VNOC,data_vc,1,5,1
1964000,1964,0,NOC_NPS_VNOC_X3Y1,VNOC,credit,0,-1,1
1964000,1964,0,NOC_NPS_VNOC_X3Y1,VNOC,data_vc,0,5,1
1964000,1964,1,NOC_NPS_VNOC_X3Y0,VNOC,credit,1,-1,1
1964000,1964,1,NOC_NPS_VNOC_X3Y0,VNOC,data_vc,1,5,1
1965000,1965,0,NOC_NPS_VNOC_X3Y1,VNOC,credit,0,-1,1
1965000,1965,0,NOC_NPS_VNOC_X3Y1,VNOC,data_vc,0,5,1
1965000,1965,1,NOC_NPS_VNOC_X3Y0,VNOC,credit,1,-1,1
1965000,1965,1,NOC_NPS_VNOC_X3Y0,VNOC,data_vc,1,5,1
1966000,1966,0,NOC_NPS_VNOC_X3Y1,VNOC,credit,0,-1,1
1966000,1966,0,NOC_NPS_VNOC_X3Y1,VNOC,data_vc,0,5,1
1966000,1966,1,NOC_NPS_VNOC_X3Y0,VNOC,credit,1,-1,1
1966000,1966,1,NOC_NPS_VNOC_X3Y0,VNOC,data_vc,1,5,1
1967000,1967,0,NOC_NPS_VNOC_X3Y1,VNOC,credit,0,-1,1
1967000,1967,0,NOC_NPS_VNOC_X3Y1,VNOC,data_vc,0,5,1
1967000,1967,1,NOC_NPS_VNOC_X3Y0,VNOC,credit,1,-1,1
1967000,1967,1,NOC_NPS_VNOC_X3Y0,VNOC,data_vc,1,5,1
1968000,1968,0,NOC_NPS_VNOC_X3Y1,VNOC,credit,0,-1,1
1968000,1968,0,NOC_NPS_VNOC_X3Y1,VNOC,data_vc,0,5,1
1968000,1968,1,NOC_NPS_VNOC_X3Y0,VNOC,credit,1,-1,1
1968000,1968,1,NOC_NPS_VNOC_X3Y0,VNOC,data_vc,1,5,1
1969000,1969,0,NOC_NPS_VNOC_X3Y1,VNOC,credit,0,-1,1
1969000,1969,0,NOC_NPS_VNOC_X3Y1,VNOC,data_vc,0,5,1
1969000,1969,1,NOC_NPS_VNOC_X3Y0,VNOC,credit,1,-1,1
1969000,1969,1,NOC_NPS_VNOC_X3Y0,VNOC,data_vc,1,5,1
1970000,1970,0,NOC_NPS_VNOC_X3Y1,VNOC,credit,0,-1,1
1970000,1970,0,NOC_NPS_VNOC_X3Y1,VNOC,data_vc,0,5,1
1970000,1970,1,NOC_NPS_VNOC_X3Y0,VNOC,credit,1,-1,1
1970000,1970,1,NOC_NPS_VNOC_X3Y0,VNOC,data_vc,1,5,1
1971000,1971,0,NOC_NPS_VNOC_X3Y1,VNOC,credit,0,-1,1
1971000,1971,0,NOC_NPS_VNOC_X3Y1,VNOC,data_vc,0,5,1
1971000,1971,1,NOC_NPS_VNOC_X3Y0,VNOC,credit,1,-1,1
1971000,1971,1,NOC_NPS_VNOC_X3Y0,VNOC,data_vc,1,5,1
1972000,1972,0,NOC_NPS_VNOC_X3Y1,VNOC,credit,0,-1,1
1972000,1972,0,NOC_NPS_VNOC_X3Y1,VNOC,data_vc,0,5,1
1972000,1972,1,NOC_NPS_VNOC_X3Y0,VNOC,credit,1,-1,1
1972000,1972,1,NOC_NPS_VNOC_X3Y0,VNOC,data_vc,1,5,1
1973000,1973,0,NOC_NPS_VNOC_X3Y1,VNOC,credit,0,-1,1
1973000,1973,0,NOC_NPS_VNOC_X3Y1,VNOC,data_vc,0,5,1
1973000,1973,1,NOC_NPS_VNOC_X3Y0,VNOC,credit,1,-1,1
1973000,1973,1,NOC_NPS_VNOC_X3Y0,VNOC,data_vc,1,5,1
1974000,1974,0,NOC_NPS_VNOC_X3Y1,VNOC,credit,0,-1,1
1974000,1974,0,NOC_NPS_VNOC_X3Y1,VNOC,data_vc,0,5,1
1974000,1974,1,NOC_NPS_VNOC_X3Y0,VNOC,credit,1,-1,1
1974000,1974,1,NOC_NPS_VNOC_X3Y0,VNOC,data_vc,1,5,1
1975000,1975,0,NOC_NPS_VNOC_X3Y1,VNOC,credit,0,-1,1
1975000,1975,0,NOC_NPS_VNOC_X3Y1,VNOC,data_vc,0,5,1
1975000,1975,1,NOC_NPS_VNOC_X3Y0,VNOC,credit,1,-1,1
1975000,1975,1,NOC_NPS_VNOC_X3Y0,VNOC,data_vc,1,5,1
1976000,1976,0,NOC_NPS_VNOC_X3Y1,VNOC,credit,0,-1,1
1976000,1976,0,NOC_NPS_VNOC_X3Y1,VNOC,data_vc,0,5,1
1976000,1976,1,NOC_NPS_VNOC_X3Y0,VNOC,credit,1,-1,1
1976000,1976,1,NOC_NPS_VNOC_X3Y0,VNOC,data_vc,1,5,1
1977000,1977,0,NOC_NPS_VNOC_X3Y1,VNOC,credit,0,-1,1
1977000,1977,0,NOC_NPS_VNOC_X3Y1,VNOC,data_vc,0,5,1
1977000,1977,1,NOC_NPS_VNOC_X3Y0,VNOC,credit,1,-1,1
1977000,1977,1,NOC_NPS_VNOC_X3Y0,VNOC,data_vc,1,5,1
1978000,1978,0,NOC_NPS_VNOC_X3Y1,VNOC,credit,0,-1,1
1978000,1978,0,NOC_NPS_VNOC_X3Y1,VNOC,data_vc,0,5,1
1978000,1978,1,NOC_NPS_VNOC_X3Y0,VNOC,credit,1,-1,1
1978000,1978,1,NOC_NPS_VNOC_X3Y0,VNOC,data_vc,1,5,1
1979000,1979,0,NOC_NPS_VNOC_X3Y1,VNOC,credit,0,-1,1
1979000,1979,0,NOC_NPS_VNOC_X3Y1,VNOC,data_vc,0,5,1
1979000,1979,1,NOC_NPS_VNOC_X3Y0,VNOC,credit,1,-1,1
1979000,1979,1,NOC_NPS_VNOC_X3Y0,VNOC,data_vc,1,5,1
1980000,1980,0,NOC_NPS_VNOC_X3Y1,VNOC,credit,0,-1,1
1980000,1980,0,NOC_NPS_VNOC_X3Y1,VNOC,data_vc,0,5,1
1980000,1980,1,NOC_NPS_VNOC_X3Y0,VNOC,credit,1,-1,1
1980000,1980,1,NOC_NPS_VNOC_X3Y0,VNOC,data_vc,1,5,1
1981000,1981,0,NOC_NPS_VNOC_X3Y1,VNOC,credit,0,-1,1
1981000,1981,0,NOC_NPS_VNOC_X3Y1,VNOC,data_vc,0,5,1
1981000,1981,1,NOC_NPS_VNOC_X3Y0,VNOC,credit,1,-1,1
1981000,1981,1,NOC_NPS_VNOC_X3Y0,VNOC,data_vc,1,5,1
1982000,1982,0,NOC_NPS_VNOC_X3Y1,VNOC,credit,0,-1,1
1982000,1982,0,NOC_NPS_VNOC_X3Y1,VNOC,data_vc,0,5,1
1982000,1982,1,NOC_NPS_VNOC_X3Y0,VNOC,credit,1,-1,1
1982000,1982,1,NOC_NPS_VNOC_X3Y0,VNOC,data_vc,1,5,1
1983000,1983,0,NOC_NPS_VNOC_X3Y1,VNOC,credit,0,-1,1
1983000,1983,0,NOC_NPS_VNOC_X3Y1,VNOC,data_vc,0,5,1
1983000,1983,1,NOC_NPS_VNOC_X3Y0,VNOC,credit,1,-1,1
1983000,1983,1,NOC_NPS_VNOC_X3Y0,VNOC,data_vc,1,5,1
1984000,1984,0,NOC_NPS_VNOC_X3Y1,VNOC,credit,0,-1,1
1984000,1984,0,NOC_NPS_VNOC_X3Y1,VNOC,data_vc,0,5,1
1984000,1984,1,NOC_NPS_VNOC_X3Y0,VNOC,credit,1,-1,1
1984000,1984,1,NOC_NPS_VNOC_X3Y0,VNOC,data_vc,1,5,1
1985000,1985,0,NOC_NPS_VNOC_X3Y1,VNOC,credit,0,-1,1
1985000,1985,0,NOC_NPS_VNOC_X3Y1,VNOC,data_vc,0,5,1
1985000,1985,1,NOC_NPS_VNOC_X3Y0,VNOC,credit,1,-1,1
1985000,1985,1,NOC_NPS_VNOC_X3Y0,VNOC,data_vc,1,5,1
1986000,1986,0,NOC_NPS_VNOC_X3Y1,VNOC,credit,0,-1,1
1986000,1986,0,NOC_NPS_VNOC_X3Y1,VNOC,data_vc,0,5,1
1986000,1986,1,NOC_NPS_VNOC_X3Y0,VNOC,credit,1,-1,1
1986000,1986,1,NOC_NPS_VNOC_X3Y0,VNOC,data_vc,1,5,1
1987000,1987,0,NOC_NPS_VNOC_X3Y1,VNOC,credit,0,-1,1
1987000,1987,0,NOC_NPS_VNOC_X3Y1,VNOC,data_vc,0,5,1
1987000,1987,1,NOC_NPS_VNOC_X3Y0,VNOC,credit,1,-1,1
1987000,1987,1,NOC_NPS_VNOC_X3Y0,VNOC,data_vc,1,5,1
1988000,1988,0,NOC_NPS_VNOC_X3Y1,VNOC,credit,0,-1,1
1988000,1988,0,NOC_NPS_VNOC_X3Y1,VNOC,data_vc,0,5,1
1988000,1988,1,NOC_NPS_VNOC_X3Y0,VNOC,credit,1,-1,1
1988000,1988,1,NOC_NPS_VNOC_X3Y0,VNOC,data_vc,1,5,1
1989000,1989,0,NOC_NPS_VNOC_X3Y1,VNOC,credit,0,-1,1
1989000,1989,0,NOC_NPS_VNOC_X3Y1,VNOC,data_vc,0,5,1
1989000,1989,1,NOC_NPS_VNOC_X3Y0,VNOC,credit,1,-1,1
1989000,1989,1,NOC_NPS_VNOC_X3Y0,VNOC,data_vc,1,5,1
1990000,1990,0,NOC_NPS_VNOC_X3Y1,VNOC,credit,0,-1,1
1990000,1990,0,NOC_NPS_VNOC_X3Y1,VNOC,data_vc,0,5,1
1990000,1990,1,NOC_NPS_VNOC_X3Y0,VNOC,credit,1,-1,1
1990000,1990,1,NOC_NPS_VNOC_X3Y0,VNOC,data_vc,1,5,1
1991000,1991,0,NOC_NPS_VNOC_X3Y1,VNOC,credit,0,-1,1
1991000,1991,0,NOC_NPS_VNOC_X3Y1,VNOC,data_vc,0,5,1
1991000,1991,1,NOC_NPS_VNOC_X3Y0,VNOC,credit,1,-1,1
1991000,1991,1,NOC_NPS_VNOC_X3Y0,VNOC,data_vc,1,5,1
1992000,1992,0,NOC_NPS_VNOC_X3Y1,VNOC,credit,0,-1,1
1992000,1992,0,NOC_NPS_VNOC_X3Y1,VNOC,data_vc,0,5,1
1992000,1992,1,NOC_NPS_VNOC_X3Y0,VNOC,credit,1,-1,1
1992000,1992,1,NOC_NPS_VNOC_X3Y0,VNOC,data_vc,1,5,1
1993000,1993,0,NOC_NPS_VNOC_X3Y1,VNOC,credit,0,-1,1
1993000,1993,0,NOC_NPS_VNOC_X3Y1,VNOC,data_vc,0,5,1
1993000,1993,1,NOC_NPS_VNOC_X3Y0,VNOC,credit,1,-1,1
1993000,1993,1,NOC_NPS_VNOC_X3Y0,VNOC,data_vc,1,5,1
1994000,1994,0,NOC_NPS_VNOC_X3Y1,VNOC,credit,0,-1,1
1994000,1994,0,NOC_NPS_VNOC_X3Y1,VNOC,data_vc,0,5,1
1994000,1994,1,NOC_NPS_VNOC_X3Y0,VNOC,credit,1,-1,1
1994000,1994,1,NOC_NPS_VNOC_X3Y0,VNOC,data_vc,1,5,1
1995000,1995,0,NOC_NPS_VNOC_X3Y1,VNOC,credit,0,-1,1
1995000,1995,0,NOC_NPS_VNOC_X3Y1,VNOC,data_vc,0,5,1
1995000,1995,1,NOC_NPS_VNOC_X3Y0,VNOC,credit,1,-1,1
1995000,1995,1,NOC_NPS_VNOC_X3Y0,VNOC,data_vc,1,5,1
1996000,1996,0,NOC_NPS_VNOC_X3Y1,VNOC,credit,0,-1,1
1996000,1996,0,NOC_NPS_VNOC_X3Y1,VNOC,data_vc,0,5,1
1996000,1996,1,NOC_NPS_VNOC_X3Y0,VNOC,credit,1,-1,1
1996000,1996,1,NOC_NPS_VNOC_X3Y0,VNOC,data_vc,1,5,1
1997000,1997,0,NOC_NPS_VNOC_X3Y1,VNOC,credit,0,-1,1
1997000,1997,0,NOC_NPS_VNOC_X3Y1,VNOC,data_vc,0,5,1
1997000,1997,1,NOC_NPS_VNOC_X3Y0,VNOC,credit,1,-1,1
1997000,1997,1,NOC_NPS_VNOC_X3Y0,VNOC,data_vc,1,5,1
1998000,1998,0,NOC_NPS_VNOC_X3Y1,VNOC,credit,0,-1,1
1998000,1998,0,NOC_NPS_VNOC_X3Y1,VNOC,data_vc,0,5,1
1998000,1998,1,NOC_NPS_VNOC_X3Y0,VNOC,credit,1,-1,1
1998000,1998,1,NOC_NPS_VNOC_X3Y0,VNOC,data_vc,1,5,1
1999000,1999,0,NOC_NPS_VNOC_X3Y1,VNOC,credit,0,-1,1
1999000,1999,0,NOC_NPS_VNOC_X3Y1,VNOC,data_vc,0,5,1
1999000,1999,1,NOC_NPS_VNOC_X3Y0,VNOC,credit,1,-1,1
1999000,1999,1,NOC_NPS_VNOC_X3Y0,VNOC,data_vc,1,5,1
2000000,2000,0,NOC_NPS_VNOC_X3Y1,VNOC,credit,0,-1,1
2000000,2000,0,NOC_NPS_VNOC_X3Y1,VNOC,data_vc,0,5,1
2000000,2000,1,NOC_NPS_VNOC_X3Y0,VNOC,credit,1,-1,1
2000000,2000,1,NOC_NPS_VNOC_X3Y0,VNOC,data_vc,1,5,1
2001000,2001,0,NOC_NPS_VNOC_X3Y1,VNOC,credit,0,-1,1
2001000,2001,0,NOC_NPS_VNOC_X3Y1,VNOC,data_vc,0,5,1
2001000,2001,1,NOC_NPS_VNOC_X3Y0,VNOC,credit,1,-1,1
2001000,2001,1,NOC_NPS_VNOC_X3Y0,VNOC,data_vc,1,5,1
2002000,2002,0,NOC_NPS_VNOC_X3Y1,VNOC,credit,0,-1,1
2002000,2002,0,NOC_NPS_VNOC_X3Y1,VNOC,data_vc,0,5,1
2002000,2002,1,NOC_NPS_VNOC_X3Y0,VNOC,credit,1,-1,1
2002000,2002,1,NOC_NPS_VNOC_X3Y0,VNOC,data_vc,1,5,1
2003000,2003,0,NOC_NPS_VNOC_X3Y1,VNOC,credit,0,-1,1
2003000,2003,0,NOC_NPS_VNOC_X3Y1,VNOC,data_vc,0,5,1
2003000,2003,1,NOC_NPS_VNOC_X3Y0,VNOC,credit,1,-1,1
2003000,2003,1,NOC_NPS_VNOC_X3Y0,VNOC,data_vc,1,5,1
2004000,2004,0,NOC_NPS_VNOC_X3Y1,VNOC,credit,0,-1,1
2004000,2004,0,NOC_NPS_VNOC_X3Y1,VNOC,data_vc,0,5,1
2004000,2004,1,NOC_NPS_VNOC_X3Y0,VNOC,credit,1,-1,1
2004000,2004,1,NOC_NPS_VNOC_X3Y0,VNOC,data_vc,1,5,1
2005000,2005,0,NOC_NPS_VNOC_X3Y1,VNOC,credit,0,-1,1
2005000,2005,0,NOC_NPS_VNOC_X3Y1,VNOC,data_vc,0,5,1
2005000,2005,1,NOC_NPS_VNOC_X3Y0,VNOC,credit,1,-1,1
2005000,2005,1,NOC_NPS_VNOC_X3Y0,VNOC,data_vc,1,5,1
2006000,2006,0,NOC_NPS_VNOC_X3Y1,VNOC,credit,0,-1,1
2006000,2006,0,NOC_NPS_VNOC_X3Y1,VNOC,data_vc,0,5,1
2006000,2006,1,NOC_NPS_VNOC_X3Y0,VNOC,credit,1,-1,1
2006000,2006,1,NOC_NPS_VNOC_X3Y0,VNOC,data_vc,1,5,1
2007000,2007,0,NOC_NPS_VNOC_X3Y1,VNOC,credit,0,-1,1
2007000,2007,0,NOC_NPS_VNOC_X3Y1,VNOC,data_vc,0,5,1
2007000,2007,1,NOC_NPS_VNOC_X3Y0,VNOC,credit,1,-1,1
2007000,2007,1,NOC_NPS_VNOC_X3Y0,VNOC,data_vc,1,5,1
2008000,2008,0,NOC_NPS_VNOC_X3Y1,VNOC,credit,0,-1,1
2008000,2008,0,NOC_NPS_VNOC_X3Y1,VNOC,data_vc,0,5,1
2008000,2008,1,NOC_NPS_VNOC_X3Y0,VNOC,credit,1,-1,1
2008000,2008,1,NOC_NPS_VNOC_X3Y0,VNOC,data_vc,1,5,1
2009000,2009,0,NOC_NPS_VNOC_X3Y1,VNOC,credit,0,-1,1
2009000,2009,0,NOC_NPS_VNOC_X3Y1,VNOC,data_vc,0,5,1
2009000,2009,1,NOC_NPS_VNOC_X3Y0,VNOC,credit,1,-1,1
2009000,2009,1,NOC_NPS_VNOC_X3Y0,VNOC,data_vc,1,5,1
2010000,2010,0,NOC_NPS_VNOC_X3Y1,VNOC,credit,0,-1,1
2010000,2010,0,NOC_NPS_VNOC_X3Y1,VNOC,data_vc,0,5,1
2010000,2010,1,NOC_NPS_VNOC_X3Y0,VNOC,credit,1,-1,1
2010000,2010,1,NOC_NPS_VNOC_X3Y0,VNOC,data_vc,1,5,1
2011000,2011,0,NOC_NPS_VNOC_X3Y1,VNOC,credit,0,-1,1
2011000,2011,0,NOC_NPS_VNOC_X3Y1,VNOC,data_vc,0,5,1
2011000,2011,1,NOC_NPS_VNOC_X3Y0,VNOC,credit,1,-1,1
2011000,2011,1,NOC_NPS_VNOC_X3Y0,VNOC,data_vc,1,5,1
2012000,2012,0,NOC_NPS_VNOC_X3Y1,VNOC,credit,0,-1,1
2012000,2012,0,NOC_NPS_VNOC_X3Y1,VNOC,data_vc,0,5,1
2012000,2012,1,NOC_NPS_VNOC_X3Y0,VNOC,credit,1,-1,1
2012000,2012,1,NOC_NPS_VNOC_X3Y0,VNOC,data_vc,1,5,1
2013000,2013,0,NOC_NPS_VNOC_X3Y1,VNOC,credit,0,-1,1
2013000,2013,0,NOC_NPS_VNOC_X3Y1,VNOC,data_vc,0,5,1
2013000,2013,1,NOC_NPS_VNOC_X3Y0,VNOC,credit,1,-1,1
2013000,2013,1,NOC_NPS_VNOC_X3Y0,VNOC,data_vc,1,5,1
2014000,2014,0,NOC_NPS_VNOC_X3Y1,VNOC,credit,0,-1,1
2014000,2014,0,NOC_NPS_VNOC_X3Y1,VNOC,data_vc,0,5,1
2014000,2014,1,NOC_NPS_VNOC_X3Y0,VNOC,credit,1,-1,1
2014000,2014,1,NOC_NPS_VNOC_X3Y0,VNOC,data_vc,1,5,1
2015000,2015,0,NOC_NPS_VNOC_X3Y1,VNOC,credit,0,-1,1
2015000,2015,0,NOC_NPS_VNOC_X3Y1,VNOC,data_vc,0,5,1
2015000,2015,1,NOC_NPS_VNOC_X3Y0,VNOC,credit,1,-1,1
2015000,2015,1,NOC_NPS_VNOC_X3Y0,VNOC,data_vc,1,5,1
2016000,2016,0,NOC_NPS_VNOC_X3Y1,VNOC,credit,0,-1,1
2016000,2016,0,NOC_NPS_VNOC_X3Y1,VNOC,data_vc,0,5,1
2016000,2016,1,NOC_NPS_VNOC_X3Y0,VNOC,credit,1,-1,1
2016000,2016,1,NOC_NPS_VNOC_X3Y0,VNOC,data_vc,1,5,1
2017000,2017,0,NOC_NPS_VNOC_X3Y1,VNOC,credit,0,-1,1
2017000,2017,0,NOC_NPS_VNOC_X3Y1,VNOC,data_vc,0,5,1
2017000,2017,1,NOC_NPS_VNOC_X3Y0,VNOC,credit,1,-1,1
2017000,2017,1,NOC_NPS_VNOC_X3Y0,VNOC,data_vc,1,5,1
2018000,2018,0,NOC_NPS_VNOC_X3Y1,VNOC,credit,0,-1,1
2018000,2018,0,NOC_NPS_VNOC_X3Y1,VNOC,data_vc,0,5,1
2018000,2018,1,NOC_NPS_VNOC_X3Y0,VNOC,credit,1,-1,1
2018000,2018,1,NOC_NPS_VNOC_X3Y0,VNOC,data_vc,1,5,1
2019000,2019,0,NOC_NPS_VNOC_X3Y1,VNOC,credit,0,-1,1
2019000,2019,0,NOC_NPS_VNOC_X3Y1,VNOC,data_vc,0,5,1
2019000,2019,1,NOC_NPS_VNOC_X3Y0,VNOC,credit,1,-1,1
2019000,2019,1,NOC_NPS_VNOC_X3Y0,VNOC,data_vc,1,5,1
2020000,2020,0,NOC_NPS_VNOC_X3Y1,VNOC,credit,0,-1,1
2020000,2020,0,NOC_NPS_VNOC_X3Y1,VNOC,data_vc,0,5,1
2020000,2020,1,NOC_NPS_VNOC_X3Y0,VNOC,credit,1,-1,1
2020000,2020,1,NOC_NPS_VNOC_X3Y0,VNOC,data_vc,1,5,1
2021000,2021,0,NOC_NPS_VNOC_X3Y1,VNOC,credit,0,-1,1
2021000,2021,0,NOC_NPS_VNOC_X3Y1,VNOC,data_vc,0,5,1
2021000,2021,1,NOC_NPS_VNOC_X3Y0,VNOC,credit,1,-1,1
2021000,2021,1,NOC_NPS_VNOC_X3Y0,VNOC,data_vc,1,5,1
2022000,2022,0,NOC_NPS_VNOC_X3Y1,VNOC,credit,0,-1,1
2022000,2022,0,NOC_NPS_VNOC_X3Y1,VNOC,data_vc,0,5,1
2022000,2022,1,NOC_NPS_VNOC_X3Y0,VNOC,credit,1,-1,1
2022000,2022,1,NOC_NPS_VNOC_X3Y0,VNOC,data_vc,1,5,1
2023000,2023,0,NOC_NPS_VNOC_X3Y1,VNOC,credit,0,-1,1
2023000,2023,0,NOC_NPS_VNOC_X3Y1,VNOC,data_vc,0,5,1
2023000,2023,1,NOC_NPS_VNOC_X3Y0,VNOC,credit,1,-1,1
2023000,2023,1,NOC_NPS_VNOC_X3Y0,VNOC,data_vc,1,5,1
2024000,2024,0,NOC_NPS_VNOC_X3Y1,VNOC,credit,0,-1,1
2024000,2024,0,NOC_NPS_VNOC_X3Y1,VNOC,data_vc,0,5,1
2024000,2024,1,NOC_NPS_VNOC_X3Y0,VNOC,credit,1,-1,1
2024000,2024,1,NOC_NPS_VNOC_X3Y0,VNOC,data_vc,1,5,1
2025000,2025,0,NOC_NPS_VNOC_X3Y1,VNOC,credit,0,-1,1
2025000,2025,0,NOC_NPS_VNOC_X3Y1,VNOC,data_vc,0,5,1
2025000,2025,1,NOC_NPS_VNOC_X3Y0,VNOC,credit,1,-1,1
2025000,2025,1,NOC_NPS_VNOC_X3Y0,VNOC,data_vc,1,5,1
2026000,2026,0,NOC_NPS_VNOC_X3Y1,VNOC,credit,0,-1,1
2026000,2026,0,NOC_NPS_VNOC_X3Y1,VNOC,data_vc,0,5,1
2026000,2026,1,NOC_NPS_VNOC_X3Y0,VNOC,credit,1,-1,1
2026000,2026,1,NOC_NPS_VNOC_X3Y0,VNOC,data_vc,1,5,1
2027000,2027,0,NOC_NPS_VNOC_X3Y1,VNOC,credit,0,-1,1
2027000,2027,0,NOC_NPS_VNOC_X3Y1,VNOC,data_vc,0,5,1
2027000,2027,1,NOC_NPS_VNOC_X3Y0,VNOC,credit,1,-1,1
2027000,2027,1,NOC_NPS_VNOC_X3Y0,VNOC,data_vc,1,5,1
2028000,2028,0,NOC_NPS_VNOC_X3Y1,VNOC,credit,0,-1,1
2028000,2028,0,NOC_NPS_VNOC_X3Y1,VNOC,data_vc,0,5,1
2028000,2028,1,NOC_NPS_VNOC_X3Y0,VNOC,credit,1,-1,1
2028000,2028,1,NOC_NPS_VNOC_X3Y0,VNOC,data_vc,1,5,1
2029000,2029,0,NOC_NPS_VNOC_X3Y1,VNOC,credit,0,-1,1
2029000,2029,0,NOC_NPS_VNOC_X3Y1,VNOC,data_vc,0,5,1
2029000,2029,1,NOC_NPS_VNOC_X3Y0,VNOC,credit,1,-1,1
2029000,2029,1,NOC_NPS_VNOC_X3Y0,VNOC,data_vc,1,5,1
2030000,2030,0,NOC_NPS_VNOC_X3Y1,VNOC,credit,0,-1,1
2030000,2030,0,NOC_NPS_VNOC_X3Y1,VNOC,data_vc,0,5,1
2030000,2030,1,NOC_NPS_VNOC_X3Y0,VNOC,credit,1,-1,1
2030000,2030,1,NOC_NPS_VNOC_X3Y0,VNOC,data_vc,1,5,1
2031000,2031,0,NOC_NPS_VNOC_X3Y1,VNOC,credit,0,-1,1
2031000,2031,0,NOC_NPS_VNOC_X3Y1,VNOC,data_vc,0,5,1
2031000,2031,1,NOC_NPS_VNOC_X3Y0,VNOC,credit,1,-1,1
2031000,2031,1,NOC_NPS_VNOC_X3Y0,VNOC,data_vc,1,5,1
2032000,2032,0,NOC_NPS_VNOC_X3Y1,VNOC,credit,0,-1,1
2032000,2032,0,NOC_NPS_VNOC_X3Y1,VNOC,data_vc,0,5,1
2032000,2032,1,NOC_NPS_VNOC_X3Y0,VNOC,credit,1,-1,1
2032000,2032,1,NOC_NPS_VNOC_X3Y0,VNOC,data_vc,1,5,1
2033000,2033,0,NOC_NPS_VNOC_X3Y1,VNOC,credit,0,-1,1
2033000,2033,0,NOC_NPS_VNOC_X3Y1,VNOC,data_vc,0,5,1
2033000,2033,1,NOC_NPS_VNOC_X3Y0,VNOC,credit,1,-1,1
2033000,2033,1,NOC_NPS_VNOC_X3Y0,VNOC,data_vc,1,5,1
2034000,2034,0,NOC_NPS_VNOC_X3Y1,VNOC,credit,0,-1,1
2034000,2034,0,NOC_NPS_VNOC_X3Y1,VNOC,data_vc,0,5,1
2034000,2034,1,NOC_NPS_VNOC_X3Y0,VNOC,credit,1,-1,1
2034000,2034,1,NOC_NPS_VNOC_X3Y0,VNOC,data_vc,1,5,1
2035000,2035,0,NOC_NPS_VNOC_X3Y1,VNOC,credit,0,-1,1
2035000,2035,0,NOC_NPS_VNOC_X3Y1,VNOC,data_vc,0,5,1
2035000,2035,1,NOC_NPS_VNOC_X3Y0,VNOC,credit,1,-1,1
2035000,2035,1,NOC_NPS_VNOC_X3Y0,VNOC,data_vc,1,5,1
2036000,2036,0,NOC_NPS_VNOC_X3Y1,VNOC,credit,0,-1,1
2036000,2036,0,NOC_NPS_VNOC_X3Y1,VNOC,data_vc,0,5,1
2036000,2036,1,NOC_NPS_VNOC_X3Y0,VNOC,credit,1,-1,1
2036000,2036,1,NOC_NPS_VNOC_X3Y0,VNOC,data_vc,1,5,1
2037000,2037,0,NOC_NPS_VNOC_X3Y1,VNOC,credit,0,-1,1
2037000,2037,0,NOC_NPS_VNOC_X3Y1,VNOC,data_vc,0,5,1
2037000,2037,1,NOC_NPS_VNOC_X3Y0,VNOC,credit,1,-1,1
2037000,2037,1,NOC_NPS_VNOC_X3Y0,VNOC,data_vc,1,5,1
2038000,2038,0,NOC_NPS_VNOC_X3Y1,VNOC,credit,0,-1,1
2038000,2038,0,NOC_NPS_VNOC_X3Y1,VNOC,data_vc,0,5,1
2038000,2038,1,NOC_NPS_VNOC_X3Y0,VNOC,credit,1,-1,1
2038000,2038,1,NOC_NPS_VNOC_X3Y0,VNOC,data_vc,1,5,1
2039000,2039,0,NOC_NPS_VNOC_X3Y1,VNOC,credit,0,-1,1
2039000,2039,0,NOC_NPS_VNOC_X3Y1,VNOC,data_vc,0,5,1
2039000,2039,1,NOC_NPS_VNOC_X3Y0,VNOC,credit,1,-1,1
2039000,2039,1,NOC_NPS_VNOC_X3Y0,VNOC,data_vc,1,5,1
2040000,2040,0,NOC_NPS_VNOC_X3Y1,VNOC,credit,0,-1,1
2040000,2040,0,NOC_NPS_VNOC_X3Y1,VNOC,data_vc,0,5,1
2040000,2040,1,NOC_NPS_VNOC_X3Y0,VNOC,credit,1,-1,1
2040000,2040,1,NOC_NPS_VNOC_X3Y0,VNOC,data_vc,1,5,1
2041000,2041,0,NOC_NPS_VNOC_X3Y1,VNOC,credit,0,-1,1
2041000,2041,0,NOC_NPS_VNOC_X3Y1,VNOC,data_vc,0,5,1
2041000,2041,1,NOC_NPS_VNOC_X3Y0,VNOC,credit,1,-1,1
2041000,2041,1,NOC_NPS_VNOC_X3Y0,VNOC,data_vc,1,5,1
2042000,2042,0,NOC_NPS_VNOC_X3Y1,VNOC,credit,0,-1,1
2042000,2042,0,NOC_NPS_VNOC_X3Y1,VNOC,data_vc,0,5,1
2042000,2042,1,NOC_NPS_VNOC_X3Y0,VNOC,credit,1,-1,1
2042000,2042,1,NOC_NPS_VNOC_X3Y0,VNOC,data_vc,1,5,1
2043000,2043,0,NOC_NPS_VNOC_X3Y1,VNOC,credit,0,-1,1
2043000,2043,0,NOC_NPS_VNOC_X3Y1,VNOC,data_vc,0,5,1
2043000,2043,1,NOC_NPS_VNOC_X3Y0,VNOC,credit,1,-1,1
2043000,2043,1,NOC_NPS_VNOC_X3Y0,VNOC,data_vc,1,5,1
2044000,2044,0,NOC_NPS_VNOC_X3Y1,VNOC,credit,0,-1,1
2044000,2044,0,NOC_NPS_VNOC_X3Y1,VNOC,data_vc,0,5,1
2044000,2044,1,NOC_NPS_VNOC_X3Y0,VNOC,credit,1,-1,1
2044000,2044,1,NOC_NPS_VNOC_X3Y0,VNOC,data_vc,1,5,1
2045000,2045,0,NOC_NPS_VNOC_X3Y1,VNOC,credit,0,-1,1
2045000,2045,0,NOC_NPS_VNOC_X3Y1,VNOC,data_vc,0,5,1
2045000,2045,1,NOC_NPS_VNOC_X3Y0,VNOC,credit,1,-1,1
2045000,2045,1,NOC_NPS_VNOC_X3Y0,VNOC,data_vc,1,5,1
2046000,2046,0,NOC_NPS_VNOC_X3Y1,VNOC,credit,0,-1,1
2046000,2046,0,NOC_NPS_VNOC_X3Y1,VNOC,data_vc,0,5,1
2046000,2046,1,NOC_NPS_VNOC_X3Y0,VNOC,credit,1,-1,1
2046000,2046,1,NOC_NPS_VNOC_X3Y0,VNOC,data_vc,1,5,1
2047000,2047,0,NOC_NPS_VNOC_X3Y1,VNOC,credit,0,-1,1
2047000,2047,0,NOC_NPS_VNOC_X3Y1,VNOC,data_vc,0,5,1
2047000,2047,1,NOC_NPS_VNOC_X3Y0,VNOC,credit,1,-1,1
2047000,2047,1,NOC_NPS_VNOC_X3Y0,VNOC,data_vc,1,5,1
2048000,2048,0,NOC_NPS_VNOC_X3Y1,VNOC,credit,0,-1,1
2048000,2048,0,NOC_NPS_VNOC_X3Y1,VNOC,data_vc,0,5,1
2048000,2048,1,NOC_NPS_VNOC_X3Y0,VNOC,credit,1,-1,1
2048000,2048,1,NOC_NPS_VNOC_X3Y0,VNOC,data_vc,1,5,1
2049000,2049,0,NOC_NPS_VNOC_X3Y1,VNOC,credit,0,-1,1
2049000,2049,0,NOC_NPS_VNOC_X3Y1,VNOC,data_vc,0,5,1
2049000,2049,1,NOC_NPS_VNOC_X3Y0,VNOC,credit,1,-1,1
2049000,2049,1,NOC_NPS_VNOC_X3Y0,VNOC,data_vc,1,5,1
2050000,2050,0,NOC_NPS_VNOC_X3Y1,VNOC,credit,0,-1,1
2050000,2050,0,NOC_NPS_VNOC_X3Y1,VNOC,data_vc,0,5,1
2050000,2050,1,NOC_NPS_VNOC_X3Y0,VNOC,credit,1,-1,1
2050000,2050,1,NOC_NPS_VNOC_X3Y0,VNOC,data_vc,1,5,1
2051000,2051,0,NOC_NPS_VNOC_X3Y1,VNOC,credit,0,-1,1
2051000,2051,0,NOC_NPS_VNOC_X3Y1,VNOC,data_vc,0,5,1
2051000,2051,1,NOC_NPS_VNOC_X3Y0,VNOC,credit,1,-1,1
2051000,2051,1,NOC_NPS_VNOC_X3Y0,VNOC,data_vc,1,5,1
2052000,2052,0,NOC_NPS_VNOC_X3Y1,VNOC,credit,0,-1,1
2052000,2052,0,NOC_NPS_VNOC_X3Y1,VNOC,data_vc,0,5,1
2052000,2052,1,NOC_NPS_VNOC_X3Y0,VNOC,credit,1,-1,1
2052000,2052,1,NOC_NPS_VNOC_X3Y0,VNOC,data_vc,1,5,1
2053000,2053,0,NOC_NPS_VNOC_X3Y1,VNOC,credit,0,-1,1
2053000,2053,0,NOC_NPS_VNOC_X3Y1,VNOC,data_vc,0,5,1
2053000,2053,1,NOC_NPS_VNOC_X3Y0,VNOC,credit,1,-1,1
2053000,2053,1,NOC_NPS_VNOC_X3Y0,VNOC,data_vc,1,5,1
2054000,2054,0,NOC_NPS_VNOC_X3Y1,VNOC,credit,0,-1,1
2054000,2054,0,NOC_NPS_VNOC_X3Y1,VNOC,data_vc,0,5,1
2054000,2054,1,NOC_NPS_VNOC_X3Y0,VNOC,credit,1,-1,1
2054000,2054,1,NOC_NPS_VNOC_X3Y0,VNOC,data_vc,1,5,1
2055000,2055,0,NOC_NPS_VNOC_X3Y1,VNOC,credit,0,-1,1
2055000,2055,0,NOC_NPS_VNOC_X3Y1,VNOC,data_vc,0,5,1
2055000,2055,1,NOC_NPS_VNOC_X3Y0,VNOC,credit,1,-1,1
2055000,2055,1,NOC_NPS_VNOC_X3Y0,VNOC,data_vc,1,5,1
2056000,2056,0,NOC_NPS_VNOC_X3Y1,VNOC,credit,0,-1,1
2056000,2056,0,NOC_NPS_VNOC_X3Y1,VNOC,data_vc,0,5,1
2056000,2056,1,NOC_NPS_VNOC_X3Y0,VNOC,credit,1,-1,1
2056000,2056,1,NOC_NPS_VNOC_X3Y0,VNOC,data_vc,1,5,1
2057000,2057,0,NOC_NPS_VNOC_X3Y1,VNOC,credit,0,-1,1
2057000,2057,0,NOC_NPS_VNOC_X3Y1,VNOC,data_vc,0,5,1
2057000,2057,1,NOC_NPS_VNOC_X3Y0,VNOC,credit,1,-1,1
2057000,2057,1,NOC_NPS_VNOC_X3Y0,VNOC,data_vc,1,5,1
2058000,2058,0,NOC_NPS_VNOC_X3Y1,VNOC,credit,0,-1,1
2058000,2058,0,NOC_NPS_VNOC_X3Y1,VNOC,data_vc,0,5,1
2058000,2058,1,NOC_NPS_VNOC_X3Y0,VNOC,credit,1,-1,1
2058000,2058,1,NOC_NPS_VNOC_X3Y0,VNOC,data_vc,1,5,1
2059000,2059,0,NOC_NPS_VNOC_X3Y1,VNOC,credit,0,-1,1
2059000,2059,0,NOC_NPS_VNOC_X3Y1,VNOC,data_vc,0,5,1
2059000,2059,1,NOC_NPS_VNOC_X3Y0,VNOC,credit,1,-1,1
2059000,2059,1,NOC_NPS_VNOC_X3Y0,VNOC,data_vc,1,5,1
2060000,2060,0,NOC_NPS_VNOC_X3Y1,VNOC,credit,0,-1,1
2060000,2060,0,NOC_NPS_VNOC_X3Y1,VNOC,data_vc,0,5,1
2060000,2060,1,NOC_NPS_VNOC_X3Y0,VNOC,credit,1,-1,1
2060000,2060,1,NOC_NPS_VNOC_X3Y0,VNOC,data_vc,1,5,1
2061000,2061,0,NOC_NPS_VNOC_X3Y1,VNOC,credit,0,-1,1
2061000,2061,0,NOC_NPS_VNOC_X3Y1,VNOC,data_vc,0,5,1
2061000,2061,1,NOC_NPS_VNOC_X3Y0,VNOC,credit,1,-1,1
2061000,2061,1,NOC_NPS_VNOC_X3Y0,VNOC,data_vc,1,5,1
2062000,2062,0,NOC_NPS_VNOC_X3Y1,VNOC,credit,0,-1,1
2062000,2062,0,NOC_NPS_VNOC_X3Y1,VNOC,data_vc,0,5,1
2062000,2062,1,NOC_NPS_VNOC_X3Y0,VNOC,credit,1,-1,1
2062000,2062,1,NOC_NPS_VNOC_X3Y0,VNOC,data_vc,1,5,1
2063000,2063,0,NOC_NPS_VNOC_X3Y1,VNOC,credit,0,-1,1
2063000,2063,0,NOC_NPS_VNOC_X3Y1,VNOC,data_vc,0,5,1
2063000,2063,1,NOC_NPS_VNOC_X3Y0,VNOC,credit,1,-1,1
2063000,2063,1,NOC_NPS_VNOC_X3Y0,VNOC,data_vc,1,5,1
2064000,2064,0,NOC_NPS_VNOC_X3Y1,VNOC,credit,0,-1,1
2064000,2064,0,NOC_NPS_VNOC_X3Y1,VNOC,data_vc,0,5,1
2064000,2064,1,NOC_NPS_VNOC_X3Y0,VNOC,credit,1,-1,1
2064000,2064,1,NOC_NPS_VNOC_X3Y0,VNOC,data_vc,1,5,1
2065000,2065,0,NOC_NPS_VNOC_X3Y1,VNOC,credit,0,-1,1
2065000,2065,0,NOC_NPS_VNOC_X3Y1,VNOC,data_vc,0,5,1
2065000,2065,1,NOC_NPS_VNOC_X3Y0,VNOC,credit,1,-1,1
2065000,2065,1,NOC_NPS_VNOC_X3Y0,VNOC,data_vc,1,5,1
2066000,2066,0,NOC_NPS_VNOC_X3Y1,VNOC,credit,0,-1,1
2066000,2066,0,NOC_NPS_VNOC_X3Y1,VNOC,data_vc,0,5,1
2066000,2066,1,NOC_NPS_VNOC_X3Y0,VNOC,credit,1,-1,1
2066000,2066,1,NOC_NPS_VNOC_X3Y0,VNOC,data_vc,1,5,1
2067000,2067,0,NOC_NPS_VNOC_X3Y1,VNOC,credit,0,-1,1
2067000,2067,0,NOC_NPS_VNOC_X3Y1,VNOC,data_vc,0,5,1
2067000,2067,1,NOC_NPS_VNOC_X3Y0,VNOC,credit,1,-1,1
2067000,2067,1,NOC_NPS_VNOC_X3Y0,VNOC,data_vc,1,5,1
2068000,2068,0,NOC_NPS_VNOC_X3Y1,VNOC,credit,0,-1,1
2068000,2068,0,NOC_NPS_VNOC_X3Y1,VNOC,data_vc,0,5,1
2068000,2068,1,NOC_NPS_VNOC_X3Y0,VNOC,credit,1,-1,1
2068000,2068,1,NOC_NPS_VNOC_X3Y0,VNOC,data_vc,1,5,1
2069000,2069,0,NOC_NPS_VNOC_X3Y1,VNOC,credit,0,-1,1
2069000,2069,0,NOC_NPS_VNOC_X3Y1,VNOC,data_vc,0,5,1
2069000,2069,1,NOC_NPS_VNOC_X3Y0,VNOC,credit,1,-1,1
2069000,2069,1,NOC_NPS_VNOC_X3Y0,VNOC,data_vc,1,5,1
2070000,2070,0,NOC_NPS_VNOC_X3Y1,VNOC,credit,0,-1,1
2070000,2070,0,NOC_NPS_VNOC_X3Y1,VNOC,data_vc,0,5,1
2070000,2070,1,NOC_NPS_VNOC_X3Y0,VNOC,credit,1,-1,1
2070000,2070,1,NOC_NPS_VNOC_X3Y0,VNOC,data_vc,1,5,1
2071000,2071,0,NOC_NPS_VNOC_X3Y1,VNOC,credit,0,-1,1
2071000,2071,0,NOC_NPS_VNOC_X3Y1,VNOC,data_vc,0,5,1
2071000,2071,1,NOC_NPS_VNOC_X3Y0,VNOC,credit,1,-1,1
2071000,2071,1,NOC_NPS_VNOC_X3Y0,VNOC,data_vc,1,5,1
2072000,2072,0,NOC_NPS_VNOC_X3Y1,VNOC,credit,0,-1,1
2072000,2072,0,NOC_NPS_VNOC_X3Y1,VNOC,data_vc,0,5,1
2072000,2072,1,NOC_NPS_VNOC_X3Y0,VNOC,credit,1,-1,1
2072000,2072,1,NOC_NPS_VNOC_X3Y0,VNOC,data_vc,1,5,1
2073000,2073,0,NOC_NPS_VNOC_X3Y1,VNOC,credit,0,-1,1
2073000,2073,0,NOC_NPS_VNOC_X3Y1,VNOC,data_vc,0,5,1
2073000,2073,1,NOC_NPS_VNOC_X3Y0,VNOC,credit,1,-1,1
2073000,2073,1,NOC_NPS_VNOC_X3Y0,VNOC,data_vc,1,5,1
2074000,2074,0,NOC_NPS_VNOC_X3Y1,VNOC,credit,0,-1,1
2074000,2074,0,NOC_NPS_VNOC_X3Y1,VNOC,data_vc,0,5,1
2074000,2074,1,NOC_NPS_VNOC_X3Y0,VNOC,credit,1,-1,1
2074000,2074,1,NOC_NPS_VNOC_X3Y0,VNOC,data_vc,1,5,1
2075000,2075,0,NOC_NPS_VNOC_X3Y1,VNOC,credit,0,-1,1
2075000,2075,0,NOC_NPS_VNOC_X3Y1,VNOC,data_vc,0,5,1
2075000,2075,1,NOC_NPS_VNOC_X3Y0,VNOC,credit,1,-1,1
2075000,2075,1,NOC_NPS_VNOC_X3Y0,VNOC,data_vc,1,5,1
2076000,2076,0,NOC_NPS_VNOC_X3Y1,VNOC,credit,0,-1,1
2076000,2076,0,NOC_NPS_VNOC_X3Y1,VNOC,data_vc,0,5,1
2076000,2076,1,NOC_NPS_VNOC_X3Y0,VNOC,credit,1,-1,1
2076000,2076,1,NOC_NPS_VNOC_X3Y0,VNOC,data_vc,1,5,1
2077000,2077,0,NOC_NPS_VNOC_X3Y1,VNOC,credit,0,-1,1
2077000,2077,0,NOC_NPS_VNOC_X3Y1,VNOC,data_vc,0,5,1
2077000,2077,1,NOC_NPS_VNOC_X3Y0,VNOC,credit,1,-1,1
2077000,2077,1,NOC_NPS_VNOC_X3Y0,VNOC,data_vc,1,5,1
2078000,2078,0,NOC_NPS_VNOC_X3Y1,VNOC,credit,0,-1,1
2078000,2078,0,NOC_NPS_VNOC_X3Y1,VNOC,data_vc,0,5,1
2078000,2078,1,NOC_NPS_VNOC_X3Y0,VNOC,credit,1,-1,1
2078000,2078,1,NOC_NPS_VNOC_X3Y0,VNOC,data_vc,1,5,1
2079000,2079,0,NOC_NPS_VNOC_X3Y1,VNOC,credit,0,-1,1
2079000,2079,0,NOC_NPS_VNOC_X3Y1,VNOC,data_vc,0,5,1
2079000,2079,1,NOC_NPS_VNOC_X3Y0,VNOC,credit,1,-1,1
2079000,2079,1,NOC_NPS_VNOC_X3Y0,VNOC,data_vc,1,5,1
2080000,2080,0,NOC_NPS_VNOC_X3Y1,VNOC,credit,0,-1,1
2080000,2080,0,NOC_NPS_VNOC_X3Y1,VNOC,data_vc,0,5,1
2080000,2080,1,NOC_NPS_VNOC_X3Y0,VNOC,credit,1,-1,1
2080000,2080,1,NOC_NPS_VNOC_X3Y0,VNOC,data_vc,1,5,1
2081000,2081,0,NOC_NPS_VNOC_X3Y1,VNOC,credit,0,-1,1
2081000,2081,0,NOC_NPS_VNOC_X3Y1,VNOC,data_vc,0,5,1
2081000,2081,1,NOC_NPS_VNOC_X3Y0,VNOC,credit,1,-1,1
2081000,2081,1,NOC_NPS_VNOC_X3Y0,VNOC,data_vc,1,5,1
2082000,2082,0,NOC_NPS_VNOC_X3Y1,VNOC,credit,0,-1,1
2082000,2082,0,NOC_NPS_VNOC_X3Y1,VNOC,data_vc,0,5,1
2082000,2082,1,NOC_NPS_VNOC_X3Y0,VNOC,credit,1,-1,1
2082000,2082,1,NOC_NPS_VNOC_X3Y0,VNOC,data_vc,1,5,1
2083000,2083,0,NOC_NPS_VNOC_X3Y1,VNOC,credit,0,-1,1
2083000,2083,0,NOC_NPS_VNOC_X3Y1,VNOC,data_vc,0,5,1
2083000,2083,1,NOC_NPS_VNOC_X3Y0,VNOC,credit,1,-1,1
2083000,2083,1,NOC_NPS_VNOC_X3Y0,VNOC,data_vc,1,5,1
2084000,2084,0,NOC_NPS_VNOC_X3Y1,VNOC,credit,0,-1,1
2084000,2084,0,NOC_NPS_VNOC_X3Y1,VNOC,data_vc,0,5,1
2084000,2084,1,NOC_NPS_VNOC_X3Y0,VNOC,credit,1,-1,1
2084000,2084,1,NOC_NPS_VNOC_X3Y0,VNOC,data_vc,1,5,1
2085000,2085,0,NOC_NPS_VNOC_X3Y1,VNOC,credit,0,-1,1
2085000,2085,0,NOC_NPS_VNOC_X3Y1,VNOC,data_vc,0,5,1
2085000,2085,1,NOC_NPS_VNOC_X3Y0,VNOC,credit,1,-1,1
2085000,2085,1,NOC_NPS_VNOC_X3Y0,VNOC,data_vc,1,5,1
2086000,2086,0,NOC_NPS_VNOC_X3Y1,VNOC,credit,0,-1,1
2086000,2086,0,NOC_NPS_VNOC_X3Y1,VNOC,data_vc,0,5,1
2086000,2086,1,NOC_NPS_VNOC_X3Y0,VNOC,credit,1,-1,1
2086000,2086,1,NOC_NPS_VNOC_X3Y0,VNOC,data_vc,1,5,1
2087000,2087,0,NOC_NPS_VNOC_X3Y1,VNOC,credit,0,-1,1
2087000,2087,0,NOC_NPS_VNOC_X3Y1,VNOC,data_vc,0,5,1
2087000,2087,1,NOC_NPS_VNOC_X3Y0,VNOC,credit,1,-1,1
2087000,2087,1,NOC_NPS_VNOC_X3Y0,VNOC,data_vc,1,5,1
2088000,2088,0,NOC_NPS_VNOC_X3Y1,VNOC,credit,0,-1,1
2088000,2088,0,NOC_NPS_VNOC_X3Y1,VNOC,data_vc,0,5,1
2088000,2088,1,NOC_NPS_VNOC_X3Y0,VNOC,credit,1,-1,1
2088000,2088,1,NOC_NPS_VNOC_X3Y0,VNOC,data_vc,1,5,1
2089000,2089,0,NOC_NPS_VNOC_X3Y1,VNOC,credit,0,-1,1
2089000,2089,0,NOC_NPS_VNOC_X3Y1,VNOC,data_vc,0,5,1
2089000,2089,1,NOC_NPS_VNOC_X3Y0,VNOC,credit,1,-1,1
2089000,2089,1,NOC_NPS_VNOC_X3Y0,VNOC,data_vc,1,5,1
2090000,2090,0,NOC_NPS_VNOC_X3Y1,VNOC,credit,0,-1,1
2090000,2090,0,NOC_NPS_VNOC_X3Y1,VNOC,data_vc,0,5,1
2090000,2090,1,NOC_NPS_VNOC_X3Y0,VNOC,credit,1,-1,1
2090000,2090,1,NOC_NPS_VNOC_X3Y0,VNOC,data_vc,1,5,1
2091000,2091,0,NOC_NPS_VNOC_X3Y1,VNOC,credit,0,-1,1
2091000,2091,0,NOC_NPS_VNOC_X3Y1,VNOC,data_vc,0,5,1
2091000,2091,1,NOC_NPS_VNOC_X3Y0,VNOC,credit,1,-1,1
2091000,2091,1,NOC_NPS_VNOC_X3Y0,VNOC,data_vc,1,5,1
2092000,2092,0,NOC_NPS_VNOC_X3Y1,VNOC,credit,0,-1,1
2092000,2092,0,NOC_NPS_VNOC_X3Y1,VNOC,data_vc,0,5,1
2092000,2092,1,NOC_NPS_VNOC_X3Y0,VNOC,credit,1,-1,1
2092000,2092,1,NOC_NPS_VNOC_X3Y0,VNOC,data_vc,1,5,1
2093000,2093,0,NOC_NPS_VNOC_X3Y1,VNOC,credit,0,-1,1
2093000,2093,0,NOC_NPS_VNOC_X3Y1,VNOC,data_vc,0,5,1
2093000,2093,1,NOC_NPS_VNOC_X3Y0,VNOC,credit,1,-1,1
2093000,2093,1,NOC_NPS_VNOC_X3Y0,VNOC,data_vc,1,5,1
2094000,2094,0,NOC_NPS_VNOC_X3Y1,VNOC,credit,0,-1,1
2094000,2094,0,NOC_NPS_VNOC_X3Y1,VNOC,data_vc,0,5,1
2094000,2094,1,NOC_NPS_VNOC_X3Y0,VNOC,credit,1,-1,1
2094000,2094,1,NOC_NPS_VNOC_X3Y0,VNOC,data_vc,1,5,1
2095000,2095,0,NOC_NPS_VNOC_X3Y1,VNOC,credit,0,-1,1
2095000,2095,0,NOC_NPS_VNOC_X3Y1,VNOC,data_vc,0,5,1
2095000,2095,1,NOC_NPS_VNOC_X3Y0,VNOC,credit,1,-1,1
2095000,2095,1,NOC_NPS_VNOC_X3Y0,VNOC,data_vc,1,5,1
2096000,2096,0,NOC_NPS_VNOC_X3Y1,VNOC,credit,0,-1,1
2096000,2096,0,NOC_NPS_VNOC_X3Y1,VNOC,data_vc,0,5,1
2096000,2096,1,NOC_NPS_VNOC_X3Y0,VNOC,credit,1,-1,1
2096000,2096,1,NOC_NPS_VNOC_X3Y0,VNOC,data_vc,1,5,1
2097000,2097,0,NOC_NPS_VNOC_X3Y1,VNOC,credit,0,-1,1
2097000,2097,0,NOC_NPS_VNOC_X3Y1,VNOC,data_vc,0,5,1
2097000,2097,1,NOC_NPS_VNOC_X3Y0,VNOC,credit,1,-1,1
2097000,2097,1,NOC_NPS_VNOC_X3Y0,VNOC,data_vc,1,5,1
2098000,2098,0,NOC_NPS_VNOC_X3Y1,VNOC,credit,0,-1,1
2098000,2098,0,NOC_NPS_VNOC_X3Y1,VNOC,data_vc,0,5,1
2098000,2098,1,NOC_NPS_VNOC_X3Y0,VNOC,credit,1,-1,1
2098000,2098,1,NOC_NPS_VNOC_X3Y0,VNOC,data_vc,1,5,1
2099000,2099,0,NOC_NPS_VNOC_X3Y1,VNOC,credit,0,-1,1
2099000,2099,0,NOC_NPS_VNOC_X3Y1,VNOC,data_vc,0,5,1
2099000,2099,1,NOC_NPS_VNOC_X3Y0,VNOC,credit,1,-1,1
2099000,2099,1,NOC_NPS_VNOC_X3Y0,VNOC,data_vc,1,5,1
2100000,2100,0,NOC_NPS_VNOC_X3Y1,VNOC,credit,0,-1,1
2100000,2100,0,NOC_NPS_VNOC_X3Y1,VNOC,data_vc,0,5,1
2100000,2100,1,NOC_NPS_VNOC_X3Y0,VNOC,credit,1,-1,1
2100000,2100,1,NOC_NPS_VNOC_X3Y0,VNOC,data_vc,1,5,1
2101000,2101,0,NOC_NPS_VNOC_X3Y1,VNOC,credit,0,-1,1
2101000,2101,0,NOC_NPS_VNOC_X3Y1,VNOC,data_vc,0,5,1
2101000,2101,1,NOC_NPS_VNOC_X3Y0,VNOC,credit,1,-1,1
2101000,2101,1,NOC_NPS_VNOC_X3Y0,VNOC,data_vc,1,5,1
2102000,2102,0,NOC_NPS_VNOC_X3Y1,VNOC,credit,0,-1,1
2102000,2102,0,NOC_NPS_VNOC_X3Y1,VNOC,data_vc,0,5,1
2102000,2102,1,NOC_NPS_VNOC_X3Y0,VNOC,credit,1,-1,1
2102000,2102,1,NOC_NPS_VNOC_X3Y0,VNOC,data_vc,1,5,1
2103000,2103,0,NOC_NPS_VNOC_X3Y1,VNOC,credit,0,-1,1
2103000,2103,0,NOC_NPS_VNOC_X3Y1,VNOC,data_vc,0,5,1
2103000,2103,1,NOC_NPS_VNOC_X3Y0,VNOC,credit,1,-1,1
2103000,2103,1,NOC_NPS_VNOC_X3Y0,VNOC,data_vc,1,5,1
2104000,2104,0,NOC_NPS_VNOC_X3Y1,VNOC,credit,0,-1,1
2104000,2104,0,NOC_NPS_VNOC_X3Y1,VNOC,data_vc,0,5,1
2104000,2104,1,NOC_NPS_VNOC_X3Y0,VNOC,credit,1,-1,1
2104000,2104,1,NOC_NPS_VNOC_X3Y0,VNOC,data_vc,1,5,1
2105000,2105,0,NOC_NPS_VNOC_X3Y1,VNOC,credit,0,-1,1
2105000,2105,0,NOC_NPS_VNOC_X3Y1,VNOC,data_vc,0,5,1
2105000,2105,1,NOC_NPS_VNOC_X3Y0,VNOC,credit,1,-1,1
2105000,2105,1,NOC_NPS_VNOC_X3Y0,VNOC,data_vc,1,5,1
2106000,2106,0,NOC_NPS_VNOC_X3Y1,VNOC,credit,0,-1,1
2106000,2106,0,NOC_NPS_VNOC_X3Y1,VNOC,data_vc,0,5,1
2106000,2106,1,NOC_NPS_VNOC_X3Y0,VNOC,credit,1,-1,1
2106000,2106,1,NOC_NPS_VNOC_X3Y0,VNOC,data_vc,1,5,1
2107000,2107,0,NOC_NPS_VNOC_X3Y1,VNOC,credit,0,-1,1
2107000,2107,0,NOC_NPS_VNOC_X3Y1,VNOC,data_vc,0,5,1
2107000,2107,1,NOC_NPS_VNOC_X3Y0,VNOC,credit,1,-1,1
2107000,2107,1,NOC_NPS_VNOC_X3Y0,VNOC,data_vc,1,5,1
2108000,2108,0,NOC_NPS_VNOC_X3Y1,VNOC,credit,0,-1,1
2108000,2108,0,NOC_NPS_VNOC_X3Y1,VNOC,data_vc,0,5,1
2108000,2108,1,NOC_NPS_VNOC_X3Y0,VNOC,credit,1,-1,1
2108000,2108,1,NOC_NPS_VNOC_X3Y0,VNOC,data_vc,1,5,1
2109000,2109,0,NOC_NPS_VNOC_X3Y1,VNOC,credit,0,-1,1
2109000,2109,0,NOC_NPS_VNOC_X3Y1,VNOC,data_vc,0,5,1
2109000,2109,1,NOC_NPS_VNOC_X3Y0,VNOC,credit,1,-1,1
2109000,2109,1,NOC_NPS_VNOC_X3Y0,VNOC,data_vc,1,5,1
2110000,2110,0,NOC_NPS_VNOC_X3Y1,VNOC,credit,0,-1,1
2110000,2110,0,NOC_NPS_VNOC_X3Y1,VNOC,data_vc,0,5,1
2110000,2110,1,NOC_NPS_VNOC_X3Y0,VNOC,credit,1,-1,1
2110000,2110,1,NOC_NPS_VNOC_X3Y0,VNOC,data_vc,1,5,1
2111000,2111,0,NOC_NPS_VNOC_X3Y1,VNOC,credit,0,-1,1
2111000,2111,0,NOC_NPS_VNOC_X3Y1,VNOC,data_vc,0,5,1
2111000,2111,1,NOC_NPS_VNOC_X3Y0,VNOC,credit,1,-1,1
2111000,2111,1,NOC_NPS_VNOC_X3Y0,VNOC,data_vc,1,5,1
2112000,2112,0,NOC_NPS_VNOC_X3Y1,VNOC,credit,0,-1,1
2112000,2112,0,NOC_NPS_VNOC_X3Y1,VNOC,data_vc,0,5,1
2112000,2112,1,NOC_NPS_VNOC_X3Y0,VNOC,credit,1,-1,1
2112000,2112,1,NOC_NPS_VNOC_X3Y0,VNOC,data_vc,1,5,1
2113000,2113,0,NOC_NPS_VNOC_X3Y1,VNOC,credit,0,-1,1
2113000,2113,0,NOC_NPS_VNOC_X3Y1,VNOC,data_vc,0,5,1
2113000,2113,1,NOC_NPS_VNOC_X3Y0,VNOC,credit,1,-1,1
2113000,2113,1,NOC_NPS_VNOC_X3Y0,VNOC,data_vc,1,5,1
2114000,2114,0,NOC_NPS_VNOC_X3Y1,VNOC,credit,0,-1,1
2114000,2114,0,NOC_NPS_VNOC_X3Y1,VNOC,data_vc,0,5,1
2114000,2114,1,NOC_NPS_VNOC_X3Y0,VNOC,credit,1,-1,1
2114000,2114,1,NOC_NPS_VNOC_X3Y0,VNOC,data_vc,1,5,1
2115000,2115,0,NOC_NPS_VNOC_X3Y1,VNOC,credit,0,-1,1
2115000,2115,0,NOC_NPS_VNOC_X3Y1,VNOC,data_vc,0,5,1
2115000,2115,1,NOC_NPS_VNOC_X3Y0,VNOC,credit,1,-1,1
2115000,2115,1,NOC_NPS_VNOC_X3Y0,VNOC,data_vc,1,5,1
2116000,2116,0,NOC_NPS_VNOC_X3Y1,VNOC,credit,0,-1,1
2116000,2116,0,NOC_NPS_VNOC_X3Y1,VNOC,data_vc,0,5,1
2116000,2116,1,NOC_NPS_VNOC_X3Y0,VNOC,credit,1,-1,1
2116000,2116,1,NOC_NPS_VNOC_X3Y0,VNOC,data_vc,1,5,1
2117000,2117,0,NOC_NPS_VNOC_X3Y1,VNOC,credit,0,-1,1
2117000,2117,0,NOC_NPS_VNOC_X3Y1,VNOC,data_vc,0,5,1
2117000,2117,1,NOC_NPS_VNOC_X3Y0,VNOC,credit,1,-1,1
2117000,2117,1,NOC_NPS_VNOC_X3Y0,VNOC,data_vc,1,5,1
2118000,2118,0,NOC_NPS_VNOC_X3Y1,VNOC,credit,0,-1,1
2118000,2118,0,NOC_NPS_VNOC_X3Y1,VNOC,data_vc,0,5,1
2118000,2118,1,NOC_NPS_VNOC_X3Y0,VNOC,credit,1,-1,1
2118000,2118,1,NOC_NPS_VNOC_X3Y0,VNOC,data_vc,1,5,1
2119000,2119,0,NOC_NPS_VNOC_X3Y1,VNOC,credit,0,-1,1
2119000,2119,0,NOC_NPS_VNOC_X3Y1,VNOC,data_vc,0,5,1
2119000,2119,1,NOC_NPS_VNOC_X3Y0,VNOC,credit,1,-1,1
2119000,2119,1,NOC_NPS_VNOC_X3Y0,VNOC,data_vc,1,5,1
2120000,2120,0,NOC_NPS_VNOC_X3Y1,VNOC,credit,0,-1,1
2120000,2120,0,NOC_NPS_VNOC_X3Y1,VNOC,data_vc,0,5,1
2120000,2120,1,NOC_NPS_VNOC_X3Y0,VNOC,credit,1,-1,1
2120000,2120,1,NOC_NPS_VNOC_X3Y0,VNOC,data_vc,1,5,1
2121000,2121,0,NOC_NPS_VNOC_X3Y1,VNOC,credit,0,-1,1
2121000,2121,0,NOC_NPS_VNOC_X3Y1,VNOC,data_vc,0,5,1
2121000,2121,1,NOC_NPS_VNOC_X3Y0,VNOC,credit,1,-1,1
2121000,2121,1,NOC_NPS_VNOC_X3Y0,VNOC,data_vc,1,5,1
2122000,2122,0,NOC_NPS_VNOC_X3Y1,VNOC,credit,0,-1,1
2122000,2122,0,NOC_NPS_VNOC_X3Y1,VNOC,data_vc,0,5,1
2122000,2122,1,NOC_NPS_VNOC_X3Y0,VNOC,credit,1,-1,1
2122000,2122,1,NOC_NPS_VNOC_X3Y0,VNOC,data_vc,1,5,1
2123000,2123,0,NOC_NPS_VNOC_X3Y1,VNOC,credit,0,-1,1
2123000,2123,0,NOC_NPS_VNOC_X3Y1,VNOC,data_vc,0,5,1
2123000,2123,1,NOC_NPS_VNOC_X3Y0,VNOC,credit,1,-1,1
2123000,2123,1,NOC_NPS_VNOC_X3Y0,VNOC,data_vc,1,5,1
2124000,2124,0,NOC_NPS_VNOC_X3Y1,VNOC,credit,0,-1,1
2124000,2124,0,NOC_NPS_VNOC_X3Y1,VNOC,data_vc,0,5,1
2124000,2124,1,NOC_NPS_VNOC_X3Y0,VNOC,credit,1,-1,1
2124000,2124,1,NOC_NPS_VNOC_X3Y0,VNOC,data_vc,1,5,1
2125000,2125,0,NOC_NPS_VNOC_X3Y1,VNOC,credit,0,-1,1
2125000,2125,0,NOC_NPS_VNOC_X3Y1,VNOC,data_vc,0,5,1
2125000,2125,1,NOC_NPS_VNOC_X3Y0,VNOC,credit,1,-1,1
2125000,2125,1,NOC_NPS_VNOC_X3Y0,VNOC,data_vc,1,5,1
2126000,2126,0,NOC_NPS_VNOC_X3Y1,VNOC,credit,0,-1,1
2126000,2126,0,NOC_NPS_VNOC_X3Y1,VNOC,data_vc,0,5,1
2126000,2126,1,NOC_NPS_VNOC_X3Y0,VNOC,credit,1,-1,1
2126000,2126,1,NOC_NPS_VNOC_X3Y0,VNOC,data_vc,1,5,1
2127000,2127,0,NOC_NPS_VNOC_X3Y1,VNOC,credit,0,-1,1
2127000,2127,0,NOC_NPS_VNOC_X3Y1,VNOC,data_vc,0,5,1
2127000,2127,1,NOC_NPS_VNOC_X3Y0,VNOC,credit,1,-1,1
2127000,2127,1,NOC_NPS_VNOC_X3Y0,VNOC,data_vc,1,5,1
2128000,2128,0,NOC_NPS_VNOC_X3Y1,VNOC,credit,0,-1,1
2128000,2128,0,NOC_NPS_VNOC_X3Y1,VNOC,data_vc,0,5,1
2128000,2128,1,NOC_NPS_VNOC_X3Y0,VNOC,credit,1,-1,1
2128000,2128,1,NOC_NPS_VNOC_X3Y0,VNOC,data_vc,1,5,1
2129000,2129,0,NOC_NPS_VNOC_X3Y1,VNOC,credit,0,-1,1
2129000,2129,0,NOC_NPS_VNOC_X3Y1,VNOC,data_vc,0,5,1
2129000,2129,1,NOC_NPS_VNOC_X3Y0,VNOC,credit,1,-1,1
2129000,2129,1,NOC_NPS_VNOC_X3Y0,VNOC,data_vc,1,5,1
2130000,2130,0,NOC_NPS_VNOC_X3Y1,VNOC,credit,0,-1,1
2130000,2130,0,NOC_NPS_VNOC_X3Y1,VNOC,data_vc,0,5,1
2130000,2130,1,NOC_NPS_VNOC_X3Y0,VNOC,credit,1,-1,1
2130000,2130,1,NOC_NPS_VNOC_X3Y0,VNOC,data_vc,1,5,1
2131000,2131,0,NOC_NPS_VNOC_X3Y1,VNOC,credit,0,-1,1
2131000,2131,0,NOC_NPS_VNOC_X3Y1,VNOC,data_vc,0,5,1
2131000,2131,1,NOC_NPS_VNOC_X3Y0,VNOC,credit,1,-1,1
2131000,2131,1,NOC_NPS_VNOC_X3Y0,VNOC,data_vc,1,5,1
2132000,2132,0,NOC_NPS_VNOC_X3Y1,VNOC,credit,0,-1,1
2132000,2132,0,NOC_NPS_VNOC_X3Y1,VNOC,data_vc,0,5,1
2132000,2132,1,NOC_NPS_VNOC_X3Y0,VNOC,credit,1,-1,1
2132000,2132,1,NOC_NPS_VNOC_X3Y0,VNOC,data_vc,1,5,1
2133000,2133,0,NOC_NPS_VNOC_X3Y1,VNOC,credit,0,-1,1
2133000,2133,0,NOC_NPS_VNOC_X3Y1,VNOC,data_vc,0,5,1
2133000,2133,1,NOC_NPS_VNOC_X3Y0,VNOC,credit,1,-1,1
2133000,2133,1,NOC_NPS_VNOC_X3Y0,VNOC,data_vc,1,5,1
2134000,2134,0,NOC_NPS_VNOC_X3Y1,VNOC,credit,0,-1,1
2134000,2134,0,NOC_NPS_VNOC_X3Y1,VNOC,data_vc,0,5,1
2134000,2134,1,NOC_NPS_VNOC_X3Y0,VNOC,credit,1,-1,1
2134000,2134,1,NOC_NPS_VNOC_X3Y0,VNOC,data_vc,1,5,1
2135000,2135,0,NOC_NPS_VNOC_X3Y1,VNOC,credit,0,-1,1
2135000,2135,0,NOC_NPS_VNOC_X3Y1,VNOC,data_vc,0,5,1
2135000,2135,1,NOC_NPS_VNOC_X3Y0,VNOC,credit,1,-1,1
2135000,2135,1,NOC_NPS_VNOC_X3Y0,VNOC,data_vc,1,5,1
2136000,2136,0,NOC_NPS_VNOC_X3Y1,VNOC,credit,0,-1,1
2136000,2136,0,NOC_NPS_VNOC_X3Y1,VNOC,data_vc,0,5,1
2136000,2136,1,NOC_NPS_VNOC_X3Y0,VNOC,credit,1,-1,1
2136000,2136,1,NOC_NPS_VNOC_X3Y0,VNOC,data_vc,1,5,1
2137000,2137,0,NOC_NPS_VNOC_X3Y1,VNOC,credit,0,-1,1
2137000,2137,0,NOC_NPS_VNOC_X3Y1,VNOC,data_vc,0,5,1
2137000,2137,1,NOC_NPS_VNOC_X3Y0,VNOC,credit,1,-1,1
2137000,2137,1,NOC_NPS_VNOC_X3Y0,VNOC,data_vc,1,5,1
2138000,2138,0,NOC_NPS_VNOC_X3Y1,VNOC,credit,0,-1,1
2138000,2138,0,NOC_NPS_VNOC_X3Y1,VNOC,data_vc,0,5,1
2138000,2138,1,NOC_NPS_VNOC_X3Y0,VNOC,credit,1,-1,1
2138000,2138,1,NOC_NPS_VNOC_X3Y0,VNOC,data_vc,1,5,1
2139000,2139,0,NOC_NPS_VNOC_X3Y1,VNOC,credit,0,-1,1
2139000,2139,0,NOC_NPS_VNOC_X3Y1,VNOC,data_vc,0,5,1
2139000,2139,1,NOC_NPS_VNOC_X3Y0,VNOC,credit,1,-1,1
2139000,2139,1,NOC_NPS_VNOC_X3Y0,VNOC,data_vc,1,5,1
2140000,2140,0,NOC_NPS_VNOC_X3Y1,VNOC,credit,0,-1,1
2140000,2140,0,NOC_NPS_VNOC_X3Y1,VNOC,data_vc,0,5,1
2140000,2140,1,NOC_NPS_VNOC_X3Y0,VNOC,credit,1,-1,1
2140000,2140,1,NOC_NPS_VNOC_X3Y0,VNOC,data_vc,1,5,1
2141000,2141,0,NOC_NPS_VNOC_X3Y1,VNOC,credit,0,-1,1
2141000,2141,0,NOC_NPS_VNOC_X3Y1,VNOC,data_vc,0,5,1
2141000,2141,1,NOC_NPS_VNOC_X3Y0,VNOC,credit,1,-1,1
2141000,2141,1,NOC_NPS_VNOC_X3Y0,VNOC,data_vc,1,5,1
2142000,2142,0,NOC_NPS_VNOC_X3Y1,VNOC,credit,0,-1,1
2142000,2142,0,NOC_NPS_VNOC_X3Y1,VNOC,data_vc,0,5,1
2142000,2142,1,NOC_NPS_VNOC_X3Y0,VNOC,credit,1,-1,1
2142000,2142,1,NOC_NPS_VNOC_X3Y0,VNOC,data_vc,1,5,1
2143000,2143,0,NOC_NPS_VNOC_X3Y1,VNOC,credit,0,-1,1
2143000,2143,0,NOC_NPS_VNOC_X3Y1,VNOC,data_vc,0,5,1
2143000,2143,1,NOC_NPS_VNOC_X3Y0,VNOC,credit,1,-1,1
2143000,2143,1,NOC_NPS_VNOC_X3Y0,VNOC,data_vc,1,5,1
2144000,2144,0,NOC_NPS_VNOC_X3Y1,VNOC,credit,0,-1,1
2144000,2144,0,NOC_NPS_VNOC_X3Y1,VNOC,data_vc,0,5,1
2144000,2144,1,NOC_NPS_VNOC_X3Y0,VNOC,credit,1,-1,1
2144000,2144,1,NOC_NPS_VNOC_X3Y0,VNOC,data_vc,1,5,1
2145000,2145,0,NOC_NPS_VNOC_X3Y1,VNOC,credit,0,-1,1
2145000,2145,0,NOC_NPS_VNOC_X3Y1,VNOC,data_vc,0,5,1
2145000,2145,1,NOC_NPS_VNOC_X3Y0,VNOC,credit,1,-1,1
2145000,2145,1,NOC_NPS_VNOC_X3Y0,VNOC,data_vc,1,5,1
2146000,2146,0,NOC_NPS_VNOC_X3Y1,VNOC,credit,0,-1,1
2146000,2146,0,NOC_NPS_VNOC_X3Y1,VNOC,data_vc,0,5,1
2146000,2146,1,NOC_NPS_VNOC_X3Y0,VNOC,credit,1,-1,1
2146000,2146,1,NOC_NPS_VNOC_X3Y0,VNOC,data_vc,1,5,1
2147000,2147,0,NOC_NPS_VNOC_X3Y1,VNOC,credit,0,-1,1
2147000,2147,0,NOC_NPS_VNOC_X3Y1,VNOC,data_vc,0,5,1
2147000,2147,1,NOC_NPS_VNOC_X3Y0,VNOC,credit,1,-1,1
2147000,2147,1,NOC_NPS_VNOC_X3Y0,VNOC,data_vc,1,5,1
2148000,2148,0,NOC_NPS_VNOC_X3Y1,VNOC,credit,0,-1,1
2148000,2148,0,NOC_NPS_VNOC_X3Y1,VNOC,data_vc,0,5,1
2148000,2148,1,NOC_NPS_VNOC_X3Y0,VNOC,credit,1,-1,1
2148000,2148,1,NOC_NPS_VNOC_X3Y0,VNOC,data_vc,1,5,1
2149000,2149,0,NOC_NPS_VNOC_X3Y1,VNOC,credit,0,-1,1
2149000,2149,0,NOC_NPS_VNOC_X3Y1,VNOC,data_vc,0,5,1
2149000,2149,1,NOC_NPS_VNOC_X3Y0,VNOC,credit,1,-1,1
2149000,2149,1,NOC_NPS_VNOC_X3Y0,VNOC,data_vc,1,5,1
2150000,2150,0,NOC_NPS_VNOC_X3Y1,VNOC,credit,0,-1,1
2150000,2150,0,NOC_NPS_VNOC_X3Y1,VNOC,data_vc,0,5,1
2150000,2150,1,NOC_NPS_VNOC_X3Y0,VNOC,credit,1,-1,1
2150000,2150,1,NOC_NPS_VNOC_X3Y0,VNOC,data_vc,1,5,1
2151000,2151,0,NOC_NPS_VNOC_X3Y1,VNOC,credit,0,-1,1
2151000,2151,0,NOC_NPS_VNOC_X3Y1,VNOC,data_vc,0,5,1
2151000,2151,1,NOC_NPS_VNOC_X3Y0,VNOC,credit,1,-1,1
2151000,2151,1,NOC_NPS_VNOC_X3Y0,VNOC,data_vc,1,5,1
2152000,2152,0,NOC_NPS_VNOC_X3Y1,VNOC,credit,0,-1,1
2152000,2152,0,NOC_NPS_VNOC_X3Y1,VNOC,data_vc,0,5,1
2152000,2152,1,NOC_NPS_VNOC_X3Y0,VNOC,credit,1,-1,1
2152000,2152,1,NOC_NPS_VNOC_X3Y0,VNOC,data_vc,1,5,1
2153000,2153,0,NOC_NPS_VNOC_X3Y1,VNOC,credit,0,-1,1
2153000,2153,0,NOC_NPS_VNOC_X3Y1,VNOC,data_vc,0,5,1
2153000,2153,1,NOC_NPS_VNOC_X3Y0,VNOC,credit,1,-1,1
2153000,2153,1,NOC_NPS_VNOC_X3Y0,VNOC,data_vc,1,5,1
2154000,2154,0,NOC_NPS_VNOC_X3Y1,VNOC,credit,0,-1,1
2154000,2154,0,NOC_NPS_VNOC_X3Y1,VNOC,data_vc,0,5,1
2154000,2154,1,NOC_NPS_VNOC_X3Y0,VNOC,credit,1,-1,1
2154000,2154,1,NOC_NPS_VNOC_X3Y0,VNOC,data_vc,1,5,1
2155000,2155,0,NOC_NPS_VNOC_X3Y1,VNOC,credit,0,-1,1
2155000,2155,0,NOC_NPS_VNOC_X3Y1,VNOC,data_vc,0,5,1
2155000,2155,1,NOC_NPS_VNOC_X3Y0,VNOC,credit,1,-1,1
2155000,2155,1,NOC_NPS_VNOC_X3Y0,VNOC,data_vc,1,5,1
2156000,2156,0,NOC_NPS_VNOC_X3Y1,VNOC,credit,0,-1,1
2156000,2156,0,NOC_NPS_VNOC_X3Y1,VNOC,data_vc,0,5,1
2156000,2156,1,NOC_NPS_VNOC_X3Y0,VNOC,credit,1,-1,1
2156000,2156,1,NOC_NPS_VNOC_X3Y0,VNOC,data_vc,1,5,1
2157000,2157,0,NOC_NPS_VNOC_X3Y1,VNOC,credit,0,-1,1
2157000,2157,0,NOC_NPS_VNOC_X3Y1,VNOC,data_vc,0,5,1
2157000,2157,1,NOC_NPS_VNOC_X3Y0,VNOC,credit,1,-1,1
2157000,2157,1,NOC_NPS_VNOC_X3Y0,VNOC,data_vc,1,5,1
2158000,2158,0,NOC_NPS_VNOC_X3Y1,VNOC,credit,0,-1,1
2158000,2158,0,NOC_NPS_VNOC_X3Y1,VNOC,data_vc,0,5,1
2158000,2158,1,NOC_NPS_VNOC_X3Y0,VNOC,credit,1,-1,1
2158000,2158,1,NOC_NPS_VNOC_X3Y0,VNOC,data_vc,1,5,1
2159000,2159,0,NOC_NPS_VNOC_X3Y1,VNOC,credit,0,-1,1
2159000,2159,0,NOC_NPS_VNOC_X3Y1,VNOC,data_vc,0,5,1
2159000,2159,1,NOC_NPS_VNOC_X3Y0,VNOC,credit,1,-1,1
2159000,2159,1,NOC_NPS_VNOC_X3Y0,VNOC,data_vc,1,5,1
2160000,2160,0,NOC_NPS_VNOC_X3Y1,VNOC,credit,0,-1,1
2160000,2160,0,NOC_NPS_VNOC_X3Y1,VNOC,data_vc,0,5,1
2160000,2160,1,NOC_NPS_VNOC_X3Y0,VNOC,credit,1,-1,1
2160000,2160,1,NOC_NPS_VNOC_X3Y0,VNOC,data_vc,1,5,1
2161000,2161,0,NOC_NPS_VNOC_X3Y1,VNOC,credit,0,-1,1
2161000,2161,0,NOC_NPS_VNOC_X3Y1,VNOC,data_vc,0,5,1
2161000,2161,1,NOC_NPS_VNOC_X3Y0,VNOC,credit,1,-1,1
2161000,2161,1,NOC_NPS_VNOC_X3Y0,VNOC,data_vc,1,5,1
2162000,2162,0,NOC_NPS_VNOC_X3Y1,VNOC,credit,0,-1,1
2162000,2162,0,NOC_NPS_VNOC_X3Y1,VNOC,data_vc,0,5,1
2162000,2162,1,NOC_NPS_VNOC_X3Y0,VNOC,credit,1,-1,1
2162000,2162,1,NOC_NPS_VNOC_X3Y0,VNOC,data_vc,1,5,1
2163000,2163,0,NOC_NPS_VNOC_X3Y1,VNOC,credit,0,-1,1
2163000,2163,0,NOC_NPS_VNOC_X3Y1,VNOC,data_vc,0,5,1
2163000,2163,1,NOC_NPS_VNOC_X3Y0,VNOC,credit,1,-1,1
2163000,2163,1,NOC_NPS_VNOC_X3Y0,VNOC,data_vc,1,5,1
2164000,2164,0,NOC_NPS_VNOC_X3Y1,VNOC,credit,0,-1,1
2164000,2164,0,NOC_NPS_VNOC_X3Y1,VNOC,data_vc,0,5,1
2164000,2164,1,NOC_NPS_VNOC_X3Y0,VNOC,credit,1,-1,1
2164000,2164,1,NOC_NPS_VNOC_X3Y0,VNOC,data_vc,1,5,1
2165000,2165,0,NOC_NPS_VNOC_X3Y1,VNOC,credit,0,-1,1
2165000,2165,0,NOC_NPS_VNOC_X3Y1,VNOC,data_vc,0,5,1
2165000,2165,1,NOC_NPS_VNOC_X3Y0,VNOC,credit,1,-1,1
2165000,2165,1,NOC_NPS_VNOC_X3Y0,VNOC,data_vc,1,5,1
2166000,2166,0,NOC_NPS_VNOC_X3Y1,VNOC,credit,0,-1,1
2166000,2166,0,NOC_NPS_VNOC_X3Y1,VNOC,data_vc,0,5,1
2166000,2166,1,NOC_NPS_VNOC_X3Y0,VNOC,credit,1,-1,1
2166000,2166,1,NOC_NPS_VNOC_X3Y0,VNOC,data_vc,1,5,1
2167000,2167,0,NOC_NPS_VNOC_X3Y1,VNOC,credit,0,-1,1
2167000,2167,0,NOC_NPS_VNOC_X3Y1,VNOC,data_vc,0,5,1
2167000,2167,1,NOC_NPS_VNOC_X3Y0,VNOC,credit,1,-1,1
2167000,2167,1,NOC_NPS_VNOC_X3Y0,VNOC,data_vc,1,5,1
2168000,2168,0,NOC_NPS_VNOC_X3Y1,VNOC,credit,0,-1,1
2168000,2168,0,NOC_NPS_VNOC_X3Y1,VNOC,data_vc,0,5,1
2168000,2168,1,NOC_NPS_VNOC_X3Y0,VNOC,credit,1,-1,1
2168000,2168,1,NOC_NPS_VNOC_X3Y0,VNOC,data_vc,1,5,1
2169000,2169,0,NOC_NPS_VNOC_X3Y1,VNOC,credit,0,-1,1
2169000,2169,0,NOC_NPS_VNOC_X3Y1,VNOC,data_vc,0,5,1
2169000,2169,1,NOC_NPS_VNOC_X3Y0,VNOC,credit,1,-1,1
2169000,2169,1,NOC_NPS_VNOC_X3Y0,VNOC,data_vc,1,5,1
2170000,2170,0,NOC_NPS_VNOC_X3Y1,VNOC,credit,0,-1,1
2170000,2170,0,NOC_NPS_VNOC_X3Y1,VNOC,data_vc,0,5,1
2170000,2170,1,NOC_NPS_VNOC_X3Y0,VNOC,credit,1,-1,1
2170000,2170,1,NOC_NPS_VNOC_X3Y0,VNOC,data_vc,1,5,1
2171000,2171,0,NOC_NPS_VNOC_X3Y1,VNOC,credit,0,-1,1
2171000,2171,0,NOC_NPS_VNOC_X3Y1,VNOC,data_vc,0,5,1
2171000,2171,1,NOC_NPS_VNOC_X3Y0,VNOC,credit,1,-1,1
2171000,2171,1,NOC_NPS_VNOC_X3Y0,VNOC,data_vc,1,5,1
2172000,2172,0,NOC_NPS_VNOC_X3Y1,VNOC,credit,0,-1,1
2172000,2172,0,NOC_NPS_VNOC_X3Y1,VNOC,data_vc,0,5,1
2172000,2172,1,NOC_NPS_VNOC_X3Y0,VNOC,credit,1,-1,1
2172000,2172,1,NOC_NPS_VNOC_X3Y0,VNOC,data_vc,1,5,1
2173000,2173,0,NOC_NPS_VNOC_X3Y1,VNOC,credit,0,-1,1
2173000,2173,0,NOC_NPS_VNOC_X3Y1,VNOC,data_vc,0,5,1
2173000,2173,1,NOC_NPS_VNOC_X3Y0,VNOC,credit,1,-1,1
2173000,2173,1,NOC_NPS_VNOC_X3Y0,VNOC,data_vc,1,5,1
2174000,2174,0,NOC_NPS_VNOC_X3Y1,VNOC,credit,0,-1,1
2174000,2174,0,NOC_NPS_VNOC_X3Y1,VNOC,data_vc,0,5,1
2174000,2174,1,NOC_NPS_VNOC_X3Y0,VNOC,credit,1,-1,1
2174000,2174,1,NOC_NPS_VNOC_X3Y0,VNOC,data_vc,1,5,1
2175000,2175,0,NOC_NPS_VNOC_X3Y1,VNOC,credit,0,-1,1
2175000,2175,0,NOC_NPS_VNOC_X3Y1,VNOC,data_vc,0,5,1
2175000,2175,1,NOC_NPS_VNOC_X3Y0,VNOC,credit,1,-1,1
2175000,2175,1,NOC_NPS_VNOC_X3Y0,VNOC,data_vc,1,5,1
2176000,2176,0,NOC_NPS_VNOC_X3Y1,VNOC,credit,0,-1,1
2176000,2176,0,NOC_NPS_VNOC_X3Y1,VNOC,data_vc,0,5,1
2176000,2176,1,NOC_NPS_VNOC_X3Y0,VNOC,credit,1,-1,1
2176000,2176,1,NOC_NPS_VNOC_X3Y0,VNOC,data_vc,1,5,1
2177000,2177,0,NOC_NPS_VNOC_X3Y1,VNOC,credit,0,-1,1
2177000,2177,0,NOC_NPS_VNOC_X3Y1,VNOC,data_vc,0,5,1
2177000,2177,1,NOC_NPS_VNOC_X3Y0,VNOC,credit,1,-1,1
2177000,2177,1,NOC_NPS_VNOC_X3Y0,VNOC,data_vc,1,5,1
2178000,2178,0,NOC_NPS_VNOC_X3Y1,VNOC,credit,0,-1,1
2178000,2178,0,NOC_NPS_VNOC_X3Y1,VNOC,data_vc,0,5,1
2178000,2178,1,NOC_NPS_VNOC_X3Y0,VNOC,credit,1,-1,1
2178000,2178,1,NOC_NPS_VNOC_X3Y0,VNOC,data_vc,1,5,1
2179000,2179,0,NOC_NPS_VNOC_X3Y1,VNOC,credit,0,-1,1
2179000,2179,0,NOC_NPS_VNOC_X3Y1,VNOC,data_vc,0,5,1
2179000,2179,1,NOC_NPS_VNOC_X3Y0,VNOC,credit,1,-1,1
2179000,2179,1,NOC_NPS_VNOC_X3Y0,VNOC,data_vc,1,5,1
2180000,2180,0,NOC_NPS_VNOC_X3Y1,VNOC,credit,0,-1,1
2180000,2180,0,NOC_NPS_VNOC_X3Y1,VNOC,data_vc,0,5,1
2180000,2180,1,NOC_NPS_VNOC_X3Y0,VNOC,credit,1,-1,1
2180000,2180,1,NOC_NPS_VNOC_X3Y0,VNOC,data_vc,1,5,1
2181000,2181,0,NOC_NPS_VNOC_X3Y1,VNOC,credit,0,-1,1
2181000,2181,0,NOC_NPS_VNOC_X3Y1,VNOC,data_vc,0,5,1
2181000,2181,1,NOC_NPS_VNOC_X3Y0,VNOC,credit,1,-1,1
2181000,2181,1,NOC_NPS_VNOC_X3Y0,VNOC,data_vc,1,5,1
2182000,2182,0,NOC_NPS_VNOC_X3Y1,VNOC,credit,0,-1,1
2182000,2182,0,NOC_NPS_VNOC_X3Y1,VNOC,data_vc,0,5,1
2182000,2182,1,NOC_NPS_VNOC_X3Y0,VNOC,credit,1,-1,1
2182000,2182,1,NOC_NPS_VNOC_X3Y0,VNOC,data_vc,1,5,1
2183000,2183,0,NOC_NPS_VNOC_X3Y1,VNOC,credit,0,-1,1
2183000,2183,0,NOC_NPS_VNOC_X3Y1,VNOC,data_vc,0,5,1
2183000,2183,1,NOC_NPS_VNOC_X3Y0,VNOC,credit,1,-1,1
2183000,2183,1,NOC_NPS_VNOC_X3Y0,VNOC,data_vc,1,5,1
2184000,2184,0,NOC_NPS_VNOC_X3Y1,VNOC,credit,0,-1,1
2184000,2184,0,NOC_NPS_VNOC_X3Y1,VNOC,data_vc,0,5,1
2184000,2184,1,NOC_NPS_VNOC_X3Y0,VNOC,credit,1,-1,1
2184000,2184,1,NOC_NPS_VNOC_X3Y0,VNOC,data_vc,1,5,1
2185000,2185,0,NOC_NPS_VNOC_X3Y1,VNOC,credit,0,-1,1
2185000,2185,0,NOC_NPS_VNOC_X3Y1,VNOC,data_vc,0,5,1
2185000,2185,1,NOC_NPS_VNOC_X3Y0,VNOC,credit,1,-1,1
2185000,2185,1,NOC_NPS_VNOC_X3Y0,VNOC,data_vc,1,5,1
2186000,2186,0,NOC_NPS_VNOC_X3Y1,VNOC,credit,0,-1,1
2186000,2186,0,NOC_NPS_VNOC_X3Y1,VNOC,data_vc,0,5,1
2186000,2186,1,NOC_NPS_VNOC_X3Y0,VNOC,credit,1,-1,1
2186000,2186,1,NOC_NPS_VNOC_X3Y0,VNOC,data_vc,1,5,1
2187000,2187,0,NOC_NPS_VNOC_X3Y1,VNOC,credit,0,-1,1
2187000,2187,0,NOC_NPS_VNOC_X3Y1,VNOC,data_vc,0,5,1
2187000,2187,1,NOC_NPS_VNOC_X3Y0,VNOC,credit,1,-1,1
2187000,2187,1,NOC_NPS_VNOC_X3Y0,VNOC,data_vc,1,5,1
2188000,2188,0,NOC_NPS_VNOC_X3Y1,VNOC,credit,0,-1,1
2188000,2188,0,NOC_NPS_VNOC_X3Y1,VNOC,data_vc,0,5,1
2188000,2188,1,NOC_NPS_VNOC_X3Y0,VNOC,credit,1,-1,1
2188000,2188,1,NOC_NPS_VNOC_X3Y0,VNOC,data_vc,1,5,1
2189000,2189,0,NOC_NPS_VNOC_X3Y1,VNOC,credit,0,-1,1
2189000,2189,0,NOC_NPS_VNOC_X3Y1,VNOC,data_vc,0,5,1
2189000,2189,1,NOC_NPS_VNOC_X3Y0,VNOC,credit,1,-1,1
2189000,2189,1,NOC_NPS_VNOC_X3Y0,VNOC,data_vc,1,5,1
2190000,2190,0,NOC_NPS_VNOC_X3Y1,VNOC,credit,0,-1,1
2190000,2190,0,NOC_NPS_VNOC_X3Y1,VNOC,data_vc,0,5,1
2190000,2190,1,NOC_NPS_VNOC_X3Y0,VNOC,credit,1,-1,1
2190000,2190,1,NOC_NPS_VNOC_X3Y0,VNOC,data_vc,1,5,1
2191000,2191,0,NOC_NPS_VNOC_X3Y1,VNOC,credit,0,-1,1
2191000,2191,0,NOC_NPS_VNOC_X3Y1,VNOC,data_vc,0,5,1
2191000,2191,1,NOC_NPS_VNOC_X3Y0,VNOC,credit,1,-1,1
2191000,2191,1,NOC_NPS_VNOC_X3Y0,VNOC,data_vc,1,5,1
2192000,2192,0,NOC_NPS_VNOC_X3Y1,VNOC,credit,0,-1,1
2192000,2192,0,NOC_NPS_VNOC_X3Y1,VNOC,data_vc,0,5,1
2192000,2192,1,NOC_NPS_VNOC_X3Y0,VNOC,credit,1,-1,1
2192000,2192,1,NOC_NPS_VNOC_X3Y0,VNOC,data_vc,1,5,1
2193000,2193,0,NOC_NPS_VNOC_X3Y1,VNOC,credit,0,-1,1
2193000,2193,0,NOC_NPS_VNOC_X3Y1,VNOC,data_vc,0,5,1
2193000,2193,1,NOC_NPS_VNOC_X3Y0,VNOC,credit,1,-1,1
2193000,2193,1,NOC_NPS_VNOC_X3Y0,VNOC,data_vc,1,5,1
2194000,2194,0,NOC_NPS_VNOC_X3Y1,VNOC,credit,0,-1,1
2194000,2194,0,NOC_NPS_VNOC_X3Y1,VNOC,data_vc,0,5,1
2194000,2194,1,NOC_NPS_VNOC_X3Y0,VNOC,credit,1,-1,1
2194000,2194,1,NOC_NPS_VNOC_X3Y0,VNOC,data_vc,1,5,1
2195000,2195,0,NOC_NPS_VNOC_X3Y1,VNOC,credit,0,-1,1
2195000,2195,0,NOC_NPS_VNOC_X3Y1,VNOC,data_vc,0,5,1
2195000,2195,1,NOC_NPS_VNOC_X3Y0,VNOC,credit,1,-1,1
2195000,2195,1,NOC_NPS_VNOC_X3Y0,VNOC,data_vc,1,5,1
2196000,2196,0,NOC_NPS_VNOC_X3Y1,VNOC,credit,0,-1,1
2196000,2196,0,NOC_NPS_VNOC_X3Y1,VNOC,data_vc,0,5,1
2196000,2196,1,NOC_NPS_VNOC_X3Y0,VNOC,credit,1,-1,1
2196000,2196,1,NOC_NPS_VNOC_X3Y0,VNOC,data_vc,1,5,1
2197000,2197,0,NOC_NPS_VNOC_X3Y1,VNOC,credit,0,-1,1
2197000,2197,0,NOC_NPS_VNOC_X3Y1,VNOC,data_vc,0,5,1
2197000,2197,1,NOC_NPS_VNOC_X3Y0,VNOC,credit,1,-1,1
2197000,2197,1,NOC_NPS_VNOC_X3Y0,VNOC,data_vc,1,5,1
2198000,2198,0,NOC_NPS_VNOC_X3Y1,VNOC,credit,0,-1,1
2198000,2198,0,NOC_NPS_VNOC_X3Y1,VNOC,data_vc,0,5,1
2198000,2198,1,NOC_NPS_VNOC_X3Y0,VNOC,credit,1,-1,1
2198000,2198,1,NOC_NPS_VNOC_X3Y0,VNOC,data_vc,1,5,1
2199000,2199,0,NOC_NPS_VNOC_X3Y1,VNOC,credit,0,-1,1
2199000,2199,0,NOC_NPS_VNOC_X3Y1,VNOC,data_vc,0,5,1
2199000,2199,1,NOC_NPS_VNOC_X3Y0,VNOC,credit,1,-1,1
2199000,2199,1,NOC_NPS_VNOC_X3Y0,VNOC,data_vc,1,5,1
2200000,2200,0,NOC_NPS_VNOC_X3Y1,VNOC,credit,0,-1,1
2200000,2200,0,NOC_NPS_VNOC_X3Y1,VNOC,data_vc,0,5,1
2200000,2200,1,NOC_NPS_VNOC_X3Y0,VNOC,credit,1,-1,1
2200000,2200,1,NOC_NPS_VNOC_X3Y0,VNOC,data_vc,1,5,1
2201000,2201,0,NOC_NPS_VNOC_X3Y1,VNOC,credit,0,-1,1
2201000,2201,0,NOC_NPS_VNOC_X3Y1,VNOC,data_vc,0,5,1
2201000,2201,1,NOC_NPS_VNOC_X3Y0,VNOC,credit,1,-1,1
2201000,2201,1,NOC_NPS_VNOC_X3Y0,VNOC,data_vc,1,5,1
2202000,2202,0,NOC_NPS_VNOC_X3Y1,VNOC,credit,0,-1,1
2202000,2202,0,NOC_NPS_VNOC_X3Y1,VNOC,data_vc,0,5,1
2202000,2202,1,NOC_NPS_VNOC_X3Y0,VNOC,credit,1,-1,1
2202000,2202,1,NOC_NPS_VNOC_X3Y0,VNOC,data_vc,1,5,1
2203000,2203,0,NOC_NPS_VNOC_X3Y1,VNOC,credit,0,-1,1
2203000,2203,0,NOC_NPS_VNOC_X3Y1,VNOC,data_vc,0,5,1
2203000,2203,1,NOC_NPS_VNOC_X3Y0,VNOC,credit,1,-1,1
2203000,2203,1,NOC_NPS_VNOC_X3Y0,VNOC,data_vc,1,5,1
2204000,2204,0,NOC_NPS_VNOC_X3Y1,VNOC,credit,0,-1,1
2204000,2204,0,NOC_NPS_VNOC_X3Y1,VNOC,data_vc,0,5,1
2204000,2204,1,NOC_NPS_VNOC_X3Y0,VNOC,credit,1,-1,1
2204000,2204,1,NOC_NPS_VNOC_X3Y0,VNOC,data_vc,1,5,1
2205000,2205,0,NOC_NPS_VNOC_X3Y1,VNOC,credit,0,-1,1
2205000,2205,0,NOC_NPS_VNOC_X3Y1,VNOC,data_vc,0,5,1
2205000,2205,1,NOC_NPS_VNOC_X3Y0,VNOC,credit,1,-1,1
2205000,2205,1,NOC_NPS_VNOC_X3Y0,VNOC,data_vc,1,5,1
2206000,2206,0,NOC_NPS_VNOC_X3Y1,VNOC,credit,0,-1,1
2206000,2206,0,NOC_NPS_VNOC_X3Y1,VNOC,data_vc,0,5,1
2206000,2206,1,NOC_NPS_VNOC_X3Y0,VNOC,credit,1,-1,1
2206000,2206,1,NOC_NPS_VNOC_X3Y0,VNOC,data_vc,1,5,1
2207000,2207,0,NOC_NPS_VNOC_X3Y1,VNOC,credit,0,-1,1
2207000,2207,0,NOC_NPS_VNOC_X3Y1,VNOC,data_vc,0,5,1
2207000,2207,1,NOC_NPS_VNOC_X3Y0,VNOC,credit,1,-1,1
2207000,2207,1,NOC_NPS_VNOC_X3Y0,VNOC,data_vc,1,5,1
2208000,2208,0,NOC_NPS_VNOC_X3Y1,VNOC,credit,0,-1,1
2208000,2208,0,NOC_NPS_VNOC_X3Y1,VNOC,data_vc,0,5,1
2208000,2208,1,NOC_NPS_VNOC_X3Y0,VNOC,credit,1,-1,1
2208000,2208,1,NOC_NPS_VNOC_X3Y0,VNOC,data_vc,1,5,1
2209000,2209,0,NOC_NPS_VNOC_X3Y1,VNOC,credit,0,-1,1
2209000,2209,0,NOC_NPS_VNOC_X3Y1,VNOC,data_vc,0,5,1
2209000,2209,1,NOC_NPS_VNOC_X3Y0,VNOC,credit,1,-1,1
2209000,2209,1,NOC_NPS_VNOC_X3Y0,VNOC,data_vc,1,5,1
2210000,2210,0,NOC_NPS_VNOC_X3Y1,VNOC,credit,0,-1,1
2210000,2210,0,NOC_NPS_VNOC_X3Y1,VNOC,data_vc,0,5,1
2210000,2210,1,NOC_NPS_VNOC_X3Y0,VNOC,credit,1,-1,1
2210000,2210,1,NOC_NPS_VNOC_X3Y0,VNOC,data_vc,1,5,1
2211000,2211,0,NOC_NPS_VNOC_X3Y1,VNOC,credit,0,-1,1
2211000,2211,0,NOC_NPS_VNOC_X3Y1,VNOC,data_vc,0,5,1
2211000,2211,1,NOC_NPS_VNOC_X3Y0,VNOC,credit,1,-1,1
2211000,2211,1,NOC_NPS_VNOC_X3Y0,VNOC,data_vc,1,5,1
2212000,2212,0,NOC_NPS_VNOC_X3Y1,VNOC,credit,0,-1,1
2212000,2212,0,NOC_NPS_VNOC_X3Y1,VNOC,data_vc,0,5,1
2212000,2212,1,NOC_NPS_VNOC_X3Y0,VNOC,credit,1,-1,1
2212000,2212,1,NOC_NPS_VNOC_X3Y0,VNOC,data_vc,1,5,1
2213000,2213,0,NOC_NPS_VNOC_X3Y1,VNOC,credit,0,-1,1
2213000,2213,0,NOC_NPS_VNOC_X3Y1,VNOC,data_vc,0,5,1
2213000,2213,1,NOC_NPS_VNOC_X3Y0,VNOC,credit,1,-1,1
2213000,2213,1,NOC_NPS_VNOC_X3Y0,VNOC,data_vc,1,5,1
2214000,2214,0,NOC_NPS_VNOC_X3Y1,VNOC,credit,0,-1,1
2214000,2214,0,NOC_NPS_VNOC_X3Y1,VNOC,data_vc,0,5,1
2214000,2214,1,NOC_NPS_VNOC_X3Y0,VNOC,credit,1,-1,1
2214000,2214,1,NOC_NPS_VNOC_X3Y0,VNOC,data_vc,1,5,1
2215000,2215,0,NOC_NPS_VNOC_X3Y1,VNOC,credit,0,-1,1
2215000,2215,0,NOC_NPS_VNOC_X3Y1,VNOC,data_vc,0,5,1
2215000,2215,1,NOC_NPS_VNOC_X3Y0,VNOC,credit,1,-1,1
2215000,2215,1,NOC_NPS_VNOC_X3Y0,VNOC,data_vc,1,5,1
2216000,2216,0,NOC_NPS_VNOC_X3Y1,VNOC,credit,0,-1,1
2216000,2216,0,NOC_NPS_VNOC_X3Y1,VNOC,data_vc,0,5,1
2216000,2216,1,NOC_NPS_VNOC_X3Y0,VNOC,credit,1,-1,1
2216000,2216,1,NOC_NPS_VNOC_X3Y0,VNOC,data_vc,1,5,1
2217000,2217,0,NOC_NPS_VNOC_X3Y1,VNOC,credit,0,-1,1
2217000,2217,0,NOC_NPS_VNOC_X3Y1,VNOC,data_vc,0,5,1
2217000,2217,1,NOC_NPS_VNOC_X3Y0,VNOC,credit,1,-1,1
2217000,2217,1,NOC_NPS_VNOC_X3Y0,VNOC,data_vc,1,5,1
2218000,2218,0,NOC_NPS_VNOC_X3Y1,VNOC,credit,0,-1,1
2218000,2218,0,NOC_NPS_VNOC_X3Y1,VNOC,data_vc,0,5,1
2218000,2218,1,NOC_NPS_VNOC_X3Y0,VNOC,credit,1,-1,1
2218000,2218,1,NOC_NPS_VNOC_X3Y0,VNOC,data_vc,1,5,1
2219000,2219,0,NOC_NPS_VNOC_X3Y1,VNOC,credit,0,-1,1
2219000,2219,0,NOC_NPS_VNOC_X3Y1,VNOC,data_vc,0,5,1
2219000,2219,1,NOC_NPS_VNOC_X3Y0,VNOC,credit,1,-1,1
2219000,2219,1,NOC_NPS_VNOC_X3Y0,VNOC,data_vc,1,5,1
2220000,2220,0,NOC_NPS_VNOC_X3Y1,VNOC,credit,0,-1,1
2220000,2220,0,NOC_NPS_VNOC_X3Y1,VNOC,data_vc,0,5,1
2220000,2220,1,NOC_NPS_VNOC_X3Y0,VNOC,credit,1,-1,1
2220000,2220,1,NOC_NPS_VNOC_X3Y0,VNOC,data_vc,1,5,1
2221000,2221,0,NOC_NPS_VNOC_X3Y1,VNOC,credit,0,-1,1
2221000,2221,0,NOC_NPS_VNOC_X3Y1,VNOC,data_vc,0,5,1
2221000,2221,1,NOC_NPS_VNOC_X3Y0,VNOC,credit,1,-1,1
2221000,2221,1,NOC_NPS_VNOC_X3Y0,VNOC,data_vc,1,5,1
2222000,2222,0,NOC_NPS_VNOC_X3Y1,VNOC,credit,0,-1,1
2222000,2222,0,NOC_NPS_VNOC_X3Y1,VNOC,data_vc,0,5,1
2222000,2222,1,NOC_NPS_VNOC_X3Y0,VNOC,credit,1,-1,1
2222000,2222,1,NOC_NPS_VNOC_X3Y0,VNOC,data_vc,1,5,1
2223000,2223,0,NOC_NPS_VNOC_X3Y1,VNOC,data_vc,0,5,1
2223000,2223,1,NOC_NPS_VNOC_X3Y0,VNOC,credit,1,-1,1
2223000,2223,1,NOC_NPS_VNOC_X3Y0,VNOC,data_vc,1,5,1
2224000,2224,0,NOC_NPS_VNOC_X3Y1,VNOC,data_vc,0,5,1
2224000,2224,1,NOC_NPS_VNOC_X3Y0,VNOC,credit,1,-1,1
2224000,2224,1,NOC_NPS_VNOC_X3Y0,VNOC,data_vc,1,5,1
2225000,2225,0,NOC_NPS_VNOC_X3Y1,VNOC,credit,0,-1,1
2225000,2225,0,NOC_NPS_VNOC_X3Y1,VNOC,data_vc,0,5,1
2225000,2225,1,NOC_NPS_VNOC_X3Y0,VNOC,data_vc,1,5,1
2226000,2226,0,NOC_NPS_VNOC_X3Y1,VNOC,credit,0,-1,1
2226000,2226,0,NOC_NPS_VNOC_X3Y1,VNOC,data_vc,0,5,1
2226000,2226,1,NOC_NPS_VNOC_X3Y0,VNOC,data_vc,1,5,1
2227000,2227,0,NOC_NPS_VNOC_X3Y1,VNOC,credit,0,-1,1
2227000,2227,0,NOC_NPS_VNOC_X3Y1,VNOC,data_vc,0,5,1
2227000,2227,1,NOC_NPS_VNOC_X3Y0,VNOC,credit,1,-1,1
2227000,2227,1,NOC_NPS_VNOC_X3Y0,VNOC,data_vc,1,5,1
2228000,2228,0,NOC_NPS_VNOC_X3Y1,VNOC,credit,0,-1,1
2228000,2228,0,NOC_NPS_VNOC_X3Y1,VNOC,data_vc,0,5,1
2228000,2228,1,NOC_NPS_VNOC_X3Y0,VNOC,credit,1,-1,1
2228000,2228,1,NOC_NPS_VNOC_X3Y0,VNOC,data_vc,1,5,1
2229000,2229,0,NOC_NPS_VNOC_X3Y1,VNOC,credit,0,-1,1
2229000,2229,0,NOC_NPS_VNOC_X3Y1,VNOC,data_vc,0,5,1
2229000,2229,1,NOC_NPS_VNOC_X3Y0,VNOC,credit,1,-1,1
2229000,2229,1,NOC_NPS_VNOC_X3Y0,VNOC,data_vc,1,5,1
2230000,2230,0,NOC_NPS_VNOC_X3Y1,VNOC,credit,0,-1,1
2230000,2230,0,NOC_NPS_VNOC_X3Y1,VNOC,data_vc,0,5,1
2230000,2230,1,NOC_NPS_VNOC_X3Y0,VNOC,credit,1,-1,1
2230000,2230,1,NOC_NPS_VNOC_X3Y0,VNOC,data_vc,1,5,1
2231000,2231,0,NOC_NPS_VNOC_X3Y1,VNOC,credit,0,-1,1
2231000,2231,0,NOC_NPS_VNOC_X3Y1,VNOC,data_vc,0,5,1
2231000,2231,1,NOC_NPS_VNOC_X3Y0,VNOC,credit,1,-1,1
2231000,2231,1,NOC_NPS_VNOC_X3Y0,VNOC,data_vc,1,5,1
2232000,2232,0,NOC_NPS_VNOC_X3Y1,VNOC,credit,0,-1,1
2232000,2232,0,NOC_NPS_VNOC_X3Y1,VNOC,data_vc,0,5,1
2232000,2232,1,NOC_NPS_VNOC_X3Y0,VNOC,credit,1,-1,1
2232000,2232,1,NOC_NPS_VNOC_X3Y0,VNOC,data_vc,1,5,1
2233000,2233,0,NOC_NPS_VNOC_X3Y1,VNOC,credit,0,-1,1
2233000,2233,0,NOC_NPS_VNOC_X3Y1,VNOC,data_vc,0,5,1
2233000,2233,1,NOC_NPS_VNOC_X3Y0,VNOC,credit,1,-1,1
2233000,2233,1,NOC_NPS_VNOC_X3Y0,VNOC,data_vc,1,5,1
2234000,2234,0,NOC_NPS_VNOC_X3Y1,VNOC,credit,0,-1,1
2234000,2234,0,NOC_NPS_VNOC_X3Y1,VNOC,data_vc,0,5,1
2234000,2234,1,NOC_NPS_VNOC_X3Y0,VNOC,credit,1,-1,1
2234000,2234,1,NOC_NPS_VNOC_X3Y0,VNOC,data_vc,1,5,1
2235000,2235,0,NOC_NPS_VNOC_X3Y1,VNOC,credit,0,-1,1
2235000,2235,0,NOC_NPS_VNOC_X3Y1,VNOC,data_vc,0,5,1
2235000,2235,1,NOC_NPS_VNOC_X3Y0,VNOC,credit,1,-1,1
2235000,2235,1,NOC_NPS_VNOC_X3Y0,VNOC,data_vc,1,5,1
2236000,2236,0,NOC_NPS_VNOC_X3Y1,VNOC,credit,0,-1,1
2236000,2236,0,NOC_NPS_VNOC_X3Y1,VNOC,data_vc,0,5,1
2236000,2236,1,NOC_NPS_VNOC_X3Y0,VNOC,credit,1,-1,1
2236000,2236,1,NOC_NPS_VNOC_X3Y0,VNOC,data_vc,1,5,1
2237000,2237,0,NOC_NPS_VNOC_X3Y1,VNOC,credit,0,-1,1
2237000,2237,0,NOC_NPS_VNOC_X3Y1,VNOC,data_vc,0,5,1
2237000,2237,1,NOC_NPS_VNOC_X3Y0,VNOC,credit,1,-1,1
2237000,2237,1,NOC_NPS_VNOC_X3Y0,VNOC,data_vc,1,5,1
2238000,2238,0,NOC_NPS_VNOC_X3Y1,VNOC,credit,0,-1,1
2238000,2238,0,NOC_NPS_VNOC_X3Y1,VNOC,data_vc,0,5,1
2238000,2238,1,NOC_NPS_VNOC_X3Y0,VNOC,credit,1,-1,1
2238000,2238,1,NOC_NPS_VNOC_X3Y0,VNOC,data_vc,1,5,1
2239000,2239,0,NOC_NPS_VNOC_X3Y1,VNOC,credit,0,-1,1
2239000,2239,0,NOC_NPS_VNOC_X3Y1,VNOC,data_vc,0,5,1
2239000,2239,1,NOC_NPS_VNOC_X3Y0,VNOC,credit,1,-1,1
2239000,2239,1,NOC_NPS_VNOC_X3Y0,VNOC,data_vc,1,5,1
2240000,2240,0,NOC_NPS_VNOC_X3Y1,VNOC,credit,0,-1,1
2240000,2240,0,NOC_NPS_VNOC_X3Y1,VNOC,data_vc,0,5,1
2240000,2240,1,NOC_NPS_VNOC_X3Y0,VNOC,credit,1,-1,1
2240000,2240,1,NOC_NPS_VNOC_X3Y0,VNOC,data_vc,1,5,1
2241000,2241,0,NOC_NPS_VNOC_X3Y1,VNOC,credit,0,-1,1
2241000,2241,0,NOC_NPS_VNOC_X3Y1,VNOC,data_vc,0,5,1
2241000,2241,1,NOC_NPS_VNOC_X3Y0,VNOC,credit,1,-1,1
2241000,2241,1,NOC_NPS_VNOC_X3Y0,VNOC,data_vc,1,5,1
2242000,2242,0,NOC_NPS_VNOC_X3Y1,VNOC,credit,0,-1,1
2242000,2242,0,NOC_NPS_VNOC_X3Y1,VNOC,data_vc,0,5,1
2242000,2242,1,NOC_NPS_VNOC_X3Y0,VNOC,credit,1,-1,1
2242000,2242,1,NOC_NPS_VNOC_X3Y0,VNOC,data_vc,1,5,1
2243000,2243,0,NOC_NPS_VNOC_X3Y1,VNOC,credit,0,-1,1
2243000,2243,0,NOC_NPS_VNOC_X3Y1,VNOC,data_vc,0,5,1
2243000,2243,1,NOC_NPS_VNOC_X3Y0,VNOC,credit,1,-1,1
2243000,2243,1,NOC_NPS_VNOC_X3Y0,VNOC,data_vc,1,5,1
2244000,2244,0,NOC_NPS_VNOC_X3Y1,VNOC,credit,0,-1,1
2244000,2244,0,NOC_NPS_VNOC_X3Y1,VNOC,data_vc,0,5,1
2244000,2244,1,NOC_NPS_VNOC_X3Y0,VNOC,credit,1,-1,1
2244000,2244,1,NOC_NPS_VNOC_X3Y0,VNOC,data_vc,1,5,1
2245000,2245,0,NOC_NPS_VNOC_X3Y1,VNOC,credit,0,-1,1
2245000,2245,0,NOC_NPS_VNOC_X3Y1,VNOC,data_vc,0,5,1
2245000,2245,1,NOC_NPS_VNOC_X3Y0,VNOC,credit,1,-1,1
2245000,2245,1,NOC_NPS_VNOC_X3Y0,VNOC,data_vc,1,5,1
2246000,2246,0,NOC_NPS_VNOC_X3Y1,VNOC,credit,0,-1,1
2246000,2246,0,NOC_NPS_VNOC_X3Y1,VNOC,data_vc,0,5,1
2246000,2246,1,NOC_NPS_VNOC_X3Y0,VNOC,credit,1,-1,1
2246000,2246,1,NOC_NPS_VNOC_X3Y0,VNOC,data_vc,1,5,1
2247000,2247,0,NOC_NPS_VNOC_X3Y1,VNOC,credit,0,-1,1
2247000,2247,0,NOC_NPS_VNOC_X3Y1,VNOC,data_vc,0,5,1
2247000,2247,1,NOC_NPS_VNOC_X3Y0,VNOC,credit,1,-1,1
2247000,2247,1,NOC_NPS_VNOC_X3Y0,VNOC,data_vc,1,5,1
2248000,2248,0,NOC_NPS_VNOC_X3Y1,VNOC,credit,0,-1,1
2248000,2248,0,NOC_NPS_VNOC_X3Y1,VNOC,data_vc,0,5,1
2248000,2248,1,NOC_NPS_VNOC_X3Y0,VNOC,credit,1,-1,1
2248000,2248,1,NOC_NPS_VNOC_X3Y0,VNOC,data_vc,1,5,1
2249000,2249,0,NOC_NPS_VNOC_X3Y1,VNOC,credit,0,-1,1
2249000,2249,0,NOC_NPS_VNOC_X3Y1,VNOC,data_vc,0,5,1
2249000,2249,1,NOC_NPS_VNOC_X3Y0,VNOC,credit,1,-1,1
2249000,2249,1,NOC_NPS_VNOC_X3Y0,VNOC,data_vc,1,5,1
2250000,2250,0,NOC_NPS_VNOC_X3Y1,VNOC,credit,0,-1,1
2250000,2250,0,NOC_NPS_VNOC_X3Y1,VNOC,data_vc,0,5,1
2250000,2250,1,NOC_NPS_VNOC_X3Y0,VNOC,credit,1,-1,1
2250000,2250,1,NOC_NPS_VNOC_X3Y0,VNOC,data_vc,1,5,1
2251000,2251,0,NOC_NPS_VNOC_X3Y1,VNOC,credit,0,-1,1
2251000,2251,0,NOC_NPS_VNOC_X3Y1,VNOC,data_vc,0,5,1
2251000,2251,1,NOC_NPS_VNOC_X3Y0,VNOC,credit,1,-1,1
2251000,2251,1,NOC_NPS_VNOC_X3Y0,VNOC,data_vc,1,5,1
2252000,2252,0,NOC_NPS_VNOC_X3Y1,VNOC,credit,0,-1,1
2252000,2252,0,NOC_NPS_VNOC_X3Y1,VNOC,data_vc,0,5,1
2252000,2252,1,NOC_NPS_VNOC_X3Y0,VNOC,credit,1,-1,1
2252000,2252,1,NOC_NPS_VNOC_X3Y0,VNOC,data_vc,1,5,1
2253000,2253,0,NOC_NPS_VNOC_X3Y1,VNOC,credit,0,-1,1
2253000,2253,0,NOC_NPS_VNOC_X3Y1,VNOC,data_vc,0,5,1
2253000,2253,1,NOC_NPS_VNOC_X3Y0,VNOC,credit,1,-1,1
2253000,2253,1,NOC_NPS_VNOC_X3Y0,VNOC,data_vc,1,5,1
2254000,2254,0,NOC_NPS_VNOC_X3Y1,VNOC,credit,0,-1,1
2254000,2254,0,NOC_NPS_VNOC_X3Y1,VNOC,data_vc,0,5,1
2254000,2254,1,NOC_NPS_VNOC_X3Y0,VNOC,credit,1,-1,1
2254000,2254,1,NOC_NPS_VNOC_X3Y0,VNOC,data_vc,1,5,1
2255000,2255,0,NOC_NPS_VNOC_X3Y1,VNOC,credit,0,-1,1
2255000,2255,0,NOC_NPS_VNOC_X3Y1,VNOC,data_vc,0,5,1
2255000,2255,1,NOC_NPS_VNOC_X3Y0,VNOC,credit,1,-1,1
2255000,2255,1,NOC_NPS_VNOC_X3Y0,VNOC,data_vc,1,5,1
2256000,2256,0,NOC_NPS_VNOC_X3Y1,VNOC,credit,0,-1,1
2256000,2256,0,NOC_NPS_VNOC_X3Y1,VNOC,data_vc,0,5,1
2256000,2256,1,NOC_NPS_VNOC_X3Y0,VNOC,credit,1,-1,1
2256000,2256,1,NOC_NPS_VNOC_X3Y0,VNOC,data_vc,1,5,1
2257000,2257,0,NOC_NPS_VNOC_X3Y1,VNOC,credit,0,-1,1
2257000,2257,0,NOC_NPS_VNOC_X3Y1,VNOC,data_vc,0,5,1
2257000,2257,1,NOC_NPS_VNOC_X3Y0,VNOC,credit,1,-1,1
2257000,2257,1,NOC_NPS_VNOC_X3Y0,VNOC,data_vc,1,5,1
2258000,2258,0,NOC_NPS_VNOC_X3Y1,VNOC,credit,0,-1,1
2258000,2258,0,NOC_NPS_VNOC_X3Y1,VNOC,data_vc,0,5,1
2258000,2258,1,NOC_NPS_VNOC_X3Y0,VNOC,credit,1,-1,1
2258000,2258,1,NOC_NPS_VNOC_X3Y0,VNOC,data_vc,1,5,1
2259000,2259,0,NOC_NPS_VNOC_X3Y1,VNOC,credit,0,-1,1
2259000,2259,0,NOC_NPS_VNOC_X3Y1,VNOC,data_vc,0,5,1
2259000,2259,1,NOC_NPS_VNOC_X3Y0,VNOC,credit,1,-1,1
2259000,2259,1,NOC_NPS_VNOC_X3Y0,VNOC,data_vc,1,5,1
2260000,2260,0,NOC_NPS_VNOC_X3Y1,VNOC,credit,0,-1,1
2260000,2260,0,NOC_NPS_VNOC_X3Y1,VNOC,data_vc,0,5,1
2260000,2260,1,NOC_NPS_VNOC_X3Y0,VNOC,credit,1,-1,1
2260000,2260,1,NOC_NPS_VNOC_X3Y0,VNOC,data_vc,1,5,1
2261000,2261,0,NOC_NPS_VNOC_X3Y1,VNOC,credit,0,-1,1
2261000,2261,0,NOC_NPS_VNOC_X3Y1,VNOC,data_vc,0,5,1
2261000,2261,1,NOC_NPS_VNOC_X3Y0,VNOC,credit,1,-1,1
2261000,2261,1,NOC_NPS_VNOC_X3Y0,VNOC,data_vc,1,5,1
2262000,2262,0,NOC_NPS_VNOC_X3Y1,VNOC,credit,0,-1,1
2262000,2262,0,NOC_NPS_VNOC_X3Y1,VNOC,data_vc,0,5,1
2262000,2262,1,NOC_NPS_VNOC_X3Y0,VNOC,credit,1,-1,1
2262000,2262,1,NOC_NPS_VNOC_X3Y0,VNOC,data_vc,1,5,1
2263000,2263,0,NOC_NPS_VNOC_X3Y1,VNOC,credit,0,-1,1
2263000,2263,0,NOC_NPS_VNOC_X3Y1,VNOC,data_vc,0,5,1
2263000,2263,1,NOC_NPS_VNOC_X3Y0,VNOC,credit,1,-1,1
2263000,2263,1,NOC_NPS_VNOC_X3Y0,VNOC,data_vc,1,5,1
2264000,2264,0,NOC_NPS_VNOC_X3Y1,VNOC,credit,0,-1,1
2264000,2264,0,NOC_NPS_VNOC_X3Y1,VNOC,data_vc,0,5,1
2264000,2264,1,NOC_NPS_VNOC_X3Y0,VNOC,credit,1,-1,1
2264000,2264,1,NOC_NPS_VNOC_X3Y0,VNOC,data_vc,1,5,1
2265000,2265,0,NOC_NPS_VNOC_X3Y1,VNOC,credit,0,-1,1
2265000,2265,0,NOC_NPS_VNOC_X3Y1,VNOC,data_vc,0,5,1
2265000,2265,1,NOC_NPS_VNOC_X3Y0,VNOC,credit,1,-1,1
2265000,2265,1,NOC_NPS_VNOC_X3Y0,VNOC,data_vc,1,5,1
2266000,2266,0,NOC_NPS_VNOC_X3Y1,VNOC,credit,0,-1,1
2266000,2266,0,NOC_NPS_VNOC_X3Y1,VNOC,data_vc,0,5,1
2266000,2266,1,NOC_NPS_VNOC_X3Y0,VNOC,credit,1,-1,1
2266000,2266,1,NOC_NPS_VNOC_X3Y0,VNOC,data_vc,1,5,1
2267000,2267,0,NOC_NPS_VNOC_X3Y1,VNOC,credit,0,-1,1
2267000,2267,0,NOC_NPS_VNOC_X3Y1,VNOC,data_vc,0,5,1
2267000,2267,1,NOC_NPS_VNOC_X3Y0,VNOC,credit,1,-1,1
2267000,2267,1,NOC_NPS_VNOC_X3Y0,VNOC,data_vc,1,5,1
2268000,2268,0,NOC_NPS_VNOC_X3Y1,VNOC,credit,0,-1,1
2268000,2268,0,NOC_NPS_VNOC_X3Y1,VNOC,data_vc,0,5,1
2268000,2268,1,NOC_NPS_VNOC_X3Y0,VNOC,credit,1,-1,1
2268000,2268,1,NOC_NPS_VNOC_X3Y0,VNOC,data_vc,1,5,1
2269000,2269,0,NOC_NPS_VNOC_X3Y1,VNOC,credit,0,-1,1
2269000,2269,0,NOC_NPS_VNOC_X3Y1,VNOC,data_vc,0,5,1
2269000,2269,1,NOC_NPS_VNOC_X3Y0,VNOC,credit,1,-1,1
2269000,2269,1,NOC_NPS_VNOC_X3Y0,VNOC,data_vc,1,5,1
2270000,2270,0,NOC_NPS_VNOC_X3Y1,VNOC,credit,0,-1,1
2270000,2270,0,NOC_NPS_VNOC_X3Y1,VNOC,data_vc,0,5,1
2270000,2270,1,NOC_NPS_VNOC_X3Y0,VNOC,credit,1,-1,1
2270000,2270,1,NOC_NPS_VNOC_X3Y0,VNOC,data_vc,1,5,1
2271000,2271,0,NOC_NPS_VNOC_X3Y1,VNOC,credit,0,-1,1
2271000,2271,0,NOC_NPS_VNOC_X3Y1,VNOC,data_vc,0,5,1
2271000,2271,1,NOC_NPS_VNOC_X3Y0,VNOC,credit,1,-1,1
2271000,2271,1,NOC_NPS_VNOC_X3Y0,VNOC,data_vc,1,5,1
2272000,2272,0,NOC_NPS_VNOC_X3Y1,VNOC,credit,0,-1,1
2272000,2272,0,NOC_NPS_VNOC_X3Y1,VNOC,data_vc,0,5,1
2272000,2272,1,NOC_NPS_VNOC_X3Y0,VNOC,credit,1,-1,1
2272000,2272,1,NOC_NPS_VNOC_X3Y0,VNOC,data_vc,1,5,1
2273000,2273,0,NOC_NPS_VNOC_X3Y1,VNOC,credit,0,-1,1
2273000,2273,0,NOC_NPS_VNOC_X3Y1,VNOC,data_vc,0,5,1
2273000,2273,1,NOC_NPS_VNOC_X3Y0,VNOC,credit,1,-1,1
2273000,2273,1,NOC_NPS_VNOC_X3Y0,VNOC,data_vc,1,5,1
2274000,2274,0,NOC_NPS_VNOC_X3Y1,VNOC,credit,0,-1,1
2274000,2274,0,NOC_NPS_VNOC_X3Y1,VNOC,data_vc,0,5,1
2274000,2274,1,NOC_NPS_VNOC_X3Y0,VNOC,credit,1,-1,1
2274000,2274,1,NOC_NPS_VNOC_X3Y0,VNOC,data_vc,1,5,1
2275000,2275,0,NOC_NPS_VNOC_X3Y1,VNOC,credit,0,-1,1
2275000,2275,0,NOC_NPS_VNOC_X3Y1,VNOC,data_vc,0,5,1
2275000,2275,1,NOC_NPS_VNOC_X3Y0,VNOC,credit,1,-1,1
2275000,2275,1,NOC_NPS_VNOC_X3Y0,VNOC,data_vc,1,5,1
2276000,2276,0,NOC_NPS_VNOC_X3Y1,VNOC,credit,0,-1,1
2276000,2276,0,NOC_NPS_VNOC_X3Y1,VNOC,data_vc,0,5,1
2276000,2276,1,NOC_NPS_VNOC_X3Y0,VNOC,credit,1,-1,1
2276000,2276,1,NOC_NPS_VNOC_X3Y0,VNOC,data_vc,1,5,1
2277000,2277,0,NOC_NPS_VNOC_X3Y1,VNOC,credit,0,-1,1
2277000,2277,0,NOC_NPS_VNOC_X3Y1,VNOC,data_vc,0,5,1
2277000,2277,1,NOC_NPS_VNOC_X3Y0,VNOC,credit,1,-1,1
2277000,2277,1,NOC_NPS_VNOC_X3Y0,VNOC,data_vc,1,5,1
2278000,2278,0,NOC_NPS_VNOC_X3Y1,VNOC,credit,0,-1,1
2278000,2278,0,NOC_NPS_VNOC_X3Y1,VNOC,data_vc,0,5,1
2278000,2278,1,NOC_NPS_VNOC_X3Y0,VNOC,credit,1,-1,1
2278000,2278,1,NOC_NPS_VNOC_X3Y0,VNOC,data_vc,1,5,1
2279000,2279,0,NOC_NPS_VNOC_X3Y1,VNOC,credit,0,-1,1
2279000,2279,0,NOC_NPS_VNOC_X3Y1,VNOC,data_vc,0,5,1
2279000,2279,1,NOC_NPS_VNOC_X3Y0,VNOC,credit,1,-1,1
2279000,2279,1,NOC_NPS_VNOC_X3Y0,VNOC,data_vc,1,5,1
2280000,2280,0,NOC_NPS_VNOC_X3Y1,VNOC,credit,0,-1,1
2280000,2280,0,NOC_NPS_VNOC_X3Y1,VNOC,data_vc,0,5,1
2280000,2280,1,NOC_NPS_VNOC_X3Y0,VNOC,credit,1,-1,1
2280000,2280,1,NOC_NPS_VNOC_X3Y0,VNOC,data_vc,1,5,1
2281000,2281,0,NOC_NPS_VNOC_X3Y1,VNOC,credit,0,-1,1
2281000,2281,0,NOC_NPS_VNOC_X3Y1,VNOC,data_vc,0,5,1
2281000,2281,1,NOC_NPS_VNOC_X3Y0,VNOC,credit,1,-1,1
2281000,2281,1,NOC_NPS_VNOC_X3Y0,VNOC,data_vc,1,5,1
2282000,2282,0,NOC_NPS_VNOC_X3Y1,VNOC,credit,0,-1,1
2282000,2282,0,NOC_NPS_VNOC_X3Y1,VNOC,data_vc,0,5,1
2282000,2282,1,NOC_NPS_VNOC_X3Y0,VNOC,credit,1,-1,1
2282000,2282,1,NOC_NPS_VNOC_X3Y0,VNOC,data_vc,1,5,1
2283000,2283,0,NOC_NPS_VNOC_X3Y1,VNOC,credit,0,-1,1
2283000,2283,0,NOC_NPS_VNOC_X3Y1,VNOC,data_vc,0,5,1
2283000,2283,1,NOC_NPS_VNOC_X3Y0,VNOC,credit,1,-1,1
2283000,2283,1,NOC_NPS_VNOC_X3Y0,VNOC,data_vc,1,5,1
2284000,2284,0,NOC_NPS_VNOC_X3Y1,VNOC,credit,0,-1,1
2284000,2284,0,NOC_NPS_VNOC_X3Y1,VNOC,data_vc,0,5,1
2284000,2284,1,NOC_NPS_VNOC_X3Y0,VNOC,credit,1,-1,1
2284000,2284,1,NOC_NPS_VNOC_X3Y0,VNOC,data_vc,1,5,1
2285000,2285,0,NOC_NPS_VNOC_X3Y1,VNOC,credit,0,-1,1
2285000,2285,0,NOC_NPS_VNOC_X3Y1,VNOC,data_vc,0,5,1
2285000,2285,1,NOC_NPS_VNOC_X3Y0,VNOC,credit,1,-1,1
2285000,2285,1,NOC_NPS_VNOC_X3Y0,VNOC,data_vc,1,5,1
2286000,2286,0,NOC_NPS_VNOC_X3Y1,VNOC,credit,0,-1,1
2286000,2286,0,NOC_NPS_VNOC_X3Y1,VNOC,data_vc,0,5,1
2286000,2286,1,NOC_NPS_VNOC_X3Y0,VNOC,credit,1,-1,1
2286000,2286,1,NOC_NPS_VNOC_X3Y0,VNOC,data_vc,1,5,1
2287000,2287,0,NOC_NPS_VNOC_X3Y1,VNOC,credit,0,-1,1
2287000,2287,0,NOC_NPS_VNOC_X3Y1,VNOC,data_vc,0,5,1
2287000,2287,1,NOC_NPS_VNOC_X3Y0,VNOC,credit,1,-1,1
2287000,2287,1,NOC_NPS_VNOC_X3Y0,VNOC,data_vc,1,5,1
2288000,2288,0,NOC_NPS_VNOC_X3Y1,VNOC,credit,0,-1,1
2288000,2288,0,NOC_NPS_VNOC_X3Y1,VNOC,data_vc,0,5,1
2288000,2288,1,NOC_NPS_VNOC_X3Y0,VNOC,credit,1,-1,1
2288000,2288,1,NOC_NPS_VNOC_X3Y0,VNOC,data_vc,1,5,1
2289000,2289,0,NOC_NPS_VNOC_X3Y1,VNOC,credit,0,-1,1
2289000,2289,0,NOC_NPS_VNOC_X3Y1,VNOC,data_vc,0,5,1
2289000,2289,1,NOC_NPS_VNOC_X3Y0,VNOC,credit,1,-1,1
2289000,2289,1,NOC_NPS_VNOC_X3Y0,VNOC,data_vc,1,5,1
2290000,2290,0,NOC_NPS_VNOC_X3Y1,VNOC,credit,0,-1,1
2290000,2290,0,NOC_NPS_VNOC_X3Y1,VNOC,data_vc,0,5,1
2290000,2290,1,NOC_NPS_VNOC_X3Y0,VNOC,credit,1,-1,1
2290000,2290,1,NOC_NPS_VNOC_X3Y0,VNOC,data_vc,1,5,1
2291000,2291,0,NOC_NPS_VNOC_X3Y1,VNOC,credit,0,-1,1
2291000,2291,0,NOC_NPS_VNOC_X3Y1,VNOC,data_vc,0,5,1
2291000,2291,1,NOC_NPS_VNOC_X3Y0,VNOC,credit,1,-1,1
2291000,2291,1,NOC_NPS_VNOC_X3Y0,VNOC,data_vc,1,5,1
2292000,2292,0,NOC_NPS_VNOC_X3Y1,VNOC,credit,0,-1,1
2292000,2292,0,NOC_NPS_VNOC_X3Y1,VNOC,data_vc,0,5,1
2292000,2292,1,NOC_NPS_VNOC_X3Y0,VNOC,credit,1,-1,1
2292000,2292,1,NOC_NPS_VNOC_X3Y0,VNOC,data_vc,1,5,1
2293000,2293,0,NOC_NPS_VNOC_X3Y1,VNOC,credit,0,-1,1
2293000,2293,0,NOC_NPS_VNOC_X3Y1,VNOC,data_vc,0,5,1
2293000,2293,1,NOC_NPS_VNOC_X3Y0,VNOC,credit,1,-1,1
2293000,2293,1,NOC_NPS_VNOC_X3Y0,VNOC,data_vc,1,5,1
2294000,2294,0,NOC_NPS_VNOC_X3Y1,VNOC,credit,0,-1,1
2294000,2294,0,NOC_NPS_VNOC_X3Y1,VNOC,data_vc,0,5,1
2294000,2294,1,NOC_NPS_VNOC_X3Y0,VNOC,credit,1,-1,1
2294000,2294,1,NOC_NPS_VNOC_X3Y0,VNOC,data_vc,1,5,1
2295000,2295,0,NOC_NPS_VNOC_X3Y1,VNOC,credit,0,-1,1
2295000,2295,0,NOC_NPS_VNOC_X3Y1,VNOC,data_vc,0,5,1
2295000,2295,1,NOC_NPS_VNOC_X3Y0,VNOC,credit,1,-1,1
2295000,2295,1,NOC_NPS_VNOC_X3Y0,VNOC,data_vc,1,5,1
2296000,2296,0,NOC_NPS_VNOC_X3Y1,VNOC,credit,0,-1,1
2296000,2296,0,NOC_NPS_VNOC_X3Y1,VNOC,data_vc,0,5,1
2296000,2296,1,NOC_NPS_VNOC_X3Y0,VNOC,credit,1,-1,1
2296000,2296,1,NOC_NPS_VNOC_X3Y0,VNOC,data_vc,1,5,1
2297000,2297,0,NOC_NPS_VNOC_X3Y1,VNOC,credit,0,-1,1
2297000,2297,0,NOC_NPS_VNOC_X3Y1,VNOC,data_vc,0,5,1
2297000,2297,1,NOC_NPS_VNOC_X3Y0,VNOC,credit,1,-1,1
2297000,2297,1,NOC_NPS_VNOC_X3Y0,VNOC,data_vc,1,5,1
2298000,2298,0,NOC_NPS_VNOC_X3Y1,VNOC,credit,0,-1,1
2298000,2298,0,NOC_NPS_VNOC_X3Y1,VNOC,data_vc,0,5,1
2298000,2298,1,NOC_NPS_VNOC_X3Y0,VNOC,credit,1,-1,1
2298000,2298,1,NOC_NPS_VNOC_X3Y0,VNOC,data_vc,1,5,1
2299000,2299,0,NOC_NPS_VNOC_X3Y1,VNOC,credit,0,-1,1
2299000,2299,0,NOC_NPS_VNOC_X3Y1,VNOC,data_vc,0,5,1
2299000,2299,1,NOC_NPS_VNOC_X3Y0,VNOC,credit,1,-1,1
2299000,2299,1,NOC_NPS_VNOC_X3Y0,VNOC,data_vc,1,5,1
2300000,2300,0,NOC_NPS_VNOC_X3Y1,VNOC,credit,0,-1,1
2300000,2300,0,NOC_NPS_VNOC_X3Y1,VNOC,data_vc,0,5,1
2300000,2300,1,NOC_NPS_VNOC_X3Y0,VNOC,credit,1,-1,1
2300000,2300,1,NOC_NPS_VNOC_X3Y0,VNOC,data_vc,1,5,1
2301000,2301,0,NOC_NPS_VNOC_X3Y1,VNOC,credit,0,-1,1
2301000,2301,0,NOC_NPS_VNOC_X3Y1,VNOC,data_vc,0,5,1
2301000,2301,1,NOC_NPS_VNOC_X3Y0,VNOC,credit,1,-1,1
2301000,2301,1,NOC_NPS_VNOC_X3Y0,VNOC,data_vc,1,5,1
2302000,2302,0,NOC_NPS_VNOC_X3Y1,VNOC,credit,0,-1,1
2302000,2302,0,NOC_NPS_VNOC_X3Y1,VNOC,data_vc,0,5,1
2302000,2302,1,NOC_NPS_VNOC_X3Y0,VNOC,credit,1,-1,1
2302000,2302,1,NOC_NPS_VNOC_X3Y0,VNOC,data_vc,1,5,1
2303000,2303,0,NOC_NPS_VNOC_X3Y1,VNOC,credit,0,-1,1
2303000,2303,0,NOC_NPS_VNOC_X3Y1,VNOC,data_vc,0,5,1
2303000,2303,1,NOC_NPS_VNOC_X3Y0,VNOC,credit,1,-1,1
2303000,2303,1,NOC_NPS_VNOC_X3Y0,VNOC,data_vc,1,5,1
2304000,2304,0,NOC_NPS_VNOC_X3Y1,VNOC,credit,0,-1,1
2304000,2304,0,NOC_NPS_VNOC_X3Y1,VNOC,data_vc,0,5,1
2304000,2304,1,NOC_NPS_VNOC_X3Y0,VNOC,credit,1,-1,1
2304000,2304,1,NOC_NPS_VNOC_X3Y0,VNOC,data_vc,1,5,1
2305000,2305,0,NOC_NPS_VNOC_X3Y1,VNOC,credit,0,-1,1
2305000,2305,0,NOC_NPS_VNOC_X3Y1,VNOC,data_vc,0,5,1
2305000,2305,1,NOC_NPS_VNOC_X3Y0,VNOC,credit,1,-1,1
2305000,2305,1,NOC_NPS_VNOC_X3Y0,VNOC,data_vc,1,5,1
2306000,2306,0,NOC_NPS_VNOC_X3Y1,VNOC,credit,0,-1,1
2306000,2306,0,NOC_NPS_VNOC_X3Y1,VNOC,data_vc,0,5,1
2306000,2306,1,NOC_NPS_VNOC_X3Y0,VNOC,credit,1,-1,1
2306000,2306,1,NOC_NPS_VNOC_X3Y0,VNOC,data_vc,1,5,1
2307000,2307,0,NOC_NPS_VNOC_X3Y1,VNOC,credit,0,-1,1
2307000,2307,0,NOC_NPS_VNOC_X3Y1,VNOC,data_vc,0,5,1
2307000,2307,1,NOC_NPS_VNOC_X3Y0,VNOC,credit,1,-1,1
2307000,2307,1,NOC_NPS_VNOC_X3Y0,VNOC,data_vc,1,5,1
2308000,2308,0,NOC_NPS_VNOC_X3Y1,VNOC,credit,0,-1,1
2308000,2308,0,NOC_NPS_VNOC_X3Y1,VNOC,data_vc,0,5,1
2308000,2308,1,NOC_NPS_VNOC_X3Y0,VNOC,credit,1,-1,1
2308000,2308,1,NOC_NPS_VNOC_X3Y0,VNOC,data_vc,1,5,1
2309000,2309,0,NOC_NPS_VNOC_X3Y1,VNOC,credit,0,-1,1
2309000,2309,0,NOC_NPS_VNOC_X3Y1,VNOC,data_vc,0,5,1
2309000,2309,1,NOC_NPS_VNOC_X3Y0,VNOC,credit,1,-1,1
2309000,2309,1,NOC_NPS_VNOC_X3Y0,VNOC,data_vc,1,5,1
2310000,2310,0,NOC_NPS_VNOC_X3Y1,VNOC,credit,0,-1,1
2310000,2310,0,NOC_NPS_VNOC_X3Y1,VNOC,data_vc,0,5,1
2310000,2310,1,NOC_NPS_VNOC_X3Y0,VNOC,credit,1,-1,1
2310000,2310,1,NOC_NPS_VNOC_X3Y0,VNOC,data_vc,1,5,1
2311000,2311,0,NOC_NPS_VNOC_X3Y1,VNOC,credit,0,-1,1
2311000,2311,0,NOC_NPS_VNOC_X3Y1,VNOC,data_vc,0,5,1
2311000,2311,1,NOC_NPS_VNOC_X3Y0,VNOC,credit,1,-1,1
2311000,2311,1,NOC_NPS_VNOC_X3Y0,VNOC,data_vc,1,5,1
2312000,2312,0,NOC_NPS_VNOC_X3Y1,VNOC,credit,0,-1,1
2312000,2312,0,NOC_NPS_VNOC_X3Y1,VNOC,data_vc,0,5,1
2312000,2312,1,NOC_NPS_VNOC_X3Y0,VNOC,credit,1,-1,1
2312000,2312,1,NOC_NPS_VNOC_X3Y0,VNOC,data_vc,1,5,1
2313000,2313,0,NOC_NPS_VNOC_X3Y1,VNOC,credit,0,-1,1
2313000,2313,0,NOC_NPS_VNOC_X3Y1,VNOC,data_vc,0,5,1
2313000,2313,1,NOC_NPS_VNOC_X3Y0,VNOC,credit,1,-1,1
2313000,2313,1,NOC_NPS_VNOC_X3Y0,VNOC,data_vc,1,5,1
2314000,2314,0,NOC_NPS_VNOC_X3Y1,VNOC,credit,0,-1,1
2314000,2314,0,NOC_NPS_VNOC_X3Y1,VNOC,data_vc,0,5,1
2314000,2314,1,NOC_NPS_VNOC_X3Y0,VNOC,credit,1,-1,1
2314000,2314,1,NOC_NPS_VNOC_X3Y0,VNOC,data_vc,1,5,1
2315000,2315,0,NOC_NPS_VNOC_X3Y1,VNOC,credit,0,-1,1
2315000,2315,0,NOC_NPS_VNOC_X3Y1,VNOC,data_vc,0,5,1
2315000,2315,1,NOC_NPS_VNOC_X3Y0,VNOC,credit,1,-1,1
2315000,2315,1,NOC_NPS_VNOC_X3Y0,VNOC,data_vc,1,5,1
2316000,2316,0,NOC_NPS_VNOC_X3Y1,VNOC,credit,0,-1,1
2316000,2316,0,NOC_NPS_VNOC_X3Y1,VNOC,data_vc,0,5,1
2316000,2316,1,NOC_NPS_VNOC_X3Y0,VNOC,credit,1,-1,1
2316000,2316,1,NOC_NPS_VNOC_X3Y0,VNOC,data_vc,1,5,1
2317000,2317,0,NOC_NPS_VNOC_X3Y1,VNOC,credit,0,-1,1
2317000,2317,0,NOC_NPS_VNOC_X3Y1,VNOC,data_vc,0,5,1
2317000,2317,1,NOC_NPS_VNOC_X3Y0,VNOC,credit,1,-1,1
2317000,2317,1,NOC_NPS_VNOC_X3Y0,VNOC,data_vc,1,5,1
2318000,2318,0,NOC_NPS_VNOC_X3Y1,VNOC,credit,0,-1,1
2318000,2318,0,NOC_NPS_VNOC_X3Y1,VNOC,data_vc,0,5,1
2318000,2318,1,NOC_NPS_VNOC_X3Y0,VNOC,credit,1,-1,1
2318000,2318,1,NOC_NPS_VNOC_X3Y0,VNOC,data_vc,1,5,1
2319000,2319,0,NOC_NPS_VNOC_X3Y1,VNOC,credit,0,-1,1
2319000,2319,0,NOC_NPS_VNOC_X3Y1,VNOC,data_vc,0,5,1
2319000,2319,1,NOC_NPS_VNOC_X3Y0,VNOC,credit,1,-1,1
2319000,2319,1,NOC_NPS_VNOC_X3Y0,VNOC,data_vc,1,5,1
2320000,2320,0,NOC_NPS_VNOC_X3Y1,VNOC,credit,0,-1,1
2320000,2320,0,NOC_NPS_VNOC_X3Y1,VNOC,data_vc,0,5,1
2320000,2320,1,NOC_NPS_VNOC_X3Y0,VNOC,credit,1,-1,1
2320000,2320,1,NOC_NPS_VNOC_X3Y0,VNOC,data_vc,1,5,1
2321000,2321,0,NOC_NPS_VNOC_X3Y1,VNOC,credit,0,-1,1
2321000,2321,0,NOC_NPS_VNOC_X3Y1,VNOC,data_vc,0,5,1
2321000,2321,1,NOC_NPS_VNOC_X3Y0,VNOC,credit,1,-1,1
2321000,2321,1,NOC_NPS_VNOC_X3Y0,VNOC,data_vc,1,5,1
2322000,2322,0,NOC_NPS_VNOC_X3Y1,VNOC,credit,0,-1,1
2322000,2322,0,NOC_NPS_VNOC_X3Y1,VNOC,data_vc,0,5,1
2322000,2322,1,NOC_NPS_VNOC_X3Y0,VNOC,credit,1,-1,1
2322000,2322,1,NOC_NPS_VNOC_X3Y0,VNOC,data_vc,1,5,1
2323000,2323,0,NOC_NPS_VNOC_X3Y1,VNOC,credit,0,-1,1
2323000,2323,0,NOC_NPS_VNOC_X3Y1,VNOC,data_vc,0,5,1
2323000,2323,1,NOC_NPS_VNOC_X3Y0,VNOC,credit,1,-1,1
2323000,2323,1,NOC_NPS_VNOC_X3Y0,VNOC,data_vc,1,5,1
2324000,2324,0,NOC_NPS_VNOC_X3Y1,VNOC,credit,0,-1,1
2324000,2324,0,NOC_NPS_VNOC_X3Y1,VNOC,data_vc,0,5,1
2324000,2324,1,NOC_NPS_VNOC_X3Y0,VNOC,credit,1,-1,1
2324000,2324,1,NOC_NPS_VNOC_X3Y0,VNOC,data_vc,1,5,1
2325000,2325,0,NOC_NPS_VNOC_X3Y1,VNOC,credit,0,-1,1
2325000,2325,0,NOC_NPS_VNOC_X3Y1,VNOC,data_vc,0,5,1
2325000,2325,1,NOC_NPS_VNOC_X3Y0,VNOC,credit,1,-1,1
2325000,2325,1,NOC_NPS_VNOC_X3Y0,VNOC,data_vc,1,5,1
2326000,2326,0,NOC_NPS_VNOC_X3Y1,VNOC,credit,0,-1,1
2326000,2326,0,NOC_NPS_VNOC_X3Y1,VNOC,data_vc,0,5,1
2326000,2326,1,NOC_NPS_VNOC_X3Y0,VNOC,credit,1,-1,1
2326000,2326,1,NOC_NPS_VNOC_X3Y0,VNOC,data_vc,1,5,1
2327000,2327,0,NOC_NPS_VNOC_X3Y1,VNOC,credit,0,-1,1
2327000,2327,0,NOC_NPS_VNOC_X3Y1,VNOC,data_vc,0,5,1
2327000,2327,1,NOC_NPS_VNOC_X3Y0,VNOC,credit,1,-1,1
2327000,2327,1,NOC_NPS_VNOC_X3Y0,VNOC,data_vc,1,5,1
2328000,2328,0,NOC_NPS_VNOC_X3Y1,VNOC,credit,0,-1,1
2328000,2328,0,NOC_NPS_VNOC_X3Y1,VNOC,data_vc,0,5,1
2328000,2328,1,NOC_NPS_VNOC_X3Y0,VNOC,credit,1,-1,1
2328000,2328,1,NOC_NPS_VNOC_X3Y0,VNOC,data_vc,1,5,1
2329000,2329,0,NOC_NPS_VNOC_X3Y1,VNOC,credit,0,-1,1
2329000,2329,0,NOC_NPS_VNOC_X3Y1,VNOC,data_vc,0,5,1
2329000,2329,1,NOC_NPS_VNOC_X3Y0,VNOC,credit,1,-1,1
2329000,2329,1,NOC_NPS_VNOC_X3Y0,VNOC,data_vc,1,5,1
2330000,2330,0,NOC_NPS_VNOC_X3Y1,VNOC,credit,0,-1,1
2330000,2330,0,NOC_NPS_VNOC_X3Y1,VNOC,data_vc,0,5,1
2330000,2330,1,NOC_NPS_VNOC_X3Y0,VNOC,credit,1,-1,1
2330000,2330,1,NOC_NPS_VNOC_X3Y0,VNOC,data_vc,1,5,1
2331000,2331,0,NOC_NPS_VNOC_X3Y1,VNOC,credit,0,-1,1
2331000,2331,0,NOC_NPS_VNOC_X3Y1,VNOC,data_vc,0,5,1
2331000,2331,1,NOC_NPS_VNOC_X3Y0,VNOC,credit,1,-1,1
2331000,2331,1,NOC_NPS_VNOC_X3Y0,VNOC,data_vc,1,5,1
2332000,2332,0,NOC_NPS_VNOC_X3Y1,VNOC,credit,0,-1,1
2332000,2332,0,NOC_NPS_VNOC_X3Y1,VNOC,data_vc,0,5,1
2332000,2332,1,NOC_NPS_VNOC_X3Y0,VNOC,credit,1,-1,1
2332000,2332,1,NOC_NPS_VNOC_X3Y0,VNOC,data_vc,1,5,1
2333000,2333,0,NOC_NPS_VNOC_X3Y1,VNOC,credit,0,-1,1
2333000,2333,0,NOC_NPS_VNOC_X3Y1,VNOC,data_vc,0,5,1
2333000,2333,1,NOC_NPS_VNOC_X3Y0,VNOC,credit,1,-1,1
2333000,2333,1,NOC_NPS_VNOC_X3Y0,VNOC,data_vc,1,5,1
2334000,2334,0,NOC_NPS_VNOC_X3Y1,VNOC,credit,0,-1,1
2334000,2334,0,NOC_NPS_VNOC_X3Y1,VNOC,data_vc,0,5,1
2334000,2334,1,NOC_NPS_VNOC_X3Y0,VNOC,credit,1,-1,1
2334000,2334,1,NOC_NPS_VNOC_X3Y0,VNOC,data_vc,1,5,1
2335000,2335,0,NOC_NPS_VNOC_X3Y1,VNOC,credit,0,-1,1
2335000,2335,0,NOC_NPS_VNOC_X3Y1,VNOC,data_vc,0,5,1
2335000,2335,1,NOC_NPS_VNOC_X3Y0,VNOC,credit,1,-1,1
2335000,2335,1,NOC_NPS_VNOC_X3Y0,VNOC,data_vc,1,5,1
2336000,2336,0,NOC_NPS_VNOC_X3Y1,VNOC,credit,0,-1,1
2336000,2336,0,NOC_NPS_VNOC_X3Y1,VNOC,data_vc,0,5,1
2336000,2336,1,NOC_NPS_VNOC_X3Y0,VNOC,credit,1,-1,1
2336000,2336,1,NOC_NPS_VNOC_X3Y0,VNOC,data_vc,1,5,1
2337000,2337,0,NOC_NPS_VNOC_X3Y1,VNOC,credit,0,-1,1
2337000,2337,0,NOC_NPS_VNOC_X3Y1,VNOC,data_vc,0,5,1
2337000,2337,1,NOC_NPS_VNOC_X3Y0,VNOC,credit,1,-1,1
2337000,2337,1,NOC_NPS_VNOC_X3Y0,VNOC,data_vc,1,5,1
2338000,2338,0,NOC_NPS_VNOC_X3Y1,VNOC,credit,0,-1,1
2338000,2338,0,NOC_NPS_VNOC_X3Y1,VNOC,data_vc,0,5,1
2338000,2338,1,NOC_NPS_VNOC_X3Y0,VNOC,credit,1,-1,1
2338000,2338,1,NOC_NPS_VNOC_X3Y0,VNOC,data_vc,1,5,1
2339000,2339,0,NOC_NPS_VNOC_X3Y1,VNOC,credit,0,-1,1
2339000,2339,0,NOC_NPS_VNOC_X3Y1,VNOC,data_vc,0,5,1
2339000,2339,1,NOC_NPS_VNOC_X3Y0,VNOC,credit,1,-1,1
2339000,2339,1,NOC_NPS_VNOC_X3Y0,VNOC,data_vc,1,5,1
2340000,2340,0,NOC_NPS_VNOC_X3Y1,VNOC,credit,0,-1,1
2340000,2340,0,NOC_NPS_VNOC_X3Y1,VNOC,data_vc,0,5,1
2340000,2340,1,NOC_NPS_VNOC_X3Y0,VNOC,credit,1,-1,1
2340000,2340,1,NOC_NPS_VNOC_X3Y0,VNOC,data_vc,1,5,1
2341000,2341,0,NOC_NPS_VNOC_X3Y1,VNOC,credit,0,-1,1
2341000,2341,0,NOC_NPS_VNOC_X3Y1,VNOC,data_vc,0,5,1
2341000,2341,1,NOC_NPS_VNOC_X3Y0,VNOC,credit,1,-1,1
2341000,2341,1,NOC_NPS_VNOC_X3Y0,VNOC,data_vc,1,5,1
2342000,2342,0,NOC_NPS_VNOC_X3Y1,VNOC,credit,0,-1,1
2342000,2342,0,NOC_NPS_VNOC_X3Y1,VNOC,data_vc,0,5,1
2342000,2342,1,NOC_NPS_VNOC_X3Y0,VNOC,credit,1,-1,1
2342000,2342,1,NOC_NPS_VNOC_X3Y0,VNOC,data_vc,1,5,1
2343000,2343,0,NOC_NPS_VNOC_X3Y1,VNOC,credit,0,-1,1
2343000,2343,0,NOC_NPS_VNOC_X3Y1,VNOC,data_vc,0,5,1
2343000,2343,1,NOC_NPS_VNOC_X3Y0,VNOC,credit,1,-1,1
2343000,2343,1,NOC_NPS_VNOC_X3Y0,VNOC,data_vc,1,5,1
2344000,2344,0,NOC_NPS_VNOC_X3Y1,VNOC,credit,0,-1,1
2344000,2344,0,NOC_NPS_VNOC_X3Y1,VNOC,data_vc,0,5,1
2344000,2344,1,NOC_NPS_VNOC_X3Y0,VNOC,credit,1,-1,1
2344000,2344,1,NOC_NPS_VNOC_X3Y0,VNOC,data_vc,1,5,1
2345000,2345,0,NOC_NPS_VNOC_X3Y1,VNOC,credit,0,-1,1
2345000,2345,0,NOC_NPS_VNOC_X3Y1,VNOC,data_vc,0,5,1
2345000,2345,1,NOC_NPS_VNOC_X3Y0,VNOC,credit,1,-1,1
2345000,2345,1,NOC_NPS_VNOC_X3Y0,VNOC,data_vc,1,5,1
2346000,2346,0,NOC_NPS_VNOC_X3Y1,VNOC,credit,0,-1,1
2346000,2346,0,NOC_NPS_VNOC_X3Y1,VNOC,data_vc,0,5,1
2346000,2346,1,NOC_NPS_VNOC_X3Y0,VNOC,credit,1,-1,1
2346000,2346,1,NOC_NPS_VNOC_X3Y0,VNOC,data_vc,1,5,1
2347000,2347,0,NOC_NPS_VNOC_X3Y1,VNOC,credit,0,-1,1
2347000,2347,0,NOC_NPS_VNOC_X3Y1,VNOC,data_vc,0,5,1
2347000,2347,1,NOC_NPS_VNOC_X3Y0,VNOC,credit,1,-1,1
2347000,2347,1,NOC_NPS_VNOC_X3Y0,VNOC,data_vc,1,5,1
2348000,2348,0,NOC_NPS_VNOC_X3Y1,VNOC,credit,0,-1,1
2348000,2348,0,NOC_NPS_VNOC_X3Y1,VNOC,data_vc,0,5,1
2348000,2348,1,NOC_NPS_VNOC_X3Y0,VNOC,credit,1,-1,1
2348000,2348,1,NOC_NPS_VNOC_X3Y0,VNOC,data_vc,1,5,1
2349000,2349,0,NOC_NPS_VNOC_X3Y1,VNOC,credit,0,-1,1
2349000,2349,0,NOC_NPS_VNOC_X3Y1,VNOC,data_vc,0,5,1
2349000,2349,1,NOC_NPS_VNOC_X3Y0,VNOC,credit,1,-1,1
2349000,2349,1,NOC_NPS_VNOC_X3Y0,VNOC,data_vc,1,5,1
2350000,2350,0,NOC_NPS_VNOC_X3Y1,VNOC,credit,0,-1,1
2350000,2350,0,NOC_NPS_VNOC_X3Y1,VNOC,data_vc,0,5,1
2350000,2350,1,NOC_NPS_VNOC_X3Y0,VNOC,credit,1,-1,1
2350000,2350,1,NOC_NPS_VNOC_X3Y0,VNOC,data_vc,1,5,1
2351000,2351,0,NOC_NPS_VNOC_X3Y1,VNOC,credit,0,-1,1
2351000,2351,0,NOC_NPS_VNOC_X3Y1,VNOC,data_vc,0,5,1
2351000,2351,1,NOC_NPS_VNOC_X3Y0,VNOC,credit,1,-1,1
2351000,2351,1,NOC_NPS_VNOC_X3Y0,VNOC,data_vc,1,5,1
2352000,2352,0,NOC_NPS_VNOC_X3Y1,VNOC,credit,0,-1,1
2352000,2352,0,NOC_NPS_VNOC_X3Y1,VNOC,data_vc,0,5,1
2352000,2352,1,NOC_NPS_VNOC_X3Y0,VNOC,credit,1,-1,1
2352000,2352,1,NOC_NPS_VNOC_X3Y0,VNOC,data_vc,1,5,1
2353000,2353,0,NOC_NPS_VNOC_X3Y1,VNOC,credit,0,-1,1
2353000,2353,0,NOC_NPS_VNOC_X3Y1,VNOC,data_vc,0,5,1
2353000,2353,1,NOC_NPS_VNOC_X3Y0,VNOC,credit,1,-1,1
2353000,2353,1,NOC_NPS_VNOC_X3Y0,VNOC,data_vc,1,5,1
2354000,2354,0,NOC_NPS_VNOC_X3Y1,VNOC,credit,0,-1,1
2354000,2354,0,NOC_NPS_VNOC_X3Y1,VNOC,data_vc,0,5,1
2354000,2354,1,NOC_NPS_VNOC_X3Y0,VNOC,credit,1,-1,1
2354000,2354,1,NOC_NPS_VNOC_X3Y0,VNOC,data_vc,1,5,1
2355000,2355,0,NOC_NPS_VNOC_X3Y1,VNOC,credit,0,-1,1
2355000,2355,0,NOC_NPS_VNOC_X3Y1,VNOC,data_vc,0,5,1
2355000,2355,1,NOC_NPS_VNOC_X3Y0,VNOC,credit,1,-1,1
2355000,2355,1,NOC_NPS_VNOC_X3Y0,VNOC,data_vc,1,5,1
2356000,2356,0,NOC_NPS_VNOC_X3Y1,VNOC,credit,0,-1,1
2356000,2356,0,NOC_NPS_VNOC_X3Y1,VNOC,data_vc,0,5,1
2356000,2356,1,NOC_NPS_VNOC_X3Y0,VNOC,credit,1,-1,1
2356000,2356,1,NOC_NPS_VNOC_X3Y0,VNOC,data_vc,1,5,1
2357000,2357,0,NOC_NPS_VNOC_X3Y1,VNOC,credit,0,-1,1
2357000,2357,0,NOC_NPS_VNOC_X3Y1,VNOC,data_vc,0,5,1
2357000,2357,1,NOC_NPS_VNOC_X3Y0,VNOC,credit,1,-1,1
2357000,2357,1,NOC_NPS_VNOC_X3Y0,VNOC,data_vc,1,5,1
2358000,2358,0,NOC_NPS_VNOC_X3Y1,VNOC,credit,0,-1,1
2358000,2358,0,NOC_NPS_VNOC_X3Y1,VNOC,data_vc,0,5,1
2358000,2358,1,NOC_NPS_VNOC_X3Y0,VNOC,credit,1,-1,1
2358000,2358,1,NOC_NPS_VNOC_X3Y0,VNOC,data_vc,1,5,1
2359000,2359,0,NOC_NPS_VNOC_X3Y1,VNOC,credit,0,-1,1
2359000,2359,0,NOC_NPS_VNOC_X3Y1,VNOC,data_vc,0,5,1
2359000,2359,1,NOC_NPS_VNOC_X3Y0,VNOC,credit,1,-1,1
2359000,2359,1,NOC_NPS_VNOC_X3Y0,VNOC,data_vc,1,5,1
2360000,2360,0,NOC_NPS_VNOC_X3Y1,VNOC,credit,0,-1,1
2360000,2360,0,NOC_NPS_VNOC_X3Y1,VNOC,data_vc,0,5,1
2360000,2360,1,NOC_NPS_VNOC_X3Y0,VNOC,credit,1,-1,1
2360000,2360,1,NOC_NPS_VNOC_X3Y0,VNOC,data_vc,1,5,1
2361000,2361,0,NOC_NPS_VNOC_X3Y1,VNOC,credit,0,-1,1
2361000,2361,0,NOC_NPS_VNOC_X3Y1,VNOC,data_vc,0,5,1
2361000,2361,1,NOC_NPS_VNOC_X3Y0,VNOC,credit,1,-1,1
2361000,2361,1,NOC_NPS_VNOC_X3Y0,VNOC,data_vc,1,5,1
2362000,2362,0,NOC_NPS_VNOC_X3Y1,VNOC,credit,0,-1,1
2362000,2362,0,NOC_NPS_VNOC_X3Y1,VNOC,data_vc,0,5,1
2362000,2362,1,NOC_NPS_VNOC_X3Y0,VNOC,credit,1,-1,1
2362000,2362,1,NOC_NPS_VNOC_X3Y0,VNOC,data_vc,1,5,1
2363000,2363,0,NOC_NPS_VNOC_X3Y1,VNOC,credit,0,-1,1
2363000,2363,0,NOC_NPS_VNOC_X3Y1,VNOC,data_vc,0,5,1
2363000,2363,1,NOC_NPS_VNOC_X3Y0,VNOC,credit,1,-1,1
2363000,2363,1,NOC_NPS_VNOC_X3Y0,VNOC,data_vc,1,5,1
2364000,2364,0,NOC_NPS_VNOC_X3Y1,VNOC,credit,0,-1,1
2364000,2364,0,NOC_NPS_VNOC_X3Y1,VNOC,data_vc,0,5,1
2364000,2364,1,NOC_NPS_VNOC_X3Y0,VNOC,credit,1,-1,1
2364000,2364,1,NOC_NPS_VNOC_X3Y0,VNOC,data_vc,1,5,1
2365000,2365,0,NOC_NPS_VNOC_X3Y1,VNOC,credit,0,-1,1
2365000,2365,0,NOC_NPS_VNOC_X3Y1,VNOC,data_vc,0,5,1
2365000,2365,1,NOC_NPS_VNOC_X3Y0,VNOC,credit,1,-1,1
2365000,2365,1,NOC_NPS_VNOC_X3Y0,VNOC,data_vc,1,5,1
2366000,2366,0,NOC_NPS_VNOC_X3Y1,VNOC,credit,0,-1,1
2366000,2366,0,NOC_NPS_VNOC_X3Y1,VNOC,data_vc,0,5,1
2366000,2366,1,NOC_NPS_VNOC_X3Y0,VNOC,credit,1,-1,1
2366000,2366,1,NOC_NPS_VNOC_X3Y0,VNOC,data_vc,1,5,1
2367000,2367,0,NOC_NPS_VNOC_X3Y1,VNOC,credit,0,-1,1
2367000,2367,0,NOC_NPS_VNOC_X3Y1,VNOC,data_vc,0,5,1
2367000,2367,1,NOC_NPS_VNOC_X3Y0,VNOC,credit,1,-1,1
2367000,2367,1,NOC_NPS_VNOC_X3Y0,VNOC,data_vc,1,5,1
2368000,2368,0,NOC_NPS_VNOC_X3Y1,VNOC,credit,0,-1,1
2368000,2368,0,NOC_NPS_VNOC_X3Y1,VNOC,data_vc,0,5,1
2368000,2368,1,NOC_NPS_VNOC_X3Y0,VNOC,credit,1,-1,1
2368000,2368,1,NOC_NPS_VNOC_X3Y0,VNOC,data_vc,1,5,1
2369000,2369,0,NOC_NPS_VNOC_X3Y1,VNOC,credit,0,-1,1
2369000,2369,0,NOC_NPS_VNOC_X3Y1,VNOC,data_vc,0,5,1
2369000,2369,1,NOC_NPS_VNOC_X3Y0,VNOC,credit,1,-1,1
2369000,2369,1,NOC_NPS_VNOC_X3Y0,VNOC,data_vc,1,5,1
2370000,2370,0,NOC_NPS_VNOC_X3Y1,VNOC,credit,0,-1,1
2370000,2370,0,NOC_NPS_VNOC_X3Y1,VNOC,data_vc,0,5,1
2370000,2370,1,NOC_NPS_VNOC_X3Y0,VNOC,credit,1,-1,1
2370000,2370,1,NOC_NPS_VNOC_X3Y0,VNOC,data_vc,1,5,1
2371000,2371,0,NOC_NPS_VNOC_X3Y1,VNOC,credit,0,-1,1
2371000,2371,0,NOC_NPS_VNOC_X3Y1,VNOC,data_vc,0,5,1
2371000,2371,1,NOC_NPS_VNOC_X3Y0,VNOC,credit,1,-1,1
2371000,2371,1,NOC_NPS_VNOC_X3Y0,VNOC,data_vc,1,5,1
2372000,2372,0,NOC_NPS_VNOC_X3Y1,VNOC,credit,0,-1,1
2372000,2372,0,NOC_NPS_VNOC_X3Y1,VNOC,data_vc,0,5,1
2372000,2372,1,NOC_NPS_VNOC_X3Y0,VNOC,credit,1,-1,1
2372000,2372,1,NOC_NPS_VNOC_X3Y0,VNOC,data_vc,1,5,1
2373000,2373,0,NOC_NPS_VNOC_X3Y1,VNOC,credit,0,-1,1
2373000,2373,0,NOC_NPS_VNOC_X3Y1,VNOC,data_vc,0,5,1
2373000,2373,1,NOC_NPS_VNOC_X3Y0,VNOC,credit,1,-1,1
2373000,2373,1,NOC_NPS_VNOC_X3Y0,VNOC,data_vc,1,5,1
2374000,2374,0,NOC_NPS_VNOC_X3Y1,VNOC,credit,0,-1,1
2374000,2374,0,NOC_NPS_VNOC_X3Y1,VNOC,data_vc,0,5,1
2374000,2374,1,NOC_NPS_VNOC_X3Y0,VNOC,credit,1,-1,1
2374000,2374,1,NOC_NPS_VNOC_X3Y0,VNOC,data_vc,1,5,1
2375000,2375,0,NOC_NPS_VNOC_X3Y1,VNOC,credit,0,-1,1
2375000,2375,0,NOC_NPS_VNOC_X3Y1,VNOC,data_vc,0,5,1
2375000,2375,1,NOC_NPS_VNOC_X3Y0,VNOC,credit,1,-1,1
2375000,2375,1,NOC_NPS_VNOC_X3Y0,VNOC,data_vc,1,5,1
2376000,2376,0,NOC_NPS_VNOC_X3Y1,VNOC,credit,0,-1,1
2376000,2376,0,NOC_NPS_VNOC_X3Y1,VNOC,data_vc,0,5,1
2376000,2376,1,NOC_NPS_VNOC_X3Y0,VNOC,credit,1,-1,1
2376000,2376,1,NOC_NPS_VNOC_X3Y0,VNOC,data_vc,1,5,1
2377000,2377,0,NOC_NPS_VNOC_X3Y1,VNOC,credit,0,-1,1
2377000,2377,0,NOC_NPS_VNOC_X3Y1,VNOC,data_vc,0,5,1
2377000,2377,1,NOC_NPS_VNOC_X3Y0,VNOC,credit,1,-1,1
2377000,2377,1,NOC_NPS_VNOC_X3Y0,VNOC,data_vc,1,5,1
2378000,2378,0,NOC_NPS_VNOC_X3Y1,VNOC,credit,0,-1,1
2378000,2378,0,NOC_NPS_VNOC_X3Y1,VNOC,data_vc,0,5,1
2378000,2378,1,NOC_NPS_VNOC_X3Y0,VNOC,credit,1,-1,1
2378000,2378,1,NOC_NPS_VNOC_X3Y0,VNOC,data_vc,1,5,1
2379000,2379,0,NOC_NPS_VNOC_X3Y1,VNOC,credit,0,-1,1
2379000,2379,0,NOC_NPS_VNOC_X3Y1,VNOC,data_vc,0,5,1
2379000,2379,1,NOC_NPS_VNOC_X3Y0,VNOC,credit,1,-1,1
2379000,2379,1,NOC_NPS_VNOC_X3Y0,VNOC,data_vc,1,5,1
2380000,2380,0,NOC_NPS_VNOC_X3Y1,VNOC,credit,0,-1,1
2380000,2380,0,NOC_NPS_VNOC_X3Y1,VNOC,data_vc,0,5,1
2380000,2380,1,NOC_NPS_VNOC_X3Y0,VNOC,credit,1,-1,1
2380000,2380,1,NOC_NPS_VNOC_X3Y0,VNOC,data_vc,1,5,1
2381000,2381,0,NOC_NPS_VNOC_X3Y1,VNOC,credit,0,-1,1
2381000,2381,0,NOC_NPS_VNOC_X3Y1,VNOC,data_vc,0,5,1
2381000,2381,1,NOC_NPS_VNOC_X3Y0,VNOC,credit,1,-1,1
2381000,2381,1,NOC_NPS_VNOC_X3Y0,VNOC,data_vc,1,5,1
2382000,2382,0,NOC_NPS_VNOC_X3Y1,VNOC,credit,0,-1,1
2382000,2382,0,NOC_NPS_VNOC_X3Y1,VNOC,data_vc,0,5,1
2382000,2382,1,NOC_NPS_VNOC_X3Y0,VNOC,credit,1,-1,1
2382000,2382,1,NOC_NPS_VNOC_X3Y0,VNOC,data_vc,1,5,1
2383000,2383,0,NOC_NPS_VNOC_X3Y1,VNOC,credit,0,-1,1
2383000,2383,0,NOC_NPS_VNOC_X3Y1,VNOC,data_vc,0,5,1
2383000,2383,1,NOC_NPS_VNOC_X3Y0,VNOC,credit,1,-1,1
2383000,2383,1,NOC_NPS_VNOC_X3Y0,VNOC,data_vc,1,5,1
2384000,2384,0,NOC_NPS_VNOC_X3Y1,VNOC,credit,0,-1,1
2384000,2384,0,NOC_NPS_VNOC_X3Y1,VNOC,data_vc,0,5,1
2384000,2384,1,NOC_NPS_VNOC_X3Y0,VNOC,credit,1,-1,1
2384000,2384,1,NOC_NPS_VNOC_X3Y0,VNOC,data_vc,1,5,1
2385000,2385,0,NOC_NPS_VNOC_X3Y1,VNOC,credit,0,-1,1
2385000,2385,0,NOC_NPS_VNOC_X3Y1,VNOC,data_vc,0,5,1
2385000,2385,1,NOC_NPS_VNOC_X3Y0,VNOC,credit,1,-1,1
2385000,2385,1,NOC_NPS_VNOC_X3Y0,VNOC,data_vc,1,5,1
2386000,2386,0,NOC_NPS_VNOC_X3Y1,VNOC,credit,0,-1,1
2386000,2386,0,NOC_NPS_VNOC_X3Y1,VNOC,data_vc,0,5,1
2386000,2386,1,NOC_NPS_VNOC_X3Y0,VNOC,credit,1,-1,1
2386000,2386,1,NOC_NPS_VNOC_X3Y0,VNOC,data_vc,1,5,1
2387000,2387,0,NOC_NPS_VNOC_X3Y1,VNOC,credit,0,-1,1
2387000,2387,0,NOC_NPS_VNOC_X3Y1,VNOC,data_vc,0,5,1
2387000,2387,1,NOC_NPS_VNOC_X3Y0,VNOC,credit,1,-1,1
2387000,2387,1,NOC_NPS_VNOC_X3Y0,VNOC,data_vc,1,5,1
2388000,2388,0,NOC_NPS_VNOC_X3Y1,VNOC,credit,0,-1,1
2388000,2388,0,NOC_NPS_VNOC_X3Y1,VNOC,data_vc,0,5,1
2388000,2388,1,NOC_NPS_VNOC_X3Y0,VNOC,credit,1,-1,1
2388000,2388,1,NOC_NPS_VNOC_X3Y0,VNOC,data_vc,1,5,1
2389000,2389,0,NOC_NPS_VNOC_X3Y1,VNOC,credit,0,-1,1
2389000,2389,0,NOC_NPS_VNOC_X3Y1,VNOC,data_vc,0,5,1
2389000,2389,1,NOC_NPS_VNOC_X3Y0,VNOC,credit,1,-1,1
2389000,2389,1,NOC_NPS_VNOC_X3Y0,VNOC,data_vc,1,5,1
2390000,2390,0,NOC_NPS_VNOC_X3Y1,VNOC,credit,0,-1,1
2390000,2390,0,NOC_NPS_VNOC_X3Y1,VNOC,data_vc,0,5,1
2390000,2390,1,NOC_NPS_VNOC_X3Y0,VNOC,credit,1,-1,1
2390000,2390,1,NOC_NPS_VNOC_X3Y0,VNOC,data_vc,1,5,1
2391000,2391,0,NOC_NPS_VNOC_X3Y1,VNOC,credit,0,-1,1
2391000,2391,0,NOC_NPS_VNOC_X3Y1,VNOC,data_vc,0,5,1
2391000,2391,1,NOC_NPS_VNOC_X3Y0,VNOC,credit,1,-1,1
2391000,2391,1,NOC_NPS_VNOC_X3Y0,VNOC,data_vc,1,5,1
2392000,2392,0,NOC_NPS_VNOC_X3Y1,VNOC,credit,0,-1,1
2392000,2392,0,NOC_NPS_VNOC_X3Y1,VNOC,data_vc,0,5,1
2392000,2392,1,NOC_NPS_VNOC_X3Y0,VNOC,credit,1,-1,1
2392000,2392,1,NOC_NPS_VNOC_X3Y0,VNOC,data_vc,1,5,1
2393000,2393,0,NOC_NPS_VNOC_X3Y1,VNOC,credit,0,-1,1
2393000,2393,0,NOC_NPS_VNOC_X3Y1,VNOC,data_vc,0,5,1
2393000,2393,1,NOC_NPS_VNOC_X3Y0,VNOC,credit,1,-1,1
2393000,2393,1,NOC_NPS_VNOC_X3Y0,VNOC,data_vc,1,5,1
2394000,2394,0,NOC_NPS_VNOC_X3Y1,VNOC,credit,0,-1,1
2394000,2394,0,NOC_NPS_VNOC_X3Y1,VNOC,data_vc,0,5,1
2394000,2394,1,NOC_NPS_VNOC_X3Y0,VNOC,credit,1,-1,1
2394000,2394,1,NOC_NPS_VNOC_X3Y0,VNOC,data_vc,1,5,1
2395000,2395,0,NOC_NPS_VNOC_X3Y1,VNOC,credit,0,-1,1
2395000,2395,0,NOC_NPS_VNOC_X3Y1,VNOC,data_vc,0,5,1
2395000,2395,1,NOC_NPS_VNOC_X3Y0,VNOC,credit,1,-1,1
2395000,2395,1,NOC_NPS_VNOC_X3Y0,VNOC,data_vc,1,5,1
2396000,2396,0,NOC_NPS_VNOC_X3Y1,VNOC,credit,0,-1,1
2396000,2396,0,NOC_NPS_VNOC_X3Y1,VNOC,data_vc,0,5,1
2396000,2396,1,NOC_NPS_VNOC_X3Y0,VNOC,credit,1,-1,1
2396000,2396,1,NOC_NPS_VNOC_X3Y0,VNOC,data_vc,1,5,1
2397000,2397,0,NOC_NPS_VNOC_X3Y1,VNOC,credit,0,-1,1
2397000,2397,0,NOC_NPS_VNOC_X3Y1,VNOC,data_vc,0,5,1
2397000,2397,1,NOC_NPS_VNOC_X3Y0,VNOC,credit,1,-1,1
2397000,2397,1,NOC_NPS_VNOC_X3Y0,VNOC,data_vc,1,5,1
2398000,2398,0,NOC_NPS_VNOC_X3Y1,VNOC,credit,0,-1,1
2398000,2398,0,NOC_NPS_VNOC_X3Y1,VNOC,data_vc,0,5,1
2398000,2398,1,NOC_NPS_VNOC_X3Y0,VNOC,credit,1,-1,1
2398000,2398,1,NOC_NPS_VNOC_X3Y0,VNOC,data_vc,1,5,1
2399000,2399,0,NOC_NPS_VNOC_X3Y1,VNOC,credit,0,-1,1
2399000,2399,0,NOC_NPS_VNOC_X3Y1,VNOC,data_vc,0,5,1
2399000,2399,1,NOC_NPS_VNOC_X3Y0,VNOC,credit,1,-1,1
2399000,2399,1,NOC_NPS_VNOC_X3Y0,VNOC,data_vc,1,5,1
2400000,2400,0,NOC_NPS_VNOC_X3Y1,VNOC,credit,0,-1,1
2400000,2400,0,NOC_NPS_VNOC_X3Y1,VNOC,data_vc,0,5,1
2400000,2400,1,NOC_NPS_VNOC_X3Y0,VNOC,credit,1,-1,1
2400000,2400,1,NOC_NPS_VNOC_X3Y0,VNOC,data_vc,1,5,1
2401000,2401,0,NOC_NPS_VNOC_X3Y1,VNOC,credit,0,-1,1
2401000,2401,0,NOC_NPS_VNOC_X3Y1,VNOC,data_vc,0,5,1
2401000,2401,1,NOC_NPS_VNOC_X3Y0,VNOC,credit,1,-1,1
2401000,2401,1,NOC_NPS_VNOC_X3Y0,VNOC,data_vc,1,5,1
2402000,2402,0,NOC_NPS_VNOC_X3Y1,VNOC,credit,0,-1,1
2402000,2402,0,NOC_NPS_VNOC_X3Y1,VNOC,data_vc,0,5,1
2402000,2402,1,NOC_NPS_VNOC_X3Y0,VNOC,credit,1,-1,1
2402000,2402,1,NOC_NPS_VNOC_X3Y0,VNOC,data_vc,1,5,1
2403000,2403,0,NOC_NPS_VNOC_X3Y1,VNOC,credit,0,-1,1
2403000,2403,0,NOC_NPS_VNOC_X3Y1,VNOC,data_vc,0,5,1
2403000,2403,1,NOC_NPS_VNOC_X3Y0,VNOC,credit,1,-1,1
2403000,2403,1,NOC_NPS_VNOC_X3Y0,VNOC,data_vc,1,5,1
2404000,2404,0,NOC_NPS_VNOC_X3Y1,VNOC,credit,0,-1,1
2404000,2404,0,NOC_NPS_VNOC_X3Y1,VNOC,data_vc,0,5,1
2404000,2404,1,NOC_NPS_VNOC_X3Y0,VNOC,credit,1,-1,1
2404000,2404,1,NOC_NPS_VNOC_X3Y0,VNOC,data_vc,1,5,1
2405000,2405,0,NOC_NPS_VNOC_X3Y1,VNOC,credit,0,-1,1
2405000,2405,0,NOC_NPS_VNOC_X3Y1,VNOC,data_vc,0,5,1
2405000,2405,1,NOC_NPS_VNOC_X3Y0,VNOC,credit,1,-1,1
2405000,2405,1,NOC_NPS_VNOC_X3Y0,VNOC,data_vc,1,5,1
2406000,2406,0,NOC_NPS_VNOC_X3Y1,VNOC,credit,0,-1,1
2406000,2406,0,NOC_NPS_VNOC_X3Y1,VNOC,data_vc,0,5,1
2406000,2406,1,NOC_NPS_VNOC_X3Y0,VNOC,credit,1,-1,1
2406000,2406,1,NOC_NPS_VNOC_X3Y0,VNOC,data_vc,1,5,1
2407000,2407,0,NOC_NPS_VNOC_X3Y1,VNOC,credit,0,-1,1
2407000,2407,0,NOC_NPS_VNOC_X3Y1,VNOC,data_vc,0,5,1
2407000,2407,1,NOC_NPS_VNOC_X3Y0,VNOC,credit,1,-1,1
2407000,2407,1,NOC_NPS_VNOC_X3Y0,VNOC,data_vc,1,5,1
2408000,2408,0,NOC_NPS_VNOC_X3Y1,VNOC,credit,0,-1,1
2408000,2408,0,NOC_NPS_VNOC_X3Y1,VNOC,data_vc,0,5,1
2408000,2408,1,NOC_NPS_VNOC_X3Y0,VNOC,credit,1,-1,1
2408000,2408,1,NOC_NPS_VNOC_X3Y0,VNOC,data_vc,1,5,1
2409000,2409,0,NOC_NPS_VNOC_X3Y1,VNOC,credit,0,-1,1
2409000,2409,0,NOC_NPS_VNOC_X3Y1,VNOC,data_vc,0,5,1
2409000,2409,1,NOC_NPS_VNOC_X3Y0,VNOC,credit,1,-1,1
2409000,2409,1,NOC_NPS_VNOC_X3Y0,VNOC,data_vc,1,5,1
2410000,2410,0,NOC_NPS_VNOC_X3Y1,VNOC,credit,0,-1,1
2410000,2410,0,NOC_NPS_VNOC_X3Y1,VNOC,data_vc,0,5,1
2410000,2410,1,NOC_NPS_VNOC_X3Y0,VNOC,credit,1,-1,1
2410000,2410,1,NOC_NPS_VNOC_X3Y0,VNOC,data_vc,1,5,1
2411000,2411,0,NOC_NPS_VNOC_X3Y1,VNOC,credit,0,-1,1
2411000,2411,0,NOC_NPS_VNOC_X3Y1,VNOC,data_vc,0,5,1
2411000,2411,1,NOC_NPS_VNOC_X3Y0,VNOC,credit,1,-1,1
2411000,2411,1,NOC_NPS_VNOC_X3Y0,VNOC,data_vc,1,5,1
2412000,2412,0,NOC_NPS_VNOC_X3Y1,VNOC,credit,0,-1,1
2412000,2412,0,NOC_NPS_VNOC_X3Y1,VNOC,data_vc,0,5,1
2412000,2412,1,NOC_NPS_VNOC_X3Y0,VNOC,credit,1,-1,1
2412000,2412,1,NOC_NPS_VNOC_X3Y0,VNOC,data_vc,1,5,1
2413000,2413,0,NOC_NPS_VNOC_X3Y1,VNOC,credit,0,-1,1
2413000,2413,0,NOC_NPS_VNOC_X3Y1,VNOC,data_vc,0,5,1
2413000,2413,1,NOC_NPS_VNOC_X3Y0,VNOC,credit,1,-1,1
2413000,2413,1,NOC_NPS_VNOC_X3Y0,VNOC,data_vc,1,5,1
2414000,2414,0,NOC_NPS_VNOC_X3Y1,VNOC,credit,0,-1,1
2414000,2414,0,NOC_NPS_VNOC_X3Y1,VNOC,data_vc,0,5,1
2414000,2414,1,NOC_NPS_VNOC_X3Y0,VNOC,credit,1,-1,1
2414000,2414,1,NOC_NPS_VNOC_X3Y0,VNOC,data_vc,1,5,1
2415000,2415,0,NOC_NPS_VNOC_X3Y1,VNOC,credit,0,-1,1
2415000,2415,0,NOC_NPS_VNOC_X3Y1,VNOC,data_vc,0,5,1
2415000,2415,1,NOC_NPS_VNOC_X3Y0,VNOC,credit,1,-1,1
2415000,2415,1,NOC_NPS_VNOC_X3Y0,VNOC,data_vc,1,5,1
2416000,2416,0,NOC_NPS_VNOC_X3Y1,VNOC,credit,0,-1,1
2416000,2416,0,NOC_NPS_VNOC_X3Y1,VNOC,data_vc,0,5,1
2416000,2416,1,NOC_NPS_VNOC_X3Y0,VNOC,credit,1,-1,1
2416000,2416,1,NOC_NPS_VNOC_X3Y0,VNOC,data_vc,1,5,1
2417000,2417,0,NOC_NPS_VNOC_X3Y1,VNOC,credit,0,-1,1
2417000,2417,0,NOC_NPS_VNOC_X3Y1,VNOC,data_vc,0,5,1
2417000,2417,1,NOC_NPS_VNOC_X3Y0,VNOC,credit,1,-1,1
2417000,2417,1,NOC_NPS_VNOC_X3Y0,VNOC,data_vc,1,5,1
2418000,2418,0,NOC_NPS_VNOC_X3Y1,VNOC,credit,0,-1,1
2418000,2418,0,NOC_NPS_VNOC_X3Y1,VNOC,data_vc,0,5,1
2418000,2418,1,NOC_NPS_VNOC_X3Y0,VNOC,credit,1,-1,1
2418000,2418,1,NOC_NPS_VNOC_X3Y0,VNOC,data_vc,1,5,1
2419000,2419,0,NOC_NPS_VNOC_X3Y1,VNOC,credit,0,-1,1
2419000,2419,0,NOC_NPS_VNOC_X3Y1,VNOC,data_vc,0,5,1
2419000,2419,1,NOC_NPS_VNOC_X3Y0,VNOC,credit,1,-1,1
2419000,2419,1,NOC_NPS_VNOC_X3Y0,VNOC,data_vc,1,5,1
2420000,2420,0,NOC_NPS_VNOC_X3Y1,VNOC,credit,0,-1,1
2420000,2420,0,NOC_NPS_VNOC_X3Y1,VNOC,data_vc,0,5,1
2420000,2420,1,NOC_NPS_VNOC_X3Y0,VNOC,credit,1,-1,1
2420000,2420,1,NOC_NPS_VNOC_X3Y0,VNOC,data_vc,1,5,1
2421000,2421,0,NOC_NPS_VNOC_X3Y1,VNOC,credit,0,-1,1
2421000,2421,0,NOC_NPS_VNOC_X3Y1,VNOC,data_vc,0,5,1
2421000,2421,1,NOC_NPS_VNOC_X3Y0,VNOC,credit,1,-1,1
2421000,2421,1,NOC_NPS_VNOC_X3Y0,VNOC,data_vc,1,5,1
2422000,2422,0,NOC_NPS_VNOC_X3Y1,VNOC,credit,0,-1,1
2422000,2422,0,NOC_NPS_VNOC_X3Y1,VNOC,data_vc,0,5,1
2422000,2422,1,NOC_NPS_VNOC_X3Y0,VNOC,credit,1,-1,1
2422000,2422,1,NOC_NPS_VNOC_X3Y0,VNOC,data_vc,1,5,1
2423000,2423,0,NOC_NPS_VNOC_X3Y1,VNOC,credit,0,-1,1
2423000,2423,0,NOC_NPS_VNOC_X3Y1,VNOC,data_vc,0,5,1
2423000,2423,1,NOC_NPS_VNOC_X3Y0,VNOC,credit,1,-1,1
2423000,2423,1,NOC_NPS_VNOC_X3Y0,VNOC,data_vc,1,5,1
2424000,2424,0,NOC_NPS_VNOC_X3Y1,VNOC,credit,0,-1,1
2424000,2424,0,NOC_NPS_VNOC_X3Y1,VNOC,data_vc,0,5,1
2424000,2424,1,NOC_NPS_VNOC_X3Y0,VNOC,credit,1,-1,1
2424000,2424,1,NOC_NPS_VNOC_X3Y0,VNOC,data_vc,1,5,1
2425000,2425,0,NOC_NPS_VNOC_X3Y1,VNOC,credit,0,-1,1
2425000,2425,0,NOC_NPS_VNOC_X3Y1,VNOC,data_vc,0,5,1
2425000,2425,1,NOC_NPS_VNOC_X3Y0,VNOC,credit,1,-1,1
2425000,2425,1,NOC_NPS_VNOC_X3Y0,VNOC,data_vc,1,5,1
2426000,2426,0,NOC_NPS_VNOC_X3Y1,VNOC,credit,0,-1,1
2426000,2426,0,NOC_NPS_VNOC_X3Y1,VNOC,data_vc,0,5,1
2426000,2426,1,NOC_NPS_VNOC_X3Y0,VNOC,credit,1,-1,1
2426000,2426,1,NOC_NPS_VNOC_X3Y0,VNOC,data_vc,1,5,1
2427000,2427,0,NOC_NPS_VNOC_X3Y1,VNOC,credit,0,-1,1
2427000,2427,0,NOC_NPS_VNOC_X3Y1,VNOC,data_vc,0,5,1
2427000,2427,1,NOC_NPS_VNOC_X3Y0,VNOC,credit,1,-1,1
2427000,2427,1,NOC_NPS_VNOC_X3Y0,VNOC,data_vc,1,5,1
2428000,2428,0,NOC_NPS_VNOC_X3Y1,VNOC,credit,0,-1,1
2428000,2428,0,NOC_NPS_VNOC_X3Y1,VNOC,data_vc,0,5,1
2428000,2428,1,NOC_NPS_VNOC_X3Y0,VNOC,credit,1,-1,1
2428000,2428,1,NOC_NPS_VNOC_X3Y0,VNOC,data_vc,1,5,1
2429000,2429,0,NOC_NPS_VNOC_X3Y1,VNOC,credit,0,-1,1
2429000,2429,0,NOC_NPS_VNOC_X3Y1,VNOC,data_vc,0,5,1
2429000,2429,1,NOC_NPS_VNOC_X3Y0,VNOC,credit,1,-1,1
2429000,2429,1,NOC_NPS_VNOC_X3Y0,VNOC,data_vc,1,5,1
2430000,2430,0,NOC_NPS_VNOC_X3Y1,VNOC,credit,0,-1,1
2430000,2430,0,NOC_NPS_VNOC_X3Y1,VNOC,data_vc,0,5,1
2430000,2430,1,NOC_NPS_VNOC_X3Y0,VNOC,credit,1,-1,1
2430000,2430,1,NOC_NPS_VNOC_X3Y0,VNOC,data_vc,1,5,1
2431000,2431,0,NOC_NPS_VNOC_X3Y1,VNOC,credit,0,-1,1
2431000,2431,0,NOC_NPS_VNOC_X3Y1,VNOC,data_vc,0,5,1
2431000,2431,1,NOC_NPS_VNOC_X3Y0,VNOC,credit,1,-1,1
2431000,2431,1,NOC_NPS_VNOC_X3Y0,VNOC,data_vc,1,5,1
2432000,2432,0,NOC_NPS_VNOC_X3Y1,VNOC,credit,0,-1,1
2432000,2432,0,NOC_NPS_VNOC_X3Y1,VNOC,data_vc,0,5,1
2432000,2432,1,NOC_NPS_VNOC_X3Y0,VNOC,credit,1,-1,1
2432000,2432,1,NOC_NPS_VNOC_X3Y0,VNOC,data_vc,1,5,1
2433000,2433,0,NOC_NPS_VNOC_X3Y1,VNOC,credit,0,-1,1
2433000,2433,0,NOC_NPS_VNOC_X3Y1,VNOC,data_vc,0,5,1
2433000,2433,1,NOC_NPS_VNOC_X3Y0,VNOC,credit,1,-1,1
2433000,2433,1,NOC_NPS_VNOC_X3Y0,VNOC,data_vc,1,5,1
2434000,2434,0,NOC_NPS_VNOC_X3Y1,VNOC,credit,0,-1,1
2434000,2434,0,NOC_NPS_VNOC_X3Y1,VNOC,data_vc,0,5,1
2434000,2434,1,NOC_NPS_VNOC_X3Y0,VNOC,credit,1,-1,1
2434000,2434,1,NOC_NPS_VNOC_X3Y0,VNOC,data_vc,1,5,1
2435000,2435,0,NOC_NPS_VNOC_X3Y1,VNOC,credit,0,-1,1
2435000,2435,0,NOC_NPS_VNOC_X3Y1,VNOC,data_vc,0,5,1
2435000,2435,1,NOC_NPS_VNOC_X3Y0,VNOC,credit,1,-1,1
2435000,2435,1,NOC_NPS_VNOC_X3Y0,VNOC,data_vc,1,5,1
2436000,2436,0,NOC_NPS_VNOC_X3Y1,VNOC,credit,0,-1,1
2436000,2436,0,NOC_NPS_VNOC_X3Y1,VNOC,data_vc,0,5,1
2436000,2436,1,NOC_NPS_VNOC_X3Y0,VNOC,credit,1,-1,1
2436000,2436,1,NOC_NPS_VNOC_X3Y0,VNOC,data_vc,1,5,1
2437000,2437,0,NOC_NPS_VNOC_X3Y1,VNOC,credit,0,-1,1
2437000,2437,0,NOC_NPS_VNOC_X3Y1,VNOC,data_vc,0,5,1
2437000,2437,1,NOC_NPS_VNOC_X3Y0,VNOC,credit,1,-1,1
2437000,2437,1,NOC_NPS_VNOC_X3Y0,VNOC,data_vc,1,5,1
2438000,2438,0,NOC_NPS_VNOC_X3Y1,VNOC,credit,0,-1,1
2438000,2438,0,NOC_NPS_VNOC_X3Y1,VNOC,data_vc,0,5,1
2438000,2438,1,NOC_NPS_VNOC_X3Y0,VNOC,credit,1,-1,1
2438000,2438,1,NOC_NPS_VNOC_X3Y0,VNOC,data_vc,1,5,1
2439000,2439,0,NOC_NPS_VNOC_X3Y1,VNOC,credit,0,-1,1
2439000,2439,0,NOC_NPS_VNOC_X3Y1,VNOC,data_vc,0,5,1
2439000,2439,1,NOC_NPS_VNOC_X3Y0,VNOC,credit,1,-1,1
2439000,2439,1,NOC_NPS_VNOC_X3Y0,VNOC,data_vc,1,5,1
2440000,2440,0,NOC_NPS_VNOC_X3Y1,VNOC,credit,0,-1,1
2440000,2440,0,NOC_NPS_VNOC_X3Y1,VNOC,data_vc,0,5,1
2440000,2440,1,NOC_NPS_VNOC_X3Y0,VNOC,credit,1,-1,1
2440000,2440,1,NOC_NPS_VNOC_X3Y0,VNOC,data_vc,1,5,1
2441000,2441,0,NOC_NPS_VNOC_X3Y1,VNOC,credit,0,-1,1
2441000,2441,0,NOC_NPS_VNOC_X3Y1,VNOC,data_vc,0,5,1
2441000,2441,1,NOC_NPS_VNOC_X3Y0,VNOC,credit,1,-1,1
2441000,2441,1,NOC_NPS_VNOC_X3Y0,VNOC,data_vc,1,5,1
2442000,2442,0,NOC_NPS_VNOC_X3Y1,VNOC,credit,0,-1,1
2442000,2442,0,NOC_NPS_VNOC_X3Y1,VNOC,data_vc,0,5,1
2442000,2442,1,NOC_NPS_VNOC_X3Y0,VNOC,credit,1,-1,1
2442000,2442,1,NOC_NPS_VNOC_X3Y0,VNOC,data_vc,1,5,1
2443000,2443,0,NOC_NPS_VNOC_X3Y1,VNOC,credit,0,-1,1
2443000,2443,0,NOC_NPS_VNOC_X3Y1,VNOC,data_vc,0,5,1
2443000,2443,1,NOC_NPS_VNOC_X3Y0,VNOC,credit,1,-1,1
2443000,2443,1,NOC_NPS_VNOC_X3Y0,VNOC,data_vc,1,5,1
2444000,2444,0,NOC_NPS_VNOC_X3Y1,VNOC,credit,0,-1,1
2444000,2444,0,NOC_NPS_VNOC_X3Y1,VNOC,data_vc,0,5,1
2444000,2444,1,NOC_NPS_VNOC_X3Y0,VNOC,credit,1,-1,1
2444000,2444,1,NOC_NPS_VNOC_X3Y0,VNOC,data_vc,1,5,1
2445000,2445,0,NOC_NPS_VNOC_X3Y1,VNOC,credit,0,-1,1
2445000,2445,0,NOC_NPS_VNOC_X3Y1,VNOC,data_vc,0,5,1
2445000,2445,1,NOC_NPS_VNOC_X3Y0,VNOC,credit,1,-1,1
2445000,2445,1,NOC_NPS_VNOC_X3Y0,VNOC,data_vc,1,5,1
2446000,2446,0,NOC_NPS_VNOC_X3Y1,VNOC,credit,0,-1,1
2446000,2446,0,NOC_NPS_VNOC_X3Y1,VNOC,data_vc,0,5,1
2446000,2446,1,NOC_NPS_VNOC_X3Y0,VNOC,credit,1,-1,1
2446000,2446,1,NOC_NPS_VNOC_X3Y0,VNOC,data_vc,1,5,1
2447000,2447,0,NOC_NPS_VNOC_X3Y1,VNOC,credit,0,-1,1
2447000,2447,0,NOC_NPS_VNOC_X3Y1,VNOC,data_vc,0,5,1
2447000,2447,1,NOC_NPS_VNOC_X3Y0,VNOC,credit,1,-1,1
2447000,2447,1,NOC_NPS_VNOC_X3Y0,VNOC,data_vc,1,5,1
2448000,2448,0,NOC_NPS_VNOC_X3Y1,VNOC,credit,0,-1,1
2448000,2448,0,NOC_NPS_VNOC_X3Y1,VNOC,data_vc,0,5,1
2448000,2448,1,NOC_NPS_VNOC_X3Y0,VNOC,credit,1,-1,1
2448000,2448,1,NOC_NPS_VNOC_X3Y0,VNOC,data_vc,1,5,1
2449000,2449,0,NOC_NPS_VNOC_X3Y1,VNOC,credit,0,-1,1
2449000,2449,0,NOC_NPS_VNOC_X3Y1,VNOC,data_vc,0,5,1
2449000,2449,1,NOC_NPS_VNOC_X3Y0,VNOC,credit,1,-1,1
2449000,2449,1,NOC_NPS_VNOC_X3Y0,VNOC,data_vc,1,5,1
2450000,2450,0,NOC_NPS_VNOC_X3Y1,VNOC,credit,0,-1,1
2450000,2450,0,NOC_NPS_VNOC_X3Y1,VNOC,data_vc,0,5,1
2450000,2450,1,NOC_NPS_VNOC_X3Y0,VNOC,credit,1,-1,1
2450000,2450,1,NOC_NPS_VNOC_X3Y0,VNOC,data_vc,1,5,1
2451000,2451,0,NOC_NPS_VNOC_X3Y1,VNOC,credit,0,-1,1
2451000,2451,0,NOC_NPS_VNOC_X3Y1,VNOC,data_vc,0,5,1
2451000,2451,1,NOC_NPS_VNOC_X3Y0,VNOC,credit,1,-1,1
2451000,2451,1,NOC_NPS_VNOC_X3Y0,VNOC,data_vc,1,5,1
2452000,2452,0,NOC_NPS_VNOC_X3Y1,VNOC,credit,0,-1,1
2452000,2452,0,NOC_NPS_VNOC_X3Y1,VNOC,data_vc,0,5,1
2452000,2452,1,NOC_NPS_VNOC_X3Y0,VNOC,credit,1,-1,1
2452000,2452,1,NOC_NPS_VNOC_X3Y0,VNOC,data_vc,1,5,1
2453000,2453,0,NOC_NPS_VNOC_X3Y1,VNOC,credit,0,-1,1
2453000,2453,0,NOC_NPS_VNOC_X3Y1,VNOC,data_vc,0,5,1
2453000,2453,1,NOC_NPS_VNOC_X3Y0,VNOC,credit,1,-1,1
2453000,2453,1,NOC_NPS_VNOC_X3Y0,VNOC,data_vc,1,5,1
2454000,2454,0,NOC_NPS_VNOC_X3Y1,VNOC,credit,0,-1,1
2454000,2454,0,NOC_NPS_VNOC_X3Y1,VNOC,data_vc,0,5,1
2454000,2454,1,NOC_NPS_VNOC_X3Y0,VNOC,credit,1,-1,1
2454000,2454,1,NOC_NPS_VNOC_X3Y0,VNOC,data_vc,1,5,1
2455000,2455,0,NOC_NPS_VNOC_X3Y1,VNOC,credit,0,-1,1
2455000,2455,0,NOC_NPS_VNOC_X3Y1,VNOC,data_vc,0,5,1
2455000,2455,1,NOC_NPS_VNOC_X3Y0,VNOC,credit,1,-1,1
2455000,2455,1,NOC_NPS_VNOC_X3Y0,VNOC,data_vc,1,5,1
2456000,2456,0,NOC_NPS_VNOC_X3Y1,VNOC,credit,0,-1,1
2456000,2456,0,NOC_NPS_VNOC_X3Y1,VNOC,data_vc,0,5,1
2456000,2456,1,NOC_NPS_VNOC_X3Y0,VNOC,credit,1,-1,1
2456000,2456,1,NOC_NPS_VNOC_X3Y0,VNOC,data_vc,1,5,1
2457000,2457,0,NOC_NPS_VNOC_X3Y1,VNOC,credit,0,-1,1
2457000,2457,0,NOC_NPS_VNOC_X3Y1,VNOC,data_vc,0,5,1
2457000,2457,1,NOC_NPS_VNOC_X3Y0,VNOC,credit,1,-1,1
2457000,2457,1,NOC_NPS_VNOC_X3Y0,VNOC,data_vc,1,5,1
2458000,2458,0,NOC_NPS_VNOC_X3Y1,VNOC,credit,0,-1,1
2458000,2458,0,NOC_NPS_VNOC_X3Y1,VNOC,data_vc,0,5,1
2458000,2458,1,NOC_NPS_VNOC_X3Y0,VNOC,credit,1,-1,1
2458000,2458,1,NOC_NPS_VNOC_X3Y0,VNOC,data_vc,1,5,1
2459000,2459,0,NOC_NPS_VNOC_X3Y1,VNOC,credit,0,-1,1
2459000,2459,0,NOC_NPS_VNOC_X3Y1,VNOC,data_vc,0,5,1
2459000,2459,1,NOC_NPS_VNOC_X3Y0,VNOC,credit,1,-1,1
2459000,2459,1,NOC_NPS_VNOC_X3Y0,VNOC,data_vc,1,5,1
2460000,2460,0,NOC_NPS_VNOC_X3Y1,VNOC,credit,0,-1,1
2460000,2460,0,NOC_NPS_VNOC_X3Y1,VNOC,data_vc,0,5,1
2460000,2460,1,NOC_NPS_VNOC_X3Y0,VNOC,credit,1,-1,1
2460000,2460,1,NOC_NPS_VNOC_X3Y0,VNOC,data_vc,1,5,1
2461000,2461,0,NOC_NPS_VNOC_X3Y1,VNOC,credit,0,-1,1
2461000,2461,0,NOC_NPS_VNOC_X3Y1,VNOC,data_vc,0,5,1
2461000,2461,1,NOC_NPS_VNOC_X3Y0,VNOC,credit,1,-1,1
2461000,2461,1,NOC_NPS_VNOC_X3Y0,VNOC,data_vc,1,5,1
2462000,2462,0,NOC_NPS_VNOC_X3Y1,VNOC,credit,0,-1,1
2462000,2462,0,NOC_NPS_VNOC_X3Y1,VNOC,data_vc,0,5,1
2462000,2462,1,NOC_NPS_VNOC_X3Y0,VNOC,credit,1,-1,1
2462000,2462,1,NOC_NPS_VNOC_X3Y0,VNOC,data_vc,1,5,1
2463000,2463,0,NOC_NPS_VNOC_X3Y1,VNOC,credit,0,-1,1
2463000,2463,0,NOC_NPS_VNOC_X3Y1,VNOC,data_vc,0,5,1
2463000,2463,1,NOC_NPS_VNOC_X3Y0,VNOC,credit,1,-1,1
2463000,2463,1,NOC_NPS_VNOC_X3Y0,VNOC,data_vc,1,5,1
2464000,2464,0,NOC_NPS_VNOC_X3Y1,VNOC,credit,0,-1,1
2464000,2464,0,NOC_NPS_VNOC_X3Y1,VNOC,data_vc,0,5,1
2464000,2464,1,NOC_NPS_VNOC_X3Y0,VNOC,credit,1,-1,1
2464000,2464,1,NOC_NPS_VNOC_X3Y0,VNOC,data_vc,1,5,1
2465000,2465,0,NOC_NPS_VNOC_X3Y1,VNOC,credit,0,-1,1
2465000,2465,0,NOC_NPS_VNOC_X3Y1,VNOC,data_vc,0,5,1
2465000,2465,1,NOC_NPS_VNOC_X3Y0,VNOC,credit,1,-1,1
2465000,2465,1,NOC_NPS_VNOC_X3Y0,VNOC,data_vc,1,5,1
2466000,2466,0,NOC_NPS_VNOC_X3Y1,VNOC,credit,0,-1,1
2466000,2466,0,NOC_NPS_VNOC_X3Y1,VNOC,data_vc,0,5,1
2466000,2466,1,NOC_NPS_VNOC_X3Y0,VNOC,credit,1,-1,1
2466000,2466,1,NOC_NPS_VNOC_X3Y0,VNOC,data_vc,1,5,1
2467000,2467,0,NOC_NPS_VNOC_X3Y1,VNOC,credit,0,-1,1
2467000,2467,0,NOC_NPS_VNOC_X3Y1,VNOC,data_vc,0,5,1
2467000,2467,1,NOC_NPS_VNOC_X3Y0,VNOC,credit,1,-1,1
2467000,2467,1,NOC_NPS_VNOC_X3Y0,VNOC,data_vc,1,5,1
2468000,2468,0,NOC_NPS_VNOC_X3Y1,VNOC,credit,0,-1,1
2468000,2468,0,NOC_NPS_VNOC_X3Y1,VNOC,data_vc,0,5,1
2468000,2468,1,NOC_NPS_VNOC_X3Y0,VNOC,credit,1,-1,1
2468000,2468,1,NOC_NPS_VNOC_X3Y0,VNOC,data_vc,1,5,1
2469000,2469,0,NOC_NPS_VNOC_X3Y1,VNOC,credit,0,-1,1
2469000,2469,0,NOC_NPS_VNOC_X3Y1,VNOC,data_vc,0,5,1
2469000,2469,1,NOC_NPS_VNOC_X3Y0,VNOC,credit,1,-1,1
2469000,2469,1,NOC_NPS_VNOC_X3Y0,VNOC,data_vc,1,5,1
2470000,2470,0,NOC_NPS_VNOC_X3Y1,VNOC,credit,0,-1,1
2470000,2470,0,NOC_NPS_VNOC_X3Y1,VNOC,data_vc,0,5,1
2470000,2470,1,NOC_NPS_VNOC_X3Y0,VNOC,credit,1,-1,1
2470000,2470,1,NOC_NPS_VNOC_X3Y0,VNOC,data_vc,1,5,1
2471000,2471,0,NOC_NPS_VNOC_X3Y1,VNOC,credit,0,-1,1
2471000,2471,0,NOC_NPS_VNOC_X3Y1,VNOC,data_vc,0,5,1
2471000,2471,1,NOC_NPS_VNOC_X3Y0,VNOC,credit,1,-1,1
2471000,2471,1,NOC_NPS_VNOC_X3Y0,VNOC,data_vc,1,5,1
2472000,2472,0,NOC_NPS_VNOC_X3Y1,VNOC,credit,0,-1,1
2472000,2472,0,NOC_NPS_VNOC_X3Y1,VNOC,data_vc,0,5,1
2472000,2472,1,NOC_NPS_VNOC_X3Y0,VNOC,credit,1,-1,1
2472000,2472,1,NOC_NPS_VNOC_X3Y0,VNOC,data_vc,1,5,1
2473000,2473,0,NOC_NPS_VNOC_X3Y1,VNOC,credit,0,-1,1
2473000,2473,0,NOC_NPS_VNOC_X3Y1,VNOC,data_vc,0,5,1
2473000,2473,1,NOC_NPS_VNOC_X3Y0,VNOC,credit,1,-1,1
2473000,2473,1,NOC_NPS_VNOC_X3Y0,VNOC,data_vc,1,5,1
2474000,2474,0,NOC_NPS_VNOC_X3Y1,VNOC,credit,0,-1,1
2474000,2474,0,NOC_NPS_VNOC_X3Y1,VNOC,data_vc,0,5,1
2474000,2474,1,NOC_NPS_VNOC_X3Y0,VNOC,credit,1,-1,1
2474000,2474,1,NOC_NPS_VNOC_X3Y0,VNOC,data_vc,1,5,1
2475000,2475,0,NOC_NPS_VNOC_X3Y1,VNOC,credit,0,-1,1
2475000,2475,0,NOC_NPS_VNOC_X3Y1,VNOC,data_vc,0,5,1
2475000,2475,1,NOC_NPS_VNOC_X3Y0,VNOC,credit,1,-1,1
2475000,2475,1,NOC_NPS_VNOC_X3Y0,VNOC,data_vc,1,5,1
2476000,2476,0,NOC_NPS_VNOC_X3Y1,VNOC,credit,0,-1,1
2476000,2476,0,NOC_NPS_VNOC_X3Y1,VNOC,data_vc,0,5,1
2476000,2476,1,NOC_NPS_VNOC_X3Y0,VNOC,credit,1,-1,1
2476000,2476,1,NOC_NPS_VNOC_X3Y0,VNOC,data_vc,1,5,1
2477000,2477,0,NOC_NPS_VNOC_X3Y1,VNOC,credit,0,-1,1
2477000,2477,0,NOC_NPS_VNOC_X3Y1,VNOC,data_vc,0,5,1
2477000,2477,1,NOC_NPS_VNOC_X3Y0,VNOC,credit,1,-1,1
2477000,2477,1,NOC_NPS_VNOC_X3Y0,VNOC,data_vc,1,5,1
2478000,2478,0,NOC_NPS_VNOC_X3Y1,VNOC,credit,0,-1,1
2478000,2478,0,NOC_NPS_VNOC_X3Y1,VNOC,data_vc,0,5,1
2478000,2478,1,NOC_NPS_VNOC_X3Y0,VNOC,credit,1,-1,1
2478000,2478,1,NOC_NPS_VNOC_X3Y0,VNOC,data_vc,1,5,1
2479000,2479,0,NOC_NPS_VNOC_X3Y1,VNOC,credit,0,-1,1
2479000,2479,0,NOC_NPS_VNOC_X3Y1,VNOC,data_vc,0,5,1
2479000,2479,1,NOC_NPS_VNOC_X3Y0,VNOC,credit,1,-1,1
2479000,2479,1,NOC_NPS_VNOC_X3Y0,VNOC,data_vc,1,5,1
2480000,2480,0,NOC_NPS_VNOC_X3Y1,VNOC,credit,0,-1,1
2480000,2480,0,NOC_NPS_VNOC_X3Y1,VNOC,data_vc,0,5,1
2480000,2480,1,NOC_NPS_VNOC_X3Y0,VNOC,credit,1,-1,1
2480000,2480,1,NOC_NPS_VNOC_X3Y0,VNOC,data_vc,1,5,1
2481000,2481,0,NOC_NPS_VNOC_X3Y1,VNOC,credit,0,-1,1
2481000,2481,0,NOC_NPS_VNOC_X3Y1,VNOC,data_vc,0,5,1
2481000,2481,1,NOC_NPS_VNOC_X3Y0,VNOC,credit,1,-1,1
2481000,2481,1,NOC_NPS_VNOC_X3Y0,VNOC,data_vc,1,5,1
2482000,2482,0,NOC_NPS_VNOC_X3Y1,VNOC,credit,0,-1,1
2482000,2482,0,NOC_NPS_VNOC_X3Y1,VNOC,data_vc,0,5,1
2482000,2482,1,NOC_NPS_VNOC_X3Y0,VNOC,credit,1,-1,1
2482000,2482,1,NOC_NPS_VNOC_X3Y0,VNOC,data_vc,1,5,1
2483000,2483,0,NOC_NPS_VNOC_X3Y1,VNOC,credit,0,-1,1
2483000,2483,0,NOC_NPS_VNOC_X3Y1,VNOC,data_vc,0,5,1
2483000,2483,1,NOC_NPS_VNOC_X3Y0,VNOC,credit,1,-1,1
2483000,2483,1,NOC_NPS_VNOC_X3Y0,VNOC,data_vc,1,5,1
2484000,2484,0,NOC_NPS_VNOC_X3Y1,VNOC,credit,0,-1,1
2484000,2484,0,NOC_NPS_VNOC_X3Y1,VNOC,data_vc,0,5,1
2484000,2484,1,NOC_NPS_VNOC_X3Y0,VNOC,credit,1,-1,1
2484000,2484,1,NOC_NPS_VNOC_X3Y0,VNOC,data_vc,1,5,1
2485000,2485,0,NOC_NPS_VNOC_X3Y1,VNOC,credit,0,-1,1
2485000,2485,0,NOC_NPS_VNOC_X3Y1,VNOC,data_vc,0,5,1
2485000,2485,1,NOC_NPS_VNOC_X3Y0,VNOC,credit,1,-1,1
2485000,2485,1,NOC_NPS_VNOC_X3Y0,VNOC,data_vc,1,5,1
2486000,2486,0,NOC_NPS_VNOC_X3Y1,VNOC,credit,0,-1,1
2486000,2486,0,NOC_NPS_VNOC_X3Y1,VNOC,data_vc,0,5,1
2486000,2486,1,NOC_NPS_VNOC_X3Y0,VNOC,credit,1,-1,1
2486000,2486,1,NOC_NPS_VNOC_X3Y0,VNOC,data_vc,1,5,1
2487000,2487,0,NOC_NPS_VNOC_X3Y1,VNOC,credit,0,-1,1
2487000,2487,0,NOC_NPS_VNOC_X3Y1,VNOC,data_vc,0,5,1
2487000,2487,1,NOC_NPS_VNOC_X3Y0,VNOC,credit,1,-1,1
2487000,2487,1,NOC_NPS_VNOC_X3Y0,VNOC,data_vc,1,5,1
2488000,2488,0,NOC_NPS_VNOC_X3Y1,VNOC,credit,0,-1,1
2488000,2488,0,NOC_NPS_VNOC_X3Y1,VNOC,data_vc,0,5,1
2488000,2488,1,NOC_NPS_VNOC_X3Y0,VNOC,credit,1,-1,1
2488000,2488,1,NOC_NPS_VNOC_X3Y0,VNOC,data_vc,1,5,1
2489000,2489,0,NOC_NPS_VNOC_X3Y1,VNOC,credit,0,-1,1
2489000,2489,0,NOC_NPS_VNOC_X3Y1,VNOC,data_vc,0,5,1
2489000,2489,1,NOC_NPS_VNOC_X3Y0,VNOC,credit,1,-1,1
2489000,2489,1,NOC_NPS_VNOC_X3Y0,VNOC,data_vc,1,5,1
2490000,2490,0,NOC_NPS_VNOC_X3Y1,VNOC,credit,0,-1,1
2490000,2490,0,NOC_NPS_VNOC_X3Y1,VNOC,data_vc,0,5,1
2490000,2490,1,NOC_NPS_VNOC_X3Y0,VNOC,credit,1,-1,1
2490000,2490,1,NOC_NPS_VNOC_X3Y0,VNOC,data_vc,1,5,1
2491000,2491,0,NOC_NPS_VNOC_X3Y1,VNOC,credit,0,-1,1
2491000,2491,0,NOC_NPS_VNOC_X3Y1,VNOC,data_vc,0,5,1
2491000,2491,1,NOC_NPS_VNOC_X3Y0,VNOC,credit,1,-1,1
2491000,2491,1,NOC_NPS_VNOC_X3Y0,VNOC,data_vc,1,5,1
2492000,2492,0,NOC_NPS_VNOC_X3Y1,VNOC,credit,0,-1,1
2492000,2492,0,NOC_NPS_VNOC_X3Y1,VNOC,data_vc,0,5,1
2492000,2492,1,NOC_NPS_VNOC_X3Y0,VNOC,credit,1,-1,1
2492000,2492,1,NOC_NPS_VNOC_X3Y0,VNOC,data_vc,1,5,1
2493000,2493,0,NOC_NPS_VNOC_X3Y1,VNOC,credit,0,-1,1
2493000,2493,0,NOC_NPS_VNOC_X3Y1,VNOC,data_vc,0,5,1
2493000,2493,1,NOC_NPS_VNOC_X3Y0,VNOC,credit,1,-1,1
2493000,2493,1,NOC_NPS_VNOC_X3Y0,VNOC,data_vc,1,5,1
2494000,2494,0,NOC_NPS_VNOC_X3Y1,VNOC,credit,0,-1,1
2494000,2494,0,NOC_NPS_VNOC_X3Y1,VNOC,data_vc,0,5,1
2494000,2494,1,NOC_NPS_VNOC_X3Y0,VNOC,credit,1,-1,1
2494000,2494,1,NOC_NPS_VNOC_X3Y0,VNOC,data_vc,1,5,1
2495000,2495,0,NOC_NPS_VNOC_X3Y1,VNOC,data_vc,0,5,1
2495000,2495,1,NOC_NPS_VNOC_X3Y0,VNOC,credit,1,-1,1
2495000,2495,1,NOC_NPS_VNOC_X3Y0,VNOC,data_vc,1,5,1
2496000,2496,0,NOC_NPS_VNOC_X3Y1,VNOC,data_vc,0,5,1
2496000,2496,1,NOC_NPS_VNOC_X3Y0,VNOC,credit,1,-1,1
2496000,2496,1,NOC_NPS_VNOC_X3Y0,VNOC,data_vc,1,5,1
2497000,2497,0,NOC_NPS_VNOC_X3Y1,VNOC,credit,0,-1,1
2497000,2497,0,NOC_NPS_VNOC_X3Y1,VNOC,data_vc,0,5,1
2497000,2497,1,NOC_NPS_VNOC_X3Y0,VNOC,data_vc,1,5,1
2498000,2498,0,NOC_NPS_VNOC_X3Y1,VNOC,credit,0,-1,1
2498000,2498,0,NOC_NPS_VNOC_X3Y1,VNOC,data_vc,0,5,1
2498000,2498,1,NOC_NPS_VNOC_X3Y0,VNOC,data_vc,1,5,1
2499000,2499,0,NOC_NPS_VNOC_X3Y1,VNOC,credit,0,-1,1
2499000,2499,0,NOC_NPS_VNOC_X3Y1,VNOC,data_vc,0,5,1
2499000,2499,1,NOC_NPS_VNOC_X3Y0,VNOC,credit,1,-1,1
2499000,2499,1,NOC_NPS_VNOC_X3Y0,VNOC,data_vc,1,5,1
2500000,2500,0,NOC_NPS_VNOC_X3Y1,VNOC,credit,0,-1,1
2500000,2500,0,NOC_NPS_VNOC_X3Y1,VNOC,data_vc,0,5,1
2500000,2500,1,NOC_NPS_VNOC_X3Y0,VNOC,credit,1,-1,1
2500000,2500,1,NOC_NPS_VNOC_X3Y0,VNOC,data_vc,1,5,1
2501000,2501,0,NOC_NPS_VNOC_X3Y1,VNOC,credit,0,-1,1
2501000,2501,0,NOC_NPS_VNOC_X3Y1,VNOC,data_vc,0,5,1
2501000,2501,1,NOC_NPS_VNOC_X3Y0,VNOC,credit,1,-1,1
2501000,2501,1,NOC_NPS_VNOC_X3Y0,VNOC,data_vc,1,5,1
2502000,2502,0,NOC_NPS_VNOC_X3Y1,VNOC,credit,0,-1,1
2502000,2502,0,NOC_NPS_VNOC_X3Y1,VNOC,data_vc,0,5,1
2502000,2502,1,NOC_NPS_VNOC_X3Y0,VNOC,credit,1,-1,1
2502000,2502,1,NOC_NPS_VNOC_X3Y0,VNOC,data_vc,1,5,1
2503000,2503,0,NOC_NPS_VNOC_X3Y1,VNOC,credit,0,-1,1
2503000,2503,0,NOC_NPS_VNOC_X3Y1,VNOC,data_vc,0,5,1
2503000,2503,1,NOC_NPS_VNOC_X3Y0,VNOC,credit,1,-1,1
2503000,2503,1,NOC_NPS_VNOC_X3Y0,VNOC,data_vc,1,5,1
2504000,2504,0,NOC_NPS_VNOC_X3Y1,VNOC,credit,0,-1,1
2504000,2504,0,NOC_NPS_VNOC_X3Y1,VNOC,data_vc,0,5,1
2504000,2504,1,NOC_NPS_VNOC_X3Y0,VNOC,credit,1,-1,1
2504000,2504,1,NOC_NPS_VNOC_X3Y0,VNOC,data_vc,1,5,1
2505000,2505,0,NOC_NPS_VNOC_X3Y1,VNOC,credit,0,-1,1
2505000,2505,0,NOC_NPS_VNOC_X3Y1,VNOC,data_vc,0,5,1
2505000,2505,1,NOC_NPS_VNOC_X3Y0,VNOC,credit,1,-1,1
2505000,2505,1,NOC_NPS_VNOC_X3Y0,VNOC,data_vc,1,5,1
2506000,2506,0,NOC_NPS_VNOC_X3Y1,VNOC,credit,0,-1,1
2506000,2506,0,NOC_NPS_VNOC_X3Y1,VNOC,data_vc,0,5,1
2506000,2506,1,NOC_NPS_VNOC_X3Y0,VNOC,credit,1,-1,1
2506000,2506,1,NOC_NPS_VNOC_X3Y0,VNOC,data_vc,1,5,1
2507000,2507,0,NOC_NPS_VNOC_X3Y1,VNOC,credit,0,-1,1
2507000,2507,0,NOC_NPS_VNOC_X3Y1,VNOC,data_vc,0,5,1
2507000,2507,1,NOC_NPS_VNOC_X3Y0,VNOC,credit,1,-1,1
2507000,2507,1,NOC_NPS_VNOC_X3Y0,VNOC,data_vc,1,5,1
2508000,2508,0,NOC_NPS_VNOC_X3Y1,VNOC,credit,0,-1,1
2508000,2508,0,NOC_NPS_VNOC_X3Y1,VNOC,data_vc,0,5,1
2508000,2508,1,NOC_NPS_VNOC_X3Y0,VNOC,credit,1,-1,1
2508000,2508,1,NOC_NPS_VNOC_X3Y0,VNOC,data_vc,1,5,1
2509000,2509,0,NOC_NPS_VNOC_X3Y1,VNOC,credit,0,-1,1
2509000,2509,0,NOC_NPS_VNOC_X3Y1,VNOC,data_vc,0,5,1
2509000,2509,1,NOC_NPS_VNOC_X3Y0,VNOC,credit,1,-1,1
2509000,2509,1,NOC_NPS_VNOC_X3Y0,VNOC,data_vc,1,5,1
2510000,2510,0,NOC_NPS_VNOC_X3Y1,VNOC,credit,0,-1,1
2510000,2510,0,NOC_NPS_VNOC_X3Y1,VNOC,data_vc,0,5,1
2510000,2510,1,NOC_NPS_VNOC_X3Y0,VNOC,credit,1,-1,1
2510000,2510,1,NOC_NPS_VNOC_X3Y0,VNOC,data_vc,1,5,1
2511000,2511,0,NOC_NPS_VNOC_X3Y1,VNOC,credit,0,-1,1
2511000,2511,0,NOC_NPS_VNOC_X3Y1,VNOC,data_vc,0,5,1
2511000,2511,1,NOC_NPS_VNOC_X3Y0,VNOC,credit,1,-1,1
2511000,2511,1,NOC_NPS_VNOC_X3Y0,VNOC,data_vc,1,5,1
2512000,2512,0,NOC_NPS_VNOC_X3Y1,VNOC,credit,0,-1,1
2512000,2512,0,NOC_NPS_VNOC_X3Y1,VNOC,data_vc,0,5,1
2512000,2512,1,NOC_NPS_VNOC_X3Y0,VNOC,credit,1,-1,1
2512000,2512,1,NOC_NPS_VNOC_X3Y0,VNOC,data_vc,1,5,1
2513000,2513,0,NOC_NPS_VNOC_X3Y1,VNOC,credit,0,-1,1
2513000,2513,0,NOC_NPS_VNOC_X3Y1,VNOC,data_vc,0,5,1
2513000,2513,1,NOC_NPS_VNOC_X3Y0,VNOC,credit,1,-1,1
2513000,2513,1,NOC_NPS_VNOC_X3Y0,VNOC,data_vc,1,5,1
2514000,2514,0,NOC_NPS_VNOC_X3Y1,VNOC,credit,0,-1,1
2514000,2514,0,NOC_NPS_VNOC_X3Y1,VNOC,data_vc,0,5,1
2514000,2514,1,NOC_NPS_VNOC_X3Y0,VNOC,credit,1,-1,1
2514000,2514,1,NOC_NPS_VNOC_X3Y0,VNOC,data_vc,1,5,1
2515000,2515,0,NOC_NPS_VNOC_X3Y1,VNOC,credit,0,-1,1
2515000,2515,0,NOC_NPS_VNOC_X3Y1,VNOC,data_vc,0,5,1
2515000,2515,1,NOC_NPS_VNOC_X3Y0,VNOC,credit,1,-1,1
2515000,2515,1,NOC_NPS_VNOC_X3Y0,VNOC,data_vc,1,5,1
2516000,2516,0,NOC_NPS_VNOC_X3Y1,VNOC,credit,0,-1,1
2516000,2516,0,NOC_NPS_VNOC_X3Y1,VNOC,data_vc,0,5,1
2516000,2516,1,NOC_NPS_VNOC_X3Y0,VNOC,credit,1,-1,1
2516000,2516,1,NOC_NPS_VNOC_X3Y0,VNOC,data_vc,1,5,1
2517000,2517,0,NOC_NPS_VNOC_X3Y1,VNOC,credit,0,-1,1
2517000,2517,0,NOC_NPS_VNOC_X3Y1,VNOC,data_vc,0,5,1
2517000,2517,1,NOC_NPS_VNOC_X3Y0,VNOC,credit,1,-1,1
2517000,2517,1,NOC_NPS_VNOC_X3Y0,VNOC,data_vc,1,5,1
2518000,2518,0,NOC_NPS_VNOC_X3Y1,VNOC,credit,0,-1,1
2518000,2518,0,NOC_NPS_VNOC_X3Y1,VNOC,data_vc,0,5,1
2518000,2518,1,NOC_NPS_VNOC_X3Y0,VNOC,credit,1,-1,1
2518000,2518,1,NOC_NPS_VNOC_X3Y0,VNOC,data_vc,1,5,1
2519000,2519,0,NOC_NPS_VNOC_X3Y1,VNOC,credit,0,-1,1
2519000,2519,0,NOC_NPS_VNOC_X3Y1,VNOC,data_vc,0,5,1
2519000,2519,1,NOC_NPS_VNOC_X3Y0,VNOC,credit,1,-1,1
2519000,2519,1,NOC_NPS_VNOC_X3Y0,VNOC,data_vc,1,5,1
2520000,2520,0,NOC_NPS_VNOC_X3Y1,VNOC,credit,0,-1,1
2520000,2520,0,NOC_NPS_VNOC_X3Y1,VNOC,data_vc,0,5,1
2520000,2520,1,NOC_NPS_VNOC_X3Y0,VNOC,credit,1,-1,1
2520000,2520,1,NOC_NPS_VNOC_X3Y0,VNOC,data_vc,1,5,1
2521000,2521,0,NOC_NPS_VNOC_X3Y1,VNOC,credit,0,-1,1
2521000,2521,0,NOC_NPS_VNOC_X3Y1,VNOC,data_vc,0,5,1
2521000,2521,1,NOC_NPS_VNOC_X3Y0,VNOC,credit,1,-1,1
2521000,2521,1,NOC_NPS_VNOC_X3Y0,VNOC,data_vc,1,5,1
2522000,2522,0,NOC_NPS_VNOC_X3Y1,VNOC,credit,0,-1,1
2522000,2522,0,NOC_NPS_VNOC_X3Y1,VNOC,data_vc,0,5,1
2522000,2522,1,NOC_NPS_VNOC_X3Y0,VNOC,credit,1,-1,1
2522000,2522,1,NOC_NPS_VNOC_X3Y0,VNOC,data_vc,1,5,1
2523000,2523,0,NOC_NPS_VNOC_X3Y1,VNOC,credit,0,-1,1
2523000,2523,0,NOC_NPS_VNOC_X3Y1,VNOC,data_vc,0,5,1
2523000,2523,1,NOC_NPS_VNOC_X3Y0,VNOC,credit,1,-1,1
2523000,2523,1,NOC_NPS_VNOC_X3Y0,VNOC,data_vc,1,5,1
2524000,2524,0,NOC_NPS_VNOC_X3Y1,VNOC,credit,0,-1,1
2524000,2524,0,NOC_NPS_VNOC_X3Y1,VNOC,data_vc,0,5,1
2524000,2524,1,NOC_NPS_VNOC_X3Y0,VNOC,credit,1,-1,1
2524000,2524,1,NOC_NPS_VNOC_X3Y0,VNOC,data_vc,1,5,1
2525000,2525,0,NOC_NPS_VNOC_X3Y1,VNOC,credit,0,-1,1
2525000,2525,0,NOC_NPS_VNOC_X3Y1,VNOC,data_vc,0,5,1
2525000,2525,1,NOC_NPS_VNOC_X3Y0,VNOC,credit,1,-1,1
2525000,2525,1,NOC_NPS_VNOC_X3Y0,VNOC,data_vc,1,5,1
2526000,2526,0,NOC_NPS_VNOC_X3Y1,VNOC,credit,0,-1,1
2526000,2526,0,NOC_NPS_VNOC_X3Y1,VNOC,data_vc,0,5,1
2526000,2526,1,NOC_NPS_VNOC_X3Y0,VNOC,credit,1,-1,1
2526000,2526,1,NOC_NPS_VNOC_X3Y0,VNOC,data_vc,1,5,1
2527000,2527,0,NOC_NPS_VNOC_X3Y1,VNOC,credit,0,-1,1
2527000,2527,0,NOC_NPS_VNOC_X3Y1,VNOC,data_vc,0,5,1
2527000,2527,1,NOC_NPS_VNOC_X3Y0,VNOC,credit,1,-1,1
2527000,2527,1,NOC_NPS_VNOC_X3Y0,VNOC,data_vc,1,5,1
2528000,2528,0,NOC_NPS_VNOC_X3Y1,VNOC,credit,0,-1,1
2528000,2528,0,NOC_NPS_VNOC_X3Y1,VNOC,data_vc,0,5,1
2528000,2528,1,NOC_NPS_VNOC_X3Y0,VNOC,credit,1,-1,1
2528000,2528,1,NOC_NPS_VNOC_X3Y0,VNOC,data_vc,1,5,1
2529000,2529,0,NOC_NPS_VNOC_X3Y1,VNOC,credit,0,-1,1
2529000,2529,0,NOC_NPS_VNOC_X3Y1,VNOC,data_vc,0,5,1
2529000,2529,1,NOC_NPS_VNOC_X3Y0,VNOC,credit,1,-1,1
2529000,2529,1,NOC_NPS_VNOC_X3Y0,VNOC,data_vc,1,5,1
2530000,2530,0,NOC_NPS_VNOC_X3Y1,VNOC,credit,0,-1,1
2530000,2530,0,NOC_NPS_VNOC_X3Y1,VNOC,data_vc,0,5,1
2530000,2530,1,NOC_NPS_VNOC_X3Y0,VNOC,credit,1,-1,1
2530000,2530,1,NOC_NPS_VNOC_X3Y0,VNOC,data_vc,1,5,1
2531000,2531,0,NOC_NPS_VNOC_X3Y1,VNOC,credit,0,-1,1
2531000,2531,0,NOC_NPS_VNOC_X3Y1,VNOC,data_vc,0,5,1
2531000,2531,1,NOC_NPS_VNOC_X3Y0,VNOC,credit,1,-1,1
2531000,2531,1,NOC_NPS_VNOC_X3Y0,VNOC,data_vc,1,5,1
2532000,2532,0,NOC_NPS_VNOC_X3Y1,VNOC,credit,0,-1,1
2532000,2532,0,NOC_NPS_VNOC_X3Y1,VNOC,data_vc,0,5,1
2532000,2532,1,NOC_NPS_VNOC_X3Y0,VNOC,credit,1,-1,1
2532000,2532,1,NOC_NPS_VNOC_X3Y0,VNOC,data_vc,1,5,1
2533000,2533,0,NOC_NPS_VNOC_X3Y1,VNOC,credit,0,-1,1
2533000,2533,0,NOC_NPS_VNOC_X3Y1,VNOC,data_vc,0,5,1
2533000,2533,1,NOC_NPS_VNOC_X3Y0,VNOC,credit,1,-1,1
2533000,2533,1,NOC_NPS_VNOC_X3Y0,VNOC,data_vc,1,5,1
2534000,2534,0,NOC_NPS_VNOC_X3Y1,VNOC,credit,0,-1,1
2534000,2534,0,NOC_NPS_VNOC_X3Y1,VNOC,data_vc,0,5,1
2534000,2534,1,NOC_NPS_VNOC_X3Y0,VNOC,credit,1,-1,1
2534000,2534,1,NOC_NPS_VNOC_X3Y0,VNOC,data_vc,1,5,1
2535000,2535,0,NOC_NPS_VNOC_X3Y1,VNOC,credit,0,-1,1
2535000,2535,0,NOC_NPS_VNOC_X3Y1,VNOC,data_vc,0,5,1
2535000,2535,1,NOC_NPS_VNOC_X3Y0,VNOC,credit,1,-1,1
2535000,2535,1,NOC_NPS_VNOC_X3Y0,VNOC,data_vc,1,5,1
2536000,2536,0,NOC_NPS_VNOC_X3Y1,VNOC,credit,0,-1,1
2536000,2536,0,NOC_NPS_VNOC_X3Y1,VNOC,data_vc,0,5,1
2536000,2536,1,NOC_NPS_VNOC_X3Y0,VNOC,credit,1,-1,1
2536000,2536,1,NOC_NPS_VNOC_X3Y0,VNOC,data_vc,1,5,1
2537000,2537,0,NOC_NPS_VNOC_X3Y1,VNOC,credit,0,-1,1
2537000,2537,0,NOC_NPS_VNOC_X3Y1,VNOC,data_vc,0,5,1
2537000,2537,1,NOC_NPS_VNOC_X3Y0,VNOC,credit,1,-1,1
2537000,2537,1,NOC_NPS_VNOC_X3Y0,VNOC,data_vc,1,5,1
2538000,2538,0,NOC_NPS_VNOC_X3Y1,VNOC,credit,0,-1,1
2538000,2538,0,NOC_NPS_VNOC_X3Y1,VNOC,data_vc,0,5,1
2538000,2538,1,NOC_NPS_VNOC_X3Y0,VNOC,credit,1,-1,1
2538000,2538,1,NOC_NPS_VNOC_X3Y0,VNOC,data_vc,1,5,1
2539000,2539,0,NOC_NPS_VNOC_X3Y1,VNOC,credit,0,-1,1
2539000,2539,0,NOC_NPS_VNOC_X3Y1,VNOC,data_vc,0,5,1
2539000,2539,1,NOC_NPS_VNOC_X3Y0,VNOC,credit,1,-1,1
2539000,2539,1,NOC_NPS_VNOC_X3Y0,VNOC,data_vc,1,5,1
2540000,2540,0,NOC_NPS_VNOC_X3Y1,VNOC,credit,0,-1,1
2540000,2540,0,NOC_NPS_VNOC_X3Y1,VNOC,data_vc,0,5,1
2540000,2540,1,NOC_NPS_VNOC_X3Y0,VNOC,credit,1,-1,1
2540000,2540,1,NOC_NPS_VNOC_X3Y0,VNOC,data_vc,1,5,1
2541000,2541,0,NOC_NPS_VNOC_X3Y1,VNOC,credit,0,-1,1
2541000,2541,0,NOC_NPS_VNOC_X3Y1,VNOC,data_vc,0,5,1
2541000,2541,1,NOC_NPS_VNOC_X3Y0,VNOC,credit,1,-1,1
2541000,2541,1,NOC_NPS_VNOC_X3Y0,VNOC,data_vc,1,5,1
2542000,2542,0,NOC_NPS_VNOC_X3Y1,VNOC,credit,0,-1,1
2542000,2542,0,NOC_NPS_VNOC_X3Y1,VNOC,data_vc,0,5,1
2542000,2542,1,NOC_NPS_VNOC_X3Y0,VNOC,credit,1,-1,1
2542000,2542,1,NOC_NPS_VNOC_X3Y0,VNOC,data_vc,1,5,1
2543000,2543,0,NOC_NPS_VNOC_X3Y1,VNOC,credit,0,-1,1
2543000,2543,0,NOC_NPS_VNOC_X3Y1,VNOC,data_vc,0,5,1
2543000,2543,1,NOC_NPS_VNOC_X3Y0,VNOC,credit,1,-1,1
2543000,2543,1,NOC_NPS_VNOC_X3Y0,VNOC,data_vc,1,5,1
2544000,2544,0,NOC_NPS_VNOC_X3Y1,VNOC,credit,0,-1,1
2544000,2544,0,NOC_NPS_VNOC_X3Y1,VNOC,data_vc,0,5,1
2544000,2544,1,NOC_NPS_VNOC_X3Y0,VNOC,credit,1,-1,1
2544000,2544,1,NOC_NPS_VNOC_X3Y0,VNOC,data_vc,1,5,1
2545000,2545,0,NOC_NPS_VNOC_X3Y1,VNOC,credit,0,-1,1
2545000,2545,0,NOC_NPS_VNOC_X3Y1,VNOC,data_vc,0,5,1
2545000,2545,1,NOC_NPS_VNOC_X3Y0,VNOC,credit,1,-1,1
2545000,2545,1,NOC_NPS_VNOC_X3Y0,VNOC,data_vc,1,5,1
2546000,2546,0,NOC_NPS_VNOC_X3Y1,VNOC,credit,0,-1,1
2546000,2546,0,NOC_NPS_VNOC_X3Y1,VNOC,data_vc,0,5,1
2546000,2546,1,NOC_NPS_VNOC_X3Y0,VNOC,credit,1,-1,1
2546000,2546,1,NOC_NPS_VNOC_X3Y0,VNOC,data_vc,1,5,1
2547000,2547,0,NOC_NPS_VNOC_X3Y1,VNOC,credit,0,-1,1
2547000,2547,0,NOC_NPS_VNOC_X3Y1,VNOC,data_vc,0,5,1
2547000,2547,1,NOC_NPS_VNOC_X3Y0,VNOC,credit,1,-1,1
2547000,2547,1,NOC_NPS_VNOC_X3Y0,VNOC,data_vc,1,5,1
2548000,2548,0,NOC_NPS_VNOC_X3Y1,VNOC,credit,0,-1,1
2548000,2548,0,NOC_NPS_VNOC_X3Y1,VNOC,data_vc,0,5,1
2548000,2548,1,NOC_NPS_VNOC_X3Y0,VNOC,credit,1,-1,1
2548000,2548,1,NOC_NPS_VNOC_X3Y0,VNOC,data_vc,1,5,1
2549000,2549,0,NOC_NPS_VNOC_X3Y1,VNOC,credit,0,-1,1
2549000,2549,0,NOC_NPS_VNOC_X3Y1,VNOC,data_vc,0,5,1
2549000,2549,1,NOC_NPS_VNOC_X3Y0,VNOC,credit,1,-1,1
2549000,2549,1,NOC_NPS_VNOC_X3Y0,VNOC,data_vc,1,5,1
2550000,2550,0,NOC_NPS_VNOC_X3Y1,VNOC,credit,0,-1,1
2550000,2550,0,NOC_NPS_VNOC_X3Y1,VNOC,data_vc,0,5,1
2550000,2550,1,NOC_NPS_VNOC_X3Y0,VNOC,credit,1,-1,1
2550000,2550,1,NOC_NPS_VNOC_X3Y0,VNOC,data_vc,1,5,1
2551000,2551,0,NOC_NPS_VNOC_X3Y1,VNOC,credit,0,-1,1
2551000,2551,0,NOC_NPS_VNOC_X3Y1,VNOC,data_vc,0,5,1
2551000,2551,1,NOC_NPS_VNOC_X3Y0,VNOC,credit,1,-1,1
2551000,2551,1,NOC_NPS_VNOC_X3Y0,VNOC,data_vc,1,5,1
2552000,2552,0,NOC_NPS_VNOC_X3Y1,VNOC,credit,0,-1,1
2552000,2552,0,NOC_NPS_VNOC_X3Y1,VNOC,data_vc,0,5,1
2552000,2552,1,NOC_NPS_VNOC_X3Y0,VNOC,credit,1,-1,1
2552000,2552,1,NOC_NPS_VNOC_X3Y0,VNOC,data_vc,1,5,1
2553000,2553,0,NOC_NPS_VNOC_X3Y1,VNOC,credit,0,-1,1
2553000,2553,0,NOC_NPS_VNOC_X3Y1,VNOC,data_vc,0,5,1
2553000,2553,1,NOC_NPS_VNOC_X3Y0,VNOC,credit,1,-1,1
2553000,2553,1,NOC_NPS_VNOC_X3Y0,VNOC,data_vc,1,5,1
2554000,2554,0,NOC_NPS_VNOC_X3Y1,VNOC,credit,0,-1,1
2554000,2554,0,NOC_NPS_VNOC_X3Y1,VNOC,data_vc,0,5,1
2554000,2554,1,NOC_NPS_VNOC_X3Y0,VNOC,credit,1,-1,1
2554000,2554,1,NOC_NPS_VNOC_X3Y0,VNOC,data_vc,1,5,1
2555000,2555,0,NOC_NPS_VNOC_X3Y1,VNOC,credit,0,-1,1
2555000,2555,0,NOC_NPS_VNOC_X3Y1,VNOC,data_vc,0,5,1
2555000,2555,1,NOC_NPS_VNOC_X3Y0,VNOC,credit,1,-1,1
2555000,2555,1,NOC_NPS_VNOC_X3Y0,VNOC,data_vc,1,5,1
2556000,2556,0,NOC_NPS_VNOC_X3Y1,VNOC,credit,0,-1,1
2556000,2556,0,NOC_NPS_VNOC_X3Y1,VNOC,data_vc,0,5,1
2556000,2556,1,NOC_NPS_VNOC_X3Y0,VNOC,credit,1,-1,1
2556000,2556,1,NOC_NPS_VNOC_X3Y0,VNOC,data_vc,1,5,1
2557000,2557,0,NOC_NPS_VNOC_X3Y1,VNOC,credit,0,-1,1
2557000,2557,0,NOC_NPS_VNOC_X3Y1,VNOC,data_vc,0,5,1
2557000,2557,1,NOC_NPS_VNOC_X3Y0,VNOC,credit,1,-1,1
2557000,2557,1,NOC_NPS_VNOC_X3Y0,VNOC,data_vc,1,5,1
2558000,2558,0,NOC_NPS_VNOC_X3Y1,VNOC,credit,0,-1,1
2558000,2558,0,NOC_NPS_VNOC_X3Y1,VNOC,data_vc,0,5,1
2558000,2558,1,NOC_NPS_VNOC_X3Y0,VNOC,credit,1,-1,1
2558000,2558,1,NOC_NPS_VNOC_X3Y0,VNOC,data_vc,1,5,1
2559000,2559,0,NOC_NPS_VNOC_X3Y1,VNOC,credit,0,-1,1
2559000,2559,0,NOC_NPS_VNOC_X3Y1,VNOC,data_vc,0,5,1
2559000,2559,1,NOC_NPS_VNOC_X3Y0,VNOC,credit,1,-1,1
2559000,2559,1,NOC_NPS_VNOC_X3Y0,VNOC,data_vc,1,5,1
2560000,2560,0,NOC_NPS_VNOC_X3Y1,VNOC,credit,0,-1,1
2560000,2560,0,NOC_NPS_VNOC_X3Y1,VNOC,data_vc,0,5,1
2560000,2560,1,NOC_NPS_VNOC_X3Y0,VNOC,credit,1,-1,1
2560000,2560,1,NOC_NPS_VNOC_X3Y0,VNOC,data_vc,1,5,1
2561000,2561,0,NOC_NPS_VNOC_X3Y1,VNOC,credit,0,-1,1
2561000,2561,0,NOC_NPS_VNOC_X3Y1,VNOC,data_vc,0,5,1
2561000,2561,1,NOC_NPS_VNOC_X3Y0,VNOC,credit,1,-1,1
2561000,2561,1,NOC_NPS_VNOC_X3Y0,VNOC,data_vc,1,5,1
2562000,2562,0,NOC_NPS_VNOC_X3Y1,VNOC,credit,0,-1,1
2562000,2562,0,NOC_NPS_VNOC_X3Y1,VNOC,data_vc,0,5,1
2562000,2562,1,NOC_NPS_VNOC_X3Y0,VNOC,credit,1,-1,1
2562000,2562,1,NOC_NPS_VNOC_X3Y0,VNOC,data_vc,1,5,1
2563000,2563,0,NOC_NPS_VNOC_X3Y1,VNOC,credit,0,-1,1
2563000,2563,0,NOC_NPS_VNOC_X3Y1,VNOC,data_vc,0,5,1
2563000,2563,1,NOC_NPS_VNOC_X3Y0,VNOC,credit,1,-1,1
2563000,2563,1,NOC_NPS_VNOC_X3Y0,VNOC,data_vc,1,5,1
2564000,2564,0,NOC_NPS_VNOC_X3Y1,VNOC,credit,0,-1,1
2564000,2564,0,NOC_NPS_VNOC_X3Y1,VNOC,data_vc,0,5,1
2564000,2564,1,NOC_NPS_VNOC_X3Y0,VNOC,credit,1,-1,1
2564000,2564,1,NOC_NPS_VNOC_X3Y0,VNOC,data_vc,1,5,1
2565000,2565,0,NOC_NPS_VNOC_X3Y1,VNOC,credit,0,-1,1
2565000,2565,0,NOC_NPS_VNOC_X3Y1,VNOC,data_vc,0,5,1
2565000,2565,1,NOC_NPS_VNOC_X3Y0,VNOC,credit,1,-1,1
2565000,2565,1,NOC_NPS_VNOC_X3Y0,VNOC,data_vc,1,5,1
2566000,2566,0,NOC_NPS_VNOC_X3Y1,VNOC,credit,0,-1,1
2566000,2566,0,NOC_NPS_VNOC_X3Y1,VNOC,data_vc,0,5,1
2566000,2566,1,NOC_NPS_VNOC_X3Y0,VNOC,credit,1,-1,1
2566000,2566,1,NOC_NPS_VNOC_X3Y0,VNOC,data_vc,1,5,1
2567000,2567,0,NOC_NPS_VNOC_X3Y1,VNOC,credit,0,-1,1
2567000,2567,0,NOC_NPS_VNOC_X3Y1,VNOC,data_vc,0,5,1
2567000,2567,1,NOC_NPS_VNOC_X3Y0,VNOC,credit,1,-1,1
2567000,2567,1,NOC_NPS_VNOC_X3Y0,VNOC,data_vc,1,5,1
2568000,2568,0,NOC_NPS_VNOC_X3Y1,VNOC,credit,0,-1,1
2568000,2568,0,NOC_NPS_VNOC_X3Y1,VNOC,data_vc,0,5,1
2568000,2568,1,NOC_NPS_VNOC_X3Y0,VNOC,credit,1,-1,1
2568000,2568,1,NOC_NPS_VNOC_X3Y0,VNOC,data_vc,1,5,1
2569000,2569,0,NOC_NPS_VNOC_X3Y1,VNOC,credit,0,-1,1
2569000,2569,0,NOC_NPS_VNOC_X3Y1,VNOC,data_vc,0,5,1
2569000,2569,1,NOC_NPS_VNOC_X3Y0,VNOC,credit,1,-1,1
2569000,2569,1,NOC_NPS_VNOC_X3Y0,VNOC,data_vc,1,5,1
2570000,2570,0,NOC_NPS_VNOC_X3Y1,VNOC,credit,0,-1,1
2570000,2570,0,NOC_NPS_VNOC_X3Y1,VNOC,data_vc,0,5,1
2570000,2570,1,NOC_NPS_VNOC_X3Y0,VNOC,credit,1,-1,1
2570000,2570,1,NOC_NPS_VNOC_X3Y0,VNOC,data_vc,1,5,1
2571000,2571,0,NOC_NPS_VNOC_X3Y1,VNOC,credit,0,-1,1
2571000,2571,0,NOC_NPS_VNOC_X3Y1,VNOC,data_vc,0,5,1
2571000,2571,1,NOC_NPS_VNOC_X3Y0,VNOC,credit,1,-1,1
2571000,2571,1,NOC_NPS_VNOC_X3Y0,VNOC,data_vc,1,5,1
2572000,2572,0,NOC_NPS_VNOC_X3Y1,VNOC,credit,0,-1,1
2572000,2572,0,NOC_NPS_VNOC_X3Y1,VNOC,data_vc,0,5,1
2572000,2572,1,NOC_NPS_VNOC_X3Y0,VNOC,credit,1,-1,1
2572000,2572,1,NOC_NPS_VNOC_X3Y0,VNOC,data_vc,1,5,1
2573000,2573,0,NOC_NPS_VNOC_X3Y1,VNOC,credit,0,-1,1
2573000,2573,0,NOC_NPS_VNOC_X3Y1,VNOC,data_vc,0,5,1
2573000,2573,1,NOC_NPS_VNOC_X3Y0,VNOC,credit,1,-1,1
2573000,2573,1,NOC_NPS_VNOC_X3Y0,VNOC,data_vc,1,5,1
2574000,2574,0,NOC_NPS_VNOC_X3Y1,VNOC,credit,0,-1,1
2574000,2574,0,NOC_NPS_VNOC_X3Y1,VNOC,data_vc,0,5,1
2574000,2574,1,NOC_NPS_VNOC_X3Y0,VNOC,credit,1,-1,1
2574000,2574,1,NOC_NPS_VNOC_X3Y0,VNOC,data_vc,1,5,1
2575000,2575,0,NOC_NPS_VNOC_X3Y1,VNOC,credit,0,-1,1
2575000,2575,0,NOC_NPS_VNOC_X3Y1,VNOC,data_vc,0,5,1
2575000,2575,1,NOC_NPS_VNOC_X3Y0,VNOC,credit,1,-1,1
2575000,2575,1,NOC_NPS_VNOC_X3Y0,VNOC,data_vc,1,5,1
2576000,2576,0,NOC_NPS_VNOC_X3Y1,VNOC,credit,0,-1,1
2576000,2576,0,NOC_NPS_VNOC_X3Y1,VNOC,data_vc,0,5,1
2576000,2576,1,NOC_NPS_VNOC_X3Y0,VNOC,credit,1,-1,1
2576000,2576,1,NOC_NPS_VNOC_X3Y0,VNOC,data_vc,1,5,1
2577000,2577,0,NOC_NPS_VNOC_X3Y1,VNOC,credit,0,-1,1
2577000,2577,0,NOC_NPS_VNOC_X3Y1,VNOC,data_vc,0,5,1
2577000,2577,1,NOC_NPS_VNOC_X3Y0,VNOC,credit,1,-1,1
2577000,2577,1,NOC_NPS_VNOC_X3Y0,VNOC,data_vc,1,5,1
2578000,2578,0,NOC_NPS_VNOC_X3Y1,VNOC,credit,0,-1,1
2578000,2578,0,NOC_NPS_VNOC_X3Y1,VNOC,data_vc,0,5,1
2578000,2578,1,NOC_NPS_VNOC_X3Y0,VNOC,credit,1,-1,1
2578000,2578,1,NOC_NPS_VNOC_X3Y0,VNOC,data_vc,1,5,1
2579000,2579,0,NOC_NPS_VNOC_X3Y1,VNOC,credit,0,-1,1
2579000,2579,0,NOC_NPS_VNOC_X3Y1,VNOC,data_vc,0,5,1
2579000,2579,1,NOC_NPS_VNOC_X3Y0,VNOC,credit,1,-1,1
2579000,2579,1,NOC_NPS_VNOC_X3Y0,VNOC,data_vc,1,5,1
2580000,2580,0,NOC_NPS_VNOC_X3Y1,VNOC,credit,0,-1,1
2580000,2580,0,NOC_NPS_VNOC_X3Y1,VNOC,data_vc,0,5,1
2580000,2580,1,NOC_NPS_VNOC_X3Y0,VNOC,credit,1,-1,1
2580000,2580,1,NOC_NPS_VNOC_X3Y0,VNOC,data_vc,1,5,1
2581000,2581,0,NOC_NPS_VNOC_X3Y1,VNOC,credit,0,-1,1
2581000,2581,0,NOC_NPS_VNOC_X3Y1,VNOC,data_vc,0,5,1
2581000,2581,1,NOC_NPS_VNOC_X3Y0,VNOC,credit,1,-1,1
2581000,2581,1,NOC_NPS_VNOC_X3Y0,VNOC,data_vc,1,5,1
2582000,2582,0,NOC_NPS_VNOC_X3Y1,VNOC,credit,0,-1,1
2582000,2582,0,NOC_NPS_VNOC_X3Y1,VNOC,data_vc,0,5,1
2582000,2582,1,NOC_NPS_VNOC_X3Y0,VNOC,credit,1,-1,1
2582000,2582,1,NOC_NPS_VNOC_X3Y0,VNOC,data_vc,1,5,1
2583000,2583,0,NOC_NPS_VNOC_X3Y1,VNOC,credit,0,-1,1
2583000,2583,0,NOC_NPS_VNOC_X3Y1,VNOC,data_vc,0,5,1
2583000,2583,1,NOC_NPS_VNOC_X3Y0,VNOC,credit,1,-1,1
2583000,2583,1,NOC_NPS_VNOC_X3Y0,VNOC,data_vc,1,5,1
2584000,2584,0,NOC_NPS_VNOC_X3Y1,VNOC,credit,0,-1,1
2584000,2584,0,NOC_NPS_VNOC_X3Y1,VNOC,data_vc,0,5,1
2584000,2584,1,NOC_NPS_VNOC_X3Y0,VNOC,credit,1,-1,1
2584000,2584,1,NOC_NPS_VNOC_X3Y0,VNOC,data_vc,1,5,1
2585000,2585,0,NOC_NPS_VNOC_X3Y1,VNOC,credit,0,-1,1
2585000,2585,0,NOC_NPS_VNOC_X3Y1,VNOC,data_vc,0,5,1
2585000,2585,1,NOC_NPS_VNOC_X3Y0,VNOC,credit,1,-1,1
2585000,2585,1,NOC_NPS_VNOC_X3Y0,VNOC,data_vc,1,5,1
2586000,2586,0,NOC_NPS_VNOC_X3Y1,VNOC,credit,0,-1,1
2586000,2586,0,NOC_NPS_VNOC_X3Y1,VNOC,data_vc,0,5,1
2586000,2586,1,NOC_NPS_VNOC_X3Y0,VNOC,credit,1,-1,1
2586000,2586,1,NOC_NPS_VNOC_X3Y0,VNOC,data_vc,1,5,1
2587000,2587,0,NOC_NPS_VNOC_X3Y1,VNOC,credit,0,-1,1
2587000,2587,0,NOC_NPS_VNOC_X3Y1,VNOC,data_vc,0,5,1
2587000,2587,1,NOC_NPS_VNOC_X3Y0,VNOC,credit,1,-1,1
2587000,2587,1,NOC_NPS_VNOC_X3Y0,VNOC,data_vc,1,5,1
2588000,2588,0,NOC_NPS_VNOC_X3Y1,VNOC,credit,0,-1,1
2588000,2588,0,NOC_NPS_VNOC_X3Y1,VNOC,data_vc,0,5,1
2588000,2588,1,NOC_NPS_VNOC_X3Y0,VNOC,credit,1,-1,1
2588000,2588,1,NOC_NPS_VNOC_X3Y0,VNOC,data_vc,1,5,1
2589000,2589,0,NOC_NPS_VNOC_X3Y1,VNOC,credit,0,-1,1
2589000,2589,0,NOC_NPS_VNOC_X3Y1,VNOC,data_vc,0,5,1
2589000,2589,1,NOC_NPS_VNOC_X3Y0,VNOC,credit,1,-1,1
2589000,2589,1,NOC_NPS_VNOC_X3Y0,VNOC,data_vc,1,5,1
2590000,2590,0,NOC_NPS_VNOC_X3Y1,VNOC,credit,0,-1,1
2590000,2590,0,NOC_NPS_VNOC_X3Y1,VNOC,data_vc,0,5,1
2590000,2590,1,NOC_NPS_VNOC_X3Y0,VNOC,credit,1,-1,1
2590000,2590,1,NOC_NPS_VNOC_X3Y0,VNOC,data_vc,1,5,1
2591000,2591,0,NOC_NPS_VNOC_X3Y1,VNOC,credit,0,-1,1
2591000,2591,0,NOC_NPS_VNOC_X3Y1,VNOC,data_vc,0,5,1
2591000,2591,1,NOC_NPS_VNOC_X3Y0,VNOC,credit,1,-1,1
2591000,2591,1,NOC_NPS_VNOC_X3Y0,VNOC,data_vc,1,5,1
2592000,2592,0,NOC_NPS_VNOC_X3Y1,VNOC,credit,0,-1,1
2592000,2592,0,NOC_NPS_VNOC_X3Y1,VNOC,data_vc,0,5,1
2592000,2592,1,NOC_NPS_VNOC_X3Y0,VNOC,credit,1,-1,1
2592000,2592,1,NOC_NPS_VNOC_X3Y0,VNOC,data_vc,1,5,1
2593000,2593,0,NOC_NPS_VNOC_X3Y1,VNOC,credit,0,-1,1
2593000,2593,0,NOC_NPS_VNOC_X3Y1,VNOC,data_vc,0,5,1
2593000,2593,1,NOC_NPS_VNOC_X3Y0,VNOC,credit,1,-1,1
2593000,2593,1,NOC_NPS_VNOC_X3Y0,VNOC,data_vc,1,5,1
2594000,2594,0,NOC_NPS_VNOC_X3Y1,VNOC,credit,0,-1,1
2594000,2594,0,NOC_NPS_VNOC_X3Y1,VNOC,data_vc,0,5,1
2594000,2594,1,NOC_NPS_VNOC_X3Y0,VNOC,credit,1,-1,1
2594000,2594,1,NOC_NPS_VNOC_X3Y0,VNOC,data_vc,1,5,1
2595000,2595,0,NOC_NPS_VNOC_X3Y1,VNOC,credit,0,-1,1
2595000,2595,0,NOC_NPS_VNOC_X3Y1,VNOC,data_vc,0,5,1
2595000,2595,1,NOC_NPS_VNOC_X3Y0,VNOC,credit,1,-1,1
2595000,2595,1,NOC_NPS_VNOC_X3Y0,VNOC,data_vc,1,5,1
2596000,2596,0,NOC_NPS_VNOC_X3Y1,VNOC,credit,0,-1,1
2596000,2596,0,NOC_NPS_VNOC_X3Y1,VNOC,data_vc,0,5,1
2596000,2596,1,NOC_NPS_VNOC_X3Y0,VNOC,credit,1,-1,1
2596000,2596,1,NOC_NPS_VNOC_X3Y0,VNOC,data_vc,1,5,1
2597000,2597,0,NOC_NPS_VNOC_X3Y1,VNOC,credit,0,-1,1
2597000,2597,0,NOC_NPS_VNOC_X3Y1,VNOC,data_vc,0,5,1
2597000,2597,1,NOC_NPS_VNOC_X3Y0,VNOC,credit,1,-1,1
2597000,2597,1,NOC_NPS_VNOC_X3Y0,VNOC,data_vc,1,5,1
2598000,2598,0,NOC_NPS_VNOC_X3Y1,VNOC,credit,0,-1,1
2598000,2598,0,NOC_NPS_VNOC_X3Y1,VNOC,data_vc,0,5,1
2598000,2598,1,NOC_NPS_VNOC_X3Y0,VNOC,credit,1,-1,1
2598000,2598,1,NOC_NPS_VNOC_X3Y0,VNOC,data_vc,1,5,1
2599000,2599,0,NOC_NPS_VNOC_X3Y1,VNOC,credit,0,-1,1
2599000,2599,0,NOC_NPS_VNOC_X3Y1,VNOC,data_vc,0,5,1
2599000,2599,1,NOC_NPS_VNOC_X3Y0,VNOC,credit,1,-1,1
2599000,2599,1,NOC_NPS_VNOC_X3Y0,VNOC,data_vc,1,5,1
2600000,2600,0,NOC_NPS_VNOC_X3Y1,VNOC,credit,0,-1,1
2600000,2600,0,NOC_NPS_VNOC_X3Y1,VNOC,data_vc,0,5,1
2600000,2600,1,NOC_NPS_VNOC_X3Y0,VNOC,credit,1,-1,1
2600000,2600,1,NOC_NPS_VNOC_X3Y0,VNOC,data_vc,1,5,1
2601000,2601,0,NOC_NPS_VNOC_X3Y1,VNOC,credit,0,-1,1
2601000,2601,0,NOC_NPS_VNOC_X3Y1,VNOC,data_vc,0,5,1
2601000,2601,1,NOC_NPS_VNOC_X3Y0,VNOC,credit,1,-1,1
2601000,2601,1,NOC_NPS_VNOC_X3Y0,VNOC,data_vc,1,5,1
2602000,2602,0,NOC_NPS_VNOC_X3Y1,VNOC,credit,0,-1,1
2602000,2602,0,NOC_NPS_VNOC_X3Y1,VNOC,data_vc,0,5,1
2602000,2602,1,NOC_NPS_VNOC_X3Y0,VNOC,credit,1,-1,1
2602000,2602,1,NOC_NPS_VNOC_X3Y0,VNOC,data_vc,1,5,1
2603000,2603,0,NOC_NPS_VNOC_X3Y1,VNOC,credit,0,-1,1
2603000,2603,0,NOC_NPS_VNOC_X3Y1,VNOC,data_vc,0,5,1
2603000,2603,1,NOC_NPS_VNOC_X3Y0,VNOC,credit,1,-1,1
2603000,2603,1,NOC_NPS_VNOC_X3Y0,VNOC,data_vc,1,5,1
2604000,2604,0,NOC_NPS_VNOC_X3Y1,VNOC,credit,0,-1,1
2604000,2604,0,NOC_NPS_VNOC_X3Y1,VNOC,data_vc,0,5,1
2604000,2604,1,NOC_NPS_VNOC_X3Y0,VNOC,credit,1,-1,1
2604000,2604,1,NOC_NPS_VNOC_X3Y0,VNOC,data_vc,1,5,1
2605000,2605,0,NOC_NPS_VNOC_X3Y1,VNOC,credit,0,-1,1
2605000,2605,0,NOC_NPS_VNOC_X3Y1,VNOC,data_vc,0,5,1
2605000,2605,1,NOC_NPS_VNOC_X3Y0,VNOC,credit,1,-1,1
2605000,2605,1,NOC_NPS_VNOC_X3Y0,VNOC,data_vc,1,5,1
2606000,2606,0,NOC_NPS_VNOC_X3Y1,VNOC,credit,0,-1,1
2606000,2606,0,NOC_NPS_VNOC_X3Y1,VNOC,data_vc,0,5,1
2606000,2606,1,NOC_NPS_VNOC_X3Y0,VNOC,credit,1,-1,1
2606000,2606,1,NOC_NPS_VNOC_X3Y0,VNOC,data_vc,1,5,1
2607000,2607,0,NOC_NPS_VNOC_X3Y1,VNOC,credit,0,-1,1
2607000,2607,0,NOC_NPS_VNOC_X3Y1,VNOC,data_vc,0,5,1
2607000,2607,1,NOC_NPS_VNOC_X3Y0,VNOC,credit,1,-1,1
2607000,2607,1,NOC_NPS_VNOC_X3Y0,VNOC,data_vc,1,5,1
2608000,2608,0,NOC_NPS_VNOC_X3Y1,VNOC,credit,0,-1,1
2608000,2608,0,NOC_NPS_VNOC_X3Y1,VNOC,data_vc,0,5,1
2608000,2608,1,NOC_NPS_VNOC_X3Y0,VNOC,credit,1,-1,1
2608000,2608,1,NOC_NPS_VNOC_X3Y0,VNOC,data_vc,1,5,1
2609000,2609,0,NOC_NPS_VNOC_X3Y1,VNOC,credit,0,-1,1
2609000,2609,0,NOC_NPS_VNOC_X3Y1,VNOC,data_vc,0,5,1
2609000,2609,1,NOC_NPS_VNOC_X3Y0,VNOC,credit,1,-1,1
2609000,2609,1,NOC_NPS_VNOC_X3Y0,VNOC,data_vc,1,5,1
2610000,2610,0,NOC_NPS_VNOC_X3Y1,VNOC,credit,0,-1,1
2610000,2610,0,NOC_NPS_VNOC_X3Y1,VNOC,data_vc,0,5,1
2610000,2610,1,NOC_NPS_VNOC_X3Y0,VNOC,credit,1,-1,1
2610000,2610,1,NOC_NPS_VNOC_X3Y0,VNOC,data_vc,1,5,1
2611000,2611,0,NOC_NPS_VNOC_X3Y1,VNOC,credit,0,-1,1
2611000,2611,0,NOC_NPS_VNOC_X3Y1,VNOC,data_vc,0,5,1
2611000,2611,1,NOC_NPS_VNOC_X3Y0,VNOC,credit,1,-1,1
2611000,2611,1,NOC_NPS_VNOC_X3Y0,VNOC,data_vc,1,5,1
2612000,2612,0,NOC_NPS_VNOC_X3Y1,VNOC,credit,0,-1,1
2612000,2612,0,NOC_NPS_VNOC_X3Y1,VNOC,data_vc,0,5,1
2612000,2612,1,NOC_NPS_VNOC_X3Y0,VNOC,credit,1,-1,1
2612000,2612,1,NOC_NPS_VNOC_X3Y0,VNOC,data_vc,1,5,1
2613000,2613,0,NOC_NPS_VNOC_X3Y1,VNOC,credit,0,-1,1
2613000,2613,0,NOC_NPS_VNOC_X3Y1,VNOC,data_vc,0,5,1
2613000,2613,1,NOC_NPS_VNOC_X3Y0,VNOC,credit,1,-1,1
2613000,2613,1,NOC_NPS_VNOC_X3Y0,VNOC,data_vc,1,5,1
2614000,2614,0,NOC_NPS_VNOC_X3Y1,VNOC,credit,0,-1,1
2614000,2614,0,NOC_NPS_VNOC_X3Y1,VNOC,data_vc,0,5,1
2614000,2614,1,NOC_NPS_VNOC_X3Y0,VNOC,credit,1,-1,1
2614000,2614,1,NOC_NPS_VNOC_X3Y0,VNOC,data_vc,1,5,1
2615000,2615,0,NOC_NPS_VNOC_X3Y1,VNOC,credit,0,-1,1
2615000,2615,0,NOC_NPS_VNOC_X3Y1,VNOC,data_vc,0,5,1
2615000,2615,1,NOC_NPS_VNOC_X3Y0,VNOC,credit,1,-1,1
2615000,2615,1,NOC_NPS_VNOC_X3Y0,VNOC,data_vc,1,5,1
2616000,2616,0,NOC_NPS_VNOC_X3Y1,VNOC,credit,0,-1,1
2616000,2616,0,NOC_NPS_VNOC_X3Y1,VNOC,data_vc,0,5,1
2616000,2616,1,NOC_NPS_VNOC_X3Y0,VNOC,credit,1,-1,1
2616000,2616,1,NOC_NPS_VNOC_X3Y0,VNOC,data_vc,1,5,1
2617000,2617,0,NOC_NPS_VNOC_X3Y1,VNOC,credit,0,-1,1
2617000,2617,0,NOC_NPS_VNOC_X3Y1,VNOC,data_vc,0,5,1
2617000,2617,1,NOC_NPS_VNOC_X3Y0,VNOC,credit,1,-1,1
2617000,2617,1,NOC_NPS_VNOC_X3Y0,VNOC,data_vc,1,5,1
2618000,2618,0,NOC_NPS_VNOC_X3Y1,VNOC,credit,0,-1,1
2618000,2618,0,NOC_NPS_VNOC_X3Y1,VNOC,data_vc,0,5,1
2618000,2618,1,NOC_NPS_VNOC_X3Y0,VNOC,credit,1,-1,1
2618000,2618,1,NOC_NPS_VNOC_X3Y0,VNOC,data_vc,1,5,1
2619000,2619,0,NOC_NPS_VNOC_X3Y1,VNOC,credit,0,-1,1
2619000,2619,0,NOC_NPS_VNOC_X3Y1,VNOC,data_vc,0,5,1
2619000,2619,1,NOC_NPS_VNOC_X3Y0,VNOC,credit,1,-1,1
2619000,2619,1,NOC_NPS_VNOC_X3Y0,VNOC,data_vc,1,5,1
2620000,2620,0,NOC_NPS_VNOC_X3Y1,VNOC,credit,0,-1,1
2620000,2620,0,NOC_NPS_VNOC_X3Y1,VNOC,data_vc,0,5,1
2620000,2620,1,NOC_NPS_VNOC_X3Y0,VNOC,credit,1,-1,1
2620000,2620,1,NOC_NPS_VNOC_X3Y0,VNOC,data_vc,1,5,1
2621000,2621,0,NOC_NPS_VNOC_X3Y1,VNOC,credit,0,-1,1
2621000,2621,0,NOC_NPS_VNOC_X3Y1,VNOC,data_vc,0,5,1
2621000,2621,1,NOC_NPS_VNOC_X3Y0,VNOC,credit,1,-1,1
2621000,2621,1,NOC_NPS_VNOC_X3Y0,VNOC,data_vc,1,5,1
2622000,2622,0,NOC_NPS_VNOC_X3Y1,VNOC,credit,0,-1,1
2622000,2622,0,NOC_NPS_VNOC_X3Y1,VNOC,data_vc,0,5,1
2622000,2622,1,NOC_NPS_VNOC_X3Y0,VNOC,credit,1,-1,1
2622000,2622,1,NOC_NPS_VNOC_X3Y0,VNOC,data_vc,1,5,1
2623000,2623,0,NOC_NPS_VNOC_X3Y1,VNOC,credit,0,-1,1
2623000,2623,0,NOC_NPS_VNOC_X3Y1,VNOC,data_vc,0,5,1
2623000,2623,1,NOC_NPS_VNOC_X3Y0,VNOC,credit,1,-1,1
2623000,2623,1,NOC_NPS_VNOC_X3Y0,VNOC,data_vc,1,5,1
2624000,2624,0,NOC_NPS_VNOC_X3Y1,VNOC,credit,0,-1,1
2624000,2624,0,NOC_NPS_VNOC_X3Y1,VNOC,data_vc,0,5,1
2624000,2624,1,NOC_NPS_VNOC_X3Y0,VNOC,credit,1,-1,1
2624000,2624,1,NOC_NPS_VNOC_X3Y0,VNOC,data_vc,1,5,1
2625000,2625,0,NOC_NPS_VNOC_X3Y1,VNOC,credit,0,-1,1
2625000,2625,0,NOC_NPS_VNOC_X3Y1,VNOC,data_vc,0,5,1
2625000,2625,1,NOC_NPS_VNOC_X3Y0,VNOC,credit,1,-1,1
2625000,2625,1,NOC_NPS_VNOC_X3Y0,VNOC,data_vc,1,5,1
2626000,2626,0,NOC_NPS_VNOC_X3Y1,VNOC,credit,0,-1,1
2626000,2626,0,NOC_NPS_VNOC_X3Y1,VNOC,data_vc,0,5,1
2626000,2626,1,NOC_NPS_VNOC_X3Y0,VNOC,credit,1,-1,1
2626000,2626,1,NOC_NPS_VNOC_X3Y0,VNOC,data_vc,1,5,1
2627000,2627,0,NOC_NPS_VNOC_X3Y1,VNOC,credit,0,-1,1
2627000,2627,0,NOC_NPS_VNOC_X3Y1,VNOC,data_vc,0,5,1
2627000,2627,1,NOC_NPS_VNOC_X3Y0,VNOC,credit,1,-1,1
2627000,2627,1,NOC_NPS_VNOC_X3Y0,VNOC,data_vc,1,5,1
2628000,2628,0,NOC_NPS_VNOC_X3Y1,VNOC,credit,0,-1,1
2628000,2628,0,NOC_NPS_VNOC_X3Y1,VNOC,data_vc,0,5,1
2628000,2628,1,NOC_NPS_VNOC_X3Y0,VNOC,credit,1,-1,1
2628000,2628,1,NOC_NPS_VNOC_X3Y0,VNOC,data_vc,1,5,1
2629000,2629,0,NOC_NPS_VNOC_X3Y1,VNOC,credit,0,-1,1
2629000,2629,0,NOC_NPS_VNOC_X3Y1,VNOC,data_vc,0,5,1
2629000,2629,1,NOC_NPS_VNOC_X3Y0,VNOC,credit,1,-1,1
2629000,2629,1,NOC_NPS_VNOC_X3Y0,VNOC,data_vc,1,5,1
2630000,2630,0,NOC_NPS_VNOC_X3Y1,VNOC,credit,0,-1,1
2630000,2630,0,NOC_NPS_VNOC_X3Y1,VNOC,data_vc,0,5,1
2630000,2630,1,NOC_NPS_VNOC_X3Y0,VNOC,credit,1,-1,1
2630000,2630,1,NOC_NPS_VNOC_X3Y0,VNOC,data_vc,1,5,1
2631000,2631,0,NOC_NPS_VNOC_X3Y1,VNOC,credit,0,-1,1
2631000,2631,0,NOC_NPS_VNOC_X3Y1,VNOC,data_vc,0,5,1
2631000,2631,1,NOC_NPS_VNOC_X3Y0,VNOC,credit,1,-1,1
2631000,2631,1,NOC_NPS_VNOC_X3Y0,VNOC,data_vc,1,5,1
2632000,2632,0,NOC_NPS_VNOC_X3Y1,VNOC,credit,0,-1,1
2632000,2632,0,NOC_NPS_VNOC_X3Y1,VNOC,data_vc,0,5,1
2632000,2632,1,NOC_NPS_VNOC_X3Y0,VNOC,credit,1,-1,1
2632000,2632,1,NOC_NPS_VNOC_X3Y0,VNOC,data_vc,1,5,1
2633000,2633,0,NOC_NPS_VNOC_X3Y1,VNOC,credit,0,-1,1
2633000,2633,0,NOC_NPS_VNOC_X3Y1,VNOC,data_vc,0,5,1
2633000,2633,1,NOC_NPS_VNOC_X3Y0,VNOC,credit,1,-1,1
2633000,2633,1,NOC_NPS_VNOC_X3Y0,VNOC,data_vc,1,5,1
2634000,2634,0,NOC_NPS_VNOC_X3Y1,VNOC,credit,0,-1,1
2634000,2634,0,NOC_NPS_VNOC_X3Y1,VNOC,data_vc,0,5,1
2634000,2634,1,NOC_NPS_VNOC_X3Y0,VNOC,credit,1,-1,1
2634000,2634,1,NOC_NPS_VNOC_X3Y0,VNOC,data_vc,1,5,1
2635000,2635,0,NOC_NPS_VNOC_X3Y1,VNOC,credit,0,-1,1
2635000,2635,0,NOC_NPS_VNOC_X3Y1,VNOC,data_vc,0,5,1
2635000,2635,1,NOC_NPS_VNOC_X3Y0,VNOC,credit,1,-1,1
2635000,2635,1,NOC_NPS_VNOC_X3Y0,VNOC,data_vc,1,5,1
2636000,2636,0,NOC_NPS_VNOC_X3Y1,VNOC,credit,0,-1,1
2636000,2636,0,NOC_NPS_VNOC_X3Y1,VNOC,data_vc,0,5,1
2636000,2636,1,NOC_NPS_VNOC_X3Y0,VNOC,credit,1,-1,1
2636000,2636,1,NOC_NPS_VNOC_X3Y0,VNOC,data_vc,1,5,1
2637000,2637,0,NOC_NPS_VNOC_X3Y1,VNOC,credit,0,-1,1
2637000,2637,0,NOC_NPS_VNOC_X3Y1,VNOC,data_vc,0,5,1
2637000,2637,1,NOC_NPS_VNOC_X3Y0,VNOC,credit,1,-1,1
2637000,2637,1,NOC_NPS_VNOC_X3Y0,VNOC,data_vc,1,5,1
2638000,2638,0,NOC_NPS_VNOC_X3Y1,VNOC,credit,0,-1,1
2638000,2638,0,NOC_NPS_VNOC_X3Y1,VNOC,data_vc,0,5,1
2638000,2638,1,NOC_NPS_VNOC_X3Y0,VNOC,credit,1,-1,1
2638000,2638,1,NOC_NPS_VNOC_X3Y0,VNOC,data_vc,1,5,1
2639000,2639,0,NOC_NPS_VNOC_X3Y1,VNOC,credit,0,-1,1
2639000,2639,0,NOC_NPS_VNOC_X3Y1,VNOC,data_vc,0,5,1
2639000,2639,1,NOC_NPS_VNOC_X3Y0,VNOC,credit,1,-1,1
2639000,2639,1,NOC_NPS_VNOC_X3Y0,VNOC,data_vc,1,5,1
2640000,2640,0,NOC_NPS_VNOC_X3Y1,VNOC,credit,0,-1,1
2640000,2640,0,NOC_NPS_VNOC_X3Y1,VNOC,data_vc,0,5,1
2640000,2640,1,NOC_NPS_VNOC_X3Y0,VNOC,credit,1,-1,1
2640000,2640,1,NOC_NPS_VNOC_X3Y0,VNOC,data_vc,1,5,1
2641000,2641,0,NOC_NPS_VNOC_X3Y1,VNOC,credit,0,-1,1
2641000,2641,0,NOC_NPS_VNOC_X3Y1,VNOC,data_vc,0,5,1
2641000,2641,1,NOC_NPS_VNOC_X3Y0,VNOC,credit,1,-1,1
2641000,2641,1,NOC_NPS_VNOC_X3Y0,VNOC,data_vc,1,5,1
2642000,2642,0,NOC_NPS_VNOC_X3Y1,VNOC,credit,0,-1,1
2642000,2642,0,NOC_NPS_VNOC_X3Y1,VNOC,data_vc,0,5,1
2642000,2642,1,NOC_NPS_VNOC_X3Y0,VNOC,credit,1,-1,1
2642000,2642,1,NOC_NPS_VNOC_X3Y0,VNOC,data_vc,1,5,1
2643000,2643,0,NOC_NPS_VNOC_X3Y1,VNOC,credit,0,-1,1
2643000,2643,0,NOC_NPS_VNOC_X3Y1,VNOC,data_vc,0,5,1
2643000,2643,1,NOC_NPS_VNOC_X3Y0,VNOC,credit,1,-1,1
2643000,2643,1,NOC_NPS_VNOC_X3Y0,VNOC,data_vc,1,5,1
2644000,2644,0,NOC_NPS_VNOC_X3Y1,VNOC,credit,0,-1,1
2644000,2644,0,NOC_NPS_VNOC_X3Y1,VNOC,data_vc,0,5,1
2644000,2644,1,NOC_NPS_VNOC_X3Y0,VNOC,credit,1,-1,1
2644000,2644,1,NOC_NPS_VNOC_X3Y0,VNOC,data_vc,1,5,1
2645000,2645,0,NOC_NPS_VNOC_X3Y1,VNOC,credit,0,-1,1
2645000,2645,0,NOC_NPS_VNOC_X3Y1,VNOC,data_vc,0,5,1
2645000,2645,1,NOC_NPS_VNOC_X3Y0,VNOC,credit,1,-1,1
2645000,2645,1,NOC_NPS_VNOC_X3Y0,VNOC,data_vc,1,5,1
2646000,2646,0,NOC_NPS_VNOC_X3Y1,VNOC,credit,0,-1,1
2646000,2646,0,NOC_NPS_VNOC_X3Y1,VNOC,data_vc,0,5,1
2646000,2646,1,NOC_NPS_VNOC_X3Y0,VNOC,credit,1,-1,1
2646000,2646,1,NOC_NPS_VNOC_X3Y0,VNOC,data_vc,1,5,1
2647000,2647,0,NOC_NPS_VNOC_X3Y1,VNOC,credit,0,-1,1
2647000,2647,0,NOC_NPS_VNOC_X3Y1,VNOC,data_vc,0,5,1
2647000,2647,1,NOC_NPS_VNOC_X3Y0,VNOC,credit,1,-1,1
2647000,2647,1,NOC_NPS_VNOC_X3Y0,VNOC,data_vc,1,5,1
2648000,2648,0,NOC_NPS_VNOC_X3Y1,VNOC,credit,0,-1,1
2648000,2648,0,NOC_NPS_VNOC_X3Y1,VNOC,data_vc,0,5,1
2648000,2648,1,NOC_NPS_VNOC_X3Y0,VNOC,credit,1,-1,1
2648000,2648,1,NOC_NPS_VNOC_X3Y0,VNOC,data_vc,1,5,1
2649000,2649,0,NOC_NPS_VNOC_X3Y1,VNOC,credit,0,-1,1
2649000,2649,0,NOC_NPS_VNOC_X3Y1,VNOC,data_vc,0,5,1
2649000,2649,1,NOC_NPS_VNOC_X3Y0,VNOC,credit,1,-1,1
2649000,2649,1,NOC_NPS_VNOC_X3Y0,VNOC,data_vc,1,5,1
2650000,2650,0,NOC_NPS_VNOC_X3Y1,VNOC,credit,0,-1,1
2650000,2650,0,NOC_NPS_VNOC_X3Y1,VNOC,data_vc,0,5,1
2650000,2650,1,NOC_NPS_VNOC_X3Y0,VNOC,credit,1,-1,1
2650000,2650,1,NOC_NPS_VNOC_X3Y0,VNOC,data_vc,1,5,1
2651000,2651,0,NOC_NPS_VNOC_X3Y1,VNOC,credit,0,-1,1
2651000,2651,0,NOC_NPS_VNOC_X3Y1,VNOC,data_vc,0,5,1
2651000,2651,1,NOC_NPS_VNOC_X3Y0,VNOC,credit,1,-1,1
2651000,2651,1,NOC_NPS_VNOC_X3Y0,VNOC,data_vc,1,5,1
2652000,2652,0,NOC_NPS_VNOC_X3Y1,VNOC,credit,0,-1,1
2652000,2652,0,NOC_NPS_VNOC_X3Y1,VNOC,data_vc,0,5,1
2652000,2652,1,NOC_NPS_VNOC_X3Y0,VNOC,credit,1,-1,1
2652000,2652,1,NOC_NPS_VNOC_X3Y0,VNOC,data_vc,1,5,1
2653000,2653,0,NOC_NPS_VNOC_X3Y1,VNOC,credit,0,-1,1
2653000,2653,0,NOC_NPS_VNOC_X3Y1,VNOC,data_vc,0,5,1
2653000,2653,1,NOC_NPS_VNOC_X3Y0,VNOC,credit,1,-1,1
2653000,2653,1,NOC_NPS_VNOC_X3Y0,VNOC,data_vc,1,5,1
2654000,2654,0,NOC_NPS_VNOC_X3Y1,VNOC,credit,0,-1,1
2654000,2654,0,NOC_NPS_VNOC_X3Y1,VNOC,data_vc,0,5,1
2654000,2654,1,NOC_NPS_VNOC_X3Y0,VNOC,credit,1,-1,1
2654000,2654,1,NOC_NPS_VNOC_X3Y0,VNOC,data_vc,1,5,1
2655000,2655,0,NOC_NPS_VNOC_X3Y1,VNOC,credit,0,-1,1
2655000,2655,0,NOC_NPS_VNOC_X3Y1,VNOC,data_vc,0,5,1
2655000,2655,1,NOC_NPS_VNOC_X3Y0,VNOC,credit,1,-1,1
2655000,2655,1,NOC_NPS_VNOC_X3Y0,VNOC,data_vc,1,5,1
2656000,2656,0,NOC_NPS_VNOC_X3Y1,VNOC,credit,0,-1,1
2656000,2656,0,NOC_NPS_VNOC_X3Y1,VNOC,data_vc,0,5,1
2656000,2656,1,NOC_NPS_VNOC_X3Y0,VNOC,credit,1,-1,1
2656000,2656,1,NOC_NPS_VNOC_X3Y0,VNOC,data_vc,1,5,1
2657000,2657,0,NOC_NPS_VNOC_X3Y1,VNOC,credit,0,-1,1
2657000,2657,0,NOC_NPS_VNOC_X3Y1,VNOC,data_vc,0,5,1
2657000,2657,1,NOC_NPS_VNOC_X3Y0,VNOC,credit,1,-1,1
2657000,2657,1,NOC_NPS_VNOC_X3Y0,VNOC,data_vc,1,5,1
2658000,2658,0,NOC_NPS_VNOC_X3Y1,VNOC,credit,0,-1,1
2658000,2658,0,NOC_NPS_VNOC_X3Y1,VNOC,data_vc,0,5,1
2658000,2658,1,NOC_NPS_VNOC_X3Y0,VNOC,credit,1,-1,1
2658000,2658,1,NOC_NPS_VNOC_X3Y0,VNOC,data_vc,1,5,1
2659000,2659,0,NOC_NPS_VNOC_X3Y1,VNOC,credit,0,-1,1
2659000,2659,0,NOC_NPS_VNOC_X3Y1,VNOC,data_vc,0,5,1
2659000,2659,1,NOC_NPS_VNOC_X3Y0,VNOC,credit,1,-1,1
2659000,2659,1,NOC_NPS_VNOC_X3Y0,VNOC,data_vc,1,5,1
2660000,2660,0,NOC_NPS_VNOC_X3Y1,VNOC,credit,0,-1,1
2660000,2660,0,NOC_NPS_VNOC_X3Y1,VNOC,data_vc,0,5,1
2660000,2660,1,NOC_NPS_VNOC_X3Y0,VNOC,credit,1,-1,1
2660000,2660,1,NOC_NPS_VNOC_X3Y0,VNOC,data_vc,1,5,1
2661000,2661,0,NOC_NPS_VNOC_X3Y1,VNOC,credit,0,-1,1
2661000,2661,0,NOC_NPS_VNOC_X3Y1,VNOC,data_vc,0,5,1
2661000,2661,1,NOC_NPS_VNOC_X3Y0,VNOC,credit,1,-1,1
2661000,2661,1,NOC_NPS_VNOC_X3Y0,VNOC,data_vc,1,5,1
2662000,2662,0,NOC_NPS_VNOC_X3Y1,VNOC,credit,0,-1,1
2662000,2662,0,NOC_NPS_VNOC_X3Y1,VNOC,data_vc,0,5,1
2662000,2662,1,NOC_NPS_VNOC_X3Y0,VNOC,credit,1,-1,1
2662000,2662,1,NOC_NPS_VNOC_X3Y0,VNOC,data_vc,1,5,1
2663000,2663,0,NOC_NPS_VNOC_X3Y1,VNOC,credit,0,-1,1
2663000,2663,0,NOC_NPS_VNOC_X3Y1,VNOC,data_vc,0,5,1
2663000,2663,1,NOC_NPS_VNOC_X3Y0,VNOC,credit,1,-1,1
2663000,2663,1,NOC_NPS_VNOC_X3Y0,VNOC,data_vc,1,5,1
2664000,2664,0,NOC_NPS_VNOC_X3Y1,VNOC,credit,0,-1,1
2664000,2664,0,NOC_NPS_VNOC_X3Y1,VNOC,data_vc,0,5,1
2664000,2664,1,NOC_NPS_VNOC_X3Y0,VNOC,credit,1,-1,1
2664000,2664,1,NOC_NPS_VNOC_X3Y0,VNOC,data_vc,1,5,1
2665000,2665,0,NOC_NPS_VNOC_X3Y1,VNOC,credit,0,-1,1
2665000,2665,0,NOC_NPS_VNOC_X3Y1,VNOC,data_vc,0,5,1
2665000,2665,1,NOC_NPS_VNOC_X3Y0,VNOC,credit,1,-1,1
2665000,2665,1,NOC_NPS_VNOC_X3Y0,VNOC,data_vc,1,5,1
2666000,2666,0,NOC_NPS_VNOC_X3Y1,VNOC,credit,0,-1,1
2666000,2666,0,NOC_NPS_VNOC_X3Y1,VNOC,data_vc,0,5,1
2666000,2666,1,NOC_NPS_VNOC_X3Y0,VNOC,credit,1,-1,1
2666000,2666,1,NOC_NPS_VNOC_X3Y0,VNOC,data_vc,1,5,1
2667000,2667,0,NOC_NPS_VNOC_X3Y1,VNOC,credit,0,-1,1
2667000,2667,0,NOC_NPS_VNOC_X3Y1,VNOC,data_vc,0,5,1
2667000,2667,1,NOC_NPS_VNOC_X3Y0,VNOC,credit,1,-1,1
2667000,2667,1,NOC_NPS_VNOC_X3Y0,VNOC,data_vc,1,5,1
2668000,2668,0,NOC_NPS_VNOC_X3Y1,VNOC,credit,0,-1,1
2668000,2668,0,NOC_NPS_VNOC_X3Y1,VNOC,data_vc,0,5,1
2668000,2668,1,NOC_NPS_VNOC_X3Y0,VNOC,credit,1,-1,1
2668000,2668,1,NOC_NPS_VNOC_X3Y0,VNOC,data_vc,1,5,1
2669000,2669,0,NOC_NPS_VNOC_X3Y1,VNOC,credit,0,-1,1
2669000,2669,0,NOC_NPS_VNOC_X3Y1,VNOC,data_vc,0,5,1
2669000,2669,1,NOC_NPS_VNOC_X3Y0,VNOC,credit,1,-1,1
2669000,2669,1,NOC_NPS_VNOC_X3Y0,VNOC,data_vc,1,5,1
2670000,2670,0,NOC_NPS_VNOC_X3Y1,VNOC,credit,0,-1,1
2670000,2670,0,NOC_NPS_VNOC_X3Y1,VNOC,data_vc,0,5,1
2670000,2670,1,NOC_NPS_VNOC_X3Y0,VNOC,credit,1,-1,1
2670000,2670,1,NOC_NPS_VNOC_X3Y0,VNOC,data_vc,1,5,1
2671000,2671,0,NOC_NPS_VNOC_X3Y1,VNOC,credit,0,-1,1
2671000,2671,0,NOC_NPS_VNOC_X3Y1,VNOC,data_vc,0,5,1
2671000,2671,1,NOC_NPS_VNOC_X3Y0,VNOC,credit,1,-1,1
2671000,2671,1,NOC_NPS_VNOC_X3Y0,VNOC,data_vc,1,5,1
2672000,2672,0,NOC_NPS_VNOC_X3Y1,VNOC,credit,0,-1,1
2672000,2672,0,NOC_NPS_VNOC_X3Y1,VNOC,data_vc,0,5,1
2672000,2672,1,NOC_NPS_VNOC_X3Y0,VNOC,credit,1,-1,1
2672000,2672,1,NOC_NPS_VNOC_X3Y0,VNOC,data_vc,1,5,1
2673000,2673,0,NOC_NPS_VNOC_X3Y1,VNOC,credit,0,-1,1
2673000,2673,0,NOC_NPS_VNOC_X3Y1,VNOC,data_vc,0,5,1
2673000,2673,1,NOC_NPS_VNOC_X3Y0,VNOC,credit,1,-1,1
2673000,2673,1,NOC_NPS_VNOC_X3Y0,VNOC,data_vc,1,5,1
2674000,2674,0,NOC_NPS_VNOC_X3Y1,VNOC,credit,0,-1,1
2674000,2674,0,NOC_NPS_VNOC_X3Y1,VNOC,data_vc,0,5,1
2674000,2674,1,NOC_NPS_VNOC_X3Y0,VNOC,credit,1,-1,1
2674000,2674,1,NOC_NPS_VNOC_X3Y0,VNOC,data_vc,1,5,1
2675000,2675,0,NOC_NPS_VNOC_X3Y1,VNOC,credit,0,-1,1
2675000,2675,0,NOC_NPS_VNOC_X3Y1,VNOC,data_vc,0,5,1
2675000,2675,1,NOC_NPS_VNOC_X3Y0,VNOC,credit,1,-1,1
2675000,2675,1,NOC_NPS_VNOC_X3Y0,VNOC,data_vc,1,5,1
2676000,2676,0,NOC_NPS_VNOC_X3Y1,VNOC,credit,0,-1,1
2676000,2676,0,NOC_NPS_VNOC_X3Y1,VNOC,data_vc,0,5,1
2676000,2676,1,NOC_NPS_VNOC_X3Y0,VNOC,credit,1,-1,1
2676000,2676,1,NOC_NPS_VNOC_X3Y0,VNOC,data_vc,1,5,1
2677000,2677,0,NOC_NPS_VNOC_X3Y1,VNOC,credit,0,-1,1
2677000,2677,0,NOC_NPS_VNOC_X3Y1,VNOC,data_vc,0,5,1
2677000,2677,1,NOC_NPS_VNOC_X3Y0,VNOC,credit,1,-1,1
2677000,2677,1,NOC_NPS_VNOC_X3Y0,VNOC,data_vc,1,5,1
2678000,2678,0,NOC_NPS_VNOC_X3Y1,VNOC,credit,0,-1,1
2678000,2678,0,NOC_NPS_VNOC_X3Y1,VNOC,data_vc,0,5,1
2678000,2678,1,NOC_NPS_VNOC_X3Y0,VNOC,credit,1,-1,1
2678000,2678,1,NOC_NPS_VNOC_X3Y0,VNOC,data_vc,1,5,1
2679000,2679,0,NOC_NPS_VNOC_X3Y1,VNOC,credit,0,-1,1
2679000,2679,0,NOC_NPS_VNOC_X3Y1,VNOC,data_vc,0,5,1
2679000,2679,1,NOC_NPS_VNOC_X3Y0,VNOC,credit,1,-1,1
2679000,2679,1,NOC_NPS_VNOC_X3Y0,VNOC,data_vc,1,5,1
2680000,2680,0,NOC_NPS_VNOC_X3Y1,VNOC,credit,0,-1,1
2680000,2680,0,NOC_NPS_VNOC_X3Y1,VNOC,data_vc,0,5,1
2680000,2680,1,NOC_NPS_VNOC_X3Y0,VNOC,credit,1,-1,1
2680000,2680,1,NOC_NPS_VNOC_X3Y0,VNOC,data_vc,1,5,1
2681000,2681,0,NOC_NPS_VNOC_X3Y1,VNOC,credit,0,-1,1
2681000,2681,0,NOC_NPS_VNOC_X3Y1,VNOC,data_vc,0,5,1
2681000,2681,1,NOC_NPS_VNOC_X3Y0,VNOC,credit,1,-1,1
2681000,2681,1,NOC_NPS_VNOC_X3Y0,VNOC,data_vc,1,5,1
2682000,2682,0,NOC_NPS_VNOC_X3Y1,VNOC,credit,0,-1,1
2682000,2682,0,NOC_NPS_VNOC_X3Y1,VNOC,data_vc,0,5,1
2682000,2682,1,NOC_NPS_VNOC_X3Y0,VNOC,credit,1,-1,1
2682000,2682,1,NOC_NPS_VNOC_X3Y0,VNOC,data_vc,1,5,1
2683000,2683,0,NOC_NPS_VNOC_X3Y1,VNOC,credit,0,-1,1
2683000,2683,0,NOC_NPS_VNOC_X3Y1,VNOC,data_vc,0,5,1
2683000,2683,1,NOC_NPS_VNOC_X3Y0,VNOC,credit,1,-1,1
2683000,2683,1,NOC_NPS_VNOC_X3Y0,VNOC,data_vc,1,5,1
2684000,2684,0,NOC_NPS_VNOC_X3Y1,VNOC,credit,0,-1,1
2684000,2684,0,NOC_NPS_VNOC_X3Y1,VNOC,data_vc,0,5,1
2684000,2684,1,NOC_NPS_VNOC_X3Y0,VNOC,credit,1,-1,1
2684000,2684,1,NOC_NPS_VNOC_X3Y0,VNOC,data_vc,1,5,1
2685000,2685,0,NOC_NPS_VNOC_X3Y1,VNOC,data_vc,0,5,1
2685000,2685,1,NOC_NPS_VNOC_X3Y0,VNOC,credit,1,-1,1
2685000,2685,1,NOC_NPS_VNOC_X3Y0,VNOC,data_vc,1,5,1
2686000,2686,0,NOC_NPS_VNOC_X3Y1,VNOC,data_vc,0,5,1
2686000,2686,1,NOC_NPS_VNOC_X3Y0,VNOC,credit,1,-1,1
2686000,2686,1,NOC_NPS_VNOC_X3Y0,VNOC,data_vc,1,5,1
2687000,2687,0,NOC_NPS_VNOC_X3Y1,VNOC,credit,0,-1,1
2687000,2687,0,NOC_NPS_VNOC_X3Y1,VNOC,data_vc,0,5,1
2687000,2687,1,NOC_NPS_VNOC_X3Y0,VNOC,data_vc,1,5,1
2688000,2688,0,NOC_NPS_VNOC_X3Y1,VNOC,credit,0,-1,1
2688000,2688,0,NOC_NPS_VNOC_X3Y1,VNOC,data_vc,0,5,1
2688000,2688,1,NOC_NPS_VNOC_X3Y0,VNOC,data_vc,1,5,1
2689000,2689,0,NOC_NPS_VNOC_X3Y1,VNOC,credit,0,-1,1
2689000,2689,0,NOC_NPS_VNOC_X3Y1,VNOC,data_vc,0,5,1
2689000,2689,1,NOC_NPS_VNOC_X3Y0,VNOC,credit,1,-1,1
2689000,2689,1,NOC_NPS_VNOC_X3Y0,VNOC,data_vc,1,5,1
2690000,2690,0,NOC_NPS_VNOC_X3Y1,VNOC,credit,0,-1,1
2690000,2690,0,NOC_NPS_VNOC_X3Y1,VNOC,data_vc,0,5,1
2690000,2690,1,NOC_NPS_VNOC_X3Y0,VNOC,credit,1,-1,1
2690000,2690,1,NOC_NPS_VNOC_X3Y0,VNOC,data_vc,1,5,1
2691000,2691,0,NOC_NPS_VNOC_X3Y1,VNOC,credit,0,-1,1
2691000,2691,0,NOC_NPS_VNOC_X3Y1,VNOC,data_vc,0,5,1
2691000,2691,1,NOC_NPS_VNOC_X3Y0,VNOC,credit,1,-1,1
2691000,2691,1,NOC_NPS_VNOC_X3Y0,VNOC,data_vc,1,5,1
2692000,2692,0,NOC_NPS_VNOC_X3Y1,VNOC,credit,0,-1,1
2692000,2692,0,NOC_NPS_VNOC_X3Y1,VNOC,data_vc,0,5,1
2692000,2692,1,NOC_NPS_VNOC_X3Y0,VNOC,credit,1,-1,1
2692000,2692,1,NOC_NPS_VNOC_X3Y0,VNOC,data_vc,1,5,1
2693000,2693,0,NOC_NPS_VNOC_X3Y1,VNOC,credit,0,-1,1
2693000,2693,0,NOC_NPS_VNOC_X3Y1,VNOC,data_vc,0,5,1
2693000,2693,1,NOC_NPS_VNOC_X3Y0,VNOC,credit,1,-1,1
2693000,2693,1,NOC_NPS_VNOC_X3Y0,VNOC,data_vc,1,5,1
2694000,2694,0,NOC_NPS_VNOC_X3Y1,VNOC,credit,0,-1,1
2694000,2694,0,NOC_NPS_VNOC_X3Y1,VNOC,data_vc,0,5,1
2694000,2694,1,NOC_NPS_VNOC_X3Y0,VNOC,credit,1,-1,1
2694000,2694,1,NOC_NPS_VNOC_X3Y0,VNOC,data_vc,1,5,1
2695000,2695,0,NOC_NPS_VNOC_X3Y1,VNOC,credit,0,-1,1
2695000,2695,0,NOC_NPS_VNOC_X3Y1,VNOC,data_vc,0,5,1
2695000,2695,1,NOC_NPS_VNOC_X3Y0,VNOC,credit,1,-1,1
2695000,2695,1,NOC_NPS_VNOC_X3Y0,VNOC,data_vc,1,5,1
2696000,2696,0,NOC_NPS_VNOC_X3Y1,VNOC,credit,0,-1,1
2696000,2696,0,NOC_NPS_VNOC_X3Y1,VNOC,data_vc,0,5,1
2696000,2696,1,NOC_NPS_VNOC_X3Y0,VNOC,credit,1,-1,1
2696000,2696,1,NOC_NPS_VNOC_X3Y0,VNOC,data_vc,1,5,1
2697000,2697,0,NOC_NPS_VNOC_X3Y1,VNOC,credit,0,-1,1
2697000,2697,0,NOC_NPS_VNOC_X3Y1,VNOC,data_vc,0,5,1
2697000,2697,1,NOC_NPS_VNOC_X3Y0,VNOC,credit,1,-1,1
2697000,2697,1,NOC_NPS_VNOC_X3Y0,VNOC,data_vc,1,5,1
2698000,2698,0,NOC_NPS_VNOC_X3Y1,VNOC,credit,0,-1,1
2698000,2698,0,NOC_NPS_VNOC_X3Y1,VNOC,data_vc,0,5,1
2698000,2698,1,NOC_NPS_VNOC_X3Y0,VNOC,credit,1,-1,1
2698000,2698,1,NOC_NPS_VNOC_X3Y0,VNOC,data_vc,1,5,1
2699000,2699,0,NOC_NPS_VNOC_X3Y1,VNOC,credit,0,-1,1
2699000,2699,0,NOC_NPS_VNOC_X3Y1,VNOC,data_vc,0,5,1
2699000,2699,1,NOC_NPS_VNOC_X3Y0,VNOC,credit,1,-1,1
2699000,2699,1,NOC_NPS_VNOC_X3Y0,VNOC,data_vc,1,5,1
2700000,2700,0,NOC_NPS_VNOC_X3Y1,VNOC,credit,0,-1,1
2700000,2700,0,NOC_NPS_VNOC_X3Y1,VNOC,data_vc,0,5,1
2700000,2700,1,NOC_NPS_VNOC_X3Y0,VNOC,credit,1,-1,1
2700000,2700,1,NOC_NPS_VNOC_X3Y0,VNOC,data_vc,1,5,1
2701000,2701,0,NOC_NPS_VNOC_X3Y1,VNOC,credit,0,-1,1
2701000,2701,0,NOC_NPS_VNOC_X3Y1,VNOC,data_vc,0,5,1
2701000,2701,1,NOC_NPS_VNOC_X3Y0,VNOC,credit,1,-1,1
2701000,2701,1,NOC_NPS_VNOC_X3Y0,VNOC,data_vc,1,5,1
2702000,2702,0,NOC_NPS_VNOC_X3Y1,VNOC,credit,0,-1,1
2702000,2702,0,NOC_NPS_VNOC_X3Y1,VNOC,data_vc,0,5,1
2702000,2702,1,NOC_NPS_VNOC_X3Y0,VNOC,credit,1,-1,1
2702000,2702,1,NOC_NPS_VNOC_X3Y0,VNOC,data_vc,1,5,1
2703000,2703,0,NOC_NPS_VNOC_X3Y1,VNOC,credit,0,-1,1
2703000,2703,0,NOC_NPS_VNOC_X3Y1,VNOC,data_vc,0,5,1
2703000,2703,1,NOC_NPS_VNOC_X3Y0,VNOC,credit,1,-1,1
2703000,2703,1,NOC_NPS_VNOC_X3Y0,VNOC,data_vc,1,5,1
2704000,2704,0,NOC_NPS_VNOC_X3Y1,VNOC,credit,0,-1,1
2704000,2704,0,NOC_NPS_VNOC_X3Y1,VNOC,data_vc,0,5,1
2704000,2704,1,NOC_NPS_VNOC_X3Y0,VNOC,credit,1,-1,1
2704000,2704,1,NOC_NPS_VNOC_X3Y0,VNOC,data_vc,1,5,1
2705000,2705,0,NOC_NPS_VNOC_X3Y1,VNOC,credit,0,-1,1
2705000,2705,0,NOC_NPS_VNOC_X3Y1,VNOC,data_vc,0,5,1
2705000,2705,1,NOC_NPS_VNOC_X3Y0,VNOC,credit,1,-1,1
2705000,2705,1,NOC_NPS_VNOC_X3Y0,VNOC,data_vc,1,5,1
2706000,2706,0,NOC_NPS_VNOC_X3Y1,VNOC,credit,0,-1,1
2706000,2706,0,NOC_NPS_VNOC_X3Y1,VNOC,data_vc,0,5,1
2706000,2706,1,NOC_NPS_VNOC_X3Y0,VNOC,credit,1,-1,1
2706000,2706,1,NOC_NPS_VNOC_X3Y0,VNOC,data_vc,1,5,1
2707000,2707,0,NOC_NPS_VNOC_X3Y1,VNOC,credit,0,-1,1
2707000,2707,0,NOC_NPS_VNOC_X3Y1,VNOC,data_vc,0,5,1
2707000,2707,1,NOC_NPS_VNOC_X3Y0,VNOC,credit,1,-1,1
2707000,2707,1,NOC_NPS_VNOC_X3Y0,VNOC,data_vc,1,5,1
2708000,2708,0,NOC_NPS_VNOC_X3Y1,VNOC,credit,0,-1,1
2708000,2708,0,NOC_NPS_VNOC_X3Y1,VNOC,data_vc,0,5,1
2708000,2708,1,NOC_NPS_VNOC_X3Y0,VNOC,credit,1,-1,1
2708000,2708,1,NOC_NPS_VNOC_X3Y0,VNOC,data_vc,1,5,1
2709000,2709,0,NOC_NPS_VNOC_X3Y1,VNOC,credit,0,-1,1
2709000,2709,0,NOC_NPS_VNOC_X3Y1,VNOC,data_vc,0,5,1
2709000,2709,1,NOC_NPS_VNOC_X3Y0,VNOC,credit,1,-1,1
2709000,2709,1,NOC_NPS_VNOC_X3Y0,VNOC,data_vc,1,5,1
2710000,2710,0,NOC_NPS_VNOC_X3Y1,VNOC,credit,0,-1,1
2710000,2710,0,NOC_NPS_VNOC_X3Y1,VNOC,data_vc,0,5,1
2710000,2710,1,NOC_NPS_VNOC_X3Y0,VNOC,credit,1,-1,1
2710000,2710,1,NOC_NPS_VNOC_X3Y0,VNOC,data_vc,1,5,1
2711000,2711,0,NOC_NPS_VNOC_X3Y1,VNOC,credit,0,-1,1
2711000,2711,0,NOC_NPS_VNOC_X3Y1,VNOC,data_vc,0,5,1
2711000,2711,1,NOC_NPS_VNOC_X3Y0,VNOC,credit,1,-1,1
2711000,2711,1,NOC_NPS_VNOC_X3Y0,VNOC,data_vc,1,5,1
2712000,2712,0,NOC_NPS_VNOC_X3Y1,VNOC,credit,0,-1,1
2712000,2712,0,NOC_NPS_VNOC_X3Y1,VNOC,data_vc,0,5,1
2712000,2712,1,NOC_NPS_VNOC_X3Y0,VNOC,credit,1,-1,1
2712000,2712,1,NOC_NPS_VNOC_X3Y0,VNOC,data_vc,1,5,1
2713000,2713,0,NOC_NPS_VNOC_X3Y1,VNOC,credit,0,-1,1
2713000,2713,0,NOC_NPS_VNOC_X3Y1,VNOC,data_vc,0,5,1
2713000,2713,1,NOC_NPS_VNOC_X3Y0,VNOC,credit,1,-1,1
2713000,2713,1,NOC_NPS_VNOC_X3Y0,VNOC,data_vc,1,5,1
2714000,2714,0,NOC_NPS_VNOC_X3Y1,VNOC,credit,0,-1,1
2714000,2714,0,NOC_NPS_VNOC_X3Y1,VNOC,data_vc,0,5,1
2714000,2714,1,NOC_NPS_VNOC_X3Y0,VNOC,credit,1,-1,1
2714000,2714,1,NOC_NPS_VNOC_X3Y0,VNOC,data_vc,1,5,1
2715000,2715,0,NOC_NPS_VNOC_X3Y1,VNOC,credit,0,-1,1
2715000,2715,0,NOC_NPS_VNOC_X3Y1,VNOC,data_vc,0,5,1
2715000,2715,1,NOC_NPS_VNOC_X3Y0,VNOC,credit,1,-1,1
2715000,2715,1,NOC_NPS_VNOC_X3Y0,VNOC,data_vc,1,5,1
2716000,2716,0,NOC_NPS_VNOC_X3Y1,VNOC,credit,0,-1,1
2716000,2716,0,NOC_NPS_VNOC_X3Y1,VNOC,data_vc,0,5,1
2716000,2716,1,NOC_NPS_VNOC_X3Y0,VNOC,credit,1,-1,1
2716000,2716,1,NOC_NPS_VNOC_X3Y0,VNOC,data_vc,1,5,1
2717000,2717,0,NOC_NPS_VNOC_X3Y1,VNOC,credit,0,-1,1
2717000,2717,0,NOC_NPS_VNOC_X3Y1,VNOC,data_vc,0,5,1
2717000,2717,1,NOC_NPS_VNOC_X3Y0,VNOC,credit,1,-1,1
2717000,2717,1,NOC_NPS_VNOC_X3Y0,VNOC,data_vc,1,5,1
2718000,2718,0,NOC_NPS_VNOC_X3Y1,VNOC,credit,0,-1,1
2718000,2718,0,NOC_NPS_VNOC_X3Y1,VNOC,data_vc,0,5,1
2718000,2718,1,NOC_NPS_VNOC_X3Y0,VNOC,credit,1,-1,1
2718000,2718,1,NOC_NPS_VNOC_X3Y0,VNOC,data_vc,1,5,1
2719000,2719,0,NOC_NPS_VNOC_X3Y1,VNOC,credit,0,-1,1
2719000,2719,0,NOC_NPS_VNOC_X3Y1,VNOC,data_vc,0,5,1
2719000,2719,1,NOC_NPS_VNOC_X3Y0,VNOC,credit,1,-1,1
2719000,2719,1,NOC_NPS_VNOC_X3Y0,VNOC,data_vc,1,5,1
2720000,2720,0,NOC_NPS_VNOC_X3Y1,VNOC,credit,0,-1,1
2720000,2720,0,NOC_NPS_VNOC_X3Y1,VNOC,data_vc,0,5,1
2720000,2720,1,NOC_NPS_VNOC_X3Y0,VNOC,credit,1,-1,1
2720000,2720,1,NOC_NPS_VNOC_X3Y0,VNOC,data_vc,1,5,1
2721000,2721,0,NOC_NPS_VNOC_X3Y1,VNOC,credit,0,-1,1
2721000,2721,0,NOC_NPS_VNOC_X3Y1,VNOC,data_vc,0,5,1
2721000,2721,1,NOC_NPS_VNOC_X3Y0,VNOC,credit,1,-1,1
2721000,2721,1,NOC_NPS_VNOC_X3Y0,VNOC,data_vc,1,5,1
2722000,2722,0,NOC_NPS_VNOC_X3Y1,VNOC,credit,0,-1,1
2722000,2722,0,NOC_NPS_VNOC_X3Y1,VNOC,data_vc,0,5,1
2722000,2722,1,NOC_NPS_VNOC_X3Y0,VNOC,credit,1,-1,1
2722000,2722,1,NOC_NPS_VNOC_X3Y0,VNOC,data_vc,1,5,1
2723000,2723,0,NOC_NPS_VNOC_X3Y1,VNOC,credit,0,-1,1
2723000,2723,0,NOC_NPS_VNOC_X3Y1,VNOC,data_vc,0,5,1
2723000,2723,1,NOC_NPS_VNOC_X3Y0,VNOC,credit,1,-1,1
2723000,2723,1,NOC_NPS_VNOC_X3Y0,VNOC,data_vc,1,5,1
2724000,2724,0,NOC_NPS_VNOC_X3Y1,VNOC,credit,0,-1,1
2724000,2724,0,NOC_NPS_VNOC_X3Y1,VNOC,data_vc,0,5,1
2724000,2724,1,NOC_NPS_VNOC_X3Y0,VNOC,credit,1,-1,1
2724000,2724,1,NOC_NPS_VNOC_X3Y0,VNOC,data_vc,1,5,1
2725000,2725,0,NOC_NPS_VNOC_X3Y1,VNOC,credit,0,-1,1
2725000,2725,0,NOC_NPS_VNOC_X3Y1,VNOC,data_vc,0,5,1
2725000,2725,1,NOC_NPS_VNOC_X3Y0,VNOC,credit,1,-1,1
2725000,2725,1,NOC_NPS_VNOC_X3Y0,VNOC,data_vc,1,5,1
2726000,2726,0,NOC_NPS_VNOC_X3Y1,VNOC,credit,0,-1,1
2726000,2726,0,NOC_NPS_VNOC_X3Y1,VNOC,data_vc,0,5,1
2726000,2726,1,NOC_NPS_VNOC_X3Y0,VNOC,credit,1,-1,1
2726000,2726,1,NOC_NPS_VNOC_X3Y0,VNOC,data_vc,1,5,1
2727000,2727,0,NOC_NPS_VNOC_X3Y1,VNOC,credit,0,-1,1
2727000,2727,0,NOC_NPS_VNOC_X3Y1,VNOC,data_vc,0,5,1
2727000,2727,1,NOC_NPS_VNOC_X3Y0,VNOC,credit,1,-1,1
2727000,2727,1,NOC_NPS_VNOC_X3Y0,VNOC,data_vc,1,5,1
2728000,2728,0,NOC_NPS_VNOC_X3Y1,VNOC,credit,0,-1,1
2728000,2728,0,NOC_NPS_VNOC_X3Y1,VNOC,data_vc,0,5,1
2728000,2728,1,NOC_NPS_VNOC_X3Y0,VNOC,credit,1,-1,1
2728000,2728,1,NOC_NPS_VNOC_X3Y0,VNOC,data_vc,1,5,1
2729000,2729,0,NOC_NPS_VNOC_X3Y1,VNOC,credit,0,-1,1
2729000,2729,0,NOC_NPS_VNOC_X3Y1,VNOC,data_vc,0,5,1
2729000,2729,1,NOC_NPS_VNOC_X3Y0,VNOC,credit,1,-1,1
2729000,2729,1,NOC_NPS_VNOC_X3Y0,VNOC,data_vc,1,5,1
2730000,2730,0,NOC_NPS_VNOC_X3Y1,VNOC,credit,0,-1,1
2730000,2730,0,NOC_NPS_VNOC_X3Y1,VNOC,data_vc,0,5,1
2730000,2730,1,NOC_NPS_VNOC_X3Y0,VNOC,credit,1,-1,1
2730000,2730,1,NOC_NPS_VNOC_X3Y0,VNOC,data_vc,1,5,1
2731000,2731,0,NOC_NPS_VNOC_X3Y1,VNOC,credit,0,-1,1
2731000,2731,0,NOC_NPS_VNOC_X3Y1,VNOC,data_vc,0,5,1
2731000,2731,1,NOC_NPS_VNOC_X3Y0,VNOC,credit,1,-1,1
2731000,2731,1,NOC_NPS_VNOC_X3Y0,VNOC,data_vc,1,5,1
2732000,2732,0,NOC_NPS_VNOC_X3Y1,VNOC,credit,0,-1,1
2732000,2732,0,NOC_NPS_VNOC_X3Y1,VNOC,data_vc,0,5,1
2732000,2732,1,NOC_NPS_VNOC_X3Y0,VNOC,credit,1,-1,1
2732000,2732,1,NOC_NPS_VNOC_X3Y0,VNOC,data_vc,1,5,1
2733000,2733,0,NOC_NPS_VNOC_X3Y1,VNOC,data_vc,0,5,1
2733000,2733,1,NOC_NPS_VNOC_X3Y0,VNOC,credit,1,-1,1
2733000,2733,1,NOC_NPS_VNOC_X3Y0,VNOC,data_vc,1,5,1
2734000,2734,0,NOC_NPS_VNOC_X3Y1,VNOC,data_vc,0,5,1
2734000,2734,1,NOC_NPS_VNOC_X3Y0,VNOC,credit,1,-1,1
2734000,2734,1,NOC_NPS_VNOC_X3Y0,VNOC,data_vc,1,5,1
2735000,2735,0,NOC_NPS_VNOC_X3Y1,VNOC,credit,0,-1,1
2735000,2735,0,NOC_NPS_VNOC_X3Y1,VNOC,data_vc,0,5,1
2735000,2735,1,NOC_NPS_VNOC_X3Y0,VNOC,data_vc,1,5,1
2736000,2736,0,NOC_NPS_VNOC_X3Y1,VNOC,credit,0,-1,1
2736000,2736,0,NOC_NPS_VNOC_X3Y1,VNOC,data_vc,0,5,1
2736000,2736,1,NOC_NPS_VNOC_X3Y0,VNOC,data_vc,1,5,1
2737000,2737,0,NOC_NPS_VNOC_X3Y1,VNOC,credit,0,-1,1
2737000,2737,0,NOC_NPS_VNOC_X3Y1,VNOC,data_vc,0,5,1
2737000,2737,1,NOC_NPS_VNOC_X3Y0,VNOC,credit,1,-1,1
2737000,2737,1,NOC_NPS_VNOC_X3Y0,VNOC,data_vc,1,5,1
2738000,2738,0,NOC_NPS_VNOC_X3Y1,VNOC,credit,0,-1,1
2738000,2738,0,NOC_NPS_VNOC_X3Y1,VNOC,data_vc,0,5,1
2738000,2738,1,NOC_NPS_VNOC_X3Y0,VNOC,credit,1,-1,1
2738000,2738,1,NOC_NPS_VNOC_X3Y0,VNOC,data_vc,1,5,1
2739000,2739,0,NOC_NPS_VNOC_X3Y1,VNOC,credit,0,-1,1
2739000,2739,0,NOC_NPS_VNOC_X3Y1,VNOC,data_vc,0,5,1
2739000,2739,1,NOC_NPS_VNOC_X3Y0,VNOC,credit,1,-1,1
2739000,2739,1,NOC_NPS_VNOC_X3Y0,VNOC,data_vc,1,5,1
2740000,2740,0,NOC_NPS_VNOC_X3Y1,VNOC,credit,0,-1,1
2740000,2740,0,NOC_NPS_VNOC_X3Y1,VNOC,data_vc,0,5,1
2740000,2740,1,NOC_NPS_VNOC_X3Y0,VNOC,credit,1,-1,1
2740000,2740,1,NOC_NPS_VNOC_X3Y0,VNOC,data_vc,1,5,1
2741000,2741,0,NOC_NPS_VNOC_X3Y1,VNOC,credit,0,-1,1
2741000,2741,0,NOC_NPS_VNOC_X3Y1,VNOC,data_vc,0,5,1
2741000,2741,1,NOC_NPS_VNOC_X3Y0,VNOC,credit,1,-1,1
2741000,2741,1,NOC_NPS_VNOC_X3Y0,VNOC,data_vc,1,5,1
2742000,2742,0,NOC_NPS_VNOC_X3Y1,VNOC,credit,0,-1,1
2742000,2742,0,NOC_NPS_VNOC_X3Y1,VNOC,data_vc,0,5,1
2742000,2742,1,NOC_NPS_VNOC_X3Y0,VNOC,credit,1,-1,1
2742000,2742,1,NOC_NPS_VNOC_X3Y0,VNOC,data_vc,1,5,1
2743000,2743,0,NOC_NPS_VNOC_X3Y1,VNOC,credit,0,-1,1
2743000,2743,0,NOC_NPS_VNOC_X3Y1,VNOC,data_vc,0,5,1
2743000,2743,1,NOC_NPS_VNOC_X3Y0,VNOC,credit,1,-1,1
2743000,2743,1,NOC_NPS_VNOC_X3Y0,VNOC,data_vc,1,5,1
2744000,2744,0,NOC_NPS_VNOC_X3Y1,VNOC,credit,0,-1,1
2744000,2744,0,NOC_NPS_VNOC_X3Y1,VNOC,data_vc,0,5,1
2744000,2744,1,NOC_NPS_VNOC_X3Y0,VNOC,credit,1,-1,1
2744000,2744,1,NOC_NPS_VNOC_X3Y0,VNOC,data_vc,1,5,1
2745000,2745,0,NOC_NPS_VNOC_X3Y1,VNOC,credit,0,-1,1
2745000,2745,0,NOC_NPS_VNOC_X3Y1,VNOC,data_vc,0,5,1
2745000,2745,1,NOC_NPS_VNOC_X3Y0,VNOC,credit,1,-1,1
2745000,2745,1,NOC_NPS_VNOC_X3Y0,VNOC,data_vc,1,5,1
2746000,2746,0,NOC_NPS_VNOC_X3Y1,VNOC,credit,0,-1,1
2746000,2746,0,NOC_NPS_VNOC_X3Y1,VNOC,data_vc,0,5,1
2746000,2746,1,NOC_NPS_VNOC_X3Y0,VNOC,credit,1,-1,1
2746000,2746,1,NOC_NPS_VNOC_X3Y0,VNOC,data_vc,1,5,1
2747000,2747,0,NOC_NPS_VNOC_X3Y1,VNOC,credit,0,-1,1
2747000,2747,0,NOC_NPS_VNOC_X3Y1,VNOC,data_vc,0,5,1
2747000,2747,1,NOC_NPS_VNOC_X3Y0,VNOC,credit,1,-1,1
2747000,2747,1,NOC_NPS_VNOC_X3Y0,VNOC,data_vc,1,5,1
2748000,2748,0,NOC_NPS_VNOC_X3Y1,VNOC,credit,0,-1,1
2748000,2748,0,NOC_NPS_VNOC_X3Y1,VNOC,data_vc,0,5,1
2748000,2748,1,NOC_NPS_VNOC_X3Y0,VNOC,credit,1,-1,1
2748000,2748,1,NOC_NPS_VNOC_X3Y0,VNOC,data_vc,1,5,1
2749000,2749,0,NOC_NPS_VNOC_X3Y1,VNOC,credit,0,-1,1
2749000,2749,0,NOC_NPS_VNOC_X3Y1,VNOC,data_vc,0,5,1
2749000,2749,1,NOC_NPS_VNOC_X3Y0,VNOC,credit,1,-1,1
2749000,2749,1,NOC_NPS_VNOC_X3Y0,VNOC,data_vc,1,5,1
2750000,2750,0,NOC_NPS_VNOC_X3Y1,VNOC,credit,0,-1,1
2750000,2750,0,NOC_NPS_VNOC_X3Y1,VNOC,data_vc,0,5,1
2750000,2750,1,NOC_NPS_VNOC_X3Y0,VNOC,credit,1,-1,1
2750000,2750,1,NOC_NPS_VNOC_X3Y0,VNOC,data_vc,1,5,1
2751000,2751,0,NOC_NPS_VNOC_X3Y1,VNOC,credit,0,-1,1
2751000,2751,0,NOC_NPS_VNOC_X3Y1,VNOC,data_vc,0,5,1
2751000,2751,1,NOC_NPS_VNOC_X3Y0,VNOC,credit,1,-1,1
2751000,2751,1,NOC_NPS_VNOC_X3Y0,VNOC,data_vc,1,5,1
2752000,2752,0,NOC_NPS_VNOC_X3Y1,VNOC,credit,0,-1,1
2752000,2752,0,NOC_NPS_VNOC_X3Y1,VNOC,data_vc,0,5,1
2752000,2752,1,NOC_NPS_VNOC_X3Y0,VNOC,credit,1,-1,1
2752000,2752,1,NOC_NPS_VNOC_X3Y0,VNOC,data_vc,1,5,1
2753000,2753,0,NOC_NPS_VNOC_X3Y1,VNOC,credit,0,-1,1
2753000,2753,0,NOC_NPS_VNOC_X3Y1,VNOC,data_vc,0,5,1
2753000,2753,1,NOC_NPS_VNOC_X3Y0,VNOC,credit,1,-1,1
2753000,2753,1,NOC_NPS_VNOC_X3Y0,VNOC,data_vc,1,5,1
2754000,2754,0,NOC_NPS_VNOC_X3Y1,VNOC,credit,0,-1,1
2754000,2754,0,NOC_NPS_VNOC_X3Y1,VNOC,data_vc,0,5,1
2754000,2754,1,NOC_NPS_VNOC_X3Y0,VNOC,credit,1,-1,1
2754000,2754,1,NOC_NPS_VNOC_X3Y0,VNOC,data_vc,1,5,1
2755000,2755,0,NOC_NPS_VNOC_X3Y1,VNOC,credit,0,-1,1
2755000,2755,0,NOC_NPS_VNOC_X3Y1,VNOC,data_vc,0,5,1
2755000,2755,1,NOC_NPS_VNOC_X3Y0,VNOC,credit,1,-1,1
2755000,2755,1,NOC_NPS_VNOC_X3Y0,VNOC,data_vc,1,5,1
2756000,2756,0,NOC_NPS_VNOC_X3Y1,VNOC,credit,0,-1,1
2756000,2756,0,NOC_NPS_VNOC_X3Y1,VNOC,data_vc,0,5,1
2756000,2756,1,NOC_NPS_VNOC_X3Y0,VNOC,credit,1,-1,1
2756000,2756,1,NOC_NPS_VNOC_X3Y0,VNOC,data_vc,1,5,1
2757000,2757,0,NOC_NPS_VNOC_X3Y1,VNOC,credit,0,-1,1
2757000,2757,0,NOC_NPS_VNOC_X3Y1,VNOC,data_vc,0,5,1
2757000,2757,1,NOC_NPS_VNOC_X3Y0,VNOC,credit,1,-1,1
2757000,2757,1,NOC_NPS_VNOC_X3Y0,VNOC,data_vc,1,5,1
2758000,2758,0,NOC_NPS_VNOC_X3Y1,VNOC,credit,0,-1,1
2758000,2758,0,NOC_NPS_VNOC_X3Y1,VNOC,data_vc,0,5,1
2758000,2758,1,NOC_NPS_VNOC_X3Y0,VNOC,credit,1,-1,1
2758000,2758,1,NOC_NPS_VNOC_X3Y0,VNOC,data_vc,1,5,1
2759000,2759,0,NOC_NPS_VNOC_X3Y1,VNOC,credit,0,-1,1
2759000,2759,0,NOC_NPS_VNOC_X3Y1,VNOC,data_vc,0,5,1
2759000,2759,1,NOC_NPS_VNOC_X3Y0,VNOC,credit,1,-1,1
2759000,2759,1,NOC_NPS_VNOC_X3Y0,VNOC,data_vc,1,5,1
2760000,2760,0,NOC_NPS_VNOC_X3Y1,VNOC,credit,0,-1,1
2760000,2760,0,NOC_NPS_VNOC_X3Y1,VNOC,data_vc,0,5,1
2760000,2760,1,NOC_NPS_VNOC_X3Y0,VNOC,credit,1,-1,1
2760000,2760,1,NOC_NPS_VNOC_X3Y0,VNOC,data_vc,1,5,1
2761000,2761,0,NOC_NPS_VNOC_X3Y1,VNOC,credit,0,-1,1
2761000,2761,0,NOC_NPS_VNOC_X3Y1,VNOC,data_vc,0,5,1
2761000,2761,1,NOC_NPS_VNOC_X3Y0,VNOC,credit,1,-1,1
2761000,2761,1,NOC_NPS_VNOC_X3Y0,VNOC,data_vc,1,5,1
2762000,2762,0,NOC_NPS_VNOC_X3Y1,VNOC,credit,0,-1,1
2762000,2762,0,NOC_NPS_VNOC_X3Y1,VNOC,data_vc,0,5,1
2762000,2762,1,NOC_NPS_VNOC_X3Y0,VNOC,credit,1,-1,1
2762000,2762,1,NOC_NPS_VNOC_X3Y0,VNOC,data_vc,1,5,1
2763000,2763,0,NOC_NPS_VNOC_X3Y1,VNOC,credit,0,-1,1
2763000,2763,0,NOC_NPS_VNOC_X3Y1,VNOC,data_vc,0,5,1
2763000,2763,1,NOC_NPS_VNOC_X3Y0,VNOC,credit,1,-1,1
2763000,2763,1,NOC_NPS_VNOC_X3Y0,VNOC,data_vc,1,5,1
2764000,2764,0,NOC_NPS_VNOC_X3Y1,VNOC,credit,0,-1,1
2764000,2764,0,NOC_NPS_VNOC_X3Y1,VNOC,data_vc,0,5,1
2764000,2764,1,NOC_NPS_VNOC_X3Y0,VNOC,credit,1,-1,1
2764000,2764,1,NOC_NPS_VNOC_X3Y0,VNOC,data_vc,1,5,1
2765000,2765,0,NOC_NPS_VNOC_X3Y1,VNOC,credit,0,-1,1
2765000,2765,0,NOC_NPS_VNOC_X3Y1,VNOC,data_vc,0,5,1
2765000,2765,1,NOC_NPS_VNOC_X3Y0,VNOC,credit,1,-1,1
2765000,2765,1,NOC_NPS_VNOC_X3Y0,VNOC,data_vc,1,5,1
2766000,2766,0,NOC_NPS_VNOC_X3Y1,VNOC,credit,0,-1,1
2766000,2766,0,NOC_NPS_VNOC_X3Y1,VNOC,data_vc,0,5,1
2766000,2766,1,NOC_NPS_VNOC_X3Y0,VNOC,credit,1,-1,1
2766000,2766,1,NOC_NPS_VNOC_X3Y0,VNOC,data_vc,1,5,1
2767000,2767,0,NOC_NPS_VNOC_X3Y1,VNOC,credit,0,-1,1
2767000,2767,0,NOC_NPS_VNOC_X3Y1,VNOC,data_vc,0,5,1
2767000,2767,1,NOC_NPS_VNOC_X3Y0,VNOC,credit,1,-1,1
2767000,2767,1,NOC_NPS_VNOC_X3Y0,VNOC,data_vc,1,5,1
2768000,2768,0,NOC_NPS_VNOC_X3Y1,VNOC,credit,0,-1,1
2768000,2768,0,NOC_NPS_VNOC_X3Y1,VNOC,data_vc,0,5,1
2768000,2768,1,NOC_NPS_VNOC_X3Y0,VNOC,credit,1,-1,1
2768000,2768,1,NOC_NPS_VNOC_X3Y0,VNOC,data_vc,1,5,1
2769000,2769,0,NOC_NPS_VNOC_X3Y1,VNOC,credit,0,-1,1
2769000,2769,0,NOC_NPS_VNOC_X3Y1,VNOC,data_vc,0,5,1
2769000,2769,1,NOC_NPS_VNOC_X3Y0,VNOC,credit,1,-1,1
2769000,2769,1,NOC_NPS_VNOC_X3Y0,VNOC,data_vc,1,5,1
2770000,2770,0,NOC_NPS_VNOC_X3Y1,VNOC,credit,0,-1,1
2770000,2770,0,NOC_NPS_VNOC_X3Y1,VNOC,data_vc,0,5,1
2770000,2770,1,NOC_NPS_VNOC_X3Y0,VNOC,credit,1,-1,1
2770000,2770,1,NOC_NPS_VNOC_X3Y0,VNOC,data_vc,1,5,1
2771000,2771,0,NOC_NPS_VNOC_X3Y1,VNOC,credit,0,-1,1
2771000,2771,0,NOC_NPS_VNOC_X3Y1,VNOC,data_vc,0,5,1
2771000,2771,1,NOC_NPS_VNOC_X3Y0,VNOC,credit,1,-1,1
2771000,2771,1,NOC_NPS_VNOC_X3Y0,VNOC,data_vc,1,5,1
2772000,2772,0,NOC_NPS_VNOC_X3Y1,VNOC,credit,0,-1,1
2772000,2772,0,NOC_NPS_VNOC_X3Y1,VNOC,data_vc,0,5,1
2772000,2772,1,NOC_NPS_VNOC_X3Y0,VNOC,credit,1,-1,1
2772000,2772,1,NOC_NPS_VNOC_X3Y0,VNOC,data_vc,1,5,1
2773000,2773,0,NOC_NPS_VNOC_X3Y1,VNOC,credit,0,-1,1
2773000,2773,0,NOC_NPS_VNOC_X3Y1,VNOC,data_vc,0,5,1
2773000,2773,1,NOC_NPS_VNOC_X3Y0,VNOC,credit,1,-1,1
2773000,2773,1,NOC_NPS_VNOC_X3Y0,VNOC,data_vc,1,5,1
2774000,2774,0,NOC_NPS_VNOC_X3Y1,VNOC,credit,0,-1,1
2774000,2774,0,NOC_NPS_VNOC_X3Y1,VNOC,data_vc,0,5,1
2774000,2774,1,NOC_NPS_VNOC_X3Y0,VNOC,credit,1,-1,1
2774000,2774,1,NOC_NPS_VNOC_X3Y0,VNOC,data_vc,1,5,1
2775000,2775,0,NOC_NPS_VNOC_X3Y1,VNOC,credit,0,-1,1
2775000,2775,0,NOC_NPS_VNOC_X3Y1,VNOC,data_vc,0,5,1
2775000,2775,1,NOC_NPS_VNOC_X3Y0,VNOC,credit,1,-1,1
2775000,2775,1,NOC_NPS_VNOC_X3Y0,VNOC,data_vc,1,5,1
2776000,2776,0,NOC_NPS_VNOC_X3Y1,VNOC,credit,0,-1,1
2776000,2776,0,NOC_NPS_VNOC_X3Y1,VNOC,data_vc,0,5,1
2776000,2776,1,NOC_NPS_VNOC_X3Y0,VNOC,credit,1,-1,1
2776000,2776,1,NOC_NPS_VNOC_X3Y0,VNOC,data_vc,1,5,1
2777000,2777,0,NOC_NPS_VNOC_X3Y1,VNOC,credit,0,-1,1
2777000,2777,0,NOC_NPS_VNOC_X3Y1,VNOC,data_vc,0,5,1
2777000,2777,1,NOC_NPS_VNOC_X3Y0,VNOC,credit,1,-1,1
2777000,2777,1,NOC_NPS_VNOC_X3Y0,VNOC,data_vc,1,5,1
2778000,2778,0,NOC_NPS_VNOC_X3Y1,VNOC,credit,0,-1,1
2778000,2778,0,NOC_NPS_VNOC_X3Y1,VNOC,data_vc,0,5,1
2778000,2778,1,NOC_NPS_VNOC_X3Y0,VNOC,credit,1,-1,1
2778000,2778,1,NOC_NPS_VNOC_X3Y0,VNOC,data_vc,1,5,1
2779000,2779,0,NOC_NPS_VNOC_X3Y1,VNOC,credit,0,-1,1
2779000,2779,0,NOC_NPS_VNOC_X3Y1,VNOC,data_vc,0,5,1
2779000,2779,1,NOC_NPS_VNOC_X3Y0,VNOC,credit,1,-1,1
2779000,2779,1,NOC_NPS_VNOC_X3Y0,VNOC,data_vc,1,5,1
2780000,2780,0,NOC_NPS_VNOC_X3Y1,VNOC,credit,0,-1,1
2780000,2780,0,NOC_NPS_VNOC_X3Y1,VNOC,data_vc,0,5,1
2780000,2780,1,NOC_NPS_VNOC_X3Y0,VNOC,credit,1,-1,1
2780000,2780,1,NOC_NPS_VNOC_X3Y0,VNOC,data_vc,1,5,1
2781000,2781,0,NOC_NPS_VNOC_X3Y1,VNOC,credit,0,-1,1
2781000,2781,0,NOC_NPS_VNOC_X3Y1,VNOC,data_vc,0,5,1
2781000,2781,1,NOC_NPS_VNOC_X3Y0,VNOC,credit,1,-1,1
2781000,2781,1,NOC_NPS_VNOC_X3Y0,VNOC,data_vc,1,5,1
2782000,2782,0,NOC_NPS_VNOC_X3Y1,VNOC,credit,0,-1,1
2782000,2782,0,NOC_NPS_VNOC_X3Y1,VNOC,data_vc,0,5,1
2782000,2782,1,NOC_NPS_VNOC_X3Y0,VNOC,credit,1,-1,1
2782000,2782,1,NOC_NPS_VNOC_X3Y0,VNOC,data_vc,1,5,1
2783000,2783,0,NOC_NPS_VNOC_X3Y1,VNOC,credit,0,-1,1
2783000,2783,0,NOC_NPS_VNOC_X3Y1,VNOC,data_vc,0,5,1
2783000,2783,1,NOC_NPS_VNOC_X3Y0,VNOC,credit,1,-1,1
2783000,2783,1,NOC_NPS_VNOC_X3Y0,VNOC,data_vc,1,5,1
2784000,2784,0,NOC_NPS_VNOC_X3Y1,VNOC,credit,0,-1,1
2784000,2784,0,NOC_NPS_VNOC_X3Y1,VNOC,data_vc,0,5,1
2784000,2784,1,NOC_NPS_VNOC_X3Y0,VNOC,credit,1,-1,1
2784000,2784,1,NOC_NPS_VNOC_X3Y0,VNOC,data_vc,1,5,1
2785000,2785,0,NOC_NPS_VNOC_X3Y1,VNOC,credit,0,-1,1
2785000,2785,0,NOC_NPS_VNOC_X3Y1,VNOC,data_vc,0,5,1
2785000,2785,1,NOC_NPS_VNOC_X3Y0,VNOC,credit,1,-1,1
2785000,2785,1,NOC_NPS_VNOC_X3Y0,VNOC,data_vc,1,5,1
2786000,2786,0,NOC_NPS_VNOC_X3Y1,VNOC,credit,0,-1,1
2786000,2786,0,NOC_NPS_VNOC_X3Y1,VNOC,data_vc,0,5,1
2786000,2786,1,NOC_NPS_VNOC_X3Y0,VNOC,credit,1,-1,1
2786000,2786,1,NOC_NPS_VNOC_X3Y0,VNOC,data_vc,1,5,1
2787000,2787,0,NOC_NPS_VNOC_X3Y1,VNOC,credit,0,-1,1
2787000,2787,0,NOC_NPS_VNOC_X3Y1,VNOC,data_vc,0,5,1
2787000,2787,1,NOC_NPS_VNOC_X3Y0,VNOC,credit,1,-1,1
2787000,2787,1,NOC_NPS_VNOC_X3Y0,VNOC,data_vc,1,5,1
2788000,2788,0,NOC_NPS_VNOC_X3Y1,VNOC,credit,0,-1,1
2788000,2788,0,NOC_NPS_VNOC_X3Y1,VNOC,data_vc,0,5,1
2788000,2788,1,NOC_NPS_VNOC_X3Y0,VNOC,credit,1,-1,1
2788000,2788,1,NOC_NPS_VNOC_X3Y0,VNOC,data_vc,1,5,1
2789000,2789,0,NOC_NPS_VNOC_X3Y1,VNOC,credit,0,-1,1
2789000,2789,0,NOC_NPS_VNOC_X3Y1,VNOC,data_vc,0,5,1
2789000,2789,1,NOC_NPS_VNOC_X3Y0,VNOC,credit,1,-1,1
2789000,2789,1,NOC_NPS_VNOC_X3Y0,VNOC,data_vc,1,5,1
2790000,2790,0,NOC_NPS_VNOC_X3Y1,VNOC,credit,0,-1,1
2790000,2790,0,NOC_NPS_VNOC_X3Y1,VNOC,data_vc,0,5,1
2790000,2790,1,NOC_NPS_VNOC_X3Y0,VNOC,credit,1,-1,1
2790000,2790,1,NOC_NPS_VNOC_X3Y0,VNOC,data_vc,1,5,1
2791000,2791,0,NOC_NPS_VNOC_X3Y1,VNOC,credit,0,-1,1
2791000,2791,0,NOC_NPS_VNOC_X3Y1,VNOC,data_vc,0,5,1
2791000,2791,1,NOC_NPS_VNOC_X3Y0,VNOC,credit,1,-1,1
2791000,2791,1,NOC_NPS_VNOC_X3Y0,VNOC,data_vc,1,5,1
2792000,2792,0,NOC_NPS_VNOC_X3Y1,VNOC,credit,0,-1,1
2792000,2792,0,NOC_NPS_VNOC_X3Y1,VNOC,data_vc,0,5,1
2792000,2792,1,NOC_NPS_VNOC_X3Y0,VNOC,credit,1,-1,1
2792000,2792,1,NOC_NPS_VNOC_X3Y0,VNOC,data_vc,1,5,1
2793000,2793,0,NOC_NPS_VNOC_X3Y1,VNOC,credit,0,-1,1
2793000,2793,0,NOC_NPS_VNOC_X3Y1,VNOC,data_vc,0,5,1
2793000,2793,1,NOC_NPS_VNOC_X3Y0,VNOC,credit,1,-1,1
2793000,2793,1,NOC_NPS_VNOC_X3Y0,VNOC,data_vc,1,5,1
2794000,2794,0,NOC_NPS_VNOC_X3Y1,VNOC,credit,0,-1,1
2794000,2794,0,NOC_NPS_VNOC_X3Y1,VNOC,data_vc,0,5,1
2794000,2794,1,NOC_NPS_VNOC_X3Y0,VNOC,credit,1,-1,1
2794000,2794,1,NOC_NPS_VNOC_X3Y0,VNOC,data_vc,1,5,1
2795000,2795,0,NOC_NPS_VNOC_X3Y1,VNOC,credit,0,-1,1
2795000,2795,0,NOC_NPS_VNOC_X3Y1,VNOC,data_vc,0,5,1
2795000,2795,1,NOC_NPS_VNOC_X3Y0,VNOC,credit,1,-1,1
2795000,2795,1,NOC_NPS_VNOC_X3Y0,VNOC,data_vc,1,5,1
2796000,2796,0,NOC_NPS_VNOC_X3Y1,VNOC,credit,0,-1,1
2796000,2796,0,NOC_NPS_VNOC_X3Y1,VNOC,data_vc,0,5,1
2796000,2796,1,NOC_NPS_VNOC_X3Y0,VNOC,credit,1,-1,1
2796000,2796,1,NOC_NPS_VNOC_X3Y0,VNOC,data_vc,1,5,1
2797000,2797,0,NOC_NPS_VNOC_X3Y1,VNOC,credit,0,-1,1
2797000,2797,0,NOC_NPS_VNOC_X3Y1,VNOC,data_vc,0,5,1
2797000,2797,1,NOC_NPS_VNOC_X3Y0,VNOC,credit,1,-1,1
2797000,2797,1,NOC_NPS_VNOC_X3Y0,VNOC,data_vc,1,5,1
2798000,2798,0,NOC_NPS_VNOC_X3Y1,VNOC,credit,0,-1,1
2798000,2798,0,NOC_NPS_VNOC_X3Y1,VNOC,data_vc,0,5,1
2798000,2798,1,NOC_NPS_VNOC_X3Y0,VNOC,credit,1,-1,1
2798000,2798,1,NOC_NPS_VNOC_X3Y0,VNOC,data_vc,1,5,1
2799000,2799,0,NOC_NPS_VNOC_X3Y1,VNOC,credit,0,-1,1
2799000,2799,0,NOC_NPS_VNOC_X3Y1,VNOC,data_vc,0,5,1
2799000,2799,1,NOC_NPS_VNOC_X3Y0,VNOC,credit,1,-1,1
2799000,2799,1,NOC_NPS_VNOC_X3Y0,VNOC,data_vc,1,5,1
2800000,2800,0,NOC_NPS_VNOC_X3Y1,VNOC,credit,0,-1,1
2800000,2800,0,NOC_NPS_VNOC_X3Y1,VNOC,data_vc,0,5,1
2800000,2800,1,NOC_NPS_VNOC_X3Y0,VNOC,credit,1,-1,1
2800000,2800,1,NOC_NPS_VNOC_X3Y0,VNOC,data_vc,1,5,1
2801000,2801,0,NOC_NPS_VNOC_X3Y1,VNOC,credit,0,-1,1
2801000,2801,0,NOC_NPS_VNOC_X3Y1,VNOC,data_vc,0,5,1
2801000,2801,1,NOC_NPS_VNOC_X3Y0,VNOC,credit,1,-1,1
2801000,2801,1,NOC_NPS_VNOC_X3Y0,VNOC,data_vc,1,5,1
2802000,2802,0,NOC_NPS_VNOC_X3Y1,VNOC,credit,0,-1,1
2802000,2802,0,NOC_NPS_VNOC_X3Y1,VNOC,data_vc,0,5,1
2802000,2802,1,NOC_NPS_VNOC_X3Y0,VNOC,credit,1,-1,1
2802000,2802,1,NOC_NPS_VNOC_X3Y0,VNOC,data_vc,1,5,1
2803000,2803,0,NOC_NPS_VNOC_X3Y1,VNOC,credit,0,-1,1
2803000,2803,0,NOC_NPS_VNOC_X3Y1,VNOC,data_vc,0,5,1
2803000,2803,1,NOC_NPS_VNOC_X3Y0,VNOC,credit,1,-1,1
2803000,2803,1,NOC_NPS_VNOC_X3Y0,VNOC,data_vc,1,5,1
2804000,2804,0,NOC_NPS_VNOC_X3Y1,VNOC,credit,0,-1,1
2804000,2804,0,NOC_NPS_VNOC_X3Y1,VNOC,data_vc,0,5,1
2804000,2804,1,NOC_NPS_VNOC_X3Y0,VNOC,credit,1,-1,1
2804000,2804,1,NOC_NPS_VNOC_X3Y0,VNOC,data_vc,1,5,1
2805000,2805,0,NOC_NPS_VNOC_X3Y1,VNOC,credit,0,-1,1
2805000,2805,0,NOC_NPS_VNOC_X3Y1,VNOC,data_vc,0,5,1
2805000,2805,1,NOC_NPS_VNOC_X3Y0,VNOC,credit,1,-1,1
2805000,2805,1,NOC_NPS_VNOC_X3Y0,VNOC,data_vc,1,5,1
2806000,2806,0,NOC_NPS_VNOC_X3Y1,VNOC,credit,0,-1,1
2806000,2806,0,NOC_NPS_VNOC_X3Y1,VNOC,data_vc,0,5,1
2806000,2806,1,NOC_NPS_VNOC_X3Y0,VNOC,credit,1,-1,1
2806000,2806,1,NOC_NPS_VNOC_X3Y0,VNOC,data_vc,1,5,1
2807000,2807,0,NOC_NPS_VNOC_X3Y1,VNOC,credit,0,-1,1
2807000,2807,0,NOC_NPS_VNOC_X3Y1,VNOC,data_vc,0,5,1
2807000,2807,1,NOC_NPS_VNOC_X3Y0,VNOC,credit,1,-1,1
2807000,2807,1,NOC_NPS_VNOC_X3Y0,VNOC,data_vc,1,5,1
2808000,2808,0,NOC_NPS_VNOC_X3Y1,VNOC,credit,0,-1,1
2808000,2808,0,NOC_NPS_VNOC_X3Y1,VNOC,data_vc,0,5,1
2808000,2808,1,NOC_NPS_VNOC_X3Y0,VNOC,credit,1,-1,1
2808000,2808,1,NOC_NPS_VNOC_X3Y0,VNOC,data_vc,1,5,1
2809000,2809,0,NOC_NPS_VNOC_X3Y1,VNOC,credit,0,-1,1
2809000,2809,0,NOC_NPS_VNOC_X3Y1,VNOC,data_vc,0,5,1
2809000,2809,1,NOC_NPS_VNOC_X3Y0,VNOC,credit,1,-1,1
2809000,2809,1,NOC_NPS_VNOC_X3Y0,VNOC,data_vc,1,5,1
2810000,2810,0,NOC_NPS_VNOC_X3Y1,VNOC,credit,0,-1,1
2810000,2810,0,NOC_NPS_VNOC_X3Y1,VNOC,data_vc,0,5,1
2810000,2810,1,NOC_NPS_VNOC_X3Y0,VNOC,credit,1,-1,1
2810000,2810,1,NOC_NPS_VNOC_X3Y0,VNOC,data_vc,1,5,1
2811000,2811,0,NOC_NPS_VNOC_X3Y1,VNOC,credit,0,-1,1
2811000,2811,0,NOC_NPS_VNOC_X3Y1,VNOC,data_vc,0,5,1
2811000,2811,1,NOC_NPS_VNOC_X3Y0,VNOC,credit,1,-1,1
2811000,2811,1,NOC_NPS_VNOC_X3Y0,VNOC,data_vc,1,5,1
2812000,2812,0,NOC_NPS_VNOC_X3Y1,VNOC,credit,0,-1,1
2812000,2812,0,NOC_NPS_VNOC_X3Y1,VNOC,data_vc,0,5,1
2812000,2812,1,NOC_NPS_VNOC_X3Y0,VNOC,credit,1,-1,1
2812000,2812,1,NOC_NPS_VNOC_X3Y0,VNOC,data_vc,1,5,1
2813000,2813,0,NOC_NPS_VNOC_X3Y1,VNOC,credit,0,-1,1
2813000,2813,0,NOC_NPS_VNOC_X3Y1,VNOC,data_vc,0,5,1
2813000,2813,1,NOC_NPS_VNOC_X3Y0,VNOC,credit,1,-1,1
2813000,2813,1,NOC_NPS_VNOC_X3Y0,VNOC,data_vc,1,5,1
2814000,2814,0,NOC_NPS_VNOC_X3Y1,VNOC,credit,0,-1,1
2814000,2814,0,NOC_NPS_VNOC_X3Y1,VNOC,data_vc,0,5,1
2814000,2814,1,NOC_NPS_VNOC_X3Y0,VNOC,credit,1,-1,1
2814000,2814,1,NOC_NPS_VNOC_X3Y0,VNOC,data_vc,1,5,1
2815000,2815,0,NOC_NPS_VNOC_X3Y1,VNOC,credit,0,-1,1
2815000,2815,0,NOC_NPS_VNOC_X3Y1,VNOC,data_vc,0,5,1
2815000,2815,1,NOC_NPS_VNOC_X3Y0,VNOC,credit,1,-1,1
2815000,2815,1,NOC_NPS_VNOC_X3Y0,VNOC,data_vc,1,5,1
2816000,2816,0,NOC_NPS_VNOC_X3Y1,VNOC,credit,0,-1,1
2816000,2816,0,NOC_NPS_VNOC_X3Y1,VNOC,data_vc,0,5,1
2816000,2816,1,NOC_NPS_VNOC_X3Y0,VNOC,credit,1,-1,1
2816000,2816,1,NOC_NPS_VNOC_X3Y0,VNOC,data_vc,1,5,1
2817000,2817,0,NOC_NPS_VNOC_X3Y1,VNOC,credit,0,-1,1
2817000,2817,0,NOC_NPS_VNOC_X3Y1,VNOC,data_vc,0,5,1
2817000,2817,1,NOC_NPS_VNOC_X3Y0,VNOC,credit,1,-1,1
2817000,2817,1,NOC_NPS_VNOC_X3Y0,VNOC,data_vc,1,5,1
2818000,2818,0,NOC_NPS_VNOC_X3Y1,VNOC,credit,0,-1,1
2818000,2818,0,NOC_NPS_VNOC_X3Y1,VNOC,data_vc,0,5,1
2818000,2818,1,NOC_NPS_VNOC_X3Y0,VNOC,credit,1,-1,1
2818000,2818,1,NOC_NPS_VNOC_X3Y0,VNOC,data_vc,1,5,1
2819000,2819,0,NOC_NPS_VNOC_X3Y1,VNOC,credit,0,-1,1
2819000,2819,0,NOC_NPS_VNOC_X3Y1,VNOC,data_vc,0,5,1
2819000,2819,1,NOC_NPS_VNOC_X3Y0,VNOC,credit,1,-1,1
2819000,2819,1,NOC_NPS_VNOC_X3Y0,VNOC,data_vc,1,5,1
2820000,2820,0,NOC_NPS_VNOC_X3Y1,VNOC,credit,0,-1,1
2820000,2820,0,NOC_NPS_VNOC_X3Y1,VNOC,data_vc,0,5,1
2820000,2820,1,NOC_NPS_VNOC_X3Y0,VNOC,credit,1,-1,1
2820000,2820,1,NOC_NPS_VNOC_X3Y0,VNOC,data_vc,1,5,1
2821000,2821,0,NOC_NPS_VNOC_X3Y1,VNOC,credit,0,-1,1
2821000,2821,0,NOC_NPS_VNOC_X3Y1,VNOC,data_vc,0,5,1
2821000,2821,1,NOC_NPS_VNOC_X3Y0,VNOC,credit,1,-1,1
2821000,2821,1,NOC_NPS_VNOC_X3Y0,VNOC,data_vc,1,5,1
2822000,2822,0,NOC_NPS_VNOC_X3Y1,VNOC,credit,0,-1,1
2822000,2822,0,NOC_NPS_VNOC_X3Y1,VNOC,data_vc,0,5,1
2822000,2822,1,NOC_NPS_VNOC_X3Y0,VNOC,credit,1,-1,1
2822000,2822,1,NOC_NPS_VNOC_X3Y0,VNOC,data_vc,1,5,1
2823000,2823,0,NOC_NPS_VNOC_X3Y1,VNOC,credit,0,-1,1
2823000,2823,0,NOC_NPS_VNOC_X3Y1,VNOC,data_vc,0,5,1
2823000,2823,1,NOC_NPS_VNOC_X3Y0,VNOC,credit,1,-1,1
2823000,2823,1,NOC_NPS_VNOC_X3Y0,VNOC,data_vc,1,5,1
2824000,2824,0,NOC_NPS_VNOC_X3Y1,VNOC,credit,0,-1,1
2824000,2824,0,NOC_NPS_VNOC_X3Y1,VNOC,data_vc,0,5,1
2824000,2824,1,NOC_NPS_VNOC_X3Y0,VNOC,credit,1,-1,1
2824000,2824,1,NOC_NPS_VNOC_X3Y0,VNOC,data_vc,1,5,1
2825000,2825,0,NOC_NPS_VNOC_X3Y1,VNOC,credit,0,-1,1
2825000,2825,0,NOC_NPS_VNOC_X3Y1,VNOC,data_vc,0,5,1
2825000,2825,1,NOC_NPS_VNOC_X3Y0,VNOC,credit,1,-1,1
2825000,2825,1,NOC_NPS_VNOC_X3Y0,VNOC,data_vc,1,5,1
2826000,2826,0,NOC_NPS_VNOC_X3Y1,VNOC,credit,0,-1,1
2826000,2826,0,NOC_NPS_VNOC_X3Y1,VNOC,data_vc,0,5,1
2826000,2826,1,NOC_NPS_VNOC_X3Y0,VNOC,credit,1,-1,1
2826000,2826,1,NOC_NPS_VNOC_X3Y0,VNOC,data_vc,1,5,1
2827000,2827,0,NOC_NPS_VNOC_X3Y1,VNOC,data_vc,0,5,1
2827000,2827,1,NOC_NPS_VNOC_X3Y0,VNOC,credit,1,-1,1
2827000,2827,1,NOC_NPS_VNOC_X3Y0,VNOC,data_vc,1,5,1
2828000,2828,0,NOC_NPS_VNOC_X3Y1,VNOC,data_vc,0,5,1
2828000,2828,1,NOC_NPS_VNOC_X3Y0,VNOC,credit,1,-1,1
2828000,2828,1,NOC_NPS_VNOC_X3Y0,VNOC,data_vc,1,5,1
2829000,2829,0,NOC_NPS_VNOC_X3Y1,VNOC,credit,0,-1,1
2829000,2829,0,NOC_NPS_VNOC_X3Y1,VNOC,data_vc,0,5,1
2829000,2829,1,NOC_NPS_VNOC_X3Y0,VNOC,data_vc,1,5,1
2830000,2830,0,NOC_NPS_VNOC_X3Y1,VNOC,credit,0,-1,1
2830000,2830,0,NOC_NPS_VNOC_X3Y1,VNOC,data_vc,0,5,1
2830000,2830,1,NOC_NPS_VNOC_X3Y0,VNOC,data_vc,1,5,1
2831000,2831,0,NOC_NPS_VNOC_X3Y1,VNOC,credit,0,-1,1
2831000,2831,0,NOC_NPS_VNOC_X3Y1,VNOC,data_vc,0,5,1
2831000,2831,1,NOC_NPS_VNOC_X3Y0,VNOC,credit,1,-1,1
2831000,2831,1,NOC_NPS_VNOC_X3Y0,VNOC,data_vc,1,5,1
2832000,2832,0,NOC_NPS_VNOC_X3Y1,VNOC,credit,0,-1,1
2832000,2832,0,NOC_NPS_VNOC_X3Y1,VNOC,data_vc,0,5,1
2832000,2832,1,NOC_NPS_VNOC_X3Y0,VNOC,credit,1,-1,1
2832000,2832,1,NOC_NPS_VNOC_X3Y0,VNOC,data_vc,1,5,1
2833000,2833,0,NOC_NPS_VNOC_X3Y1,VNOC,credit,0,-1,1
2833000,2833,0,NOC_NPS_VNOC_X3Y1,VNOC,data_vc,0,5,1
2833000,2833,1,NOC_NPS_VNOC_X3Y0,VNOC,credit,1,-1,1
2833000,2833,1,NOC_NPS_VNOC_X3Y0,VNOC,data_vc,1,5,1
2834000,2834,0,NOC_NPS_VNOC_X3Y1,VNOC,credit,0,-1,1
2834000,2834,0,NOC_NPS_VNOC_X3Y1,VNOC,data_vc,0,5,1
2834000,2834,1,NOC_NPS_VNOC_X3Y0,VNOC,credit,1,-1,1
2834000,2834,1,NOC_NPS_VNOC_X3Y0,VNOC,data_vc,1,5,1
2835000,2835,0,NOC_NPS_VNOC_X3Y1,VNOC,credit,0,-1,1
2835000,2835,0,NOC_NPS_VNOC_X3Y1,VNOC,data_vc,0,5,1
2835000,2835,1,NOC_NPS_VNOC_X3Y0,VNOC,credit,1,-1,1
2835000,2835,1,NOC_NPS_VNOC_X3Y0,VNOC,data_vc,1,5,1
2836000,2836,0,NOC_NPS_VNOC_X3Y1,VNOC,credit,0,-1,1
2836000,2836,0,NOC_NPS_VNOC_X3Y1,VNOC,data_vc,0,5,1
2836000,2836,1,NOC_NPS_VNOC_X3Y0,VNOC,credit,1,-1,1
2836000,2836,1,NOC_NPS_VNOC_X3Y0,VNOC,data_vc,1,5,1
2837000,2837,0,NOC_NPS_VNOC_X3Y1,VNOC,credit,0,-1,1
2837000,2837,0,NOC_NPS_VNOC_X3Y1,VNOC,data_vc,0,5,1
2837000,2837,1,NOC_NPS_VNOC_X3Y0,VNOC,credit,1,-1,1
2837000,2837,1,NOC_NPS_VNOC_X3Y0,VNOC,data_vc,1,5,1
2838000,2838,0,NOC_NPS_VNOC_X3Y1,VNOC,credit,0,-1,1
2838000,2838,0,NOC_NPS_VNOC_X3Y1,VNOC,data_vc,0,5,1
2838000,2838,1,NOC_NPS_VNOC_X3Y0,VNOC,credit,1,-1,1
2838000,2838,1,NOC_NPS_VNOC_X3Y0,VNOC,data_vc,1,5,1
2839000,2839,0,NOC_NPS_VNOC_X3Y1,VNOC,credit,0,-1,1
2839000,2839,0,NOC_NPS_VNOC_X3Y1,VNOC,data_vc,0,5,1
2839000,2839,1,NOC_NPS_VNOC_X3Y0,VNOC,credit,1,-1,1
2839000,2839,1,NOC_NPS_VNOC_X3Y0,VNOC,data_vc,1,5,1
2840000,2840,0,NOC_NPS_VNOC_X3Y1,VNOC,credit,0,-1,1
2840000,2840,0,NOC_NPS_VNOC_X3Y1,VNOC,data_vc,0,5,1
2840000,2840,1,NOC_NPS_VNOC_X3Y0,VNOC,credit,1,-1,1
2840000,2840,1,NOC_NPS_VNOC_X3Y0,VNOC,data_vc,1,5,1
2841000,2841,0,NOC_NPS_VNOC_X3Y1,VNOC,credit,0,-1,1
2841000,2841,0,NOC_NPS_VNOC_X3Y1,VNOC,data_vc,0,5,1
2841000,2841,1,NOC_NPS_VNOC_X3Y0,VNOC,credit,1,-1,1
2841000,2841,1,NOC_NPS_VNOC_X3Y0,VNOC,data_vc,1,5,1
2842000,2842,0,NOC_NPS_VNOC_X3Y1,VNOC,credit,0,-1,1
2842000,2842,0,NOC_NPS_VNOC_X3Y1,VNOC,data_vc,0,5,1
2842000,2842,1,NOC_NPS_VNOC_X3Y0,VNOC,credit,1,-1,1
2842000,2842,1,NOC_NPS_VNOC_X3Y0,VNOC,data_vc,1,5,1
2843000,2843,0,NOC_NPS_VNOC_X3Y1,VNOC,credit,0,-1,1
2843000,2843,0,NOC_NPS_VNOC_X3Y1,VNOC,data_vc,0,5,1
2843000,2843,1,NOC_NPS_VNOC_X3Y0,VNOC,credit,1,-1,1
2843000,2843,1,NOC_NPS_VNOC_X3Y0,VNOC,data_vc,1,5,1
2844000,2844,0,NOC_NPS_VNOC_X3Y1,VNOC,credit,0,-1,1
2844000,2844,0,NOC_NPS_VNOC_X3Y1,VNOC,data_vc,0,5,1
2844000,2844,1,NOC_NPS_VNOC_X3Y0,VNOC,credit,1,-1,1
2844000,2844,1,NOC_NPS_VNOC_X3Y0,VNOC,data_vc,1,5,1
2845000,2845,0,NOC_NPS_VNOC_X3Y1,VNOC,credit,0,-1,1
2845000,2845,0,NOC_NPS_VNOC_X3Y1,VNOC,data_vc,0,5,1
2845000,2845,1,NOC_NPS_VNOC_X3Y0,VNOC,credit,1,-1,1
2845000,2845,1,NOC_NPS_VNOC_X3Y0,VNOC,data_vc,1,5,1
2846000,2846,0,NOC_NPS_VNOC_X3Y1,VNOC,credit,0,-1,1
2846000,2846,0,NOC_NPS_VNOC_X3Y1,VNOC,data_vc,0,5,1
2846000,2846,1,NOC_NPS_VNOC_X3Y0,VNOC,credit,1,-1,1
2846000,2846,1,NOC_NPS_VNOC_X3Y0,VNOC,data_vc,1,5,1
2847000,2847,0,NOC_NPS_VNOC_X3Y1,VNOC,credit,0,-1,1
2847000,2847,0,NOC_NPS_VNOC_X3Y1,VNOC,data_vc,0,5,1
2847000,2847,1,NOC_NPS_VNOC_X3Y0,VNOC,credit,1,-1,1
2847000,2847,1,NOC_NPS_VNOC_X3Y0,VNOC,data_vc,1,5,1
2848000,2848,0,NOC_NPS_VNOC_X3Y1,VNOC,credit,0,-1,1
2848000,2848,0,NOC_NPS_VNOC_X3Y1,VNOC,data_vc,0,5,1
2848000,2848,1,NOC_NPS_VNOC_X3Y0,VNOC,credit,1,-1,1
2848000,2848,1,NOC_NPS_VNOC_X3Y0,VNOC,data_vc,1,5,1
2849000,2849,0,NOC_NPS_VNOC_X3Y1,VNOC,credit,0,-1,1
2849000,2849,0,NOC_NPS_VNOC_X3Y1,VNOC,data_vc,0,5,1
2849000,2849,1,NOC_NPS_VNOC_X3Y0,VNOC,credit,1,-1,1
2849000,2849,1,NOC_NPS_VNOC_X3Y0,VNOC,data_vc,1,5,1
2850000,2850,0,NOC_NPS_VNOC_X3Y1,VNOC,credit,0,-1,1
2850000,2850,0,NOC_NPS_VNOC_X3Y1,VNOC,data_vc,0,5,1
2850000,2850,1,NOC_NPS_VNOC_X3Y0,VNOC,credit,1,-1,1
2850000,2850,1,NOC_NPS_VNOC_X3Y0,VNOC,data_vc,1,5,1
2851000,2851,0,NOC_NPS_VNOC_X3Y1,VNOC,credit,0,-1,1
2851000,2851,0,NOC_NPS_VNOC_X3Y1,VNOC,data_vc,0,5,1
2851000,2851,1,NOC_NPS_VNOC_X3Y0,VNOC,credit,1,-1,1
2851000,2851,1,NOC_NPS_VNOC_X3Y0,VNOC,data_vc,1,5,1
2852000,2852,0,NOC_NPS_VNOC_X3Y1,VNOC,credit,0,-1,1
2852000,2852,0,NOC_NPS_VNOC_X3Y1,VNOC,data_vc,0,5,1
2852000,2852,1,NOC_NPS_VNOC_X3Y0,VNOC,credit,1,-1,1
2852000,2852,1,NOC_NPS_VNOC_X3Y0,VNOC,data_vc,1,5,1
2853000,2853,0,NOC_NPS_VNOC_X3Y1,VNOC,credit,0,-1,1
2853000,2853,0,NOC_NPS_VNOC_X3Y1,VNOC,data_vc,0,5,1
2853000,2853,1,NOC_NPS_VNOC_X3Y0,VNOC,credit,1,-1,1
2853000,2853,1,NOC_NPS_VNOC_X3Y0,VNOC,data_vc,1,5,1
2854000,2854,0,NOC_NPS_VNOC_X3Y1,VNOC,credit,0,-1,1
2854000,2854,0,NOC_NPS_VNOC_X3Y1,VNOC,data_vc,0,5,1
2854000,2854,1,NOC_NPS_VNOC_X3Y0,VNOC,credit,1,-1,1
2854000,2854,1,NOC_NPS_VNOC_X3Y0,VNOC,data_vc,1,5,1
2855000,2855,0,NOC_NPS_VNOC_X3Y1,VNOC,credit,0,-1,1
2855000,2855,0,NOC_NPS_VNOC_X3Y1,VNOC,data_vc,0,5,1
2855000,2855,1,NOC_NPS_VNOC_X3Y0,VNOC,credit,1,-1,1
2855000,2855,1,NOC_NPS_VNOC_X3Y0,VNOC,data_vc,1,5,1
2856000,2856,0,NOC_NPS_VNOC_X3Y1,VNOC,credit,0,-1,1
2856000,2856,0,NOC_NPS_VNOC_X3Y1,VNOC,data_vc,0,5,1
2856000,2856,1,NOC_NPS_VNOC_X3Y0,VNOC,credit,1,-1,1
2856000,2856,1,NOC_NPS_VNOC_X3Y0,VNOC,data_vc,1,5,1
2857000,2857,0,NOC_NPS_VNOC_X3Y1,VNOC,credit,0,-1,1
2857000,2857,0,NOC_NPS_VNOC_X3Y1,VNOC,data_vc,0,5,1
2857000,2857,1,NOC_NPS_VNOC_X3Y0,VNOC,credit,1,-1,1
2857000,2857,1,NOC_NPS_VNOC_X3Y0,VNOC,data_vc,1,5,1
2858000,2858,0,NOC_NPS_VNOC_X3Y1,VNOC,credit,0,-1,1
2858000,2858,0,NOC_NPS_VNOC_X3Y1,VNOC,data_vc,0,5,1
2858000,2858,1,NOC_NPS_VNOC_X3Y0,VNOC,credit,1,-1,1
2858000,2858,1,NOC_NPS_VNOC_X3Y0,VNOC,data_vc,1,5,1
2859000,2859,0,NOC_NPS_VNOC_X3Y1,VNOC,credit,0,-1,1
2859000,2859,0,NOC_NPS_VNOC_X3Y1,VNOC,data_vc,0,5,1
2859000,2859,1,NOC_NPS_VNOC_X3Y0,VNOC,credit,1,-1,1
2859000,2859,1,NOC_NPS_VNOC_X3Y0,VNOC,data_vc,1,5,1
2860000,2860,0,NOC_NPS_VNOC_X3Y1,VNOC,credit,0,-1,1
2860000,2860,0,NOC_NPS_VNOC_X3Y1,VNOC,data_vc,0,5,1
2860000,2860,1,NOC_NPS_VNOC_X3Y0,VNOC,credit,1,-1,1
2860000,2860,1,NOC_NPS_VNOC_X3Y0,VNOC,data_vc,1,5,1
2861000,2861,0,NOC_NPS_VNOC_X3Y1,VNOC,credit,0,-1,1
2861000,2861,0,NOC_NPS_VNOC_X3Y1,VNOC,data_vc,0,5,1
2861000,2861,1,NOC_NPS_VNOC_X3Y0,VNOC,credit,1,-1,1
2861000,2861,1,NOC_NPS_VNOC_X3Y0,VNOC,data_vc,1,5,1
2862000,2862,0,NOC_NPS_VNOC_X3Y1,VNOC,credit,0,-1,1
2862000,2862,0,NOC_NPS_VNOC_X3Y1,VNOC,data_vc,0,5,1
2862000,2862,1,NOC_NPS_VNOC_X3Y0,VNOC,credit,1,-1,1
2862000,2862,1,NOC_NPS_VNOC_X3Y0,VNOC,data_vc,1,5,1
2863000,2863,0,NOC_NPS_VNOC_X3Y1,VNOC,credit,0,-1,1
2863000,2863,0,NOC_NPS_VNOC_X3Y1,VNOC,data_vc,0,5,1
2863000,2863,1,NOC_NPS_VNOC_X3Y0,VNOC,credit,1,-1,1
2863000,2863,1,NOC_NPS_VNOC_X3Y0,VNOC,data_vc,1,5,1
2864000,2864,0,NOC_NPS_VNOC_X3Y1,VNOC,credit,0,-1,1
2864000,2864,0,NOC_NPS_VNOC_X3Y1,VNOC,data_vc,0,5,1
2864000,2864,1,NOC_NPS_VNOC_X3Y0,VNOC,credit,1,-1,1
2864000,2864,1,NOC_NPS_VNOC_X3Y0,VNOC,data_vc,1,5,1
2865000,2865,0,NOC_NPS_VNOC_X3Y1,VNOC,credit,0,-1,1
2865000,2865,0,NOC_NPS_VNOC_X3Y1,VNOC,data_vc,0,5,1
2865000,2865,1,NOC_NPS_VNOC_X3Y0,VNOC,credit,1,-1,1
2865000,2865,1,NOC_NPS_VNOC_X3Y0,VNOC,data_vc,1,5,1
2866000,2866,0,NOC_NPS_VNOC_X3Y1,VNOC,credit,0,-1,1
2866000,2866,0,NOC_NPS_VNOC_X3Y1,VNOC,data_vc,0,5,1
2866000,2866,1,NOC_NPS_VNOC_X3Y0,VNOC,credit,1,-1,1
2866000,2866,1,NOC_NPS_VNOC_X3Y0,VNOC,data_vc,1,5,1
2867000,2867,0,NOC_NPS_VNOC_X3Y1,VNOC,credit,0,-1,1
2867000,2867,0,NOC_NPS_VNOC_X3Y1,VNOC,data_vc,0,5,1
2867000,2867,1,NOC_NPS_VNOC_X3Y0,VNOC,credit,1,-1,1
2867000,2867,1,NOC_NPS_VNOC_X3Y0,VNOC,data_vc,1,5,1
2868000,2868,0,NOC_NPS_VNOC_X3Y1,VNOC,credit,0,-1,1
2868000,2868,0,NOC_NPS_VNOC_X3Y1,VNOC,data_vc,0,5,1
2868000,2868,1,NOC_NPS_VNOC_X3Y0,VNOC,credit,1,-1,1
2868000,2868,1,NOC_NPS_VNOC_X3Y0,VNOC,data_vc,1,5,1
2869000,2869,0,NOC_NPS_VNOC_X3Y1,VNOC,credit,0,-1,1
2869000,2869,0,NOC_NPS_VNOC_X3Y1,VNOC,data_vc,0,5,1
2869000,2869,1,NOC_NPS_VNOC_X3Y0,VNOC,credit,1,-1,1
2869000,2869,1,NOC_NPS_VNOC_X3Y0,VNOC,data_vc,1,5,1
2870000,2870,0,NOC_NPS_VNOC_X3Y1,VNOC,credit,0,-1,1
2870000,2870,0,NOC_NPS_VNOC_X3Y1,VNOC,data_vc,0,5,1
2870000,2870,1,NOC_NPS_VNOC_X3Y0,VNOC,credit,1,-1,1
2870000,2870,1,NOC_NPS_VNOC_X3Y0,VNOC,data_vc,1,5,1
2871000,2871,0,NOC_NPS_VNOC_X3Y1,VNOC,credit,0,-1,1
2871000,2871,0,NOC_NPS_VNOC_X3Y1,VNOC,data_vc,0,5,1
2871000,2871,1,NOC_NPS_VNOC_X3Y0,VNOC,credit,1,-1,1
2871000,2871,1,NOC_NPS_VNOC_X3Y0,VNOC,data_vc,1,5,1
2872000,2872,0,NOC_NPS_VNOC_X3Y1,VNOC,credit,0,-1,1
2872000,2872,0,NOC_NPS_VNOC_X3Y1,VNOC,data_vc,0,5,1
2872000,2872,1,NOC_NPS_VNOC_X3Y0,VNOC,credit,1,-1,1
2872000,2872,1,NOC_NPS_VNOC_X3Y0,VNOC,data_vc,1,5,1
2873000,2873,0,NOC_NPS_VNOC_X3Y1,VNOC,credit,0,-1,1
2873000,2873,0,NOC_NPS_VNOC_X3Y1,VNOC,data_vc,0,5,1
2873000,2873,1,NOC_NPS_VNOC_X3Y0,VNOC,credit,1,-1,1
2873000,2873,1,NOC_NPS_VNOC_X3Y0,VNOC,data_vc,1,5,1
2874000,2874,0,NOC_NPS_VNOC_X3Y1,VNOC,credit,0,-1,1
2874000,2874,0,NOC_NPS_VNOC_X3Y1,VNOC,data_vc,0,5,1
2874000,2874,1,NOC_NPS_VNOC_X3Y0,VNOC,credit,1,-1,1
2874000,2874,1,NOC_NPS_VNOC_X3Y0,VNOC,data_vc,1,5,1
2875000,2875,0,NOC_NPS_VNOC_X3Y1,VNOC,credit,0,-1,1
2875000,2875,0,NOC_NPS_VNOC_X3Y1,VNOC,data_vc,0,5,1
2875000,2875,1,NOC_NPS_VNOC_X3Y0,VNOC,credit,1,-1,1
2875000,2875,1,NOC_NPS_VNOC_X3Y0,VNOC,data_vc,1,5,1
2876000,2876,0,NOC_NPS_VNOC_X3Y1,VNOC,credit,0,-1,1
2876000,2876,0,NOC_NPS_VNOC_X3Y1,VNOC,data_vc,0,5,1
2876000,2876,1,NOC_NPS_VNOC_X3Y0,VNOC,credit,1,-1,1
2876000,2876,1,NOC_NPS_VNOC_X3Y0,VNOC,data_vc,1,5,1
2877000,2877,0,NOC_NPS_VNOC_X3Y1,VNOC,credit,0,-1,1
2877000,2877,0,NOC_NPS_VNOC_X3Y1,VNOC,data_vc,0,5,1
2877000,2877,1,NOC_NPS_VNOC_X3Y0,VNOC,credit,1,-1,1
2877000,2877,1,NOC_NPS_VNOC_X3Y0,VNOC,data_vc,1,5,1
2878000,2878,0,NOC_NPS_VNOC_X3Y1,VNOC,credit,0,-1,1
2878000,2878,0,NOC_NPS_VNOC_X3Y1,VNOC,data_vc,0,5,1
2878000,2878,1,NOC_NPS_VNOC_X3Y0,VNOC,credit,1,-1,1
2878000,2878,1,NOC_NPS_VNOC_X3Y0,VNOC,data_vc,1,5,1
2879000,2879,0,NOC_NPS_VNOC_X3Y1,VNOC,credit,0,-1,1
2879000,2879,0,NOC_NPS_VNOC_X3Y1,VNOC,data_vc,0,5,1
2879000,2879,1,NOC_NPS_VNOC_X3Y0,VNOC,credit,1,-1,1
2879000,2879,1,NOC_NPS_VNOC_X3Y0,VNOC,data_vc,1,5,1
2880000,2880,0,NOC_NPS_VNOC_X3Y1,VNOC,credit,0,-1,1
2880000,2880,0,NOC_NPS_VNOC_X3Y1,VNOC,data_vc,0,5,1
2880000,2880,1,NOC_NPS_VNOC_X3Y0,VNOC,credit,1,-1,1
2880000,2880,1,NOC_NPS_VNOC_X3Y0,VNOC,data_vc,1,5,1
2881000,2881,0,NOC_NPS_VNOC_X3Y1,VNOC,credit,0,-1,1
2881000,2881,0,NOC_NPS_VNOC_X3Y1,VNOC,data_vc,0,5,1
2881000,2881,1,NOC_NPS_VNOC_X3Y0,VNOC,credit,1,-1,1
2881000,2881,1,NOC_NPS_VNOC_X3Y0,VNOC,data_vc,1,5,1
2882000,2882,0,NOC_NPS_VNOC_X3Y1,VNOC,credit,0,-1,1
2882000,2882,0,NOC_NPS_VNOC_X3Y1,VNOC,data_vc,0,5,1
2882000,2882,1,NOC_NPS_VNOC_X3Y0,VNOC,credit,1,-1,1
2882000,2882,1,NOC_NPS_VNOC_X3Y0,VNOC,data_vc,1,5,1
2883000,2883,0,NOC_NPS_VNOC_X3Y1,VNOC,credit,0,-1,1
2883000,2883,0,NOC_NPS_VNOC_X3Y1,VNOC,data_vc,0,5,1
2883000,2883,1,NOC_NPS_VNOC_X3Y0,VNOC,credit,1,-1,1
2883000,2883,1,NOC_NPS_VNOC_X3Y0,VNOC,data_vc,1,5,1
2884000,2884,0,NOC_NPS_VNOC_X3Y1,VNOC,credit,0,-1,1
2884000,2884,0,NOC_NPS_VNOC_X3Y1,VNOC,data_vc,0,5,1
2884000,2884,1,NOC_NPS_VNOC_X3Y0,VNOC,credit,1,-1,1
2884000,2884,1,NOC_NPS_VNOC_X3Y0,VNOC,data_vc,1,5,1
2885000,2885,0,NOC_NPS_VNOC_X3Y1,VNOC,credit,0,-1,1
2885000,2885,0,NOC_NPS_VNOC_X3Y1,VNOC,data_vc,0,5,1
2885000,2885,1,NOC_NPS_VNOC_X3Y0,VNOC,credit,1,-1,1
2885000,2885,1,NOC_NPS_VNOC_X3Y0,VNOC,data_vc,1,5,1
2886000,2886,0,NOC_NPS_VNOC_X3Y1,VNOC,credit,0,-1,1
2886000,2886,0,NOC_NPS_VNOC_X3Y1,VNOC,data_vc,0,5,1
2886000,2886,1,NOC_NPS_VNOC_X3Y0,VNOC,credit,1,-1,1
2886000,2886,1,NOC_NPS_VNOC_X3Y0,VNOC,data_vc,1,5,1
2887000,2887,0,NOC_NPS_VNOC_X3Y1,VNOC,credit,0,-1,1
2887000,2887,0,NOC_NPS_VNOC_X3Y1,VNOC,data_vc,0,5,1
2887000,2887,1,NOC_NPS_VNOC_X3Y0,VNOC,credit,1,-1,1
2887000,2887,1,NOC_NPS_VNOC_X3Y0,VNOC,data_vc,1,5,1
2888000,2888,0,NOC_NPS_VNOC_X3Y1,VNOC,credit,0,-1,1
2888000,2888,0,NOC_NPS_VNOC_X3Y1,VNOC,data_vc,0,5,1
2888000,2888,1,NOC_NPS_VNOC_X3Y0,VNOC,credit,1,-1,1
2888000,2888,1,NOC_NPS_VNOC_X3Y0,VNOC,data_vc,1,5,1
2889000,2889,0,NOC_NPS_VNOC_X3Y1,VNOC,credit,0,-1,1
2889000,2889,0,NOC_NPS_VNOC_X3Y1,VNOC,data_vc,0,5,1
2889000,2889,1,NOC_NPS_VNOC_X3Y0,VNOC,credit,1,-1,1
2889000,2889,1,NOC_NPS_VNOC_X3Y0,VNOC,data_vc,1,5,1
2890000,2890,0,NOC_NPS_VNOC_X3Y1,VNOC,credit,0,-1,1
2890000,2890,0,NOC_NPS_VNOC_X3Y1,VNOC,data_vc,0,5,1
2890000,2890,1,NOC_NPS_VNOC_X3Y0,VNOC,credit,1,-1,1
2890000,2890,1,NOC_NPS_VNOC_X3Y0,VNOC,data_vc,1,5,1
2891000,2891,0,NOC_NPS_VNOC_X3Y1,VNOC,credit,0,-1,1
2891000,2891,0,NOC_NPS_VNOC_X3Y1,VNOC,data_vc,0,5,1
2891000,2891,1,NOC_NPS_VNOC_X3Y0,VNOC,credit,1,-1,1
2891000,2891,1,NOC_NPS_VNOC_X3Y0,VNOC,data_vc,1,5,1
2892000,2892,0,NOC_NPS_VNOC_X3Y1,VNOC,credit,0,-1,1
2892000,2892,0,NOC_NPS_VNOC_X3Y1,VNOC,data_vc,0,5,1
2892000,2892,1,NOC_NPS_VNOC_X3Y0,VNOC,credit,1,-1,1
2892000,2892,1,NOC_NPS_VNOC_X3Y0,VNOC,data_vc,1,5,1
2893000,2893,0,NOC_NPS_VNOC_X3Y1,VNOC,credit,0,-1,1
2893000,2893,0,NOC_NPS_VNOC_X3Y1,VNOC,data_vc,0,5,1
2893000,2893,1,NOC_NPS_VNOC_X3Y0,VNOC,credit,1,-1,1
2893000,2893,1,NOC_NPS_VNOC_X3Y0,VNOC,data_vc,1,5,1
2894000,2894,0,NOC_NPS_VNOC_X3Y1,VNOC,credit,0,-1,1
2894000,2894,0,NOC_NPS_VNOC_X3Y1,VNOC,data_vc,0,5,1
2894000,2894,1,NOC_NPS_VNOC_X3Y0,VNOC,credit,1,-1,1
2894000,2894,1,NOC_NPS_VNOC_X3Y0,VNOC,data_vc,1,5,1
2895000,2895,0,NOC_NPS_VNOC_X3Y1,VNOC,credit,0,-1,1
2895000,2895,0,NOC_NPS_VNOC_X3Y1,VNOC,data_vc,0,5,1
2895000,2895,1,NOC_NPS_VNOC_X3Y0,VNOC,credit,1,-1,1
2895000,2895,1,NOC_NPS_VNOC_X3Y0,VNOC,data_vc,1,5,1
2896000,2896,0,NOC_NPS_VNOC_X3Y1,VNOC,credit,0,-1,1
2896000,2896,0,NOC_NPS_VNOC_X3Y1,VNOC,data_vc,0,5,1
2896000,2896,1,NOC_NPS_VNOC_X3Y0,VNOC,credit,1,-1,1
2896000,2896,1,NOC_NPS_VNOC_X3Y0,VNOC,data_vc,1,5,1
2897000,2897,0,NOC_NPS_VNOC_X3Y1,VNOC,credit,0,-1,1
2897000,2897,0,NOC_NPS_VNOC_X3Y1,VNOC,data_vc,0,5,1
2897000,2897,1,NOC_NPS_VNOC_X3Y0,VNOC,credit,1,-1,1
2897000,2897,1,NOC_NPS_VNOC_X3Y0,VNOC,data_vc,1,5,1
2898000,2898,0,NOC_NPS_VNOC_X3Y1,VNOC,credit,0,-1,1
2898000,2898,0,NOC_NPS_VNOC_X3Y1,VNOC,data_vc,0,5,1
2898000,2898,1,NOC_NPS_VNOC_X3Y0,VNOC,credit,1,-1,1
2898000,2898,1,NOC_NPS_VNOC_X3Y0,VNOC,data_vc,1,5,1
2899000,2899,0,NOC_NPS_VNOC_X3Y1,VNOC,credit,0,-1,1
2899000,2899,0,NOC_NPS_VNOC_X3Y1,VNOC,data_vc,0,5,1
2899000,2899,1,NOC_NPS_VNOC_X3Y0,VNOC,credit,1,-1,1
2899000,2899,1,NOC_NPS_VNOC_X3Y0,VNOC,data_vc,1,5,1
2900000,2900,0,NOC_NPS_VNOC_X3Y1,VNOC,credit,0,-1,1
2900000,2900,0,NOC_NPS_VNOC_X3Y1,VNOC,data_vc,0,5,1
2900000,2900,1,NOC_NPS_VNOC_X3Y0,VNOC,credit,1,-1,1
2900000,2900,1,NOC_NPS_VNOC_X3Y0,VNOC,data_vc,1,5,1
2901000,2901,0,NOC_NPS_VNOC_X3Y1,VNOC,credit,0,-1,1
2901000,2901,0,NOC_NPS_VNOC_X3Y1,VNOC,data_vc,0,5,1
2901000,2901,1,NOC_NPS_VNOC_X3Y0,VNOC,credit,1,-1,1
2901000,2901,1,NOC_NPS_VNOC_X3Y0,VNOC,data_vc,1,5,1
2902000,2902,0,NOC_NPS_VNOC_X3Y1,VNOC,credit,0,-1,1
2902000,2902,0,NOC_NPS_VNOC_X3Y1,VNOC,data_vc,0,5,1
2902000,2902,1,NOC_NPS_VNOC_X3Y0,VNOC,credit,1,-1,1
2902000,2902,1,NOC_NPS_VNOC_X3Y0,VNOC,data_vc,1,5,1
2903000,2903,0,NOC_NPS_VNOC_X3Y1,VNOC,credit,0,-1,1
2903000,2903,0,NOC_NPS_VNOC_X3Y1,VNOC,data_vc,0,5,1
2903000,2903,1,NOC_NPS_VNOC_X3Y0,VNOC,credit,1,-1,1
2903000,2903,1,NOC_NPS_VNOC_X3Y0,VNOC,data_vc,1,5,1
2904000,2904,0,NOC_NPS_VNOC_X3Y1,VNOC,credit,0,-1,1
2904000,2904,0,NOC_NPS_VNOC_X3Y1,VNOC,data_vc,0,5,1
2904000,2904,1,NOC_NPS_VNOC_X3Y0,VNOC,credit,1,-1,1
2904000,2904,1,NOC_NPS_VNOC_X3Y0,VNOC,data_vc,1,5,1
2905000,2905,0,NOC_NPS_VNOC_X3Y1,VNOC,credit,0,-1,1
2905000,2905,0,NOC_NPS_VNOC_X3Y1,VNOC,data_vc,0,5,1
2905000,2905,1,NOC_NPS_VNOC_X3Y0,VNOC,credit,1,-1,1
2905000,2905,1,NOC_NPS_VNOC_X3Y0,VNOC,data_vc,1,5,1
2906000,2906,0,NOC_NPS_VNOC_X3Y1,VNOC,credit,0,-1,1
2906000,2906,0,NOC_NPS_VNOC_X3Y1,VNOC,data_vc,0,5,1
2906000,2906,1,NOC_NPS_VNOC_X3Y0,VNOC,credit,1,-1,1
2906000,2906,1,NOC_NPS_VNOC_X3Y0,VNOC,data_vc,1,5,1
2907000,2907,0,NOC_NPS_VNOC_X3Y1,VNOC,credit,0,-1,1
2907000,2907,0,NOC_NPS_VNOC_X3Y1,VNOC,data_vc,0,5,1
2907000,2907,1,NOC_NPS_VNOC_X3Y0,VNOC,credit,1,-1,1
2907000,2907,1,NOC_NPS_VNOC_X3Y0,VNOC,data_vc,1,5,1
2908000,2908,0,NOC_NPS_VNOC_X3Y1,VNOC,credit,0,-1,1
2908000,2908,0,NOC_NPS_VNOC_X3Y1,VNOC,data_vc,0,5,1
2908000,2908,1,NOC_NPS_VNOC_X3Y0,VNOC,credit,1,-1,1
2908000,2908,1,NOC_NPS_VNOC_X3Y0,VNOC,data_vc,1,5,1
2909000,2909,0,NOC_NPS_VNOC_X3Y1,VNOC,credit,0,-1,1
2909000,2909,0,NOC_NPS_VNOC_X3Y1,VNOC,data_vc,0,5,1
2909000,2909,1,NOC_NPS_VNOC_X3Y0,VNOC,credit,1,-1,1
2909000,2909,1,NOC_NPS_VNOC_X3Y0,VNOC,data_vc,1,5,1
2910000,2910,0,NOC_NPS_VNOC_X3Y1,VNOC,credit,0,-1,1
2910000,2910,0,NOC_NPS_VNOC_X3Y1,VNOC,data_vc,0,5,1
2910000,2910,1,NOC_NPS_VNOC_X3Y0,VNOC,credit,1,-1,1
2910000,2910,1,NOC_NPS_VNOC_X3Y0,VNOC,data_vc,1,5,1
2911000,2911,0,NOC_NPS_VNOC_X3Y1,VNOC,credit,0,-1,1
2911000,2911,0,NOC_NPS_VNOC_X3Y1,VNOC,data_vc,0,5,1
2911000,2911,1,NOC_NPS_VNOC_X3Y0,VNOC,credit,1,-1,1
2911000,2911,1,NOC_NPS_VNOC_X3Y0,VNOC,data_vc,1,5,1
2912000,2912,0,NOC_NPS_VNOC_X3Y1,VNOC,credit,0,-1,1
2912000,2912,0,NOC_NPS_VNOC_X3Y1,VNOC,data_vc,0,5,1
2912000,2912,1,NOC_NPS_VNOC_X3Y0,VNOC,credit,1,-1,1
2912000,2912,1,NOC_NPS_VNOC_X3Y0,VNOC,data_vc,1,5,1
2913000,2913,0,NOC_NPS_VNOC_X3Y1,VNOC,credit,0,-1,1
2913000,2913,0,NOC_NPS_VNOC_X3Y1,VNOC,data_vc,0,5,1
2913000,2913,1,NOC_NPS_VNOC_X3Y0,VNOC,credit,1,-1,1
2913000,2913,1,NOC_NPS_VNOC_X3Y0,VNOC,data_vc,1,5,1
2914000,2914,0,NOC_NPS_VNOC_X3Y1,VNOC,credit,0,-1,1
2914000,2914,0,NOC_NPS_VNOC_X3Y1,VNOC,data_vc,0,5,1
2914000,2914,1,NOC_NPS_VNOC_X3Y0,VNOC,credit,1,-1,1
2914000,2914,1,NOC_NPS_VNOC_X3Y0,VNOC,data_vc,1,5,1
2915000,2915,0,NOC_NPS_VNOC_X3Y1,VNOC,credit,0,-1,1
2915000,2915,0,NOC_NPS_VNOC_X3Y1,VNOC,data_vc,0,5,1
2915000,2915,1,NOC_NPS_VNOC_X3Y0,VNOC,credit,1,-1,1
2915000,2915,1,NOC_NPS_VNOC_X3Y0,VNOC,data_vc,1,5,1
2916000,2916,0,NOC_NPS_VNOC_X3Y1,VNOC,credit,0,-1,1
2916000,2916,0,NOC_NPS_VNOC_X3Y1,VNOC,data_vc,0,5,1
2916000,2916,1,NOC_NPS_VNOC_X3Y0,VNOC,credit,1,-1,1
2916000,2916,1,NOC_NPS_VNOC_X3Y0,VNOC,data_vc,1,5,1
2917000,2917,0,NOC_NPS_VNOC_X3Y1,VNOC,credit,0,-1,1
2917000,2917,0,NOC_NPS_VNOC_X3Y1,VNOC,data_vc,0,5,1
2917000,2917,1,NOC_NPS_VNOC_X3Y0,VNOC,credit,1,-1,1
2917000,2917,1,NOC_NPS_VNOC_X3Y0,VNOC,data_vc,1,5,1
2918000,2918,0,NOC_NPS_VNOC_X3Y1,VNOC,credit,0,-1,1
2918000,2918,0,NOC_NPS_VNOC_X3Y1,VNOC,data_vc,0,5,1
2918000,2918,1,NOC_NPS_VNOC_X3Y0,VNOC,credit,1,-1,1
2918000,2918,1,NOC_NPS_VNOC_X3Y0,VNOC,data_vc,1,5,1
2919000,2919,0,NOC_NPS_VNOC_X3Y1,VNOC,credit,0,-1,1
2919000,2919,0,NOC_NPS_VNOC_X3Y1,VNOC,data_vc,0,5,1
2919000,2919,1,NOC_NPS_VNOC_X3Y0,VNOC,credit,1,-1,1
2919000,2919,1,NOC_NPS_VNOC_X3Y0,VNOC,data_vc,1,5,1
2920000,2920,0,NOC_NPS_VNOC_X3Y1,VNOC,credit,0,-1,1
2920000,2920,0,NOC_NPS_VNOC_X3Y1,VNOC,data_vc,0,5,1
2920000,2920,1,NOC_NPS_VNOC_X3Y0,VNOC,credit,1,-1,1
2920000,2920,1,NOC_NPS_VNOC_X3Y0,VNOC,data_vc,1,5,1
2921000,2921,0,NOC_NPS_VNOC_X3Y1,VNOC,credit,0,-1,1
2921000,2921,0,NOC_NPS_VNOC_X3Y1,VNOC,data_vc,0,5,1
2921000,2921,1,NOC_NPS_VNOC_X3Y0,VNOC,credit,1,-1,1
2921000,2921,1,NOC_NPS_VNOC_X3Y0,VNOC,data_vc,1,5,1
2922000,2922,0,NOC_NPS_VNOC_X3Y1,VNOC,credit,0,-1,1
2922000,2922,0,NOC_NPS_VNOC_X3Y1,VNOC,data_vc,0,5,1
2922000,2922,1,NOC_NPS_VNOC_X3Y0,VNOC,credit,1,-1,1
2922000,2922,1,NOC_NPS_VNOC_X3Y0,VNOC,data_vc,1,5,1
2923000,2923,0,NOC_NPS_VNOC_X3Y1,VNOC,credit,0,-1,1
2923000,2923,0,NOC_NPS_VNOC_X3Y1,VNOC,data_vc,0,5,1
2923000,2923,1,NOC_NPS_VNOC_X3Y0,VNOC,credit,1,-1,1
2923000,2923,1,NOC_NPS_VNOC_X3Y0,VNOC,data_vc,1,5,1
2924000,2924,0,NOC_NPS_VNOC_X3Y1,VNOC,credit,0,-1,1
2924000,2924,0,NOC_NPS_VNOC_X3Y1,VNOC,data_vc,0,5,1
2924000,2924,1,NOC_NPS_VNOC_X3Y0,VNOC,credit,1,-1,1
2924000,2924,1,NOC_NPS_VNOC_X3Y0,VNOC,data_vc,1,5,1
2925000,2925,0,NOC_NPS_VNOC_X3Y1,VNOC,credit,0,-1,1
2925000,2925,0,NOC_NPS_VNOC_X3Y1,VNOC,data_vc,0,5,1
2925000,2925,1,NOC_NPS_VNOC_X3Y0,VNOC,credit,1,-1,1
2925000,2925,1,NOC_NPS_VNOC_X3Y0,VNOC,data_vc,1,5,1
2926000,2926,0,NOC_NPS_VNOC_X3Y1,VNOC,credit,0,-1,1
2926000,2926,0,NOC_NPS_VNOC_X3Y1,VNOC,data_vc,0,5,1
2926000,2926,1,NOC_NPS_VNOC_X3Y0,VNOC,credit,1,-1,1
2926000,2926,1,NOC_NPS_VNOC_X3Y0,VNOC,data_vc,1,5,1
2927000,2927,0,NOC_NPS_VNOC_X3Y1,VNOC,credit,0,-1,1
2927000,2927,0,NOC_NPS_VNOC_X3Y1,VNOC,data_vc,0,5,1
2927000,2927,1,NOC_NPS_VNOC_X3Y0,VNOC,credit,1,-1,1
2927000,2927,1,NOC_NPS_VNOC_X3Y0,VNOC,data_vc,1,5,1
2928000,2928,0,NOC_NPS_VNOC_X3Y1,VNOC,credit,0,-1,1
2928000,2928,0,NOC_NPS_VNOC_X3Y1,VNOC,data_vc,0,5,1
2928000,2928,1,NOC_NPS_VNOC_X3Y0,VNOC,credit,1,-1,1
2928000,2928,1,NOC_NPS_VNOC_X3Y0,VNOC,data_vc,1,5,1
2929000,2929,0,NOC_NPS_VNOC_X3Y1,VNOC,credit,0,-1,1
2929000,2929,0,NOC_NPS_VNOC_X3Y1,VNOC,data_vc,0,5,1
2929000,2929,1,NOC_NPS_VNOC_X3Y0,VNOC,credit,1,-1,1
2929000,2929,1,NOC_NPS_VNOC_X3Y0,VNOC,data_vc,1,5,1
2930000,2930,0,NOC_NPS_VNOC_X3Y1,VNOC,credit,0,-1,1
2930000,2930,0,NOC_NPS_VNOC_X3Y1,VNOC,data_vc,0,5,1
2930000,2930,1,NOC_NPS_VNOC_X3Y0,VNOC,credit,1,-1,1
2930000,2930,1,NOC_NPS_VNOC_X3Y0,VNOC,data_vc,1,5,1
2931000,2931,0,NOC_NPS_VNOC_X3Y1,VNOC,credit,0,-1,1
2931000,2931,0,NOC_NPS_VNOC_X3Y1,VNOC,data_vc,0,5,1
2931000,2931,1,NOC_NPS_VNOC_X3Y0,VNOC,credit,1,-1,1
2931000,2931,1,NOC_NPS_VNOC_X3Y0,VNOC,data_vc,1,5,1
2932000,2932,0,NOC_NPS_VNOC_X3Y1,VNOC,credit,0,-1,1
2932000,2932,0,NOC_NPS_VNOC_X3Y1,VNOC,data_vc,0,5,1
2932000,2932,1,NOC_NPS_VNOC_X3Y0,VNOC,credit,1,-1,1
2932000,2932,1,NOC_NPS_VNOC_X3Y0,VNOC,data_vc,1,5,1
2933000,2933,0,NOC_NPS_VNOC_X3Y1,VNOC,credit,0,-1,1
2933000,2933,0,NOC_NPS_VNOC_X3Y1,VNOC,data_vc,0,5,1
2933000,2933,1,NOC_NPS_VNOC_X3Y0,VNOC,credit,1,-1,1
2933000,2933,1,NOC_NPS_VNOC_X3Y0,VNOC,data_vc,1,5,1
2934000,2934,0,NOC_NPS_VNOC_X3Y1,VNOC,credit,0,-1,1
2934000,2934,0,NOC_NPS_VNOC_X3Y1,VNOC,data_vc,0,5,1
2934000,2934,1,NOC_NPS_VNOC_X3Y0,VNOC,credit,1,-1,1
2934000,2934,1,NOC_NPS_VNOC_X3Y0,VNOC,data_vc,1,5,1
2935000,2935,0,NOC_NPS_VNOC_X3Y1,VNOC,credit,0,-1,1
2935000,2935,0,NOC_NPS_VNOC_X3Y1,VNOC,data_vc,0,5,1
2935000,2935,1,NOC_NPS_VNOC_X3Y0,VNOC,credit,1,-1,1
2935000,2935,1,NOC_NPS_VNOC_X3Y0,VNOC,data_vc,1,5,1
2936000,2936,0,NOC_NPS_VNOC_X3Y1,VNOC,credit,0,-1,1
2936000,2936,0,NOC_NPS_VNOC_X3Y1,VNOC,data_vc,0,5,1
2936000,2936,1,NOC_NPS_VNOC_X3Y0,VNOC,credit,1,-1,1
2936000,2936,1,NOC_NPS_VNOC_X3Y0,VNOC,data_vc,1,5,1
2937000,2937,0,NOC_NPS_VNOC_X3Y1,VNOC,credit,0,-1,1
2937000,2937,0,NOC_NPS_VNOC_X3Y1,VNOC,data_vc,0,5,1
2937000,2937,1,NOC_NPS_VNOC_X3Y0,VNOC,credit,1,-1,1
2937000,2937,1,NOC_NPS_VNOC_X3Y0,VNOC,data_vc,1,5,1
2938000,2938,0,NOC_NPS_VNOC_X3Y1,VNOC,credit,0,-1,1
2938000,2938,0,NOC_NPS_VNOC_X3Y1,VNOC,data_vc,0,5,1
2938000,2938,1,NOC_NPS_VNOC_X3Y0,VNOC,credit,1,-1,1
2938000,2938,1,NOC_NPS_VNOC_X3Y0,VNOC,data_vc,1,5,1
2939000,2939,0,NOC_NPS_VNOC_X3Y1,VNOC,credit,0,-1,1
2939000,2939,0,NOC_NPS_VNOC_X3Y1,VNOC,data_vc,0,5,1
2939000,2939,1,NOC_NPS_VNOC_X3Y0,VNOC,credit,1,-1,1
2939000,2939,1,NOC_NPS_VNOC_X3Y0,VNOC,data_vc,1,5,1
2940000,2940,0,NOC_NPS_VNOC_X3Y1,VNOC,credit,0,-1,1
2940000,2940,0,NOC_NPS_VNOC_X3Y1,VNOC,data_vc,0,5,1
2940000,2940,1,NOC_NPS_VNOC_X3Y0,VNOC,credit,1,-1,1
2940000,2940,1,NOC_NPS_VNOC_X3Y0,VNOC,data_vc,1,5,1
2941000,2941,0,NOC_NPS_VNOC_X3Y1,VNOC,data_vc,0,5,1
2941000,2941,1,NOC_NPS_VNOC_X3Y0,VNOC,credit,1,-1,1
2941000,2941,1,NOC_NPS_VNOC_X3Y0,VNOC,data_vc,1,5,1
2942000,2942,0,NOC_NPS_VNOC_X3Y1,VNOC,data_vc,0,5,1
2942000,2942,1,NOC_NPS_VNOC_X3Y0,VNOC,credit,1,-1,1
2942000,2942,1,NOC_NPS_VNOC_X3Y0,VNOC,data_vc,1,5,1
2943000,2943,0,NOC_NPS_VNOC_X3Y1,VNOC,credit,0,-1,1
2943000,2943,0,NOC_NPS_VNOC_X3Y1,VNOC,data_vc,0,5,1
2943000,2943,1,NOC_NPS_VNOC_X3Y0,VNOC,data_vc,1,5,1
2944000,2944,0,NOC_NPS_VNOC_X3Y1,VNOC,credit,0,-1,1
2944000,2944,0,NOC_NPS_VNOC_X3Y1,VNOC,data_vc,0,5,1
2944000,2944,1,NOC_NPS_VNOC_X3Y0,VNOC,data_vc,1,5,1
2945000,2945,0,NOC_NPS_VNOC_X3Y1,VNOC,credit,0,-1,1
2945000,2945,0,NOC_NPS_VNOC_X3Y1,VNOC,data_vc,0,5,1
2945000,2945,1,NOC_NPS_VNOC_X3Y0,VNOC,credit,1,-1,1
2945000,2945,1,NOC_NPS_VNOC_X3Y0,VNOC,data_vc,1,5,1
2946000,2946,0,NOC_NPS_VNOC_X3Y1,VNOC,credit,0,-1,1
2946000,2946,0,NOC_NPS_VNOC_X3Y1,VNOC,data_vc,0,5,1
2946000,2946,1,NOC_NPS_VNOC_X3Y0,VNOC,credit,1,-1,1
2946000,2946,1,NOC_NPS_VNOC_X3Y0,VNOC,data_vc,1,5,1
2947000,2947,0,NOC_NPS_VNOC_X3Y1,VNOC,credit,0,-1,1
2947000,2947,0,NOC_NPS_VNOC_X3Y1,VNOC,data_vc,0,5,1
2947000,2947,1,NOC_NPS_VNOC_X3Y0,VNOC,credit,1,-1,1
2947000,2947,1,NOC_NPS_VNOC_X3Y0,VNOC,data_vc,1,5,1
2948000,2948,0,NOC_NPS_VNOC_X3Y1,VNOC,credit,0,-1,1
2948000,2948,0,NOC_NPS_VNOC_X3Y1,VNOC,data_vc,0,5,1
2948000,2948,1,NOC_NPS_VNOC_X3Y0,VNOC,credit,1,-1,1
2948000,2948,1,NOC_NPS_VNOC_X3Y0,VNOC,data_vc,1,5,1
2949000,2949,0,NOC_NPS_VNOC_X3Y1,VNOC,credit,0,-1,1
2949000,2949,0,NOC_NPS_VNOC_X3Y1,VNOC,data_vc,0,5,1
2949000,2949,1,NOC_NPS_VNOC_X3Y0,VNOC,credit,1,-1,1
2949000,2949,1,NOC_NPS_VNOC_X3Y0,VNOC,data_vc,1,5,1
2950000,2950,0,NOC_NPS_VNOC_X3Y1,VNOC,credit,0,-1,1
2950000,2950,0,NOC_NPS_VNOC_X3Y1,VNOC,data_vc,0,5,1
2950000,2950,1,NOC_NPS_VNOC_X3Y0,VNOC,credit,1,-1,1
2950000,2950,1,NOC_NPS_VNOC_X3Y0,VNOC,data_vc,1,5,1
2951000,2951,0,NOC_NPS_VNOC_X3Y1,VNOC,credit,0,-1,1
2951000,2951,0,NOC_NPS_VNOC_X3Y1,VNOC,data_vc,0,5,1
2951000,2951,1,NOC_NPS_VNOC_X3Y0,VNOC,credit,1,-1,1
2951000,2951,1,NOC_NPS_VNOC_X3Y0,VNOC,data_vc,1,5,1
2952000,2952,0,NOC_NPS_VNOC_X3Y1,VNOC,credit,0,-1,1
2952000,2952,0,NOC_NPS_VNOC_X3Y1,VNOC,data_vc,0,5,1
2952000,2952,1,NOC_NPS_VNOC_X3Y0,VNOC,credit,1,-1,1
2952000,2952,1,NOC_NPS_VNOC_X3Y0,VNOC,data_vc,1,5,1
2953000,2953,0,NOC_NPS_VNOC_X3Y1,VNOC,credit,0,-1,1
2953000,2953,0,NOC_NPS_VNOC_X3Y1,VNOC,data_vc,0,5,1
2953000,2953,1,NOC_NPS_VNOC_X3Y0,VNOC,credit,1,-1,1
2953000,2953,1,NOC_NPS_VNOC_X3Y0,VNOC,data_vc,1,5,1
2954000,2954,0,NOC_NPS_VNOC_X3Y1,VNOC,credit,0,-1,1
2954000,2954,0,NOC_NPS_VNOC_X3Y1,VNOC,data_vc,0,5,1
2954000,2954,1,NOC_NPS_VNOC_X3Y0,VNOC,credit,1,-1,1
2954000,2954,1,NOC_NPS_VNOC_X3Y0,VNOC,data_vc,1,5,1
2955000,2955,0,NOC_NPS_VNOC_X3Y1,VNOC,credit,0,-1,1
2955000,2955,0,NOC_NPS_VNOC_X3Y1,VNOC,data_vc,0,5,1
2955000,2955,1,NOC_NPS_VNOC_X3Y0,VNOC,credit,1,-1,1
2955000,2955,1,NOC_NPS_VNOC_X3Y0,VNOC,data_vc,1,5,1
2956000,2956,0,NOC_NPS_VNOC_X3Y1,VNOC,credit,0,-1,1
2956000,2956,0,NOC_NPS_VNOC_X3Y1,VNOC,data_vc,0,5,1
2956000,2956,1,NOC_NPS_VNOC_X3Y0,VNOC,credit,1,-1,1
2956000,2956,1,NOC_NPS_VNOC_X3Y0,VNOC,data_vc,1,5,1
2957000,2957,0,NOC_NPS_VNOC_X3Y1,VNOC,credit,0,-1,1
2957000,2957,0,NOC_NPS_VNOC_X3Y1,VNOC,data_vc,0,5,1
2957000,2957,1,NOC_NPS_VNOC_X3Y0,VNOC,credit,1,-1,1
2957000,2957,1,NOC_NPS_VNOC_X3Y0,VNOC,data_vc,1,5,1
2958000,2958,0,NOC_NPS_VNOC_X3Y1,VNOC,credit,0,-1,1
2958000,2958,0,NOC_NPS_VNOC_X3Y1,VNOC,data_vc,0,5,1
2958000,2958,1,NOC_NPS_VNOC_X3Y0,VNOC,credit,1,-1,1
2958000,2958,1,NOC_NPS_VNOC_X3Y0,VNOC,data_vc,1,5,1
2959000,2959,0,NOC_NPS_VNOC_X3Y1,VNOC,credit,0,-1,1
2959000,2959,0,NOC_NPS_VNOC_X3Y1,VNOC,data_vc,0,5,1
2959000,2959,1,NOC_NPS_VNOC_X3Y0,VNOC,credit,1,-1,1
2959000,2959,1,NOC_NPS_VNOC_X3Y0,VNOC,data_vc,1,5,1
2960000,2960,0,NOC_NPS_VNOC_X3Y1,VNOC,credit,0,-1,1
2960000,2960,0,NOC_NPS_VNOC_X3Y1,VNOC,data_vc,0,5,1
2960000,2960,1,NOC_NPS_VNOC_X3Y0,VNOC,credit,1,-1,1
2960000,2960,1,NOC_NPS_VNOC_X3Y0,VNOC,data_vc,1,5,1
2961000,2961,0,NOC_NPS_VNOC_X3Y1,VNOC,credit,0,-1,1
2961000,2961,0,NOC_NPS_VNOC_X3Y1,VNOC,data_vc,0,5,1
2961000,2961,1,NOC_NPS_VNOC_X3Y0,VNOC,credit,1,-1,1
2961000,2961,1,NOC_NPS_VNOC_X3Y0,VNOC,data_vc,1,5,1
2962000,2962,0,NOC_NPS_VNOC_X3Y1,VNOC,credit,0,-1,1
2962000,2962,0,NOC_NPS_VNOC_X3Y1,VNOC,data_vc,0,5,1
2962000,2962,1,NOC_NPS_VNOC_X3Y0,VNOC,credit,1,-1,1
2962000,2962,1,NOC_NPS_VNOC_X3Y0,VNOC,data_vc,1,5,1
2963000,2963,0,NOC_NPS_VNOC_X3Y1,VNOC,credit,0,-1,1
2963000,2963,0,NOC_NPS_VNOC_X3Y1,VNOC,data_vc,0,5,1
2963000,2963,1,NOC_NPS_VNOC_X3Y0,VNOC,credit,1,-1,1
2963000,2963,1,NOC_NPS_VNOC_X3Y0,VNOC,data_vc,1,5,1
2964000,2964,0,NOC_NPS_VNOC_X3Y1,VNOC,credit,0,-1,1
2964000,2964,0,NOC_NPS_VNOC_X3Y1,VNOC,data_vc,0,5,1
2964000,2964,1,NOC_NPS_VNOC_X3Y0,VNOC,credit,1,-1,1
2964000,2964,1,NOC_NPS_VNOC_X3Y0,VNOC,data_vc,1,5,1
2965000,2965,0,NOC_NPS_VNOC_X3Y1,VNOC,credit,0,-1,1
2965000,2965,0,NOC_NPS_VNOC_X3Y1,VNOC,data_vc,0,5,1
2965000,2965,1,NOC_NPS_VNOC_X3Y0,VNOC,credit,1,-1,1
2965000,2965,1,NOC_NPS_VNOC_X3Y0,VNOC,data_vc,1,5,1
2966000,2966,0,NOC_NPS_VNOC_X3Y1,VNOC,credit,0,-1,1
2966000,2966,0,NOC_NPS_VNOC_X3Y1,VNOC,data_vc,0,5,1
2966000,2966,1,NOC_NPS_VNOC_X3Y0,VNOC,credit,1,-1,1
2966000,2966,1,NOC_NPS_VNOC_X3Y0,VNOC,data_vc,1,5,1
2967000,2967,0,NOC_NPS_VNOC_X3Y1,VNOC,credit,0,-1,1
2967000,2967,0,NOC_NPS_VNOC_X3Y1,VNOC,data_vc,0,5,1
2967000,2967,1,NOC_NPS_VNOC_X3Y0,VNOC,credit,1,-1,1
2967000,2967,1,NOC_NPS_VNOC_X3Y0,VNOC,data_vc,1,5,1
2968000,2968,0,NOC_NPS_VNOC_X3Y1,VNOC,credit,0,-1,1
2968000,2968,0,NOC_NPS_VNOC_X3Y1,VNOC,data_vc,0,5,1
2968000,2968,1,NOC_NPS_VNOC_X3Y0,VNOC,credit,1,-1,1
2968000,2968,1,NOC_NPS_VNOC_X3Y0,VNOC,data_vc,1,5,1
2969000,2969,0,NOC_NPS_VNOC_X3Y1,VNOC,credit,0,-1,1
2969000,2969,0,NOC_NPS_VNOC_X3Y1,VNOC,data_vc,0,5,1
2969000,2969,1,NOC_NPS_VNOC_X3Y0,VNOC,credit,1,-1,1
2969000,2969,1,NOC_NPS_VNOC_X3Y0,VNOC,data_vc,1,5,1
2970000,2970,0,NOC_NPS_VNOC_X3Y1,VNOC,credit,0,-1,1
2970000,2970,0,NOC_NPS_VNOC_X3Y1,VNOC,data_vc,0,5,1
2970000,2970,1,NOC_NPS_VNOC_X3Y0,VNOC,credit,1,-1,1
2970000,2970,1,NOC_NPS_VNOC_X3Y0,VNOC,data_vc,1,5,1
2971000,2971,0,NOC_NPS_VNOC_X3Y1,VNOC,credit,0,-1,1
2971000,2971,0,NOC_NPS_VNOC_X3Y1,VNOC,data_vc,0,5,1
2971000,2971,1,NOC_NPS_VNOC_X3Y0,VNOC,credit,1,-1,1
2971000,2971,1,NOC_NPS_VNOC_X3Y0,VNOC,data_vc,1,5,1
2972000,2972,0,NOC_NPS_VNOC_X3Y1,VNOC,credit,0,-1,1
2972000,2972,0,NOC_NPS_VNOC_X3Y1,VNOC,data_vc,0,5,1
2972000,2972,1,NOC_NPS_VNOC_X3Y0,VNOC,credit,1,-1,1
2972000,2972,1,NOC_NPS_VNOC_X3Y0,VNOC,data_vc,1,5,1
2973000,2973,0,NOC_NPS_VNOC_X3Y1,VNOC,credit,0,-1,1
2973000,2973,0,NOC_NPS_VNOC_X3Y1,VNOC,data_vc,0,5,1
2973000,2973,1,NOC_NPS_VNOC_X3Y0,VNOC,credit,1,-1,1
2973000,2973,1,NOC_NPS_VNOC_X3Y0,VNOC,data_vc,1,5,1
2974000,2974,0,NOC_NPS_VNOC_X3Y1,VNOC,credit,0,-1,1
2974000,2974,0,NOC_NPS_VNOC_X3Y1,VNOC,data_vc,0,5,1
2974000,2974,1,NOC_NPS_VNOC_X3Y0,VNOC,credit,1,-1,1
2974000,2974,1,NOC_NPS_VNOC_X3Y0,VNOC,data_vc,1,5,1
2975000,2975,0,NOC_NPS_VNOC_X3Y1,VNOC,credit,0,-1,1
2975000,2975,0,NOC_NPS_VNOC_X3Y1,VNOC,data_vc,0,5,1
2975000,2975,1,NOC_NPS_VNOC_X3Y0,VNOC,credit,1,-1,1
2975000,2975,1,NOC_NPS_VNOC_X3Y0,VNOC,data_vc,1,5,1
2976000,2976,0,NOC_NPS_VNOC_X3Y1,VNOC,credit,0,-1,1
2976000,2976,0,NOC_NPS_VNOC_X3Y1,VNOC,data_vc,0,5,1
2976000,2976,1,NOC_NPS_VNOC_X3Y0,VNOC,credit,1,-1,1
2976000,2976,1,NOC_NPS_VNOC_X3Y0,VNOC,data_vc,1,5,1
2977000,2977,0,NOC_NPS_VNOC_X3Y1,VNOC,credit,0,-1,1
2977000,2977,0,NOC_NPS_VNOC_X3Y1,VNOC,data_vc,0,5,1
2977000,2977,1,NOC_NPS_VNOC_X3Y0,VNOC,credit,1,-1,1
2977000,2977,1,NOC_NPS_VNOC_X3Y0,VNOC,data_vc,1,5,1
2978000,2978,0,NOC_NPS_VNOC_X3Y1,VNOC,credit,0,-1,1
2978000,2978,0,NOC_NPS_VNOC_X3Y1,VNOC,data_vc,0,5,1
2978000,2978,1,NOC_NPS_VNOC_X3Y0,VNOC,credit,1,-1,1
2978000,2978,1,NOC_NPS_VNOC_X3Y0,VNOC,data_vc,1,5,1
2979000,2979,0,NOC_NPS_VNOC_X3Y1,VNOC,credit,0,-1,1
2979000,2979,0,NOC_NPS_VNOC_X3Y1,VNOC,data_vc,0,5,1
2979000,2979,1,NOC_NPS_VNOC_X3Y0,VNOC,credit,1,-1,1
2979000,2979,1,NOC_NPS_VNOC_X3Y0,VNOC,data_vc,1,5,1
2980000,2980,0,NOC_NPS_VNOC_X3Y1,VNOC,credit,0,-1,1
2980000,2980,0,NOC_NPS_VNOC_X3Y1,VNOC,data_vc,0,5,1
2980000,2980,1,NOC_NPS_VNOC_X3Y0,VNOC,credit,1,-1,1
2980000,2980,1,NOC_NPS_VNOC_X3Y0,VNOC,data_vc,1,5,1
2981000,2981,0,NOC_NPS_VNOC_X3Y1,VNOC,credit,0,-1,1
2981000,2981,0,NOC_NPS_VNOC_X3Y1,VNOC,data_vc,0,5,1
2981000,2981,1,NOC_NPS_VNOC_X3Y0,VNOC,credit,1,-1,1
2981000,2981,1,NOC_NPS_VNOC_X3Y0,VNOC,data_vc,1,5,1
2982000,2982,0,NOC_NPS_VNOC_X3Y1,VNOC,credit,0,-1,1
2982000,2982,0,NOC_NPS_VNOC_X3Y1,VNOC,data_vc,0,5,1
2982000,2982,1,NOC_NPS_VNOC_X3Y0,VNOC,credit,1,-1,1
2982000,2982,1,NOC_NPS_VNOC_X3Y0,VNOC,data_vc,1,5,1
2983000,2983,0,NOC_NPS_VNOC_X3Y1,VNOC,credit,0,-1,1
2983000,2983,0,NOC_NPS_VNOC_X3Y1,VNOC,data_vc,0,5,1
2983000,2983,1,NOC_NPS_VNOC_X3Y0,VNOC,credit,1,-1,1
2983000,2983,1,NOC_NPS_VNOC_X3Y0,VNOC,data_vc,1,5,1
2984000,2984,0,NOC_NPS_VNOC_X3Y1,VNOC,credit,0,-1,1
2984000,2984,0,NOC_NPS_VNOC_X3Y1,VNOC,data_vc,0,5,1
2984000,2984,1,NOC_NPS_VNOC_X3Y0,VNOC,credit,1,-1,1
2984000,2984,1,NOC_NPS_VNOC_X3Y0,VNOC,data_vc,1,5,1
2985000,2985,0,NOC_NPS_VNOC_X3Y1,VNOC,credit,0,-1,1
2985000,2985,0,NOC_NPS_VNOC_X3Y1,VNOC,data_vc,0,5,1
2985000,2985,1,NOC_NPS_VNOC_X3Y0,VNOC,credit,1,-1,1
2985000,2985,1,NOC_NPS_VNOC_X3Y0,VNOC,data_vc,1,5,1
2986000,2986,0,NOC_NPS_VNOC_X3Y1,VNOC,credit,0,-1,1
2986000,2986,0,NOC_NPS_VNOC_X3Y1,VNOC,data_vc,0,5,1
2986000,2986,1,NOC_NPS_VNOC_X3Y0,VNOC,credit,1,-1,1
2986000,2986,1,NOC_NPS_VNOC_X3Y0,VNOC,data_vc,1,5,1
2987000,2987,0,NOC_NPS_VNOC_X3Y1,VNOC,credit,0,-1,1
2987000,2987,0,NOC_NPS_VNOC_X3Y1,VNOC,data_vc,0,5,1
2987000,2987,1,NOC_NPS_VNOC_X3Y0,VNOC,credit,1,-1,1
2987000,2987,1,NOC_NPS_VNOC_X3Y0,VNOC,data_vc,1,5,1
2988000,2988,0,NOC_NPS_VNOC_X3Y1,VNOC,credit,0,-1,1
2988000,2988,0,NOC_NPS_VNOC_X3Y1,VNOC,data_vc,0,5,1
2988000,2988,1,NOC_NPS_VNOC_X3Y0,VNOC,credit,1,-1,1
2988000,2988,1,NOC_NPS_VNOC_X3Y0,VNOC,data_vc,1,5,1
2989000,2989,0,NOC_NPS_VNOC_X3Y1,VNOC,credit,0,-1,1
2989000,2989,0,NOC_NPS_VNOC_X3Y1,VNOC,data_vc,0,5,1
2989000,2989,1,NOC_NPS_VNOC_X3Y0,VNOC,credit,1,-1,1
2989000,2989,1,NOC_NPS_VNOC_X3Y0,VNOC,data_vc,1,5,1
2990000,2990,0,NOC_NPS_VNOC_X3Y1,VNOC,credit,0,-1,1
2990000,2990,0,NOC_NPS_VNOC_X3Y1,VNOC,data_vc,0,5,1
2990000,2990,1,NOC_NPS_VNOC_X3Y0,VNOC,credit,1,-1,1
2990000,2990,1,NOC_NPS_VNOC_X3Y0,VNOC,data_vc,1,5,1
2991000,2991,0,NOC_NPS_VNOC_X3Y1,VNOC,credit,0,-1,1
2991000,2991,0,NOC_NPS_VNOC_X3Y1,VNOC,data_vc,0,5,1
2991000,2991,1,NOC_NPS_VNOC_X3Y0,VNOC,credit,1,-1,1
2991000,2991,1,NOC_NPS_VNOC_X3Y0,VNOC,data_vc,1,5,1
2992000,2992,0,NOC_NPS_VNOC_X3Y1,VNOC,credit,0,-1,1
2992000,2992,0,NOC_NPS_VNOC_X3Y1,VNOC,data_vc,0,5,1
2992000,2992,1,NOC_NPS_VNOC_X3Y0,VNOC,credit,1,-1,1
2992000,2992,1,NOC_NPS_VNOC_X3Y0,VNOC,data_vc,1,5,1
2993000,2993,0,NOC_NPS_VNOC_X3Y1,VNOC,credit,0,-1,1
2993000,2993,0,NOC_NPS_VNOC_X3Y1,VNOC,data_vc,0,5,1
2993000,2993,1,NOC_NPS_VNOC_X3Y0,VNOC,credit,1,-1,1
2993000,2993,1,NOC_NPS_VNOC_X3Y0,VNOC,data_vc,1,5,1
2994000,2994,0,NOC_NPS_VNOC_X3Y1,VNOC,credit,0,-1,1
2994000,2994,0,NOC_NPS_VNOC_X3Y1,VNOC,data_vc,0,5,1
2994000,2994,1,NOC_NPS_VNOC_X3Y0,VNOC,credit,1,-1,1
2994000,2994,1,NOC_NPS_VNOC_X3Y0,VNOC,data_vc,1,5,1
2995000,2995,0,NOC_NPS_VNOC_X3Y1,VNOC,credit,0,-1,1
2995000,2995,0,NOC_NPS_VNOC_X3Y1,VNOC,data_vc,0,5,1
2995000,2995,1,NOC_NPS_VNOC_X3Y0,VNOC,credit,1,-1,1
2995000,2995,1,NOC_NPS_VNOC_X3Y0,VNOC,data_vc,1,5,1
2996000,2996,0,NOC_NPS_VNOC_X3Y1,VNOC,credit,0,-1,1
2996000,2996,0,NOC_NPS_VNOC_X3Y1,VNOC,data_vc,0,5,1
2996000,2996,1,NOC_NPS_VNOC_X3Y0,VNOC,credit,1,-1,1
2996000,2996,1,NOC_NPS_VNOC_X3Y0,VNOC,data_vc,1,5,1
2997000,2997,0,NOC_NPS_VNOC_X3Y1,VNOC,credit,0,-1,1
2997000,2997,0,NOC_NPS_VNOC_X3Y1,VNOC,data_vc,0,5,1
2997000,2997,1,NOC_NPS_VNOC_X3Y0,VNOC,credit,1,-1,1
2997000,2997,1,NOC_NPS_VNOC_X3Y0,VNOC,data_vc,1,5,1
2998000,2998,0,NOC_NPS_VNOC_X3Y1,VNOC,credit,0,-1,1
2998000,2998,0,NOC_NPS_VNOC_X3Y1,VNOC,data_vc,0,5,1
2998000,2998,1,NOC_NPS_VNOC_X3Y0,VNOC,credit,1,-1,1
2998000,2998,1,NOC_NPS_VNOC_X3Y0,VNOC,data_vc,1,5,1
2999000,2999,0,NOC_NPS_VNOC_X3Y1,VNOC,credit,0,-1,1
2999000,2999,0,NOC_NPS_VNOC_X3Y1,VNOC,data_vc,0,5,1
2999000,2999,1,NOC_NPS_VNOC_X3Y0,VNOC,credit,1,-1,1
2999000,2999,1,NOC_NPS_VNOC_X3Y0,VNOC,data_vc,1,5,1
3000000,3000,0,NOC_NPS_VNOC_X3Y1,VNOC,credit,0,-1,1
3000000,3000,0,NOC_NPS_VNOC_X3Y1,VNOC,data_vc,0,5,1
3000000,3000,1,NOC_NPS_VNOC_X3Y0,VNOC,credit,1,-1,1
3000000,3000,1,NOC_NPS_VNOC_X3Y0,VNOC,data_vc,1,5,1
3001000,3001,0,NOC_NPS_VNOC_X3Y1,VNOC,credit,0,-1,1
3001000,3001,0,NOC_NPS_VNOC_X3Y1,VNOC,data_vc,0,5,1
3001000,3001,1,NOC_NPS_VNOC_X3Y0,VNOC,credit,1,-1,1
3001000,3001,1,NOC_NPS_VNOC_X3Y0,VNOC,data_vc,1,5,1
3002000,3002,0,NOC_NPS_VNOC_X3Y1,VNOC,credit,0,-1,1
3002000,3002,0,NOC_NPS_VNOC_X3Y1,VNOC,data_vc,0,5,1
3002000,3002,1,NOC_NPS_VNOC_X3Y0,VNOC,credit,1,-1,1
3002000,3002,1,NOC_NPS_VNOC_X3Y0,VNOC,data_vc,1,5,1
3003000,3003,0,NOC_NPS_VNOC_X3Y1,VNOC,credit,0,-1,1
3003000,3003,0,NOC_NPS_VNOC_X3Y1,VNOC,data_vc,0,5,1
3003000,3003,1,NOC_NPS_VNOC_X3Y0,VNOC,credit,1,-1,1
3003000,3003,1,NOC_NPS_VNOC_X3Y0,VNOC,data_vc,1,5,1
3004000,3004,0,NOC_NPS_VNOC_X3Y1,VNOC,credit,0,-1,1
3004000,3004,0,NOC_NPS_VNOC_X3Y1,VNOC,data_vc,0,5,1
3004000,3004,1,NOC_NPS_VNOC_X3Y0,VNOC,credit,1,-1,1
3004000,3004,1,NOC_NPS_VNOC_X3Y0,VNOC,data_vc,1,5,1
3005000,3005,0,NOC_NPS_VNOC_X3Y1,VNOC,credit,0,-1,1
3005000,3005,0,NOC_NPS_VNOC_X3Y1,VNOC,data_vc,0,5,1
3005000,3005,1,NOC_NPS_VNOC_X3Y0,VNOC,credit,1,-1,1
3005000,3005,1,NOC_NPS_VNOC_X3Y0,VNOC,data_vc,1,5,1
3006000,3006,0,NOC_NPS_VNOC_X3Y1,VNOC,credit,0,-1,1
3006000,3006,0,NOC_NPS_VNOC_X3Y1,VNOC,data_vc,0,5,1
3006000,3006,1,NOC_NPS_VNOC_X3Y0,VNOC,credit,1,-1,1
3006000,3006,1,NOC_NPS_VNOC_X3Y0,VNOC,data_vc,1,5,1
3007000,3007,0,NOC_NPS_VNOC_X3Y1,VNOC,credit,0,-1,1
3007000,3007,0,NOC_NPS_VNOC_X3Y1,VNOC,data_vc,0,5,1
3007000,3007,1,NOC_NPS_VNOC_X3Y0,VNOC,credit,1,-1,1
3007000,3007,1,NOC_NPS_VNOC_X3Y0,VNOC,data_vc,1,5,1
3008000,3008,0,NOC_NPS_VNOC_X3Y1,VNOC,credit,0,-1,1
3008000,3008,0,NOC_NPS_VNOC_X3Y1,VNOC,data_vc,0,5,1
3008000,3008,1,NOC_NPS_VNOC_X3Y0,VNOC,credit,1,-1,1
3008000,3008,1,NOC_NPS_VNOC_X3Y0,VNOC,data_vc,1,5,1
3009000,3009,0,NOC_NPS_VNOC_X3Y1,VNOC,credit,0,-1,1
3009000,3009,0,NOC_NPS_VNOC_X3Y1,VNOC,data_vc,0,5,1
3009000,3009,1,NOC_NPS_VNOC_X3Y0,VNOC,credit,1,-1,1
3009000,3009,1,NOC_NPS_VNOC_X3Y0,VNOC,data_vc,1,5,1
3010000,3010,0,NOC_NPS_VNOC_X3Y1,VNOC,credit,0,-1,1
3010000,3010,0,NOC_NPS_VNOC_X3Y1,VNOC,data_vc,0,5,1
3010000,3010,1,NOC_NPS_VNOC_X3Y0,VNOC,credit,1,-1,1
3010000,3010,1,NOC_NPS_VNOC_X3Y0,VNOC,data_vc,1,5,1
3011000,3011,0,NOC_NPS_VNOC_X3Y1,VNOC,credit,0,-1,1
3011000,3011,0,NOC_NPS_VNOC_X3Y1,VNOC,data_vc,0,5,1
3011000,3011,1,NOC_NPS_VNOC_X3Y0,VNOC,credit,1,-1,1
3011000,3011,1,NOC_NPS_VNOC_X3Y0,VNOC,data_vc,1,5,1
3012000,3012,0,NOC_NPS_VNOC_X3Y1,VNOC,credit,0,-1,1
3012000,3012,0,NOC_NPS_VNOC_X3Y1,VNOC,data_vc,0,5,1
3012000,3012,1,NOC_NPS_VNOC_X3Y0,VNOC,credit,1,-1,1
3012000,3012,1,NOC_NPS_VNOC_X3Y0,VNOC,data_vc,1,5,1
3013000,3013,0,NOC_NPS_VNOC_X3Y1,VNOC,credit,0,-1,1
3013000,3013,0,NOC_NPS_VNOC_X3Y1,VNOC,data_vc,0,5,1
3013000,3013,1,NOC_NPS_VNOC_X3Y0,VNOC,credit,1,-1,1
3013000,3013,1,NOC_NPS_VNOC_X3Y0,VNOC,data_vc,1,5,1
3014000,3014,0,NOC_NPS_VNOC_X3Y1,VNOC,credit,0,-1,1
3014000,3014,0,NOC_NPS_VNOC_X3Y1,VNOC,data_vc,0,5,1
3014000,3014,1,NOC_NPS_VNOC_X3Y0,VNOC,credit,1,-1,1
3014000,3014,1,NOC_NPS_VNOC_X3Y0,VNOC,data_vc,1,5,1
3015000,3015,0,NOC_NPS_VNOC_X3Y1,VNOC,credit,0,-1,1
3015000,3015,0,NOC_NPS_VNOC_X3Y1,VNOC,data_vc,0,5,1
3015000,3015,1,NOC_NPS_VNOC_X3Y0,VNOC,credit,1,-1,1
3015000,3015,1,NOC_NPS_VNOC_X3Y0,VNOC,data_vc,1,5,1
3016000,3016,0,NOC_NPS_VNOC_X3Y1,VNOC,credit,0,-1,1
3016000,3016,0,NOC_NPS_VNOC_X3Y1,VNOC,data_vc,0,5,1
3016000,3016,1,NOC_NPS_VNOC_X3Y0,VNOC,credit,1,-1,1
3016000,3016,1,NOC_NPS_VNOC_X3Y0,VNOC,data_vc,1,5,1
3017000,3017,0,NOC_NPS_VNOC_X3Y1,VNOC,credit,0,-1,1
3017000,3017,0,NOC_NPS_VNOC_X3Y1,VNOC,data_vc,0,5,1
3017000,3017,1,NOC_NPS_VNOC_X3Y0,VNOC,credit,1,-1,1
3017000,3017,1,NOC_NPS_VNOC_X3Y0,VNOC,data_vc,1,5,1
3018000,3018,0,NOC_NPS_VNOC_X3Y1,VNOC,credit,0,-1,1
3018000,3018,0,NOC_NPS_VNOC_X3Y1,VNOC,data_vc,0,5,1
3018000,3018,1,NOC_NPS_VNOC_X3Y0,VNOC,credit,1,-1,1
3018000,3018,1,NOC_NPS_VNOC_X3Y0,VNOC,data_vc,1,5,1
3019000,3019,0,NOC_NPS_VNOC_X3Y1,VNOC,credit,0,-1,1
3019000,3019,0,NOC_NPS_VNOC_X3Y1,VNOC,data_vc,0,5,1
3019000,3019,1,NOC_NPS_VNOC_X3Y0,VNOC,credit,1,-1,1
3019000,3019,1,NOC_NPS_VNOC_X3Y0,VNOC,data_vc,1,5,1
3020000,3020,0,NOC_NPS_VNOC_X3Y1,VNOC,credit,0,-1,1
3020000,3020,0,NOC_NPS_VNOC_X3Y1,VNOC,data_vc,0,5,1
3020000,3020,1,NOC_NPS_VNOC_X3Y0,VNOC,credit,1,-1,1
3020000,3020,1,NOC_NPS_VNOC_X3Y0,VNOC,data_vc,1,5,1
3021000,3021,0,NOC_NPS_VNOC_X3Y1,VNOC,credit,0,-1,1
3021000,3021,0,NOC_NPS_VNOC_X3Y1,VNOC,data_vc,0,5,1
3021000,3021,1,NOC_NPS_VNOC_X3Y0,VNOC,credit,1,-1,1
3021000,3021,1,NOC_NPS_VNOC_X3Y0,VNOC,data_vc,1,5,1
3022000,3022,0,NOC_NPS_VNOC_X3Y1,VNOC,credit,0,-1,1
3022000,3022,0,NOC_NPS_VNOC_X3Y1,VNOC,data_vc,0,5,1
3022000,3022,1,NOC_NPS_VNOC_X3Y0,VNOC,credit,1,-1,1
3022000,3022,1,NOC_NPS_VNOC_X3Y0,VNOC,data_vc,1,5,1
3023000,3023,0,NOC_NPS_VNOC_X3Y1,VNOC,credit,0,-1,1
3023000,3023,0,NOC_NPS_VNOC_X3Y1,VNOC,data_vc,0,5,1
3023000,3023,1,NOC_NPS_VNOC_X3Y0,VNOC,credit,1,-1,1
3023000,3023,1,NOC_NPS_VNOC_X3Y0,VNOC,data_vc,1,5,1
3024000,3024,0,NOC_NPS_VNOC_X3Y1,VNOC,credit,0,-1,1
3024000,3024,0,NOC_NPS_VNOC_X3Y1,VNOC,data_vc,0,5,1
3024000,3024,1,NOC_NPS_VNOC_X3Y0,VNOC,credit,1,-1,1
3024000,3024,1,NOC_NPS_VNOC_X3Y0,VNOC,data_vc,1,5,1
3025000,3025,0,NOC_NPS_VNOC_X3Y1,VNOC,credit,0,-1,1
3025000,3025,0,NOC_NPS_VNOC_X3Y1,VNOC,data_vc,0,5,1
3025000,3025,1,NOC_NPS_VNOC_X3Y0,VNOC,credit,1,-1,1
3025000,3025,1,NOC_NPS_VNOC_X3Y0,VNOC,data_vc,1,5,1
3026000,3026,0,NOC_NPS_VNOC_X3Y1,VNOC,credit,0,-1,1
3026000,3026,0,NOC_NPS_VNOC_X3Y1,VNOC,data_vc,0,5,1
3026000,3026,1,NOC_NPS_VNOC_X3Y0,VNOC,credit,1,-1,1
3026000,3026,1,NOC_NPS_VNOC_X3Y0,VNOC,data_vc,1,5,1
3027000,3027,0,NOC_NPS_VNOC_X3Y1,VNOC,credit,0,-1,1
3027000,3027,0,NOC_NPS_VNOC_X3Y1,VNOC,data_vc,0,5,1
3027000,3027,1,NOC_NPS_VNOC_X3Y0,VNOC,credit,1,-1,1
3027000,3027,1,NOC_NPS_VNOC_X3Y0,VNOC,data_vc,1,5,1
3028000,3028,0,NOC_NPS_VNOC_X3Y1,VNOC,credit,0,-1,1
3028000,3028,0,NOC_NPS_VNOC_X3Y1,VNOC,data_vc,0,5,1
3028000,3028,1,NOC_NPS_VNOC_X3Y0,VNOC,credit,1,-1,1
3028000,3028,1,NOC_NPS_VNOC_X3Y0,VNOC,data_vc,1,5,1
3029000,3029,0,NOC_NPS_VNOC_X3Y1,VNOC,credit,0,-1,1
3029000,3029,0,NOC_NPS_VNOC_X3Y1,VNOC,data_vc,0,5,1
3029000,3029,1,NOC_NPS_VNOC_X3Y0,VNOC,credit,1,-1,1
3029000,3029,1,NOC_NPS_VNOC_X3Y0,VNOC,data_vc,1,5,1
3030000,3030,0,NOC_NPS_VNOC_X3Y1,VNOC,credit,0,-1,1
3030000,3030,0,NOC_NPS_VNOC_X3Y1,VNOC,data_vc,0,5,1
3030000,3030,1,NOC_NPS_VNOC_X3Y0,VNOC,credit,1,-1,1
3030000,3030,1,NOC_NPS_VNOC_X3Y0,VNOC,data_vc,1,5,1
3031000,3031,0,NOC_NPS_VNOC_X3Y1,VNOC,credit,0,-1,1
3031000,3031,0,NOC_NPS_VNOC_X3Y1,VNOC,data_vc,0,5,1
3031000,3031,1,NOC_NPS_VNOC_X3Y0,VNOC,credit,1,-1,1
3031000,3031,1,NOC_NPS_VNOC_X3Y0,VNOC,data_vc,1,5,1
3032000,3032,0,NOC_NPS_VNOC_X3Y1,VNOC,credit,0,-1,1
3032000,3032,0,NOC_NPS_VNOC_X3Y1,VNOC,data_vc,0,5,1
3032000,3032,1,NOC_NPS_VNOC_X3Y0,VNOC,credit,1,-1,1
3032000,3032,1,NOC_NPS_VNOC_X3Y0,VNOC,data_vc,1,5,1
3033000,3033,0,NOC_NPS_VNOC_X3Y1,VNOC,credit,0,-1,1
3033000,3033,0,NOC_NPS_VNOC_X3Y1,VNOC,data_vc,0,5,1
3033000,3033,1,NOC_NPS_VNOC_X3Y0,VNOC,credit,1,-1,1
3033000,3033,1,NOC_NPS_VNOC_X3Y0,VNOC,data_vc,1,5,1
3034000,3034,0,NOC_NPS_VNOC_X3Y1,VNOC,credit,0,-1,1
3034000,3034,0,NOC_NPS_VNOC_X3Y1,VNOC,data_vc,0,5,1
3034000,3034,1,NOC_NPS_VNOC_X3Y0,VNOC,credit,1,-1,1
3034000,3034,1,NOC_NPS_VNOC_X3Y0,VNOC,data_vc,1,5,1
3035000,3035,0,NOC_NPS_VNOC_X3Y1,VNOC,credit,0,-1,1
3035000,3035,0,NOC_NPS_VNOC_X3Y1,VNOC,data_vc,0,5,1
3035000,3035,1,NOC_NPS_VNOC_X3Y0,VNOC,credit,1,-1,1
3035000,3035,1,NOC_NPS_VNOC_X3Y0,VNOC,data_vc,1,5,1
3036000,3036,0,NOC_NPS_VNOC_X3Y1,VNOC,credit,0,-1,1
3036000,3036,0,NOC_NPS_VNOC_X3Y1,VNOC,data_vc,0,5,1
3036000,3036,1,NOC_NPS_VNOC_X3Y0,VNOC,credit,1,-1,1
3036000,3036,1,NOC_NPS_VNOC_X3Y0,VNOC,data_vc,1,5,1
3037000,3037,0,NOC_NPS_VNOC_X3Y1,VNOC,credit,0,-1,1
3037000,3037,0,NOC_NPS_VNOC_X3Y1,VNOC,data_vc,0,5,1
3037000,3037,1,NOC_NPS_VNOC_X3Y0,VNOC,credit,1,-1,1
3037000,3037,1,NOC_NPS_VNOC_X3Y0,VNOC,data_vc,1,5,1
3038000,3038,0,NOC_NPS_VNOC_X3Y1,VNOC,credit,0,-1,1
3038000,3038,0,NOC_NPS_VNOC_X3Y1,VNOC,data_vc,0,5,1
3038000,3038,1,NOC_NPS_VNOC_X3Y0,VNOC,credit,1,-1,1
3038000,3038,1,NOC_NPS_VNOC_X3Y0,VNOC,data_vc,1,5,1
3039000,3039,0,NOC_NPS_VNOC_X3Y1,VNOC,credit,0,-1,1
3039000,3039,0,NOC_NPS_VNOC_X3Y1,VNOC,data_vc,0,5,1
3039000,3039,1,NOC_NPS_VNOC_X3Y0,VNOC,credit,1,-1,1
3039000,3039,1,NOC_NPS_VNOC_X3Y0,VNOC,data_vc,1,5,1
3040000,3040,0,NOC_NPS_VNOC_X3Y1,VNOC,credit,0,-1,1
3040000,3040,0,NOC_NPS_VNOC_X3Y1,VNOC,data_vc,0,5,1
3040000,3040,1,NOC_NPS_VNOC_X3Y0,VNOC,credit,1,-1,1
3040000,3040,1,NOC_NPS_VNOC_X3Y0,VNOC,data_vc,1,5,1
3041000,3041,0,NOC_NPS_VNOC_X3Y1,VNOC,credit,0,-1,1
3041000,3041,0,NOC_NPS_VNOC_X3Y1,VNOC,data_vc,0,5,1
3041000,3041,1,NOC_NPS_VNOC_X3Y0,VNOC,credit,1,-1,1
3041000,3041,1,NOC_NPS_VNOC_X3Y0,VNOC,data_vc,1,5,1
3042000,3042,0,NOC_NPS_VNOC_X3Y1,VNOC,credit,0,-1,1
3042000,3042,0,NOC_NPS_VNOC_X3Y1,VNOC,data_vc,0,5,1
3042000,3042,1,NOC_NPS_VNOC_X3Y0,VNOC,credit,1,-1,1
3042000,3042,1,NOC_NPS_VNOC_X3Y0,VNOC,data_vc,1,5,1
3043000,3043,0,NOC_NPS_VNOC_X3Y1,VNOC,credit,0,-1,1
3043000,3043,0,NOC_NPS_VNOC_X3Y1,VNOC,data_vc,0,5,1
3043000,3043,1,NOC_NPS_VNOC_X3Y0,VNOC,credit,1,-1,1
3043000,3043,1,NOC_NPS_VNOC_X3Y0,VNOC,data_vc,1,5,1
3044000,3044,0,NOC_NPS_VNOC_X3Y1,VNOC,credit,0,-1,1
3044000,3044,0,NOC_NPS_VNOC_X3Y1,VNOC,data_vc,0,5,1
3044000,3044,1,NOC_NPS_VNOC_X3Y0,VNOC,credit,1,-1,1
3044000,3044,1,NOC_NPS_VNOC_X3Y0,VNOC,data_vc,1,5,1
3045000,3045,0,NOC_NPS_VNOC_X3Y1,VNOC,credit,0,-1,1
3045000,3045,0,NOC_NPS_VNOC_X3Y1,VNOC,data_vc,0,5,1
3045000,3045,1,NOC_NPS_VNOC_X3Y0,VNOC,credit,1,-1,1
3045000,3045,1,NOC_NPS_VNOC_X3Y0,VNOC,data_vc,1,5,1
3046000,3046,0,NOC_NPS_VNOC_X3Y1,VNOC,credit,0,-1,1
3046000,3046,0,NOC_NPS_VNOC_X3Y1,VNOC,data_vc,0,5,1
3046000,3046,1,NOC_NPS_VNOC_X3Y0,VNOC,credit,1,-1,1
3046000,3046,1,NOC_NPS_VNOC_X3Y0,VNOC,data_vc,1,5,1
3047000,3047,0,NOC_NPS_VNOC_X3Y1,VNOC,credit,0,-1,1
3047000,3047,0,NOC_NPS_VNOC_X3Y1,VNOC,data_vc,0,5,1
3047000,3047,1,NOC_NPS_VNOC_X3Y0,VNOC,credit,1,-1,1
3047000,3047,1,NOC_NPS_VNOC_X3Y0,VNOC,data_vc,1,5,1
3048000,3048,0,NOC_NPS_VNOC_X3Y1,VNOC,credit,0,-1,1
3048000,3048,0,NOC_NPS_VNOC_X3Y1,VNOC,data_vc,0,5,1
3048000,3048,1,NOC_NPS_VNOC_X3Y0,VNOC,credit,1,-1,1
3048000,3048,1,NOC_NPS_VNOC_X3Y0,VNOC,data_vc,1,5,1
3049000,3049,0,NOC_NPS_VNOC_X3Y1,VNOC,credit,0,-1,1
3049000,3049,0,NOC_NPS_VNOC_X3Y1,VNOC,data_vc,0,5,1
3049000,3049,1,NOC_NPS_VNOC_X3Y0,VNOC,credit,1,-1,1
3049000,3049,1,NOC_NPS_VNOC_X3Y0,VNOC,data_vc,1,5,1
3050000,3050,0,NOC_NPS_VNOC_X3Y1,VNOC,credit,0,-1,1
3050000,3050,0,NOC_NPS_VNOC_X3Y1,VNOC,data_vc,0,5,1
3050000,3050,1,NOC_NPS_VNOC_X3Y0,VNOC,credit,1,-1,1
3050000,3050,1,NOC_NPS_VNOC_X3Y0,VNOC,data_vc,1,5,1
3051000,3051,0,NOC_NPS_VNOC_X3Y1,VNOC,credit,0,-1,1
3051000,3051,0,NOC_NPS_VNOC_X3Y1,VNOC,data_vc,0,5,1
3051000,3051,1,NOC_NPS_VNOC_X3Y0,VNOC,credit,1,-1,1
3051000,3051,1,NOC_NPS_VNOC_X3Y0,VNOC,data_vc,1,5,1
3052000,3052,0,NOC_NPS_VNOC_X3Y1,VNOC,credit,0,-1,1
3052000,3052,0,NOC_NPS_VNOC_X3Y1,VNOC,data_vc,0,5,1
3052000,3052,1,NOC_NPS_VNOC_X3Y0,VNOC,credit,1,-1,1
3052000,3052,1,NOC_NPS_VNOC_X3Y0,VNOC,data_vc,1,5,1
3053000,3053,0,NOC_NPS_VNOC_X3Y1,VNOC,credit,0,-1,1
3053000,3053,0,NOC_NPS_VNOC_X3Y1,VNOC,data_vc,0,5,1
3053000,3053,1,NOC_NPS_VNOC_X3Y0,VNOC,credit,1,-1,1
3053000,3053,1,NOC_NPS_VNOC_X3Y0,VNOC,data_vc,1,5,1
3054000,3054,0,NOC_NPS_VNOC_X3Y1,VNOC,credit,0,-1,1
3054000,3054,0,NOC_NPS_VNOC_X3Y1,VNOC,data_vc,0,5,1
3054000,3054,1,NOC_NPS_VNOC_X3Y0,VNOC,credit,1,-1,1
3054000,3054,1,NOC_NPS_VNOC_X3Y0,VNOC,data_vc,1,5,1
3055000,3055,0,NOC_NPS_VNOC_X3Y1,VNOC,credit,0,-1,1
3055000,3055,0,NOC_NPS_VNOC_X3Y1,VNOC,data_vc,0,5,1
3055000,3055,1,NOC_NPS_VNOC_X3Y0,VNOC,credit,1,-1,1
3055000,3055,1,NOC_NPS_VNOC_X3Y0,VNOC,data_vc,1,5,1
3056000,3056,0,NOC_NPS_VNOC_X3Y1,VNOC,credit,0,-1,1
3056000,3056,0,NOC_NPS_VNOC_X3Y1,VNOC,data_vc,0,5,1
3056000,3056,1,NOC_NPS_VNOC_X3Y0,VNOC,credit,1,-1,1
3056000,3056,1,NOC_NPS_VNOC_X3Y0,VNOC,data_vc,1,5,1
3057000,3057,0,NOC_NPS_VNOC_X3Y1,VNOC,credit,0,-1,1
3057000,3057,0,NOC_NPS_VNOC_X3Y1,VNOC,data_vc,0,5,1
3057000,3057,1,NOC_NPS_VNOC_X3Y0,VNOC,credit,1,-1,1
3057000,3057,1,NOC_NPS_VNOC_X3Y0,VNOC,data_vc,1,5,1
3058000,3058,0,NOC_NPS_VNOC_X3Y1,VNOC,credit,0,-1,1
3058000,3058,0,NOC_NPS_VNOC_X3Y1,VNOC,data_vc,0,5,1
3058000,3058,1,NOC_NPS_VNOC_X3Y0,VNOC,credit,1,-1,1
3058000,3058,1,NOC_NPS_VNOC_X3Y0,VNOC,data_vc,1,5,1
3059000,3059,0,NOC_NPS_VNOC_X3Y1,VNOC,credit,0,-1,1
3059000,3059,0,NOC_NPS_VNOC_X3Y1,VNOC,data_vc,0,5,1
3059000,3059,1,NOC_NPS_VNOC_X3Y0,VNOC,credit,1,-1,1
3059000,3059,1,NOC_NPS_VNOC_X3Y0,VNOC,data_vc,1,5,1
3060000,3060,0,NOC_NPS_VNOC_X3Y1,VNOC,credit,0,-1,1
3060000,3060,0,NOC_NPS_VNOC_X3Y1,VNOC,data_vc,0,5,1
3060000,3060,1,NOC_NPS_VNOC_X3Y0,VNOC,credit,1,-1,1
3060000,3060,1,NOC_NPS_VNOC_X3Y0,VNOC,data_vc,1,5,1
3061000,3061,0,NOC_NPS_VNOC_X3Y1,VNOC,credit,0,-1,1
3061000,3061,0,NOC_NPS_VNOC_X3Y1,VNOC,data_vc,0,5,1
3061000,3061,1,NOC_NPS_VNOC_X3Y0,VNOC,credit,1,-1,1
3061000,3061,1,NOC_NPS_VNOC_X3Y0,VNOC,data_vc,1,5,1
3062000,3062,0,NOC_NPS_VNOC_X3Y1,VNOC,credit,0,-1,1
3062000,3062,0,NOC_NPS_VNOC_X3Y1,VNOC,data_vc,0,5,1
3062000,3062,1,NOC_NPS_VNOC_X3Y0,VNOC,credit,1,-1,1
3062000,3062,1,NOC_NPS_VNOC_X3Y0,VNOC,data_vc,1,5,1
3063000,3063,0,NOC_NPS_VNOC_X3Y1,VNOC,credit,0,-1,1
3063000,3063,0,NOC_NPS_VNOC_X3Y1,VNOC,data_vc,0,5,1
3063000,3063,1,NOC_NPS_VNOC_X3Y0,VNOC,credit,1,-1,1
3063000,3063,1,NOC_NPS_VNOC_X3Y0,VNOC,data_vc,1,5,1
3064000,3064,0,NOC_NPS_VNOC_X3Y1,VNOC,credit,0,-1,1
3064000,3064,0,NOC_NPS_VNOC_X3Y1,VNOC,data_vc,0,5,1
3064000,3064,1,NOC_NPS_VNOC_X3Y0,VNOC,credit,1,-1,1
3064000,3064,1,NOC_NPS_VNOC_X3Y0,VNOC,data_vc,1,5,1
3065000,3065,0,NOC_NPS_VNOC_X3Y1,VNOC,credit,0,-1,1
3065000,3065,0,NOC_NPS_VNOC_X3Y1,VNOC,data_vc,0,5,1
3065000,3065,1,NOC_NPS_VNOC_X3Y0,VNOC,credit,1,-1,1
3065000,3065,1,NOC_NPS_VNOC_X3Y0,VNOC,data_vc,1,5,1
3066000,3066,0,NOC_NPS_VNOC_X3Y1,VNOC,credit,0,-1,1
3066000,3066,0,NOC_NPS_VNOC_X3Y1,VNOC,data_vc,0,5,1
3066000,3066,1,NOC_NPS_VNOC_X3Y0,VNOC,credit,1,-1,1
3066000,3066,1,NOC_NPS_VNOC_X3Y0,VNOC,data_vc,1,5,1
3067000,3067,0,NOC_NPS_VNOC_X3Y1,VNOC,credit,0,-1,1
3067000,3067,0,NOC_NPS_VNOC_X3Y1,VNOC,data_vc,0,5,1
3067000,3067,1,NOC_NPS_VNOC_X3Y0,VNOC,credit,1,-1,1
3067000,3067,1,NOC_NPS_VNOC_X3Y0,VNOC,data_vc,1,5,1
3068000,3068,0,NOC_NPS_VNOC_X3Y1,VNOC,credit,0,-1,1
3068000,3068,0,NOC_NPS_VNOC_X3Y1,VNOC,data_vc,0,5,1
3068000,3068,1,NOC_NPS_VNOC_X3Y0,VNOC,credit,1,-1,1
3068000,3068,1,NOC_NPS_VNOC_X3Y0,VNOC,data_vc,1,5,1
3069000,3069,0,NOC_NPS_VNOC_X3Y1,VNOC,credit,0,-1,1
3069000,3069,0,NOC_NPS_VNOC_X3Y1,VNOC,data_vc,0,5,1
3069000,3069,1,NOC_NPS_VNOC_X3Y0,VNOC,credit,1,-1,1
3069000,3069,1,NOC_NPS_VNOC_X3Y0,VNOC,data_vc,1,5,1
3070000,3070,0,NOC_NPS_VNOC_X3Y1,VNOC,credit,0,-1,1
3070000,3070,0,NOC_NPS_VNOC_X3Y1,VNOC,data_vc,0,5,1
3070000,3070,1,NOC_NPS_VNOC_X3Y0,VNOC,credit,1,-1,1
3070000,3070,1,NOC_NPS_VNOC_X3Y0,VNOC,data_vc,1,5,1
3071000,3071,0,NOC_NPS_VNOC_X3Y1,VNOC,credit,0,-1,1
3071000,3071,0,NOC_NPS_VNOC_X3Y1,VNOC,data_vc,0,5,1
3071000,3071,1,NOC_NPS_VNOC_X3Y0,VNOC,credit,1,-1,1
3071000,3071,1,NOC_NPS_VNOC_X3Y0,VNOC,data_vc,1,5,1
3072000,3072,0,NOC_NPS_VNOC_X3Y1,VNOC,credit,0,-1,1
3072000,3072,0,NOC_NPS_VNOC_X3Y1,VNOC,data_vc,0,5,1
3072000,3072,1,NOC_NPS_VNOC_X3Y0,VNOC,credit,1,-1,1
3072000,3072,1,NOC_NPS_VNOC_X3Y0,VNOC,data_vc,1,5,1
3073000,3073,0,NOC_NPS_VNOC_X3Y1,VNOC,credit,0,-1,1
3073000,3073,0,NOC_NPS_VNOC_X3Y1,VNOC,data_vc,0,5,1
3073000,3073,1,NOC_NPS_VNOC_X3Y0,VNOC,credit,1,-1,1
3073000,3073,1,NOC_NPS_VNOC_X3Y0,VNOC,data_vc,1,5,1
3074000,3074,0,NOC_NPS_VNOC_X3Y1,VNOC,credit,0,-1,1
3074000,3074,0,NOC_NPS_VNOC_X3Y1,VNOC,data_vc,0,5,1
3074000,3074,1,NOC_NPS_VNOC_X3Y0,VNOC,credit,1,-1,1
3074000,3074,1,NOC_NPS_VNOC_X3Y0,VNOC,data_vc,1,5,1
3075000,3075,0,NOC_NPS_VNOC_X3Y1,VNOC,credit,0,-1,1
3075000,3075,0,NOC_NPS_VNOC_X3Y1,VNOC,data_vc,0,5,1
3075000,3075,1,NOC_NPS_VNOC_X3Y0,VNOC,credit,1,-1,1
3075000,3075,1,NOC_NPS_VNOC_X3Y0,VNOC,data_vc,1,5,1
3076000,3076,0,NOC_NPS_VNOC_X3Y1,VNOC,credit,0,-1,1
3076000,3076,0,NOC_NPS_VNOC_X3Y1,VNOC,data_vc,0,5,1
3076000,3076,1,NOC_NPS_VNOC_X3Y0,VNOC,credit,1,-1,1
3076000,3076,1,NOC_NPS_VNOC_X3Y0,VNOC,data_vc,1,5,1
3077000,3077,0,NOC_NPS_VNOC_X3Y1,VNOC,credit,0,-1,1
3077000,3077,0,NOC_NPS_VNOC_X3Y1,VNOC,data_vc,0,5,1
3077000,3077,1,NOC_NPS_VNOC_X3Y0,VNOC,credit,1,-1,1
3077000,3077,1,NOC_NPS_VNOC_X3Y0,VNOC,data_vc,1,5,1
3078000,3078,0,NOC_NPS_VNOC_X3Y1,VNOC,credit,0,-1,1
3078000,3078,0,NOC_NPS_VNOC_X3Y1,VNOC,data_vc,0,5,1
3078000,3078,1,NOC_NPS_VNOC_X3Y0,VNOC,credit,1,-1,1
3078000,3078,1,NOC_NPS_VNOC_X3Y0,VNOC,data_vc,1,5,1
3079000,3079,0,NOC_NPS_VNOC_X3Y1,VNOC,credit,0,-1,1
3079000,3079,0,NOC_NPS_VNOC_X3Y1,VNOC,data_vc,0,5,1
3079000,3079,1,NOC_NPS_VNOC_X3Y0,VNOC,credit,1,-1,1
3079000,3079,1,NOC_NPS_VNOC_X3Y0,VNOC,data_vc,1,5,1
3080000,3080,0,NOC_NPS_VNOC_X3Y1,VNOC,credit,0,-1,1
3080000,3080,0,NOC_NPS_VNOC_X3Y1,VNOC,data_vc,0,5,1
3080000,3080,1,NOC_NPS_VNOC_X3Y0,VNOC,credit,1,-1,1
3080000,3080,1,NOC_NPS_VNOC_X3Y0,VNOC,data_vc,1,5,1
3081000,3081,0,NOC_NPS_VNOC_X3Y1,VNOC,credit,0,-1,1
3081000,3081,0,NOC_NPS_VNOC_X3Y1,VNOC,data_vc,0,5,1
3081000,3081,1,NOC_NPS_VNOC_X3Y0,VNOC,credit,1,-1,1
3081000,3081,1,NOC_NPS_VNOC_X3Y0,VNOC,data_vc,1,5,1
3082000,3082,0,NOC_NPS_VNOC_X3Y1,VNOC,credit,0,-1,1
3082000,3082,0,NOC_NPS_VNOC_X3Y1,VNOC,data_vc,0,5,1
3082000,3082,1,NOC_NPS_VNOC_X3Y0,VNOC,credit,1,-1,1
3082000,3082,1,NOC_NPS_VNOC_X3Y0,VNOC,data_vc,1,5,1
3083000,3083,0,NOC_NPS_VNOC_X3Y1,VNOC,credit,0,-1,1
3083000,3083,0,NOC_NPS_VNOC_X3Y1,VNOC,data_vc,0,5,1
3083000,3083,1,NOC_NPS_VNOC_X3Y0,VNOC,credit,1,-1,1
3083000,3083,1,NOC_NPS_VNOC_X3Y0,VNOC,data_vc,1,5,1
3084000,3084,0,NOC_NPS_VNOC_X3Y1,VNOC,credit,0,-1,1
3084000,3084,0,NOC_NPS_VNOC_X3Y1,VNOC,data_vc,0,5,1
3084000,3084,1,NOC_NPS_VNOC_X3Y0,VNOC,credit,1,-1,1
3084000,3084,1,NOC_NPS_VNOC_X3Y0,VNOC,data_vc,1,5,1
3085000,3085,0,NOC_NPS_VNOC_X3Y1,VNOC,credit,0,-1,1
3085000,3085,0,NOC_NPS_VNOC_X3Y1,VNOC,data_vc,0,5,1
3085000,3085,1,NOC_NPS_VNOC_X3Y0,VNOC,credit,1,-1,1
3085000,3085,1,NOC_NPS_VNOC_X3Y0,VNOC,data_vc,1,5,1
3086000,3086,0,NOC_NPS_VNOC_X3Y1,VNOC,credit,0,-1,1
3086000,3086,0,NOC_NPS_VNOC_X3Y1,VNOC,data_vc,0,5,1
3086000,3086,1,NOC_NPS_VNOC_X3Y0,VNOC,credit,1,-1,1
3086000,3086,1,NOC_NPS_VNOC_X3Y0,VNOC,data_vc,1,5,1
3087000,3087,0,NOC_NPS_VNOC_X3Y1,VNOC,credit,0,-1,1
3087000,3087,0,NOC_NPS_VNOC_X3Y1,VNOC,data_vc,0,5,1
3087000,3087,1,NOC_NPS_VNOC_X3Y0,VNOC,credit,1,-1,1
3087000,3087,1,NOC_NPS_VNOC_X3Y0,VNOC,data_vc,1,5,1
3088000,3088,0,NOC_NPS_VNOC_X3Y1,VNOC,credit,0,-1,1
3088000,3088,0,NOC_NPS_VNOC_X3Y1,VNOC,data_vc,0,5,1
3088000,3088,1,NOC_NPS_VNOC_X3Y0,VNOC,credit,1,-1,1
3088000,3088,1,NOC_NPS_VNOC_X3Y0,VNOC,data_vc,1,5,1
3089000,3089,0,NOC_NPS_VNOC_X3Y1,VNOC,credit,0,-1,1
3089000,3089,0,NOC_NPS_VNOC_X3Y1,VNOC,data_vc,0,5,1
3089000,3089,1,NOC_NPS_VNOC_X3Y0,VNOC,credit,1,-1,1
3089000,3089,1,NOC_NPS_VNOC_X3Y0,VNOC,data_vc,1,5,1
3090000,3090,0,NOC_NPS_VNOC_X3Y1,VNOC,credit,0,-1,1
3090000,3090,0,NOC_NPS_VNOC_X3Y1,VNOC,data_vc,0,5,1
3090000,3090,1,NOC_NPS_VNOC_X3Y0,VNOC,credit,1,-1,1
3090000,3090,1,NOC_NPS_VNOC_X3Y0,VNOC,data_vc,1,5,1
3091000,3091,0,NOC_NPS_VNOC_X3Y1,VNOC,credit,0,-1,1
3091000,3091,0,NOC_NPS_VNOC_X3Y1,VNOC,data_vc,0,5,1
3091000,3091,1,NOC_NPS_VNOC_X3Y0,VNOC,credit,1,-1,1
3091000,3091,1,NOC_NPS_VNOC_X3Y0,VNOC,data_vc,1,5,1
3092000,3092,0,NOC_NPS_VNOC_X3Y1,VNOC,credit,0,-1,1
3092000,3092,0,NOC_NPS_VNOC_X3Y1,VNOC,data_vc,0,5,1
3092000,3092,1,NOC_NPS_VNOC_X3Y0,VNOC,credit,1,-1,1
3092000,3092,1,NOC_NPS_VNOC_X3Y0,VNOC,data_vc,1,5,1
3093000,3093,0,NOC_NPS_VNOC_X3Y1,VNOC,credit,0,-1,1
3093000,3093,0,NOC_NPS_VNOC_X3Y1,VNOC,data_vc,0,5,1
3093000,3093,1,NOC_NPS_VNOC_X3Y0,VNOC,credit,1,-1,1
3093000,3093,1,NOC_NPS_VNOC_X3Y0,VNOC,data_vc,1,5,1
3094000,3094,0,NOC_NPS_VNOC_X3Y1,VNOC,credit,0,-1,1
3094000,3094,0,NOC_NPS_VNOC_X3Y1,VNOC,data_vc,0,5,1
3094000,3094,1,NOC_NPS_VNOC_X3Y0,VNOC,credit,1,-1,1
3094000,3094,1,NOC_NPS_VNOC_X3Y0,VNOC,data_vc,1,5,1
3095000,3095,0,NOC_NPS_VNOC_X3Y1,VNOC,credit,0,-1,1
3095000,3095,0,NOC_NPS_VNOC_X3Y1,VNOC,data_vc,0,5,1
3095000,3095,1,NOC_NPS_VNOC_X3Y0,VNOC,credit,1,-1,1
3095000,3095,1,NOC_NPS_VNOC_X3Y0,VNOC,data_vc,1,5,1
3096000,3096,0,NOC_NPS_VNOC_X3Y1,VNOC,credit,0,-1,1
3096000,3096,0,NOC_NPS_VNOC_X3Y1,VNOC,data_vc,0,5,1
3096000,3096,1,NOC_NPS_VNOC_X3Y0,VNOC,credit,1,-1,1
3096000,3096,1,NOC_NPS_VNOC_X3Y0,VNOC,data_vc,1,5,1
3097000,3097,0,NOC_NPS_VNOC_X3Y1,VNOC,credit,0,-1,1
3097000,3097,0,NOC_NPS_VNOC_X3Y1,VNOC,data_vc,0,5,1
3097000,3097,1,NOC_NPS_VNOC_X3Y0,VNOC,credit,1,-1,1
3097000,3097,1,NOC_NPS_VNOC_X3Y0,VNOC,data_vc,1,5,1
3098000,3098,0,NOC_NPS_VNOC_X3Y1,VNOC,credit,0,-1,1
3098000,3098,0,NOC_NPS_VNOC_X3Y1,VNOC,data_vc,0,5,1
3098000,3098,1,NOC_NPS_VNOC_X3Y0,VNOC,credit,1,-1,1
3098000,3098,1,NOC_NPS_VNOC_X3Y0,VNOC,data_vc,1,5,1
3099000,3099,0,NOC_NPS_VNOC_X3Y1,VNOC,credit,0,-1,1
3099000,3099,0,NOC_NPS_VNOC_X3Y1,VNOC,data_vc,0,5,1
3099000,3099,1,NOC_NPS_VNOC_X3Y0,VNOC,credit,1,-1,1
3099000,3099,1,NOC_NPS_VNOC_X3Y0,VNOC,data_vc,1,5,1
3100000,3100,0,NOC_NPS_VNOC_X3Y1,VNOC,credit,0,-1,1
3100000,3100,0,NOC_NPS_VNOC_X3Y1,VNOC,data_vc,0,5,1
3100000,3100,1,NOC_NPS_VNOC_X3Y0,VNOC,credit,1,-1,1
3100000,3100,1,NOC_NPS_VNOC_X3Y0,VNOC,data_vc,1,5,1
3101000,3101,0,NOC_NPS_VNOC_X3Y1,VNOC,credit,0,-1,1
3101000,3101,0,NOC_NPS_VNOC_X3Y1,VNOC,data_vc,0,5,1
3101000,3101,1,NOC_NPS_VNOC_X3Y0,VNOC,credit,1,-1,1
3101000,3101,1,NOC_NPS_VNOC_X3Y0,VNOC,data_vc,1,5,1
3102000,3102,0,NOC_NPS_VNOC_X3Y1,VNOC,credit,0,-1,1
3102000,3102,0,NOC_NPS_VNOC_X3Y1,VNOC,data_vc,0,5,1
3102000,3102,1,NOC_NPS_VNOC_X3Y0,VNOC,credit,1,-1,1
3102000,3102,1,NOC_NPS_VNOC_X3Y0,VNOC,data_vc,1,5,1
3103000,3103,0,NOC_NPS_VNOC_X3Y1,VNOC,credit,0,-1,1
3103000,3103,0,NOC_NPS_VNOC_X3Y1,VNOC,data_vc,0,5,1
3103000,3103,1,NOC_NPS_VNOC_X3Y0,VNOC,credit,1,-1,1
3103000,3103,1,NOC_NPS_VNOC_X3Y0,VNOC,data_vc,1,5,1
3104000,3104,0,NOC_NPS_VNOC_X3Y1,VNOC,credit,0,-1,1
3104000,3104,0,NOC_NPS_VNOC_X3Y1,VNOC,data_vc,0,5,1
3104000,3104,1,NOC_NPS_VNOC_X3Y0,VNOC,credit,1,-1,1
3104000,3104,1,NOC_NPS_VNOC_X3Y0,VNOC,data_vc,1,5,1
3105000,3105,0,NOC_NPS_VNOC_X3Y1,VNOC,credit,0,-1,1
3105000,3105,0,NOC_NPS_VNOC_X3Y1,VNOC,data_vc,0,5,1
3105000,3105,1,NOC_NPS_VNOC_X3Y0,VNOC,credit,1,-1,1
3105000,3105,1,NOC_NPS_VNOC_X3Y0,VNOC,data_vc,1,5,1
3106000,3106,0,NOC_NPS_VNOC_X3Y1,VNOC,credit,0,-1,1
3106000,3106,0,NOC_NPS_VNOC_X3Y1,VNOC,data_vc,0,5,1
3106000,3106,1,NOC_NPS_VNOC_X3Y0,VNOC,credit,1,-1,1
3106000,3106,1,NOC_NPS_VNOC_X3Y0,VNOC,data_vc,1,5,1
3107000,3107,0,NOC_NPS_VNOC_X3Y1,VNOC,credit,0,-1,1
3107000,3107,0,NOC_NPS_VNOC_X3Y1,VNOC,data_vc,0,5,1
3107000,3107,1,NOC_NPS_VNOC_X3Y0,VNOC,credit,1,-1,1
3107000,3107,1,NOC_NPS_VNOC_X3Y0,VNOC,data_vc,1,5,1
3108000,3108,0,NOC_NPS_VNOC_X3Y1,VNOC,credit,0,-1,1
3108000,3108,0,NOC_NPS_VNOC_X3Y1,VNOC,data_vc,0,5,1
3108000,3108,1,NOC_NPS_VNOC_X3Y0,VNOC,credit,1,-1,1
3108000,3108,1,NOC_NPS_VNOC_X3Y0,VNOC,data_vc,1,5,1
3109000,3109,0,NOC_NPS_VNOC_X3Y1,VNOC,credit,0,-1,1
3109000,3109,0,NOC_NPS_VNOC_X3Y1,VNOC,data_vc,0,5,1
3109000,3109,1,NOC_NPS_VNOC_X3Y0,VNOC,credit,1,-1,1
3109000,3109,1,NOC_NPS_VNOC_X3Y0,VNOC,data_vc,1,5,1
3110000,3110,0,NOC_NPS_VNOC_X3Y1,VNOC,credit,0,-1,1
3110000,3110,0,NOC_NPS_VNOC_X3Y1,VNOC,data_vc,0,5,1
3110000,3110,1,NOC_NPS_VNOC_X3Y0,VNOC,credit,1,-1,1
3110000,3110,1,NOC_NPS_VNOC_X3Y0,VNOC,data_vc,1,5,1
3111000,3111,0,NOC_NPS_VNOC_X3Y1,VNOC,credit,0,-1,1
3111000,3111,0,NOC_NPS_VNOC_X3Y1,VNOC,data_vc,0,5,1
3111000,3111,1,NOC_NPS_VNOC_X3Y0,VNOC,credit,1,-1,1
3111000,3111,1,NOC_NPS_VNOC_X3Y0,VNOC,data_vc,1,5,1
3112000,3112,0,NOC_NPS_VNOC_X3Y1,VNOC,credit,0,-1,1
3112000,3112,0,NOC_NPS_VNOC_X3Y1,VNOC,data_vc,0,5,1
3112000,3112,1,NOC_NPS_VNOC_X3Y0,VNOC,credit,1,-1,1
3112000,3112,1,NOC_NPS_VNOC_X3Y0,VNOC,data_vc,1,5,1
3113000,3113,0,NOC_NPS_VNOC_X3Y1,VNOC,credit,0,-1,1
3113000,3113,0,NOC_NPS_VNOC_X3Y1,VNOC,data_vc,0,5,1
3113000,3113,1,NOC_NPS_VNOC_X3Y0,VNOC,credit,1,-1,1
3113000,3113,1,NOC_NPS_VNOC_X3Y0,VNOC,data_vc,1,5,1
3114000,3114,0,NOC_NPS_VNOC_X3Y1,VNOC,credit,0,-1,1
3114000,3114,0,NOC_NPS_VNOC_X3Y1,VNOC,data_vc,0,5,1
3114000,3114,1,NOC_NPS_VNOC_X3Y0,VNOC,credit,1,-1,1
3114000,3114,1,NOC_NPS_VNOC_X3Y0,VNOC,data_vc,1,5,1
3115000,3115,0,NOC_NPS_VNOC_X3Y1,VNOC,credit,0,-1,1
3115000,3115,0,NOC_NPS_VNOC_X3Y1,VNOC,data_vc,0,5,1
3115000,3115,1,NOC_NPS_VNOC_X3Y0,VNOC,credit,1,-1,1
3115000,3115,1,NOC_NPS_VNOC_X3Y0,VNOC,data_vc,1,5,1
3116000,3116,0,NOC_NPS_VNOC_X3Y1,VNOC,credit,0,-1,1
3116000,3116,0,NOC_NPS_VNOC_X3Y1,VNOC,data_vc,0,5,1
3116000,3116,1,NOC_NPS_VNOC_X3Y0,VNOC,credit,1,-1,1
3116000,3116,1,NOC_NPS_VNOC_X3Y0,VNOC,data_vc,1,5,1
3117000,3117,0,NOC_NPS_VNOC_X3Y1,VNOC,credit,0,-1,1
3117000,3117,0,NOC_NPS_VNOC_X3Y1,VNOC,data_vc,0,5,1
3117000,3117,1,NOC_NPS_VNOC_X3Y0,VNOC,credit,1,-1,1
3117000,3117,1,NOC_NPS_VNOC_X3Y0,VNOC,data_vc,1,5,1
3118000,3118,0,NOC_NPS_VNOC_X3Y1,VNOC,credit,0,-1,1
3118000,3118,0,NOC_NPS_VNOC_X3Y1,VNOC,data_vc,0,5,1
3118000,3118,1,NOC_NPS_VNOC_X3Y0,VNOC,credit,1,-1,1
3118000,3118,1,NOC_NPS_VNOC_X3Y0,VNOC,data_vc,1,5,1
3119000,3119,0,NOC_NPS_VNOC_X3Y1,VNOC,credit,0,-1,1
3119000,3119,0,NOC_NPS_VNOC_X3Y1,VNOC,data_vc,0,5,1
3119000,3119,1,NOC_NPS_VNOC_X3Y0,VNOC,credit,1,-1,1
3119000,3119,1,NOC_NPS_VNOC_X3Y0,VNOC,data_vc,1,5,1
3120000,3120,0,NOC_NPS_VNOC_X3Y1,VNOC,credit,0,-1,1
3120000,3120,0,NOC_NPS_VNOC_X3Y1,VNOC,data_vc,0,5,1
3120000,3120,1,NOC_NPS_VNOC_X3Y0,VNOC,credit,1,-1,1
3120000,3120,1,NOC_NPS_VNOC_X3Y0,VNOC,data_vc,1,5,1
3121000,3121,0,NOC_NPS_VNOC_X3Y1,VNOC,credit,0,-1,1
3121000,3121,0,NOC_NPS_VNOC_X3Y1,VNOC,data_vc,0,5,1
3121000,3121,1,NOC_NPS_VNOC_X3Y0,VNOC,credit,1,-1,1
3121000,3121,1,NOC_NPS_VNOC_X3Y0,VNOC,data_vc,1,5,1
3122000,3122,0,NOC_NPS_VNOC_X3Y1,VNOC,credit,0,-1,1
3122000,3122,0,NOC_NPS_VNOC_X3Y1,VNOC,data_vc,0,5,1
3122000,3122,1,NOC_NPS_VNOC_X3Y0,VNOC,credit,1,-1,1
3122000,3122,1,NOC_NPS_VNOC_X3Y0,VNOC,data_vc,1,5,1
3123000,3123,0,NOC_NPS_VNOC_X3Y1,VNOC,credit,0,-1,1
3123000,3123,0,NOC_NPS_VNOC_X3Y1,VNOC,data_vc,0,5,1
3123000,3123,1,NOC_NPS_VNOC_X3Y0,VNOC,credit,1,-1,1
3123000,3123,1,NOC_NPS_VNOC_X3Y0,VNOC,data_vc,1,5,1
3124000,3124,0,NOC_NPS_VNOC_X3Y1,VNOC,credit,0,-1,1
3124000,3124,0,NOC_NPS_VNOC_X3Y1,VNOC,data_vc,0,5,1
3124000,3124,1,NOC_NPS_VNOC_X3Y0,VNOC,credit,1,-1,1
3124000,3124,1,NOC_NPS_VNOC_X3Y0,VNOC,data_vc,1,5,1
3125000,3125,0,NOC_NPS_VNOC_X3Y1,VNOC,credit,0,-1,1
3125000,3125,0,NOC_NPS_VNOC_X3Y1,VNOC,data_vc,0,5,1
3125000,3125,1,NOC_NPS_VNOC_X3Y0,VNOC,credit,1,-1,1
3125000,3125,1,NOC_NPS_VNOC_X3Y0,VNOC,data_vc,1,5,1
3126000,3126,0,NOC_NPS_VNOC_X3Y1,VNOC,credit,0,-1,1
3126000,3126,0,NOC_NPS_VNOC_X3Y1,VNOC,data_vc,0,5,1
3126000,3126,1,NOC_NPS_VNOC_X3Y0,VNOC,credit,1,-1,1
3126000,3126,1,NOC_NPS_VNOC_X3Y0,VNOC,data_vc,1,5,1
3127000,3127,0,NOC_NPS_VNOC_X3Y1,VNOC,credit,0,-1,1
3127000,3127,0,NOC_NPS_VNOC_X3Y1,VNOC,data_vc,0,5,1
3127000,3127,1,NOC_NPS_VNOC_X3Y0,VNOC,credit,1,-1,1
3127000,3127,1,NOC_NPS_VNOC_X3Y0,VNOC,data_vc,1,5,1
3128000,3128,0,NOC_NPS_VNOC_X3Y1,VNOC,credit,0,-1,1
3128000,3128,0,NOC_NPS_VNOC_X3Y1,VNOC,data_vc,0,5,1
3128000,3128,1,NOC_NPS_VNOC_X3Y0,VNOC,credit,1,-1,1
3128000,3128,1,NOC_NPS_VNOC_X3Y0,VNOC,data_vc,1,5,1
3129000,3129,0,NOC_NPS_VNOC_X3Y1,VNOC,credit,0,-1,1
3129000,3129,0,NOC_NPS_VNOC_X3Y1,VNOC,data_vc,0,5,1
3129000,3129,1,NOC_NPS_VNOC_X3Y0,VNOC,credit,1,-1,1
3129000,3129,1,NOC_NPS_VNOC_X3Y0,VNOC,data_vc,1,5,1
3130000,3130,0,NOC_NPS_VNOC_X3Y1,VNOC,credit,0,-1,1
3130000,3130,0,NOC_NPS_VNOC_X3Y1,VNOC,data_vc,0,5,1
3130000,3130,1,NOC_NPS_VNOC_X3Y0,VNOC,credit,1,-1,1
3130000,3130,1,NOC_NPS_VNOC_X3Y0,VNOC,data_vc,1,5,1
3131000,3131,0,NOC_NPS_VNOC_X3Y1,VNOC,credit,0,-1,1
3131000,3131,0,NOC_NPS_VNOC_X3Y1,VNOC,data_vc,0,5,1
3131000,3131,1,NOC_NPS_VNOC_X3Y0,VNOC,credit,1,-1,1
3131000,3131,1,NOC_NPS_VNOC_X3Y0,VNOC,data_vc,1,5,1
3132000,3132,0,NOC_NPS_VNOC_X3Y1,VNOC,credit,0,-1,1
3132000,3132,0,NOC_NPS_VNOC_X3Y1,VNOC,data_vc,0,5,1
3132000,3132,1,NOC_NPS_VNOC_X3Y0,VNOC,credit,1,-1,1
3132000,3132,1,NOC_NPS_VNOC_X3Y0,VNOC,data_vc,1,5,1
3133000,3133,0,NOC_NPS_VNOC_X3Y1,VNOC,credit,0,-1,1
3133000,3133,0,NOC_NPS_VNOC_X3Y1,VNOC,data_vc,0,5,1
3133000,3133,1,NOC_NPS_VNOC_X3Y0,VNOC,credit,1,-1,1
3133000,3133,1,NOC_NPS_VNOC_X3Y0,VNOC,data_vc,1,5,1
3134000,3134,0,NOC_NPS_VNOC_X3Y1,VNOC,credit,0,-1,1
3134000,3134,0,NOC_NPS_VNOC_X3Y1,VNOC,data_vc,0,5,1
3134000,3134,1,NOC_NPS_VNOC_X3Y0,VNOC,credit,1,-1,1
3134000,3134,1,NOC_NPS_VNOC_X3Y0,VNOC,data_vc,1,5,1
3135000,3135,0,NOC_NPS_VNOC_X3Y1,VNOC,credit,0,-1,1
3135000,3135,0,NOC_NPS_VNOC_X3Y1,VNOC,data_vc,0,5,1
3135000,3135,1,NOC_NPS_VNOC_X3Y0,VNOC,credit,1,-1,1
3135000,3135,1,NOC_NPS_VNOC_X3Y0,VNOC,data_vc,1,5,1
3136000,3136,0,NOC_NPS_VNOC_X3Y1,VNOC,credit,0,-1,1
3136000,3136,0,NOC_NPS_VNOC_X3Y1,VNOC,data_vc,0,5,1
3136000,3136,1,NOC_NPS_VNOC_X3Y0,VNOC,credit,1,-1,1
3136000,3136,1,NOC_NPS_VNOC_X3Y0,VNOC,data_vc,1,5,1
3137000,3137,0,NOC_NPS_VNOC_X3Y1,VNOC,credit,0,-1,1
3137000,3137,0,NOC_NPS_VNOC_X3Y1,VNOC,data_vc,0,5,1
3137000,3137,1,NOC_NPS_VNOC_X3Y0,VNOC,credit,1,-1,1
3137000,3137,1,NOC_NPS_VNOC_X3Y0,VNOC,data_vc,1,5,1
3138000,3138,0,NOC_NPS_VNOC_X3Y1,VNOC,credit,0,-1,1
3138000,3138,0,NOC_NPS_VNOC_X3Y1,VNOC,data_vc,0,5,1
3138000,3138,1,NOC_NPS_VNOC_X3Y0,VNOC,credit,1,-1,1
3138000,3138,1,NOC_NPS_VNOC_X3Y0,VNOC,data_vc,1,5,1
3139000,3139,0,NOC_NPS_VNOC_X3Y1,VNOC,credit,0,-1,1
3139000,3139,0,NOC_NPS_VNOC_X3Y1,VNOC,data_vc,0,5,1
3139000,3139,1,NOC_NPS_VNOC_X3Y0,VNOC,credit,1,-1,1
3139000,3139,1,NOC_NPS_VNOC_X3Y0,VNOC,data_vc,1,5,1
3140000,3140,0,NOC_NPS_VNOC_X3Y1,VNOC,credit,0,-1,1
3140000,3140,0,NOC_NPS_VNOC_X3Y1,VNOC,data_vc,0,5,1
3140000,3140,1,NOC_NPS_VNOC_X3Y0,VNOC,credit,1,-1,1
3140000,3140,1,NOC_NPS_VNOC_X3Y0,VNOC,data_vc,1,5,1
3141000,3141,0,NOC_NPS_VNOC_X3Y1,VNOC,credit,0,-1,1
3141000,3141,0,NOC_NPS_VNOC_X3Y1,VNOC,data_vc,0,5,1
3141000,3141,1,NOC_NPS_VNOC_X3Y0,VNOC,credit,1,-1,1
3141000,3141,1,NOC_NPS_VNOC_X3Y0,VNOC,data_vc,1,5,1
3142000,3142,0,NOC_NPS_VNOC_X3Y1,VNOC,credit,0,-1,1
3142000,3142,0,NOC_NPS_VNOC_X3Y1,VNOC,data_vc,0,5,1
3142000,3142,1,NOC_NPS_VNOC_X3Y0,VNOC,credit,1,-1,1
3142000,3142,1,NOC_NPS_VNOC_X3Y0,VNOC,data_vc,1,5,1
3143000,3143,0,NOC_NPS_VNOC_X3Y1,VNOC,credit,0,-1,1
3143000,3143,0,NOC_NPS_VNOC_X3Y1,VNOC,data_vc,0,5,1
3143000,3143,1,NOC_NPS_VNOC_X3Y0,VNOC,credit,1,-1,1
3143000,3143,1,NOC_NPS_VNOC_X3Y0,VNOC,data_vc,1,5,1
3144000,3144,0,NOC_NPS_VNOC_X3Y1,VNOC,credit,0,-1,1
3144000,3144,0,NOC_NPS_VNOC_X3Y1,VNOC,data_vc,0,5,1
3144000,3144,1,NOC_NPS_VNOC_X3Y0,VNOC,credit,1,-1,1
3144000,3144,1,NOC_NPS_VNOC_X3Y0,VNOC,data_vc,1,5,1
3145000,3145,0,NOC_NPS_VNOC_X3Y1,VNOC,credit,0,-1,1
3145000,3145,0,NOC_NPS_VNOC_X3Y1,VNOC,data_vc,0,5,1
3145000,3145,1,NOC_NPS_VNOC_X3Y0,VNOC,credit,1,-1,1
3145000,3145,1,NOC_NPS_VNOC_X3Y0,VNOC,data_vc,1,5,1
3146000,3146,0,NOC_NPS_VNOC_X3Y1,VNOC,credit,0,-1,1
3146000,3146,0,NOC_NPS_VNOC_X3Y1,VNOC,data_vc,0,5,1
3146000,3146,1,NOC_NPS_VNOC_X3Y0,VNOC,credit,1,-1,1
3146000,3146,1,NOC_NPS_VNOC_X3Y0,VNOC,data_vc,1,5,1
3147000,3147,0,NOC_NPS_VNOC_X3Y1,VNOC,credit,0,-1,1
3147000,3147,0,NOC_NPS_VNOC_X3Y1,VNOC,data_vc,0,5,1
3147000,3147,1,NOC_NPS_VNOC_X3Y0,VNOC,credit,1,-1,1
3147000,3147,1,NOC_NPS_VNOC_X3Y0,VNOC,data_vc,1,5,1
3148000,3148,0,NOC_NPS_VNOC_X3Y1,VNOC,credit,0,-1,1
3148000,3148,0,NOC_NPS_VNOC_X3Y1,VNOC,data_vc,0,5,1
3148000,3148,1,NOC_NPS_VNOC_X3Y0,VNOC,credit,1,-1,1
3148000,3148,1,NOC_NPS_VNOC_X3Y0,VNOC,data_vc,1,5,1
3149000,3149,0,NOC_NPS_VNOC_X3Y1,VNOC,credit,0,-1,1
3149000,3149,0,NOC_NPS_VNOC_X3Y1,VNOC,data_vc,0,5,1
3149000,3149,1,NOC_NPS_VNOC_X3Y0,VNOC,credit,1,-1,1
3149000,3149,1,NOC_NPS_VNOC_X3Y0,VNOC,data_vc,1,5,1
3150000,3150,0,NOC_NPS_VNOC_X3Y1,VNOC,credit,0,-1,1
3150000,3150,0,NOC_NPS_VNOC_X3Y1,VNOC,data_vc,0,5,1
3150000,3150,1,NOC_NPS_VNOC_X3Y0,VNOC,credit,1,-1,1
3150000,3150,1,NOC_NPS_VNOC_X3Y0,VNOC,data_vc,1,5,1
3151000,3151,0,NOC_NPS_VNOC_X3Y1,VNOC,credit,0,-1,1
3151000,3151,0,NOC_NPS_VNOC_X3Y1,VNOC,data_vc,0,5,1
3151000,3151,1,NOC_NPS_VNOC_X3Y0,VNOC,credit,1,-1,1
3151000,3151,1,NOC_NPS_VNOC_X3Y0,VNOC,data_vc,1,5,1
3152000,3152,0,NOC_NPS_VNOC_X3Y1,VNOC,credit,0,-1,1
3152000,3152,0,NOC_NPS_VNOC_X3Y1,VNOC,data_vc,0,5,1
3152000,3152,1,NOC_NPS_VNOC_X3Y0,VNOC,credit,1,-1,1
3152000,3152,1,NOC_NPS_VNOC_X3Y0,VNOC,data_vc,1,5,1
3153000,3153,0,NOC_NPS_VNOC_X3Y1,VNOC,credit,0,-1,1
3153000,3153,0,NOC_NPS_VNOC_X3Y1,VNOC,data_vc,0,5,1
3153000,3153,1,NOC_NPS_VNOC_X3Y0,VNOC,credit,1,-1,1
3153000,3153,1,NOC_NPS_VNOC_X3Y0,VNOC,data_vc,1,5,1
3154000,3154,0,NOC_NPS_VNOC_X3Y1,VNOC,credit,0,-1,1
3154000,3154,0,NOC_NPS_VNOC_X3Y1,VNOC,data_vc,0,5,1
3154000,3154,1,NOC_NPS_VNOC_X3Y0,VNOC,credit,1,-1,1
3154000,3154,1,NOC_NPS_VNOC_X3Y0,VNOC,data_vc,1,5,1
3155000,3155,0,NOC_NPS_VNOC_X3Y1,VNOC,credit,0,-1,1
3155000,3155,0,NOC_NPS_VNOC_X3Y1,VNOC,data_vc,0,5,1
3155000,3155,1,NOC_NPS_VNOC_X3Y0,VNOC,credit,1,-1,1
3155000,3155,1,NOC_NPS_VNOC_X3Y0,VNOC,data_vc,1,5,1
3156000,3156,0,NOC_NPS_VNOC_X3Y1,VNOC,credit,0,-1,1
3156000,3156,0,NOC_NPS_VNOC_X3Y1,VNOC,data_vc,0,5,1
3156000,3156,1,NOC_NPS_VNOC_X3Y0,VNOC,credit,1,-1,1
3156000,3156,1,NOC_NPS_VNOC_X3Y0,VNOC,data_vc,1,5,1
3157000,3157,0,NOC_NPS_VNOC_X3Y1,VNOC,credit,0,-1,1
3157000,3157,0,NOC_NPS_VNOC_X3Y1,VNOC,data_vc,0,5,1
3157000,3157,1,NOC_NPS_VNOC_X3Y0,VNOC,credit,1,-1,1
3157000,3157,1,NOC_NPS_VNOC_X3Y0,VNOC,data_vc,1,5,1
3158000,3158,0,NOC_NPS_VNOC_X3Y1,VNOC,credit,0,-1,1
3158000,3158,0,NOC_NPS_VNOC_X3Y1,VNOC,data_vc,0,5,1
3158000,3158,1,NOC_NPS_VNOC_X3Y0,VNOC,credit,1,-1,1
3158000,3158,1,NOC_NPS_VNOC_X3Y0,VNOC,data_vc,1,5,1
3159000,3159,0,NOC_NPS_VNOC_X3Y1,VNOC,credit,0,-1,1
3159000,3159,0,NOC_NPS_VNOC_X3Y1,VNOC,data_vc,0,5,1
3159000,3159,1,NOC_NPS_VNOC_X3Y0,VNOC,credit,1,-1,1
3159000,3159,1,NOC_NPS_VNOC_X3Y0,VNOC,data_vc,1,5,1
3160000,3160,0,NOC_NPS_VNOC_X3Y1,VNOC,credit,0,-1,1
3160000,3160,0,NOC_NPS_VNOC_X3Y1,VNOC,data_vc,0,5,1
3160000,3160,1,NOC_NPS_VNOC_X3Y0,VNOC,credit,1,-1,1
3160000,3160,1,NOC_NPS_VNOC_X3Y0,VNOC,data_vc,1,5,1
3161000,3161,0,NOC_NPS_VNOC_X3Y1,VNOC,credit,0,-1,1
3161000,3161,0,NOC_NPS_VNOC_X3Y1,VNOC,data_vc,0,5,1
3161000,3161,1,NOC_NPS_VNOC_X3Y0,VNOC,credit,1,-1,1
3161000,3161,1,NOC_NPS_VNOC_X3Y0,VNOC,data_vc,1,5,1
3162000,3162,0,NOC_NPS_VNOC_X3Y1,VNOC,credit,0,-1,1
3162000,3162,0,NOC_NPS_VNOC_X3Y1,VNOC,data_vc,0,5,1
3162000,3162,1,NOC_NPS_VNOC_X3Y0,VNOC,credit,1,-1,1
3162000,3162,1,NOC_NPS_VNOC_X3Y0,VNOC,data_vc,1,5,1
3163000,3163,0,NOC_NPS_VNOC_X3Y1,VNOC,credit,0,-1,1
3163000,3163,0,NOC_NPS_VNOC_X3Y1,VNOC,data_vc,0,5,1
3163000,3163,1,NOC_NPS_VNOC_X3Y0,VNOC,credit,1,-1,1
3163000,3163,1,NOC_NPS_VNOC_X3Y0,VNOC,data_vc,1,5,1
3164000,3164,0,NOC_NPS_VNOC_X3Y1,VNOC,credit,0,-1,1
3164000,3164,0,NOC_NPS_VNOC_X3Y1,VNOC,data_vc,0,5,1
3164000,3164,1,NOC_NPS_VNOC_X3Y0,VNOC,credit,1,-1,1
3164000,3164,1,NOC_NPS_VNOC_X3Y0,VNOC,data_vc,1,5,1
3165000,3165,0,NOC_NPS_VNOC_X3Y1,VNOC,credit,0,-1,1
3165000,3165,0,NOC_NPS_VNOC_X3Y1,VNOC,data_vc,0,5,1
3165000,3165,1,NOC_NPS_VNOC_X3Y0,VNOC,credit,1,-1,1
3165000,3165,1,NOC_NPS_VNOC_X3Y0,VNOC,data_vc,1,5,1
3166000,3166,0,NOC_NPS_VNOC_X3Y1,VNOC,credit,0,-1,1
3166000,3166,0,NOC_NPS_VNOC_X3Y1,VNOC,data_vc,0,5,1
3166000,3166,1,NOC_NPS_VNOC_X3Y0,VNOC,credit,1,-1,1
3166000,3166,1,NOC_NPS_VNOC_X3Y0,VNOC,data_vc,1,5,1
3167000,3167,0,NOC_NPS_VNOC_X3Y1,VNOC,credit,0,-1,1
3167000,3167,0,NOC_NPS_VNOC_X3Y1,VNOC,data_vc,0,5,1
3167000,3167,1,NOC_NPS_VNOC_X3Y0,VNOC,credit,1,-1,1
3167000,3167,1,NOC_NPS_VNOC_X3Y0,VNOC,data_vc,1,5,1
3168000,3168,0,NOC_NPS_VNOC_X3Y1,VNOC,credit,0,-1,1
3168000,3168,0,NOC_NPS_VNOC_X3Y1,VNOC,data_vc,0,5,1
3168000,3168,1,NOC_NPS_VNOC_X3Y0,VNOC,credit,1,-1,1
3168000,3168,1,NOC_NPS_VNOC_X3Y0,VNOC,data_vc,1,5,1
3169000,3169,0,NOC_NPS_VNOC_X3Y1,VNOC,data_vc,0,5,1
3169000,3169,1,NOC_NPS_VNOC_X3Y0,VNOC,credit,1,-1,1
3169000,3169,1,NOC_NPS_VNOC_X3Y0,VNOC,data_vc,1,5,1
3170000,3170,0,NOC_NPS_VNOC_X3Y1,VNOC,data_vc,0,5,1
3170000,3170,1,NOC_NPS_VNOC_X3Y0,VNOC,credit,1,-1,1
3170000,3170,1,NOC_NPS_VNOC_X3Y0,VNOC,data_vc,1,5,1
3171000,3171,0,NOC_NPS_VNOC_X3Y1,VNOC,credit,0,-1,1
3171000,3171,0,NOC_NPS_VNOC_X3Y1,VNOC,data_vc,0,5,1
3171000,3171,1,NOC_NPS_VNOC_X3Y0,VNOC,data_vc,1,5,1
3172000,3172,0,NOC_NPS_VNOC_X3Y1,VNOC,credit,0,-1,1
3172000,3172,0,NOC_NPS_VNOC_X3Y1,VNOC,data_vc,0,5,1
3172000,3172,1,NOC_NPS_VNOC_X3Y0,VNOC,data_vc,1,5,1
3173000,3173,0,NOC_NPS_VNOC_X3Y1,VNOC,credit,0,-1,1
3173000,3173,0,NOC_NPS_VNOC_X3Y1,VNOC,data_vc,0,5,1
3173000,3173,1,NOC_NPS_VNOC_X3Y0,VNOC,credit,1,-1,1
3173000,3173,1,NOC_NPS_VNOC_X3Y0,VNOC,data_vc,1,5,1
3174000,3174,0,NOC_NPS_VNOC_X3Y1,VNOC,credit,0,-1,1
3174000,3174,0,NOC_NPS_VNOC_X3Y1,VNOC,data_vc,0,5,1
3174000,3174,1,NOC_NPS_VNOC_X3Y0,VNOC,credit,1,-1,1
3174000,3174,1,NOC_NPS_VNOC_X3Y0,VNOC,data_vc,1,5,1
3175000,3175,0,NOC_NPS_VNOC_X3Y1,VNOC,credit,0,-1,1
3175000,3175,0,NOC_NPS_VNOC_X3Y1,VNOC,data_vc,0,5,1
3175000,3175,1,NOC_NPS_VNOC_X3Y0,VNOC,credit,1,-1,1
3175000,3175,1,NOC_NPS_VNOC_X3Y0,VNOC,data_vc,1,5,1
3176000,3176,0,NOC_NPS_VNOC_X3Y1,VNOC,credit,0,-1,1
3176000,3176,0,NOC_NPS_VNOC_X3Y1,VNOC,data_vc,0,5,1
3176000,3176,1,NOC_NPS_VNOC_X3Y0,VNOC,credit,1,-1,1
3176000,3176,1,NOC_NPS_VNOC_X3Y0,VNOC,data_vc,1,5,1
3177000,3177,0,NOC_NPS_VNOC_X3Y1,VNOC,credit,0,-1,1
3177000,3177,0,NOC_NPS_VNOC_X3Y1,VNOC,data_vc,0,5,1
3177000,3177,1,NOC_NPS_VNOC_X3Y0,VNOC,credit,1,-1,1
3177000,3177,1,NOC_NPS_VNOC_X3Y0,VNOC,data_vc,1,5,1
3178000,3178,0,NOC_NPS_VNOC_X3Y1,VNOC,credit,0,-1,1
3178000,3178,0,NOC_NPS_VNOC_X3Y1,VNOC,data_vc,0,5,1
3178000,3178,1,NOC_NPS_VNOC_X3Y0,VNOC,credit,1,-1,1
3178000,3178,1,NOC_NPS_VNOC_X3Y0,VNOC,data_vc,1,5,1
3179000,3179,0,NOC_NPS_VNOC_X3Y1,VNOC,credit,0,-1,1
3179000,3179,0,NOC_NPS_VNOC_X3Y1,VNOC,data_vc,0,5,1
3179000,3179,1,NOC_NPS_VNOC_X3Y0,VNOC,credit,1,-1,1
3179000,3179,1,NOC_NPS_VNOC_X3Y0,VNOC,data_vc,1,5,1
3180000,3180,0,NOC_NPS_VNOC_X3Y1,VNOC,credit,0,-1,1
3180000,3180,0,NOC_NPS_VNOC_X3Y1,VNOC,data_vc,0,5,1
3180000,3180,1,NOC_NPS_VNOC_X3Y0,VNOC,credit,1,-1,1
3180000,3180,1,NOC_NPS_VNOC_X3Y0,VNOC,data_vc,1,5,1
3181000,3181,0,NOC_NPS_VNOC_X3Y1,VNOC,credit,0,-1,1
3181000,3181,0,NOC_NPS_VNOC_X3Y1,VNOC,data_vc,0,5,1
3181000,3181,1,NOC_NPS_VNOC_X3Y0,VNOC,credit,1,-1,1
3181000,3181,1,NOC_NPS_VNOC_X3Y0,VNOC,data_vc,1,5,1
3182000,3182,0,NOC_NPS_VNOC_X3Y1,VNOC,credit,0,-1,1
3182000,3182,0,NOC_NPS_VNOC_X3Y1,VNOC,data_vc,0,5,1
3182000,3182,1,NOC_NPS_VNOC_X3Y0,VNOC,credit,1,-1,1
3182000,3182,1,NOC_NPS_VNOC_X3Y0,VNOC,data_vc,1,5,1
3183000,3183,0,NOC_NPS_VNOC_X3Y1,VNOC,credit,0,-1,1
3183000,3183,0,NOC_NPS_VNOC_X3Y1,VNOC,data_vc,0,5,1
3183000,3183,1,NOC_NPS_VNOC_X3Y0,VNOC,credit,1,-1,1
3183000,3183,1,NOC_NPS_VNOC_X3Y0,VNOC,data_vc,1,5,1
3184000,3184,0,NOC_NPS_VNOC_X3Y1,VNOC,credit,0,-1,1
3184000,3184,0,NOC_NPS_VNOC_X3Y1,VNOC,data_vc,0,5,1
3184000,3184,1,NOC_NPS_VNOC_X3Y0,VNOC,credit,1,-1,1
3184000,3184,1,NOC_NPS_VNOC_X3Y0,VNOC,data_vc,1,5,1
3185000,3185,0,NOC_NPS_VNOC_X3Y1,VNOC,credit,0,-1,1
3185000,3185,0,NOC_NPS_VNOC_X3Y1,VNOC,data_vc,0,5,1
3185000,3185,1,NOC_NPS_VNOC_X3Y0,VNOC,credit,1,-1,1
3185000,3185,1,NOC_NPS_VNOC_X3Y0,VNOC,data_vc,1,5,1
3186000,3186,0,NOC_NPS_VNOC_X3Y1,VNOC,credit,0,-1,1
3186000,3186,0,NOC_NPS_VNOC_X3Y1,VNOC,data_vc,0,5,1
3186000,3186,1,NOC_NPS_VNOC_X3Y0,VNOC,credit,1,-1,1
3186000,3186,1,NOC_NPS_VNOC_X3Y0,VNOC,data_vc,1,5,1
3187000,3187,0,NOC_NPS_VNOC_X3Y1,VNOC,credit,0,-1,1
3187000,3187,0,NOC_NPS_VNOC_X3Y1,VNOC,data_vc,0,5,1
3187000,3187,1,NOC_NPS_VNOC_X3Y0,VNOC,credit,1,-1,1
3187000,3187,1,NOC_NPS_VNOC_X3Y0,VNOC,data_vc,1,5,1
3188000,3188,0,NOC_NPS_VNOC_X3Y1,VNOC,credit,0,-1,1
3188000,3188,0,NOC_NPS_VNOC_X3Y1,VNOC,data_vc,0,5,1
3188000,3188,1,NOC_NPS_VNOC_X3Y0,VNOC,credit,1,-1,1
3188000,3188,1,NOC_NPS_VNOC_X3Y0,VNOC,data_vc,1,5,1
3189000,3189,0,NOC_NPS_VNOC_X3Y1,VNOC,credit,0,-1,1
3189000,3189,0,NOC_NPS_VNOC_X3Y1,VNOC,data_vc,0,5,1
3189000,3189,1,NOC_NPS_VNOC_X3Y0,VNOC,credit,1,-1,1
3189000,3189,1,NOC_NPS_VNOC_X3Y0,VNOC,data_vc,1,5,1
3190000,3190,0,NOC_NPS_VNOC_X3Y1,VNOC,credit,0,-1,1
3190000,3190,0,NOC_NPS_VNOC_X3Y1,VNOC,data_vc,0,5,1
3190000,3190,1,NOC_NPS_VNOC_X3Y0,VNOC,credit,1,-1,1
3190000,3190,1,NOC_NPS_VNOC_X3Y0,VNOC,data_vc,1,5,1
3191000,3191,0,NOC_NPS_VNOC_X3Y1,VNOC,credit,0,-1,1
3191000,3191,0,NOC_NPS_VNOC_X3Y1,VNOC,data_vc,0,5,1
3191000,3191,1,NOC_NPS_VNOC_X3Y0,VNOC,credit,1,-1,1
3191000,3191,1,NOC_NPS_VNOC_X3Y0,VNOC,data_vc,1,5,1
3192000,3192,0,NOC_NPS_VNOC_X3Y1,VNOC,credit,0,-1,1
3192000,3192,0,NOC_NPS_VNOC_X3Y1,VNOC,data_vc,0,5,1
3192000,3192,1,NOC_NPS_VNOC_X3Y0,VNOC,credit,1,-1,1
3192000,3192,1,NOC_NPS_VNOC_X3Y0,VNOC,data_vc,1,5,1
3193000,3193,0,NOC_NPS_VNOC_X3Y1,VNOC,credit,0,-1,1
3193000,3193,0,NOC_NPS_VNOC_X3Y1,VNOC,data_vc,0,5,1
3193000,3193,1,NOC_NPS_VNOC_X3Y0,VNOC,credit,1,-1,1
3193000,3193,1,NOC_NPS_VNOC_X3Y0,VNOC,data_vc,1,5,1
3194000,3194,0,NOC_NPS_VNOC_X3Y1,VNOC,credit,0,-1,1
3194000,3194,0,NOC_NPS_VNOC_X3Y1,VNOC,data_vc,0,5,1
3194000,3194,1,NOC_NPS_VNOC_X3Y0,VNOC,credit,1,-1,1
3194000,3194,1,NOC_NPS_VNOC_X3Y0,VNOC,data_vc,1,5,1
3195000,3195,0,NOC_NPS_VNOC_X3Y1,VNOC,credit,0,-1,1
3195000,3195,0,NOC_NPS_VNOC_X3Y1,VNOC,data_vc,0,5,1
3195000,3195,1,NOC_NPS_VNOC_X3Y0,VNOC,credit,1,-1,1
3195000,3195,1,NOC_NPS_VNOC_X3Y0,VNOC,data_vc,1,5,1
3196000,3196,0,NOC_NPS_VNOC_X3Y1,VNOC,credit,0,-1,1
3196000,3196,0,NOC_NPS_VNOC_X3Y1,VNOC,data_vc,0,5,1
3196000,3196,1,NOC_NPS_VNOC_X3Y0,VNOC,credit,1,-1,1
3196000,3196,1,NOC_NPS_VNOC_X3Y0,VNOC,data_vc,1,5,1
3197000,3197,0,NOC_NPS_VNOC_X3Y1,VNOC,credit,0,-1,1
3197000,3197,0,NOC_NPS_VNOC_X3Y1,VNOC,data_vc,0,5,1
3197000,3197,1,NOC_NPS_VNOC_X3Y0,VNOC,credit,1,-1,1
3197000,3197,1,NOC_NPS_VNOC_X3Y0,VNOC,data_vc,1,5,1
3198000,3198,0,NOC_NPS_VNOC_X3Y1,VNOC,credit,0,-1,1
3198000,3198,0,NOC_NPS_VNOC_X3Y1,VNOC,data_vc,0,5,1
3198000,3198,1,NOC_NPS_VNOC_X3Y0,VNOC,credit,1,-1,1
3198000,3198,1,NOC_NPS_VNOC_X3Y0,VNOC,data_vc,1,5,1
3199000,3199,0,NOC_NPS_VNOC_X3Y1,VNOC,credit,0,-1,1
3199000,3199,0,NOC_NPS_VNOC_X3Y1,VNOC,data_vc,0,5,1
3199000,3199,1,NOC_NPS_VNOC_X3Y0,VNOC,credit,1,-1,1
3199000,3199,1,NOC_NPS_VNOC_X3Y0,VNOC,data_vc,1,5,1
3200000,3200,0,NOC_NPS_VNOC_X3Y1,VNOC,credit,0,-1,1
3200000,3200,0,NOC_NPS_VNOC_X3Y1,VNOC,data_vc,0,5,1
3200000,3200,1,NOC_NPS_VNOC_X3Y0,VNOC,credit,1,-1,1
3200000,3200,1,NOC_NPS_VNOC_X3Y0,VNOC,data_vc,1,5,1
3201000,3201,0,NOC_NPS_VNOC_X3Y1,VNOC,credit,0,-1,1
3201000,3201,0,NOC_NPS_VNOC_X3Y1,VNOC,data_vc,0,5,1
3201000,3201,1,NOC_NPS_VNOC_X3Y0,VNOC,credit,1,-1,1
3201000,3201,1,NOC_NPS_VNOC_X3Y0,VNOC,data_vc,1,5,1
3202000,3202,0,NOC_NPS_VNOC_X3Y1,VNOC,credit,0,-1,1
3202000,3202,0,NOC_NPS_VNOC_X3Y1,VNOC,data_vc,0,5,1
3202000,3202,1,NOC_NPS_VNOC_X3Y0,VNOC,credit,1,-1,1
3202000,3202,1,NOC_NPS_VNOC_X3Y0,VNOC,data_vc,1,5,1
3203000,3203,0,NOC_NPS_VNOC_X3Y1,VNOC,credit,0,-1,1
3203000,3203,0,NOC_NPS_VNOC_X3Y1,VNOC,data_vc,0,5,1
3203000,3203,1,NOC_NPS_VNOC_X3Y0,VNOC,credit,1,-1,1
3203000,3203,1,NOC_NPS_VNOC_X3Y0,VNOC,data_vc,1,5,1
3204000,3204,0,NOC_NPS_VNOC_X3Y1,VNOC,credit,0,-1,1
3204000,3204,0,NOC_NPS_VNOC_X3Y1,VNOC,data_vc,0,5,1
3204000,3204,1,NOC_NPS_VNOC_X3Y0,VNOC,credit,1,-1,1
3204000,3204,1,NOC_NPS_VNOC_X3Y0,VNOC,data_vc,1,5,1
3205000,3205,0,NOC_NPS_VNOC_X3Y1,VNOC,credit,0,-1,1
3205000,3205,0,NOC_NPS_VNOC_X3Y1,VNOC,data_vc,0,5,1
3205000,3205,1,NOC_NPS_VNOC_X3Y0,VNOC,credit,1,-1,1
3205000,3205,1,NOC_NPS_VNOC_X3Y0,VNOC,data_vc,1,5,1
3206000,3206,0,NOC_NPS_VNOC_X3Y1,VNOC,credit,0,-1,1
3206000,3206,0,NOC_NPS_VNOC_X3Y1,VNOC,data_vc,0,5,1
3206000,3206,1,NOC_NPS_VNOC_X3Y0,VNOC,credit,1,-1,1
3206000,3206,1,NOC_NPS_VNOC_X3Y0,VNOC,data_vc,1,5,1
3207000,3207,0,NOC_NPS_VNOC_X3Y1,VNOC,credit,0,-1,1
3207000,3207,0,NOC_NPS_VNOC_X3Y1,VNOC,data_vc,0,5,1
3207000,3207,1,NOC_NPS_VNOC_X3Y0,VNOC,credit,1,-1,1
3207000,3207,1,NOC_NPS_VNOC_X3Y0,VNOC,data_vc,1,5,1
3208000,3208,0,NOC_NPS_VNOC_X3Y1,VNOC,credit,0,-1,1
3208000,3208,0,NOC_NPS_VNOC_X3Y1,VNOC,data_vc,0,5,1
3208000,3208,1,NOC_NPS_VNOC_X3Y0,VNOC,credit,1,-1,1
3208000,3208,1,NOC_NPS_VNOC_X3Y0,VNOC,data_vc,1,5,1
3209000,3209,0,NOC_NPS_VNOC_X3Y1,VNOC,credit,0,-1,1
3209000,3209,0,NOC_NPS_VNOC_X3Y1,VNOC,data_vc,0,5,1
3209000,3209,1,NOC_NPS_VNOC_X3Y0,VNOC,credit,1,-1,1
3209000,3209,1,NOC_NPS_VNOC_X3Y0,VNOC,data_vc,1,5,1
3210000,3210,0,NOC_NPS_VNOC_X3Y1,VNOC,credit,0,-1,1
3210000,3210,0,NOC_NPS_VNOC_X3Y1,VNOC,data_vc,0,5,1
3210000,3210,1,NOC_NPS_VNOC_X3Y0,VNOC,credit,1,-1,1
3210000,3210,1,NOC_NPS_VNOC_X3Y0,VNOC,data_vc,1,5,1
3211000,3211,0,NOC_NPS_VNOC_X3Y1,VNOC,credit,0,-1,1
3211000,3211,0,NOC_NPS_VNOC_X3Y1,VNOC,data_vc,0,5,1
3211000,3211,1,NOC_NPS_VNOC_X3Y0,VNOC,credit,1,-1,1
3211000,3211,1,NOC_NPS_VNOC_X3Y0,VNOC,data_vc,1,5,1
3212000,3212,0,NOC_NPS_VNOC_X3Y1,VNOC,credit,0,-1,1
3212000,3212,0,NOC_NPS_VNOC_X3Y1,VNOC,data_vc,0,5,1
3212000,3212,1,NOC_NPS_VNOC_X3Y0,VNOC,credit,1,-1,1
3212000,3212,1,NOC_NPS_VNOC_X3Y0,VNOC,data_vc,1,5,1
3213000,3213,0,NOC_NPS_VNOC_X3Y1,VNOC,credit,0,-1,1
3213000,3213,0,NOC_NPS_VNOC_X3Y1,VNOC,data_vc,0,5,1
3213000,3213,1,NOC_NPS_VNOC_X3Y0,VNOC,credit,1,-1,1
3213000,3213,1,NOC_NPS_VNOC_X3Y0,VNOC,data_vc,1,5,1
3214000,3214,0,NOC_NPS_VNOC_X3Y1,VNOC,credit,0,-1,1
3214000,3214,0,NOC_NPS_VNOC_X3Y1,VNOC,data_vc,0,5,1
3214000,3214,1,NOC_NPS_VNOC_X3Y0,VNOC,credit,1,-1,1
3214000,3214,1,NOC_NPS_VNOC_X3Y0,VNOC,data_vc,1,5,1
3215000,3215,0,NOC_NPS_VNOC_X3Y1,VNOC,credit,0,-1,1
3215000,3215,0,NOC_NPS_VNOC_X3Y1,VNOC,data_vc,0,5,1
3215000,3215,1,NOC_NPS_VNOC_X3Y0,VNOC,credit,1,-1,1
3215000,3215,1,NOC_NPS_VNOC_X3Y0,VNOC,data_vc,1,5,1
3216000,3216,0,NOC_NPS_VNOC_X3Y1,VNOC,credit,0,-1,1
3216000,3216,0,NOC_NPS_VNOC_X3Y1,VNOC,data_vc,0,5,1
3216000,3216,1,NOC_NPS_VNOC_X3Y0,VNOC,credit,1,-1,1
3216000,3216,1,NOC_NPS_VNOC_X3Y0,VNOC,data_vc,1,5,1
3217000,3217,0,NOC_NPS_VNOC_X3Y1,VNOC,credit,0,-1,1
3217000,3217,0,NOC_NPS_VNOC_X3Y1,VNOC,data_vc,0,5,1
3217000,3217,1,NOC_NPS_VNOC_X3Y0,VNOC,credit,1,-1,1
3217000,3217,1,NOC_NPS_VNOC_X3Y0,VNOC,data_vc,1,5,1
3218000,3218,0,NOC_NPS_VNOC_X3Y1,VNOC,credit,0,-1,1
3218000,3218,0,NOC_NPS_VNOC_X3Y1,VNOC,data_vc,0,5,1
3218000,3218,1,NOC_NPS_VNOC_X3Y0,VNOC,credit,1,-1,1
3218000,3218,1,NOC_NPS_VNOC_X3Y0,VNOC,data_vc,1,5,1
3219000,3219,0,NOC_NPS_VNOC_X3Y1,VNOC,credit,0,-1,1
3219000,3219,0,NOC_NPS_VNOC_X3Y1,VNOC,data_vc,0,5,1
3219000,3219,1,NOC_NPS_VNOC_X3Y0,VNOC,credit,1,-1,1
3219000,3219,1,NOC_NPS_VNOC_X3Y0,VNOC,data_vc,1,5,1
3220000,3220,0,NOC_NPS_VNOC_X3Y1,VNOC,credit,0,-1,1
3220000,3220,0,NOC_NPS_VNOC_X3Y1,VNOC,data_vc,0,5,1
3220000,3220,1,NOC_NPS_VNOC_X3Y0,VNOC,credit,1,-1,1
3220000,3220,1,NOC_NPS_VNOC_X3Y0,VNOC,data_vc,1,5,1
3221000,3221,0,NOC_NPS_VNOC_X3Y1,VNOC,credit,0,-1,1
3221000,3221,0,NOC_NPS_VNOC_X3Y1,VNOC,data_vc,0,5,1
3221000,3221,1,NOC_NPS_VNOC_X3Y0,VNOC,credit,1,-1,1
3221000,3221,1,NOC_NPS_VNOC_X3Y0,VNOC,data_vc,1,5,1
3222000,3222,0,NOC_NPS_VNOC_X3Y1,VNOC,credit,0,-1,1
3222000,3222,0,NOC_NPS_VNOC_X3Y1,VNOC,data_vc,0,5,1
3222000,3222,1,NOC_NPS_VNOC_X3Y0,VNOC,credit,1,-1,1
3222000,3222,1,NOC_NPS_VNOC_X3Y0,VNOC,data_vc,1,5,1
3223000,3223,0,NOC_NPS_VNOC_X3Y1,VNOC,credit,0,-1,1
3223000,3223,0,NOC_NPS_VNOC_X3Y1,VNOC,data_vc,0,5,1
3223000,3223,1,NOC_NPS_VNOC_X3Y0,VNOC,credit,1,-1,1
3223000,3223,1,NOC_NPS_VNOC_X3Y0,VNOC,data_vc,1,5,1
3224000,3224,0,NOC_NPS_VNOC_X3Y1,VNOC,credit,0,-1,1
3224000,3224,0,NOC_NPS_VNOC_X3Y1,VNOC,data_vc,0,5,1
3224000,3224,1,NOC_NPS_VNOC_X3Y0,VNOC,credit,1,-1,1
3224000,3224,1,NOC_NPS_VNOC_X3Y0,VNOC,data_vc,1,5,1
3225000,3225,0,NOC_NPS_VNOC_X3Y1,VNOC,credit,0,-1,1
3225000,3225,0,NOC_NPS_VNOC_X3Y1,VNOC,data_vc,0,5,1
3225000,3225,1,NOC_NPS_VNOC_X3Y0,VNOC,credit,1,-1,1
3225000,3225,1,NOC_NPS_VNOC_X3Y0,VNOC,data_vc,1,5,1
3226000,3226,0,NOC_NPS_VNOC_X3Y1,VNOC,credit,0,-1,1
3226000,3226,0,NOC_NPS_VNOC_X3Y1,VNOC,data_vc,0,5,1
3226000,3226,1,NOC_NPS_VNOC_X3Y0,VNOC,credit,1,-1,1
3226000,3226,1,NOC_NPS_VNOC_X3Y0,VNOC,data_vc,1,5,1
3227000,3227,0,NOC_NPS_VNOC_X3Y1,VNOC,credit,0,-1,1
3227000,3227,0,NOC_NPS_VNOC_X3Y1,VNOC,data_vc,0,5,1
3227000,3227,1,NOC_NPS_VNOC_X3Y0,VNOC,credit,1,-1,1
3227000,3227,1,NOC_NPS_VNOC_X3Y0,VNOC,data_vc,1,5,1
3228000,3228,0,NOC_NPS_VNOC_X3Y1,VNOC,credit,0,-1,1
3228000,3228,0,NOC_NPS_VNOC_X3Y1,VNOC,data_vc,0,5,1
3228000,3228,1,NOC_NPS_VNOC_X3Y0,VNOC,credit,1,-1,1
3228000,3228,1,NOC_NPS_VNOC_X3Y0,VNOC,data_vc,1,5,1
3229000,3229,0,NOC_NPS_VNOC_X3Y1,VNOC,credit,0,-1,1
3229000,3229,0,NOC_NPS_VNOC_X3Y1,VNOC,data_vc,0,5,1
3229000,3229,1,NOC_NPS_VNOC_X3Y0,VNOC,credit,1,-1,1
3229000,3229,1,NOC_NPS_VNOC_X3Y0,VNOC,data_vc,1,5,1
3230000,3230,0,NOC_NPS_VNOC_X3Y1,VNOC,credit,0,-1,1
3230000,3230,0,NOC_NPS_VNOC_X3Y1,VNOC,data_vc,0,5,1
3230000,3230,1,NOC_NPS_VNOC_X3Y0,VNOC,credit,1,-1,1
3230000,3230,1,NOC_NPS_VNOC_X3Y0,VNOC,data_vc,1,5,1
3231000,3231,0,NOC_NPS_VNOC_X3Y1,VNOC,credit,0,-1,1
3231000,3231,0,NOC_NPS_VNOC_X3Y1,VNOC,data_vc,0,5,1
3231000,3231,1,NOC_NPS_VNOC_X3Y0,VNOC,credit,1,-1,1
3231000,3231,1,NOC_NPS_VNOC_X3Y0,VNOC,data_vc,1,5,1
3232000,3232,0,NOC_NPS_VNOC_X3Y1,VNOC,credit,0,-1,1
3232000,3232,0,NOC_NPS_VNOC_X3Y1,VNOC,data_vc,0,5,1
3232000,3232,1,NOC_NPS_VNOC_X3Y0,VNOC,credit,1,-1,1
3232000,3232,1,NOC_NPS_VNOC_X3Y0,VNOC,data_vc,1,5,1
3233000,3233,0,NOC_NPS_VNOC_X3Y1,VNOC,credit,0,-1,1
3233000,3233,0,NOC_NPS_VNOC_X3Y1,VNOC,data_vc,0,5,1
3233000,3233,1,NOC_NPS_VNOC_X3Y0,VNOC,credit,1,-1,1
3233000,3233,1,NOC_NPS_VNOC_X3Y0,VNOC,data_vc,1,5,1
3234000,3234,0,NOC_NPS_VNOC_X3Y1,VNOC,credit,0,-1,1
3234000,3234,0,NOC_NPS_VNOC_X3Y1,VNOC,data_vc,0,5,1
3234000,3234,1,NOC_NPS_VNOC_X3Y0,VNOC,credit,1,-1,1
3234000,3234,1,NOC_NPS_VNOC_X3Y0,VNOC,data_vc,1,5,1
3235000,3235,0,NOC_NPS_VNOC_X3Y1,VNOC,credit,0,-1,1
3235000,3235,0,NOC_NPS_VNOC_X3Y1,VNOC,data_vc,0,5,1
3235000,3235,1,NOC_NPS_VNOC_X3Y0,VNOC,credit,1,-1,1
3235000,3235,1,NOC_NPS_VNOC_X3Y0,VNOC,data_vc,1,5,1
3236000,3236,0,NOC_NPS_VNOC_X3Y1,VNOC,credit,0,-1,1
3236000,3236,0,NOC_NPS_VNOC_X3Y1,VNOC,data_vc,0,5,1
3236000,3236,1,NOC_NPS_VNOC_X3Y0,VNOC,credit,1,-1,1
3236000,3236,1,NOC_NPS_VNOC_X3Y0,VNOC,data_vc,1,5,1
3237000,3237,0,NOC_NPS_VNOC_X3Y1,VNOC,credit,0,-1,1
3237000,3237,0,NOC_NPS_VNOC_X3Y1,VNOC,data_vc,0,5,1
3237000,3237,1,NOC_NPS_VNOC_X3Y0,VNOC,credit,1,-1,1
3237000,3237,1,NOC_NPS_VNOC_X3Y0,VNOC,data_vc,1,5,1
3238000,3238,0,NOC_NPS_VNOC_X3Y1,VNOC,credit,0,-1,1
3238000,3238,0,NOC_NPS_VNOC_X3Y1,VNOC,data_vc,0,5,1
3238000,3238,1,NOC_NPS_VNOC_X3Y0,VNOC,credit,1,-1,1
3238000,3238,1,NOC_NPS_VNOC_X3Y0,VNOC,data_vc,1,5,1
3239000,3239,0,NOC_NPS_VNOC_X3Y1,VNOC,credit,0,-1,1
3239000,3239,0,NOC_NPS_VNOC_X3Y1,VNOC,data_vc,0,5,1
3239000,3239,1,NOC_NPS_VNOC_X3Y0,VNOC,credit,1,-1,1
3239000,3239,1,NOC_NPS_VNOC_X3Y0,VNOC,data_vc,1,5,1
3240000,3240,0,NOC_NPS_VNOC_X3Y1,VNOC,credit,0,-1,1
3240000,3240,0,NOC_NPS_VNOC_X3Y1,VNOC,data_vc,0,5,1
3240000,3240,1,NOC_NPS_VNOC_X3Y0,VNOC,credit,1,-1,1
3240000,3240,1,NOC_NPS_VNOC_X3Y0,VNOC,data_vc,1,5,1
3241000,3241,0,NOC_NPS_VNOC_X3Y1,VNOC,credit,0,-1,1
3241000,3241,0,NOC_NPS_VNOC_X3Y1,VNOC,data_vc,0,5,1
3241000,3241,1,NOC_NPS_VNOC_X3Y0,VNOC,credit,1,-1,1
3241000,3241,1,NOC_NPS_VNOC_X3Y0,VNOC,data_vc,1,5,1
3242000,3242,0,NOC_NPS_VNOC_X3Y1,VNOC,credit,0,-1,1
3242000,3242,0,NOC_NPS_VNOC_X3Y1,VNOC,data_vc,0,5,1
3242000,3242,1,NOC_NPS_VNOC_X3Y0,VNOC,credit,1,-1,1
3242000,3242,1,NOC_NPS_VNOC_X3Y0,VNOC,data_vc,1,5,1
3243000,3243,0,NOC_NPS_VNOC_X3Y1,VNOC,credit,0,-1,1
3243000,3243,0,NOC_NPS_VNOC_X3Y1,VNOC,data_vc,0,5,1
3243000,3243,1,NOC_NPS_VNOC_X3Y0,VNOC,credit,1,-1,1
3243000,3243,1,NOC_NPS_VNOC_X3Y0,VNOC,data_vc,1,5,1
3244000,3244,0,NOC_NPS_VNOC_X3Y1,VNOC,credit,0,-1,1
3244000,3244,0,NOC_NPS_VNOC_X3Y1,VNOC,data_vc,0,5,1
3244000,3244,1,NOC_NPS_VNOC_X3Y0,VNOC,credit,1,-1,1
3244000,3244,1,NOC_NPS_VNOC_X3Y0,VNOC,data_vc,1,5,1
3245000,3245,0,NOC_NPS_VNOC_X3Y1,VNOC,credit,0,-1,1
3245000,3245,0,NOC_NPS_VNOC_X3Y1,VNOC,data_vc,0,5,1
3245000,3245,1,NOC_NPS_VNOC_X3Y0,VNOC,credit,1,-1,1
3245000,3245,1,NOC_NPS_VNOC_X3Y0,VNOC,data_vc,1,5,1
3246000,3246,0,NOC_NPS_VNOC_X3Y1,VNOC,credit,0,-1,1
3246000,3246,0,NOC_NPS_VNOC_X3Y1,VNOC,data_vc,0,5,1
3246000,3246,1,NOC_NPS_VNOC_X3Y0,VNOC,credit,1,-1,1
3246000,3246,1,NOC_NPS_VNOC_X3Y0,VNOC,data_vc,1,5,1
3247000,3247,0,NOC_NPS_VNOC_X3Y1,VNOC,credit,0,-1,1
3247000,3247,0,NOC_NPS_VNOC_X3Y1,VNOC,data_vc,0,5,1
3247000,3247,1,NOC_NPS_VNOC_X3Y0,VNOC,credit,1,-1,1
3247000,3247,1,NOC_NPS_VNOC_X3Y0,VNOC,data_vc,1,5,1
3248000,3248,0,NOC_NPS_VNOC_X3Y1,VNOC,credit,0,-1,1
3248000,3248,0,NOC_NPS_VNOC_X3Y1,VNOC,data_vc,0,5,1
3248000,3248,1,NOC_NPS_VNOC_X3Y0,VNOC,credit,1,-1,1
3248000,3248,1,NOC_NPS_VNOC_X3Y0,VNOC,data_vc,1,5,1
3249000,3249,0,NOC_NPS_VNOC_X3Y1,VNOC,credit,0,-1,1
3249000,3249,0,NOC_NPS_VNOC_X3Y1,VNOC,data_vc,0,5,1
3249000,3249,1,NOC_NPS_VNOC_X3Y0,VNOC,credit,1,-1,1
3249000,3249,1,NOC_NPS_VNOC_X3Y0,VNOC,data_vc,1,5,1
3250000,3250,0,NOC_NPS_VNOC_X3Y1,VNOC,credit,0,-1,1
3250000,3250,0,NOC_NPS_VNOC_X3Y1,VNOC,data_vc,0,5,1
3250000,3250,1,NOC_NPS_VNOC_X3Y0,VNOC,credit,1,-1,1
3250000,3250,1,NOC_NPS_VNOC_X3Y0,VNOC,data_vc,1,5,1
3251000,3251,0,NOC_NPS_VNOC_X3Y1,VNOC,credit,0,-1,1
3251000,3251,0,NOC_NPS_VNOC_X3Y1,VNOC,data_vc,0,5,1
3251000,3251,1,NOC_NPS_VNOC_X3Y0,VNOC,credit,1,-1,1
3251000,3251,1,NOC_NPS_VNOC_X3Y0,VNOC,data_vc,1,5,1
3252000,3252,0,NOC_NPS_VNOC_X3Y1,VNOC,credit,0,-1,1
3252000,3252,0,NOC_NPS_VNOC_X3Y1,VNOC,data_vc,0,5,1
3252000,3252,1,NOC_NPS_VNOC_X3Y0,VNOC,credit,1,-1,1
3252000,3252,1,NOC_NPS_VNOC_X3Y0,VNOC,data_vc,1,5,1
3253000,3253,0,NOC_NPS_VNOC_X3Y1,VNOC,credit,0,-1,1
3253000,3253,0,NOC_NPS_VNOC_X3Y1,VNOC,data_vc,0,5,1
3253000,3253,1,NOC_NPS_VNOC_X3Y0,VNOC,credit,1,-1,1
3253000,3253,1,NOC_NPS_VNOC_X3Y0,VNOC,data_vc,1,5,1
3254000,3254,0,NOC_NPS_VNOC_X3Y1,VNOC,credit,0,-1,1
3254000,3254,0,NOC_NPS_VNOC_X3Y1,VNOC,data_vc,0,5,1
3254000,3254,1,NOC_NPS_VNOC_X3Y0,VNOC,credit,1,-1,1
3254000,3254,1,NOC_NPS_VNOC_X3Y0,VNOC,data_vc,1,5,1
3255000,3255,0,NOC_NPS_VNOC_X3Y1,VNOC,credit,0,-1,1
3255000,3255,0,NOC_NPS_VNOC_X3Y1,VNOC,data_vc,0,5,1
3255000,3255,1,NOC_NPS_VNOC_X3Y0,VNOC,credit,1,-1,1
3255000,3255,1,NOC_NPS_VNOC_X3Y0,VNOC,data_vc,1,5,1
3256000,3256,0,NOC_NPS_VNOC_X3Y1,VNOC,credit,0,-1,1
3256000,3256,0,NOC_NPS_VNOC_X3Y1,VNOC,data_vc,0,5,1
3256000,3256,1,NOC_NPS_VNOC_X3Y0,VNOC,credit,1,-1,1
3256000,3256,1,NOC_NPS_VNOC_X3Y0,VNOC,data_vc,1,5,1
3257000,3257,0,NOC_NPS_VNOC_X3Y1,VNOC,credit,0,-1,1
3257000,3257,0,NOC_NPS_VNOC_X3Y1,VNOC,data_vc,0,5,1
3257000,3257,1,NOC_NPS_VNOC_X3Y0,VNOC,credit,1,-1,1
3257000,3257,1,NOC_NPS_VNOC_X3Y0,VNOC,data_vc,1,5,1
3258000,3258,0,NOC_NPS_VNOC_X3Y1,VNOC,credit,0,-1,1
3258000,3258,0,NOC_NPS_VNOC_X3Y1,VNOC,data_vc,0,5,1
3258000,3258,1,NOC_NPS_VNOC_X3Y0,VNOC,credit,1,-1,1
3258000,3258,1,NOC_NPS_VNOC_X3Y0,VNOC,data_vc,1,5,1
3259000,3259,0,NOC_NPS_VNOC_X3Y1,VNOC,credit,0,-1,1
3259000,3259,0,NOC_NPS_VNOC_X3Y1,VNOC,data_vc,0,5,1
3259000,3259,1,NOC_NPS_VNOC_X3Y0,VNOC,credit,1,-1,1
3259000,3259,1,NOC_NPS_VNOC_X3Y0,VNOC,data_vc,1,5,1
3260000,3260,0,NOC_NPS_VNOC_X3Y1,VNOC,credit,0,-1,1
3260000,3260,0,NOC_NPS_VNOC_X3Y1,VNOC,data_vc,0,5,1
3260000,3260,1,NOC_NPS_VNOC_X3Y0,VNOC,credit,1,-1,1
3260000,3260,1,NOC_NPS_VNOC_X3Y0,VNOC,data_vc,1,5,1
3261000,3261,0,NOC_NPS_VNOC_X3Y1,VNOC,credit,0,-1,1
3261000,3261,0,NOC_NPS_VNOC_X3Y1,VNOC,data_vc,0,5,1
3261000,3261,1,NOC_NPS_VNOC_X3Y0,VNOC,credit,1,-1,1
3261000,3261,1,NOC_NPS_VNOC_X3Y0,VNOC,data_vc,1,5,1
3262000,3262,0,NOC_NPS_VNOC_X3Y1,VNOC,credit,0,-1,1
3262000,3262,0,NOC_NPS_VNOC_X3Y1,VNOC,data_vc,0,5,1
3262000,3262,1,NOC_NPS_VNOC_X3Y0,VNOC,credit,1,-1,1
3262000,3262,1,NOC_NPS_VNOC_X3Y0,VNOC,data_vc,1,5,1
3263000,3263,0,NOC_NPS_VNOC_X3Y1,VNOC,credit,0,-1,1
3263000,3263,0,NOC_NPS_VNOC_X3Y1,VNOC,data_vc,0,5,1
3263000,3263,1,NOC_NPS_VNOC_X3Y0,VNOC,credit,1,-1,1
3263000,3263,1,NOC_NPS_VNOC_X3Y0,VNOC,data_vc,1,5,1
3264000,3264,0,NOC_NPS_VNOC_X3Y1,VNOC,credit,0,-1,1
3264000,3264,0,NOC_NPS_VNOC_X3Y1,VNOC,data_vc,0,5,1
3264000,3264,1,NOC_NPS_VNOC_X3Y0,VNOC,credit,1,-1,1
3264000,3264,1,NOC_NPS_VNOC_X3Y0,VNOC,data_vc,1,5,1
3265000,3265,0,NOC_NPS_VNOC_X3Y1,VNOC,credit,0,-1,1
3265000,3265,0,NOC_NPS_VNOC_X3Y1,VNOC,data_vc,0,5,1
3265000,3265,1,NOC_NPS_VNOC_X3Y0,VNOC,credit,1,-1,1
3265000,3265,1,NOC_NPS_VNOC_X3Y0,VNOC,data_vc,1,5,1
3266000,3266,0,NOC_NPS_VNOC_X3Y1,VNOC,credit,0,-1,1
3266000,3266,0,NOC_NPS_VNOC_X3Y1,VNOC,data_vc,0,5,1
3266000,3266,1,NOC_NPS_VNOC_X3Y0,VNOC,credit,1,-1,1
3266000,3266,1,NOC_NPS_VNOC_X3Y0,VNOC,data_vc,1,5,1
3267000,3267,0,NOC_NPS_VNOC_X3Y1,VNOC,credit,0,-1,1
3267000,3267,0,NOC_NPS_VNOC_X3Y1,VNOC,data_vc,0,5,1
3267000,3267,1,NOC_NPS_VNOC_X3Y0,VNOC,credit,1,-1,1
3267000,3267,1,NOC_NPS_VNOC_X3Y0,VNOC,data_vc,1,5,1
3268000,3268,0,NOC_NPS_VNOC_X3Y1,VNOC,credit,0,-1,1
3268000,3268,0,NOC_NPS_VNOC_X3Y1,VNOC,data_vc,0,5,1
3268000,3268,1,NOC_NPS_VNOC_X3Y0,VNOC,credit,1,-1,1
3268000,3268,1,NOC_NPS_VNOC_X3Y0,VNOC,data_vc,1,5,1
3269000,3269,0,NOC_NPS_VNOC_X3Y1,VNOC,credit,0,-1,1
3269000,3269,0,NOC_NPS_VNOC_X3Y1,VNOC,data_vc,0,5,1
3269000,3269,1,NOC_NPS_VNOC_X3Y0,VNOC,credit,1,-1,1
3269000,3269,1,NOC_NPS_VNOC_X3Y0,VNOC,data_vc,1,5,1
3270000,3270,0,NOC_NPS_VNOC_X3Y1,VNOC,credit,0,-1,1
3270000,3270,0,NOC_NPS_VNOC_X3Y1,VNOC,data_vc,0,5,1
3270000,3270,1,NOC_NPS_VNOC_X3Y0,VNOC,credit,1,-1,1
3270000,3270,1,NOC_NPS_VNOC_X3Y0,VNOC,data_vc,1,5,1
3271000,3271,0,NOC_NPS_VNOC_X3Y1,VNOC,credit,0,-1,1
3271000,3271,0,NOC_NPS_VNOC_X3Y1,VNOC,data_vc,0,5,1
3271000,3271,1,NOC_NPS_VNOC_X3Y0,VNOC,credit,1,-1,1
3271000,3271,1,NOC_NPS_VNOC_X3Y0,VNOC,data_vc,1,5,1
3272000,3272,0,NOC_NPS_VNOC_X3Y1,VNOC,credit,0,-1,1
3272000,3272,0,NOC_NPS_VNOC_X3Y1,VNOC,data_vc,0,5,1
3272000,3272,1,NOC_NPS_VNOC_X3Y0,VNOC,credit,1,-1,1
3272000,3272,1,NOC_NPS_VNOC_X3Y0,VNOC,data_vc,1,5,1
3273000,3273,0,NOC_NPS_VNOC_X3Y1,VNOC,credit,0,-1,1
3273000,3273,0,NOC_NPS_VNOC_X3Y1,VNOC,data_vc,0,5,1
3273000,3273,1,NOC_NPS_VNOC_X3Y0,VNOC,credit,1,-1,1
3273000,3273,1,NOC_NPS_VNOC_X3Y0,VNOC,data_vc,1,5,1
3274000,3274,0,NOC_NPS_VNOC_X3Y1,VNOC,credit,0,-1,1
3274000,3274,0,NOC_NPS_VNOC_X3Y1,VNOC,data_vc,0,5,1
3274000,3274,1,NOC_NPS_VNOC_X3Y0,VNOC,credit,1,-1,1
3274000,3274,1,NOC_NPS_VNOC_X3Y0,VNOC,data_vc,1,5,1
3275000,3275,0,NOC_NPS_VNOC_X3Y1,VNOC,credit,0,-1,1
3275000,3275,0,NOC_NPS_VNOC_X3Y1,VNOC,data_vc,0,5,1
3275000,3275,1,NOC_NPS_VNOC_X3Y0,VNOC,credit,1,-1,1
3275000,3275,1,NOC_NPS_VNOC_X3Y0,VNOC,data_vc,1,5,1
3276000,3276,0,NOC_NPS_VNOC_X3Y1,VNOC,credit,0,-1,1
3276000,3276,0,NOC_NPS_VNOC_X3Y1,VNOC,data_vc,0,5,1
3276000,3276,1,NOC_NPS_VNOC_X3Y0,VNOC,credit,1,-1,1
3276000,3276,1,NOC_NPS_VNOC_X3Y0,VNOC,data_vc,1,5,1
3277000,3277,0,NOC_NPS_VNOC_X3Y1,VNOC,credit,0,-1,1
3277000,3277,0,NOC_NPS_VNOC_X3Y1,VNOC,data_vc,0,5,1
3277000,3277,1,NOC_NPS_VNOC_X3Y0,VNOC,credit,1,-1,1
3277000,3277,1,NOC_NPS_VNOC_X3Y0,VNOC,data_vc,1,5,1
3278000,3278,0,NOC_NPS_VNOC_X3Y1,VNOC,credit,0,-1,1
3278000,3278,0,NOC_NPS_VNOC_X3Y1,VNOC,data_vc,0,5,1
3278000,3278,1,NOC_NPS_VNOC_X3Y0,VNOC,credit,1,-1,1
3278000,3278,1,NOC_NPS_VNOC_X3Y0,VNOC,data_vc,1,5,1
3279000,3279,0,NOC_NPS_VNOC_X3Y1,VNOC,credit,0,-1,1
3279000,3279,0,NOC_NPS_VNOC_X3Y1,VNOC,data_vc,0,5,1
3279000,3279,1,NOC_NPS_VNOC_X3Y0,VNOC,credit,1,-1,1
3279000,3279,1,NOC_NPS_VNOC_X3Y0,VNOC,data_vc,1,5,1
3280000,3280,0,NOC_NPS_VNOC_X3Y1,VNOC,credit,0,-1,1
3280000,3280,0,NOC_NPS_VNOC_X3Y1,VNOC,data_vc,0,5,1
3280000,3280,1,NOC_NPS_VNOC_X3Y0,VNOC,credit,1,-1,1
3280000,3280,1,NOC_NPS_VNOC_X3Y0,VNOC,data_vc,1,5,1
3281000,3281,0,NOC_NPS_VNOC_X3Y1,VNOC,credit,0,-1,1
3281000,3281,0,NOC_NPS_VNOC_X3Y1,VNOC,data_vc,0,5,1
3281000,3281,1,NOC_NPS_VNOC_X3Y0,VNOC,credit,1,-1,1
3281000,3281,1,NOC_NPS_VNOC_X3Y0,VNOC,data_vc,1,5,1
3282000,3282,0,NOC_NPS_VNOC_X3Y1,VNOC,credit,0,-1,1
3282000,3282,0,NOC_NPS_VNOC_X3Y1,VNOC,data_vc,0,5,1
3282000,3282,1,NOC_NPS_VNOC_X3Y0,VNOC,credit,1,-1,1
3282000,3282,1,NOC_NPS_VNOC_X3Y0,VNOC,data_vc,1,5,1
3283000,3283,0,NOC_NPS_VNOC_X3Y1,VNOC,credit,0,-1,1
3283000,3283,0,NOC_NPS_VNOC_X3Y1,VNOC,data_vc,0,5,1
3283000,3283,1,NOC_NPS_VNOC_X3Y0,VNOC,credit,1,-1,1
3283000,3283,1,NOC_NPS_VNOC_X3Y0,VNOC,data_vc,1,5,1
3284000,3284,0,NOC_NPS_VNOC_X3Y1,VNOC,credit,0,-1,1
3284000,3284,0,NOC_NPS_VNOC_X3Y1,VNOC,data_vc,0,5,1
3284000,3284,1,NOC_NPS_VNOC_X3Y0,VNOC,credit,1,-1,1
3284000,3284,1,NOC_NPS_VNOC_X3Y0,VNOC,data_vc,1,5,1
3285000,3285,0,NOC_NPS_VNOC_X3Y1,VNOC,credit,0,-1,1
3285000,3285,0,NOC_NPS_VNOC_X3Y1,VNOC,data_vc,0,5,1
3285000,3285,1,NOC_NPS_VNOC_X3Y0,VNOC,credit,1,-1,1
3285000,3285,1,NOC_NPS_VNOC_X3Y0,VNOC,data_vc,1,5,1
3286000,3286,0,NOC_NPS_VNOC_X3Y1,VNOC,credit,0,-1,1
3286000,3286,0,NOC_NPS_VNOC_X3Y1,VNOC,data_vc,0,5,1
3286000,3286,1,NOC_NPS_VNOC_X3Y0,VNOC,credit,1,-1,1
3286000,3286,1,NOC_NPS_VNOC_X3Y0,VNOC,data_vc,1,5,1
3287000,3287,0,NOC_NPS_VNOC_X3Y1,VNOC,credit,0,-1,1
3287000,3287,0,NOC_NPS_VNOC_X3Y1,VNOC,data_vc,0,5,1
3287000,3287,1,NOC_NPS_VNOC_X3Y0,VNOC,credit,1,-1,1
3287000,3287,1,NOC_NPS_VNOC_X3Y0,VNOC,data_vc,1,5,1
3288000,3288,0,NOC_NPS_VNOC_X3Y1,VNOC,credit,0,-1,1
3288000,3288,0,NOC_NPS_VNOC_X3Y1,VNOC,data_vc,0,5,1
3288000,3288,1,NOC_NPS_VNOC_X3Y0,VNOC,credit,1,-1,1
3288000,3288,1,NOC_NPS_VNOC_X3Y0,VNOC,data_vc,1,5,1
3289000,3289,0,NOC_NPS_VNOC_X3Y1,VNOC,credit,0,-1,1
3289000,3289,0,NOC_NPS_VNOC_X3Y1,VNOC,data_vc,0,5,1
3289000,3289,1,NOC_NPS_VNOC_X3Y0,VNOC,credit,1,-1,1
3289000,3289,1,NOC_NPS_VNOC_X3Y0,VNOC,data_vc,1,5,1
3290000,3290,0,NOC_NPS_VNOC_X3Y1,VNOC,credit,0,-1,1
3290000,3290,0,NOC_NPS_VNOC_X3Y1,VNOC,data_vc,0,5,1
3290000,3290,1,NOC_NPS_VNOC_X3Y0,VNOC,credit,1,-1,1
3290000,3290,1,NOC_NPS_VNOC_X3Y0,VNOC,data_vc,1,5,1
3291000,3291,0,NOC_NPS_VNOC_X3Y1,VNOC,credit,0,-1,1
3291000,3291,0,NOC_NPS_VNOC_X3Y1,VNOC,data_vc,0,5,1
3291000,3291,1,NOC_NPS_VNOC_X3Y0,VNOC,credit,1,-1,1
3291000,3291,1,NOC_NPS_VNOC_X3Y0,VNOC,data_vc,1,5,1
3292000,3292,0,NOC_NPS_VNOC_X3Y1,VNOC,credit,0,-1,1
3292000,3292,0,NOC_NPS_VNOC_X3Y1,VNOC,data_vc,0,5,1
3292000,3292,1,NOC_NPS_VNOC_X3Y0,VNOC,credit,1,-1,1
3292000,3292,1,NOC_NPS_VNOC_X3Y0,VNOC,data_vc,1,5,1
3293000,3293,0,NOC_NPS_VNOC_X3Y1,VNOC,credit,0,-1,1
3293000,3293,0,NOC_NPS_VNOC_X3Y1,VNOC,data_vc,0,5,1
3293000,3293,1,NOC_NPS_VNOC_X3Y0,VNOC,credit,1,-1,1
3293000,3293,1,NOC_NPS_VNOC_X3Y0,VNOC,data_vc,1,5,1
3294000,3294,0,NOC_NPS_VNOC_X3Y1,VNOC,credit,0,-1,1
3294000,3294,0,NOC_NPS_VNOC_X3Y1,VNOC,data_vc,0,5,1
3294000,3294,1,NOC_NPS_VNOC_X3Y0,VNOC,credit,1,-1,1
3294000,3294,1,NOC_NPS_VNOC_X3Y0,VNOC,data_vc,1,5,1
3295000,3295,0,NOC_NPS_VNOC_X3Y1,VNOC,credit,0,-1,1
3295000,3295,0,NOC_NPS_VNOC_X3Y1,VNOC,data_vc,0,5,1
3295000,3295,1,NOC_NPS_VNOC_X3Y0,VNOC,credit,1,-1,1
3295000,3295,1,NOC_NPS_VNOC_X3Y0,VNOC,data_vc,1,5,1
3296000,3296,0,NOC_NPS_VNOC_X3Y1,VNOC,credit,0,-1,1
3296000,3296,0,NOC_NPS_VNOC_X3Y1,VNOC,data_vc,0,5,1
3296000,3296,1,NOC_NPS_VNOC_X3Y0,VNOC,credit,1,-1,1
3296000,3296,1,NOC_NPS_VNOC_X3Y0,VNOC,data_vc,1,5,1
3297000,3297,0,NOC_NPS_VNOC_X3Y1,VNOC,credit,0,-1,1
3297000,3297,0,NOC_NPS_VNOC_X3Y1,VNOC,data_vc,0,5,1
3297000,3297,1,NOC_NPS_VNOC_X3Y0,VNOC,credit,1,-1,1
3297000,3297,1,NOC_NPS_VNOC_X3Y0,VNOC,data_vc,1,5,1
3298000,3298,0,NOC_NPS_VNOC_X3Y1,VNOC,credit,0,-1,1
3298000,3298,0,NOC_NPS_VNOC_X3Y1,VNOC,data_vc,0,5,1
3298000,3298,1,NOC_NPS_VNOC_X3Y0,VNOC,credit,1,-1,1
3298000,3298,1,NOC_NPS_VNOC_X3Y0,VNOC,data_vc,1,5,1
3299000,3299,0,NOC_NPS_VNOC_X3Y1,VNOC,credit,0,-1,1
3299000,3299,0,NOC_NPS_VNOC_X3Y1,VNOC,data_vc,0,5,1
3299000,3299,1,NOC_NPS_VNOC_X3Y0,VNOC,credit,1,-1,1
3299000,3299,1,NOC_NPS_VNOC_X3Y0,VNOC,data_vc,1,5,1
3300000,3300,0,NOC_NPS_VNOC_X3Y1,VNOC,credit,0,-1,1
3300000,3300,0,NOC_NPS_VNOC_X3Y1,VNOC,data_vc,0,5,1
3300000,3300,1,NOC_NPS_VNOC_X3Y0,VNOC,credit,1,-1,1
3300000,3300,1,NOC_NPS_VNOC_X3Y0,VNOC,data_vc,1,5,1
3301000,3301,0,NOC_NPS_VNOC_X3Y1,VNOC,credit,0,-1,1
3301000,3301,0,NOC_NPS_VNOC_X3Y1,VNOC,data_vc,0,5,1
3301000,3301,1,NOC_NPS_VNOC_X3Y0,VNOC,credit,1,-1,1
3301000,3301,1,NOC_NPS_VNOC_X3Y0,VNOC,data_vc,1,5,1
3302000,3302,0,NOC_NPS_VNOC_X3Y1,VNOC,credit,0,-1,1
3302000,3302,0,NOC_NPS_VNOC_X3Y1,VNOC,data_vc,0,5,1
3302000,3302,1,NOC_NPS_VNOC_X3Y0,VNOC,credit,1,-1,1
3302000,3302,1,NOC_NPS_VNOC_X3Y0,VNOC,data_vc,1,5,1
3303000,3303,0,NOC_NPS_VNOC_X3Y1,VNOC,credit,0,-1,1
3303000,3303,0,NOC_NPS_VNOC_X3Y1,VNOC,data_vc,0,5,1
3303000,3303,1,NOC_NPS_VNOC_X3Y0,VNOC,credit,1,-1,1
3303000,3303,1,NOC_NPS_VNOC_X3Y0,VNOC,data_vc,1,5,1
3304000,3304,0,NOC_NPS_VNOC_X3Y1,VNOC,credit,0,-1,1
3304000,3304,0,NOC_NPS_VNOC_X3Y1,VNOC,data_vc,0,5,1
3304000,3304,1,NOC_NPS_VNOC_X3Y0,VNOC,credit,1,-1,1
3304000,3304,1,NOC_NPS_VNOC_X3Y0,VNOC,data_vc,1,5,1
3305000,3305,0,NOC_NPS_VNOC_X3Y1,VNOC,credit,0,-1,1
3305000,3305,0,NOC_NPS_VNOC_X3Y1,VNOC,data_vc,0,5,1
3305000,3305,1,NOC_NPS_VNOC_X3Y0,VNOC,credit,1,-1,1
3305000,3305,1,NOC_NPS_VNOC_X3Y0,VNOC,data_vc,1,5,1
3306000,3306,0,NOC_NPS_VNOC_X3Y1,VNOC,credit,0,-1,1
3306000,3306,0,NOC_NPS_VNOC_X3Y1,VNOC,data_vc,0,5,1
3306000,3306,1,NOC_NPS_VNOC_X3Y0,VNOC,credit,1,-1,1
3306000,3306,1,NOC_NPS_VNOC_X3Y0,VNOC,data_vc,1,5,1
3307000,3307,0,NOC_NPS_VNOC_X3Y1,VNOC,credit,0,-1,1
3307000,3307,0,NOC_NPS_VNOC_X3Y1,VNOC,data_vc,0,5,1
3307000,3307,1,NOC_NPS_VNOC_X3Y0,VNOC,credit,1,-1,1
3307000,3307,1,NOC_NPS_VNOC_X3Y0,VNOC,data_vc,1,5,1
3308000,3308,0,NOC_NPS_VNOC_X3Y1,VNOC,credit,0,-1,1
3308000,3308,0,NOC_NPS_VNOC_X3Y1,VNOC,data_vc,0,5,1
3308000,3308,1,NOC_NPS_VNOC_X3Y0,VNOC,credit,1,-1,1
3308000,3308,1,NOC_NPS_VNOC_X3Y0,VNOC,data_vc,1,5,1
3309000,3309,0,NOC_NPS_VNOC_X3Y1,VNOC,credit,0,-1,1
3309000,3309,0,NOC_NPS_VNOC_X3Y1,VNOC,data_vc,0,5,1
3309000,3309,1,NOC_NPS_VNOC_X3Y0,VNOC,credit,1,-1,1
3309000,3309,1,NOC_NPS_VNOC_X3Y0,VNOC,data_vc,1,5,1
3310000,3310,0,NOC_NPS_VNOC_X3Y1,VNOC,credit,0,-1,1
3310000,3310,0,NOC_NPS_VNOC_X3Y1,VNOC,data_vc,0,5,1
3310000,3310,1,NOC_NPS_VNOC_X3Y0,VNOC,credit,1,-1,1
3310000,3310,1,NOC_NPS_VNOC_X3Y0,VNOC,data_vc,1,5,1
3311000,3311,0,NOC_NPS_VNOC_X3Y1,VNOC,credit,0,-1,1
3311000,3311,0,NOC_NPS_VNOC_X3Y1,VNOC,data_vc,0,5,1
3311000,3311,1,NOC_NPS_VNOC_X3Y0,VNOC,credit,1,-1,1
3311000,3311,1,NOC_NPS_VNOC_X3Y0,VNOC,data_vc,1,5,1
3312000,3312,0,NOC_NPS_VNOC_X3Y1,VNOC,credit,0,-1,1
3312000,3312,0,NOC_NPS_VNOC_X3Y1,VNOC,data_vc,0,5,1
3312000,3312,1,NOC_NPS_VNOC_X3Y0,VNOC,credit,1,-1,1
3312000,3312,1,NOC_NPS_VNOC_X3Y0,VNOC,data_vc,1,5,1
3313000,3313,0,NOC_NPS_VNOC_X3Y1,VNOC,credit,0,-1,1
3313000,3313,0,NOC_NPS_VNOC_X3Y1,VNOC,data_vc,0,5,1
3313000,3313,1,NOC_NPS_VNOC_X3Y0,VNOC,credit,1,-1,1
3313000,3313,1,NOC_NPS_VNOC_X3Y0,VNOC,data_vc,1,5,1
3314000,3314,0,NOC_NPS_VNOC_X3Y1,VNOC,credit,0,-1,1
3314000,3314,0,NOC_NPS_VNOC_X3Y1,VNOC,data_vc,0,5,1
3314000,3314,1,NOC_NPS_VNOC_X3Y0,VNOC,credit,1,-1,1
3314000,3314,1,NOC_NPS_VNOC_X3Y0,VNOC,data_vc,1,5,1
3315000,3315,0,NOC_NPS_VNOC_X3Y1,VNOC,credit,0,-1,1
3315000,3315,0,NOC_NPS_VNOC_X3Y1,VNOC,data_vc,0,5,1
3315000,3315,1,NOC_NPS_VNOC_X3Y0,VNOC,credit,1,-1,1
3315000,3315,1,NOC_NPS_VNOC_X3Y0,VNOC,data_vc,1,5,1
3316000,3316,0,NOC_NPS_VNOC_X3Y1,VNOC,credit,0,-1,1
3316000,3316,0,NOC_NPS_VNOC_X3Y1,VNOC,data_vc,0,5,1
3316000,3316,1,NOC_NPS_VNOC_X3Y0,VNOC,credit,1,-1,1
3316000,3316,1,NOC_NPS_VNOC_X3Y0,VNOC,data_vc,1,5,1
3317000,3317,0,NOC_NPS_VNOC_X3Y1,VNOC,credit,0,-1,1
3317000,3317,0,NOC_NPS_VNOC_X3Y1,VNOC,data_vc,0,5,1
3317000,3317,1,NOC_NPS_VNOC_X3Y0,VNOC,credit,1,-1,1
3317000,3317,1,NOC_NPS_VNOC_X3Y0,VNOC,data_vc,1,5,1
3318000,3318,0,NOC_NPS_VNOC_X3Y1,VNOC,credit,0,-1,1
3318000,3318,0,NOC_NPS_VNOC_X3Y1,VNOC,data_vc,0,5,1
3318000,3318,1,NOC_NPS_VNOC_X3Y0,VNOC,credit,1,-1,1
3318000,3318,1,NOC_NPS_VNOC_X3Y0,VNOC,data_vc,1,5,1
3319000,3319,0,NOC_NPS_VNOC_X3Y1,VNOC,credit,0,-1,1
3319000,3319,0,NOC_NPS_VNOC_X3Y1,VNOC,data_vc,0,5,1
3319000,3319,1,NOC_NPS_VNOC_X3Y0,VNOC,credit,1,-1,1
3319000,3319,1,NOC_NPS_VNOC_X3Y0,VNOC,data_vc,1,5,1
3320000,3320,0,NOC_NPS_VNOC_X3Y1,VNOC,credit,0,-1,1
3320000,3320,0,NOC_NPS_VNOC_X3Y1,VNOC,data_vc,0,5,1
3320000,3320,1,NOC_NPS_VNOC_X3Y0,VNOC,credit,1,-1,1
3320000,3320,1,NOC_NPS_VNOC_X3Y0,VNOC,data_vc,1,5,1
3321000,3321,0,NOC_NPS_VNOC_X3Y1,VNOC,credit,0,-1,1
3321000,3321,0,NOC_NPS_VNOC_X3Y1,VNOC,data_vc,0,5,1
3321000,3321,1,NOC_NPS_VNOC_X3Y0,VNOC,credit,1,-1,1
3321000,3321,1,NOC_NPS_VNOC_X3Y0,VNOC,data_vc,1,5,1
3322000,3322,0,NOC_NPS_VNOC_X3Y1,VNOC,credit,0,-1,1
3322000,3322,0,NOC_NPS_VNOC_X3Y1,VNOC,data_vc,0,5,1
3322000,3322,1,NOC_NPS_VNOC_X3Y0,VNOC,credit,1,-1,1
3322000,3322,1,NOC_NPS_VNOC_X3Y0,VNOC,data_vc,1,5,1
3323000,3323,0,NOC_NPS_VNOC_X3Y1,VNOC,credit,0,-1,1
3323000,3323,0,NOC_NPS_VNOC_X3Y1,VNOC,data_vc,0,5,1
3323000,3323,1,NOC_NPS_VNOC_X3Y0,VNOC,credit,1,-1,1
3323000,3323,1,NOC_NPS_VNOC_X3Y0,VNOC,data_vc,1,5,1
3324000,3324,0,NOC_NPS_VNOC_X3Y1,VNOC,credit,0,-1,1
3324000,3324,0,NOC_NPS_VNOC_X3Y1,VNOC,data_vc,0,5,1
3324000,3324,1,NOC_NPS_VNOC_X3Y0,VNOC,credit,1,-1,1
3324000,3324,1,NOC_NPS_VNOC_X3Y0,VNOC,data_vc,1,5,1
3325000,3325,0,NOC_NPS_VNOC_X3Y1,VNOC,credit,0,-1,1
3325000,3325,0,NOC_NPS_VNOC_X3Y1,VNOC,data_vc,0,5,1
3325000,3325,1,NOC_NPS_VNOC_X3Y0,VNOC,credit,1,-1,1
3325000,3325,1,NOC_NPS_VNOC_X3Y0,VNOC,data_vc,1,5,1
3326000,3326,0,NOC_NPS_VNOC_X3Y1,VNOC,credit,0,-1,1
3326000,3326,0,NOC_NPS_VNOC_X3Y1,VNOC,data_vc,0,5,1
3326000,3326,1,NOC_NPS_VNOC_X3Y0,VNOC,credit,1,-1,1
3326000,3326,1,NOC_NPS_VNOC_X3Y0,VNOC,data_vc,1,5,1
3327000,3327,0,NOC_NPS_VNOC_X3Y1,VNOC,credit,0,-1,1
3327000,3327,0,NOC_NPS_VNOC_X3Y1,VNOC,data_vc,0,5,1
3327000,3327,1,NOC_NPS_VNOC_X3Y0,VNOC,credit,1,-1,1
3327000,3327,1,NOC_NPS_VNOC_X3Y0,VNOC,data_vc,1,5,1
3328000,3328,0,NOC_NPS_VNOC_X3Y1,VNOC,credit,0,-1,1
3328000,3328,0,NOC_NPS_VNOC_X3Y1,VNOC,data_vc,0,5,1
3328000,3328,1,NOC_NPS_VNOC_X3Y0,VNOC,credit,1,-1,1
3328000,3328,1,NOC_NPS_VNOC_X3Y0,VNOC,data_vc,1,5,1
3329000,3329,0,NOC_NPS_VNOC_X3Y1,VNOC,credit,0,-1,1
3329000,3329,0,NOC_NPS_VNOC_X3Y1,VNOC,data_vc,0,5,1
3329000,3329,1,NOC_NPS_VNOC_X3Y0,VNOC,credit,1,-1,1
3329000,3329,1,NOC_NPS_VNOC_X3Y0,VNOC,data_vc,1,5,1
3330000,3330,0,NOC_NPS_VNOC_X3Y1,VNOC,credit,0,-1,1
3330000,3330,0,NOC_NPS_VNOC_X3Y1,VNOC,data_vc,0,5,1
3330000,3330,1,NOC_NPS_VNOC_X3Y0,VNOC,credit,1,-1,1
3330000,3330,1,NOC_NPS_VNOC_X3Y0,VNOC,data_vc,1,5,1
3331000,3331,0,NOC_NPS_VNOC_X3Y1,VNOC,credit,0,-1,1
3331000,3331,0,NOC_NPS_VNOC_X3Y1,VNOC,data_vc,0,5,1
3331000,3331,1,NOC_NPS_VNOC_X3Y0,VNOC,credit,1,-1,1
3331000,3331,1,NOC_NPS_VNOC_X3Y0,VNOC,data_vc,1,5,1
3332000,3332,0,NOC_NPS_VNOC_X3Y1,VNOC,credit,0,-1,1
3332000,3332,0,NOC_NPS_VNOC_X3Y1,VNOC,data_vc,0,5,1
3332000,3332,1,NOC_NPS_VNOC_X3Y0,VNOC,credit,1,-1,1
3332000,3332,1,NOC_NPS_VNOC_X3Y0,VNOC,data_vc,1,5,1
3333000,3333,0,NOC_NPS_VNOC_X3Y1,VNOC,credit,0,-1,1
3333000,3333,0,NOC_NPS_VNOC_X3Y1,VNOC,data_vc,0,5,1
3333000,3333,1,NOC_NPS_VNOC_X3Y0,VNOC,credit,1,-1,1
3333000,3333,1,NOC_NPS_VNOC_X3Y0,VNOC,data_vc,1,5,1
3334000,3334,0,NOC_NPS_VNOC_X3Y1,VNOC,credit,0,-1,1
3334000,3334,0,NOC_NPS_VNOC_X3Y1,VNOC,data_vc,0,5,1
3334000,3334,1,NOC_NPS_VNOC_X3Y0,VNOC,credit,1,-1,1
3334000,3334,1,NOC_NPS_VNOC_X3Y0,VNOC,data_vc,1,5,1
3335000,3335,0,NOC_NPS_VNOC_X3Y1,VNOC,credit,0,-1,1
3335000,3335,0,NOC_NPS_VNOC_X3Y1,VNOC,data_vc,0,5,1
3335000,3335,1,NOC_NPS_VNOC_X3Y0,VNOC,credit,1,-1,1
3335000,3335,1,NOC_NPS_VNOC_X3Y0,VNOC,data_vc,1,5,1
3336000,3336,0,NOC_NPS_VNOC_X3Y1,VNOC,credit,0,-1,1
3336000,3336,0,NOC_NPS_VNOC_X3Y1,VNOC,data_vc,0,5,1
3336000,3336,1,NOC_NPS_VNOC_X3Y0,VNOC,credit,1,-1,1
3336000,3336,1,NOC_NPS_VNOC_X3Y0,VNOC,data_vc,1,5,1
3337000,3337,0,NOC_NPS_VNOC_X3Y1,VNOC,credit,0,-1,1
3337000,3337,0,NOC_NPS_VNOC_X3Y1,VNOC,data_vc,0,5,1
3337000,3337,1,NOC_NPS_VNOC_X3Y0,VNOC,credit,1,-1,1
3337000,3337,1,NOC_NPS_VNOC_X3Y0,VNOC,data_vc,1,5,1
3338000,3338,0,NOC_NPS_VNOC_X3Y1,VNOC,credit,0,-1,1
3338000,3338,0,NOC_NPS_VNOC_X3Y1,VNOC,data_vc,0,5,1
3338000,3338,1,NOC_NPS_VNOC_X3Y0,VNOC,credit,1,-1,1
3338000,3338,1,NOC_NPS_VNOC_X3Y0,VNOC,data_vc,1,5,1
3339000,3339,0,NOC_NPS_VNOC_X3Y1,VNOC,credit,0,-1,1
3339000,3339,0,NOC_NPS_VNOC_X3Y1,VNOC,data_vc,0,5,1
3339000,3339,1,NOC_NPS_VNOC_X3Y0,VNOC,credit,1,-1,1
3339000,3339,1,NOC_NPS_VNOC_X3Y0,VNOC,data_vc,1,5,1
3340000,3340,0,NOC_NPS_VNOC_X3Y1,VNOC,credit,0,-1,1
3340000,3340,0,NOC_NPS_VNOC_X3Y1,VNOC,data_vc,0,5,1
3340000,3340,1,NOC_NPS_VNOC_X3Y0,VNOC,credit,1,-1,1
3340000,3340,1,NOC_NPS_VNOC_X3Y0,VNOC,data_vc,1,5,1
3341000,3341,0,NOC_NPS_VNOC_X3Y1,VNOC,credit,0,-1,1
3341000,3341,0,NOC_NPS_VNOC_X3Y1,VNOC,data_vc,0,5,1
3341000,3341,1,NOC_NPS_VNOC_X3Y0,VNOC,credit,1,-1,1
3341000,3341,1,NOC_NPS_VNOC_X3Y0,VNOC,data_vc,1,5,1
3342000,3342,0,NOC_NPS_VNOC_X3Y1,VNOC,credit,0,-1,1
3342000,3342,0,NOC_NPS_VNOC_X3Y1,VNOC,data_vc,0,5,1
3342000,3342,1,NOC_NPS_VNOC_X3Y0,VNOC,credit,1,-1,1
3342000,3342,1,NOC_NPS_VNOC_X3Y0,VNOC,data_vc,1,5,1
3343000,3343,0,NOC_NPS_VNOC_X3Y1,VNOC,data_vc,0,5,1
3343000,3343,1,NOC_NPS_VNOC_X3Y0,VNOC,credit,1,-1,1
3343000,3343,1,NOC_NPS_VNOC_X3Y0,VNOC,data_vc,1,5,1
3344000,3344,0,NOC_NPS_VNOC_X3Y1,VNOC,data_vc,0,5,1
3344000,3344,1,NOC_NPS_VNOC_X3Y0,VNOC,credit,1,-1,1
3344000,3344,1,NOC_NPS_VNOC_X3Y0,VNOC,data_vc,1,5,1
3345000,3345,0,NOC_NPS_VNOC_X3Y1,VNOC,credit,0,-1,1
3345000,3345,0,NOC_NPS_VNOC_X3Y1,VNOC,data_vc,0,5,1
3345000,3345,1,NOC_NPS_VNOC_X3Y0,VNOC,data_vc,1,5,1
3346000,3346,0,NOC_NPS_VNOC_X3Y1,VNOC,credit,0,-1,1
3346000,3346,0,NOC_NPS_VNOC_X3Y1,VNOC,data_vc,0,5,1
3346000,3346,1,NOC_NPS_VNOC_X3Y0,VNOC,data_vc,1,5,1
3347000,3347,0,NOC_NPS_VNOC_X3Y1,VNOC,credit,0,-1,1
3347000,3347,0,NOC_NPS_VNOC_X3Y1,VNOC,data_vc,0,5,1
3347000,3347,1,NOC_NPS_VNOC_X3Y0,VNOC,credit,1,-1,1
3347000,3347,1,NOC_NPS_VNOC_X3Y0,VNOC,data_vc,1,5,1
3348000,3348,0,NOC_NPS_VNOC_X3Y1,VNOC,credit,0,-1,1
3348000,3348,0,NOC_NPS_VNOC_X3Y1,VNOC,data_vc,0,5,1
3348000,3348,1,NOC_NPS_VNOC_X3Y0,VNOC,credit,1,-1,1
3348000,3348,1,NOC_NPS_VNOC_X3Y0,VNOC,data_vc,1,5,1
3349000,3349,0,NOC_NPS_VNOC_X3Y1,VNOC,credit,0,-1,1
3349000,3349,0,NOC_NPS_VNOC_X3Y1,VNOC,data_vc,0,5,1
3349000,3349,1,NOC_NPS_VNOC_X3Y0,VNOC,credit,1,-1,1
3349000,3349,1,NOC_NPS_VNOC_X3Y0,VNOC,data_vc,1,5,1
3350000,3350,0,NOC_NPS_VNOC_X3Y1,VNOC,credit,0,-1,1
3350000,3350,0,NOC_NPS_VNOC_X3Y1,VNOC,data_vc,0,5,1
3350000,3350,1,NOC_NPS_VNOC_X3Y0,VNOC,credit,1,-1,1
3350000,3350,1,NOC_NPS_VNOC_X3Y0,VNOC,data_vc,1,5,1
3351000,3351,0,NOC_NPS_VNOC_X3Y1,VNOC,credit,0,-1,1
3351000,3351,0,NOC_NPS_VNOC_X3Y1,VNOC,data_vc,0,5,1
3351000,3351,1,NOC_NPS_VNOC_X3Y0,VNOC,credit,1,-1,1
3351000,3351,1,NOC_NPS_VNOC_X3Y0,VNOC,data_vc,1,5,1
3352000,3352,0,NOC_NPS_VNOC_X3Y1,VNOC,credit,0,-1,1
3352000,3352,0,NOC_NPS_VNOC_X3Y1,VNOC,data_vc,0,5,1
3352000,3352,1,NOC_NPS_VNOC_X3Y0,VNOC,credit,1,-1,1
3352000,3352,1,NOC_NPS_VNOC_X3Y0,VNOC,data_vc,1,5,1
3353000,3353,0,NOC_NPS_VNOC_X3Y1,VNOC,credit,0,-1,1
3353000,3353,0,NOC_NPS_VNOC_X3Y1,VNOC,data_vc,0,5,1
3353000,3353,1,NOC_NPS_VNOC_X3Y0,VNOC,credit,1,-1,1
3353000,3353,1,NOC_NPS_VNOC_X3Y0,VNOC,data_vc,1,5,1
3354000,3354,0,NOC_NPS_VNOC_X3Y1,VNOC,credit,0,-1,1
3354000,3354,0,NOC_NPS_VNOC_X3Y1,VNOC,data_vc,0,5,1
3354000,3354,1,NOC_NPS_VNOC_X3Y0,VNOC,credit,1,-1,1
3354000,3354,1,NOC_NPS_VNOC_X3Y0,VNOC,data_vc,1,5,1
3355000,3355,0,NOC_NPS_VNOC_X3Y1,VNOC,credit,0,-1,1
3355000,3355,0,NOC_NPS_VNOC_X3Y1,VNOC,data_vc,0,5,1
3355000,3355,1,NOC_NPS_VNOC_X3Y0,VNOC,credit,1,-1,1
3355000,3355,1,NOC_NPS_VNOC_X3Y0,VNOC,data_vc,1,5,1
3356000,3356,0,NOC_NPS_VNOC_X3Y1,VNOC,credit,0,-1,1
3356000,3356,0,NOC_NPS_VNOC_X3Y1,VNOC,data_vc,0,5,1
3356000,3356,1,NOC_NPS_VNOC_X3Y0,VNOC,credit,1,-1,1
3356000,3356,1,NOC_NPS_VNOC_X3Y0,VNOC,data_vc,1,5,1
3357000,3357,0,NOC_NPS_VNOC_X3Y1,VNOC,credit,0,-1,1
3357000,3357,0,NOC_NPS_VNOC_X3Y1,VNOC,data_vc,0,5,1
3357000,3357,1,NOC_NPS_VNOC_X3Y0,VNOC,credit,1,-1,1
3357000,3357,1,NOC_NPS_VNOC_X3Y0,VNOC,data_vc,1,5,1
3358000,3358,0,NOC_NPS_VNOC_X3Y1,VNOC,credit,0,-1,1
3358000,3358,0,NOC_NPS_VNOC_X3Y1,VNOC,data_vc,0,5,1
3358000,3358,1,NOC_NPS_VNOC_X3Y0,VNOC,credit,1,-1,1
3358000,3358,1,NOC_NPS_VNOC_X3Y0,VNOC,data_vc,1,5,1
3359000,3359,0,NOC_NPS_VNOC_X3Y1,VNOC,credit,0,-1,1
3359000,3359,0,NOC_NPS_VNOC_X3Y1,VNOC,data_vc,0,5,1
3359000,3359,1,NOC_NPS_VNOC_X3Y0,VNOC,credit,1,-1,1
3359000,3359,1,NOC_NPS_VNOC_X3Y0,VNOC,data_vc,1,5,1
3360000,3360,0,NOC_NPS_VNOC_X3Y1,VNOC,credit,0,-1,1
3360000,3360,0,NOC_NPS_VNOC_X3Y1,VNOC,data_vc,0,5,1
3360000,3360,1,NOC_NPS_VNOC_X3Y0,VNOC,credit,1,-1,1
3360000,3360,1,NOC_NPS_VNOC_X3Y0,VNOC,data_vc,1,5,1
3361000,3361,0,NOC_NPS_VNOC_X3Y1,VNOC,credit,0,-1,1
3361000,3361,0,NOC_NPS_VNOC_X3Y1,VNOC,data_vc,0,5,1
3361000,3361,1,NOC_NPS_VNOC_X3Y0,VNOC,credit,1,-1,1
3361000,3361,1,NOC_NPS_VNOC_X3Y0,VNOC,data_vc,1,5,1
3362000,3362,0,NOC_NPS_VNOC_X3Y1,VNOC,credit,0,-1,1
3362000,3362,0,NOC_NPS_VNOC_X3Y1,VNOC,data_vc,0,5,1
3362000,3362,1,NOC_NPS_VNOC_X3Y0,VNOC,credit,1,-1,1
3362000,3362,1,NOC_NPS_VNOC_X3Y0,VNOC,data_vc,1,5,1
3363000,3363,0,NOC_NPS_VNOC_X3Y1,VNOC,credit,0,-1,1
3363000,3363,0,NOC_NPS_VNOC_X3Y1,VNOC,data_vc,0,5,1
3363000,3363,1,NOC_NPS_VNOC_X3Y0,VNOC,credit,1,-1,1
3363000,3363,1,NOC_NPS_VNOC_X3Y0,VNOC,data_vc,1,5,1
3364000,3364,0,NOC_NPS_VNOC_X3Y1,VNOC,credit,0,-1,1
3364000,3364,0,NOC_NPS_VNOC_X3Y1,VNOC,data_vc,0,5,1
3364000,3364,1,NOC_NPS_VNOC_X3Y0,VNOC,credit,1,-1,1
3364000,3364,1,NOC_NPS_VNOC_X3Y0,VNOC,data_vc,1,5,1
3365000,3365,0,NOC_NPS_VNOC_X3Y1,VNOC,credit,0,-1,1
3365000,3365,0,NOC_NPS_VNOC_X3Y1,VNOC,data_vc,0,5,1
3365000,3365,1,NOC_NPS_VNOC_X3Y0,VNOC,credit,1,-1,1
3365000,3365,1,NOC_NPS_VNOC_X3Y0,VNOC,data_vc,1,5,1
3366000,3366,0,NOC_NPS_VNOC_X3Y1,VNOC,credit,0,-1,1
3366000,3366,0,NOC_NPS_VNOC_X3Y1,VNOC,data_vc,0,5,1
3366000,3366,1,NOC_NPS_VNOC_X3Y0,VNOC,credit,1,-1,1
3366000,3366,1,NOC_NPS_VNOC_X3Y0,VNOC,data_vc,1,5,1
3367000,3367,0,NOC_NPS_VNOC_X3Y1,VNOC,credit,0,-1,1
3367000,3367,0,NOC_NPS_VNOC_X3Y1,VNOC,data_vc,0,5,1
3367000,3367,1,NOC_NPS_VNOC_X3Y0,VNOC,credit,1,-1,1
3367000,3367,1,NOC_NPS_VNOC_X3Y0,VNOC,data_vc,1,5,1
3368000,3368,0,NOC_NPS_VNOC_X3Y1,VNOC,credit,0,-1,1
3368000,3368,0,NOC_NPS_VNOC_X3Y1,VNOC,data_vc,0,5,1
3368000,3368,1,NOC_NPS_VNOC_X3Y0,VNOC,credit,1,-1,1
3368000,3368,1,NOC_NPS_VNOC_X3Y0,VNOC,data_vc,1,5,1
3369000,3369,0,NOC_NPS_VNOC_X3Y1,VNOC,credit,0,-1,1
3369000,3369,0,NOC_NPS_VNOC_X3Y1,VNOC,data_vc,0,5,1
3369000,3369,1,NOC_NPS_VNOC_X3Y0,VNOC,credit,1,-1,1
3369000,3369,1,NOC_NPS_VNOC_X3Y0,VNOC,data_vc,1,5,1
3370000,3370,0,NOC_NPS_VNOC_X3Y1,VNOC,credit,0,-1,1
3370000,3370,0,NOC_NPS_VNOC_X3Y1,VNOC,data_vc,0,5,1
3370000,3370,1,NOC_NPS_VNOC_X3Y0,VNOC,credit,1,-1,1
3370000,3370,1,NOC_NPS_VNOC_X3Y0,VNOC,data_vc,1,5,1
3371000,3371,0,NOC_NPS_VNOC_X3Y1,VNOC,credit,0,-1,1
3371000,3371,0,NOC_NPS_VNOC_X3Y1,VNOC,data_vc,0,5,1
3371000,3371,1,NOC_NPS_VNOC_X3Y0,VNOC,credit,1,-1,1
3371000,3371,1,NOC_NPS_VNOC_X3Y0,VNOC,data_vc,1,5,1
3372000,3372,0,NOC_NPS_VNOC_X3Y1,VNOC,credit,0,-1,1
3372000,3372,0,NOC_NPS_VNOC_X3Y1,VNOC,data_vc,0,5,1
3372000,3372,1,NOC_NPS_VNOC_X3Y0,VNOC,credit,1,-1,1
3372000,3372,1,NOC_NPS_VNOC_X3Y0,VNOC,data_vc,1,5,1
3373000,3373,0,NOC_NPS_VNOC_X3Y1,VNOC,credit,0,-1,1
3373000,3373,0,NOC_NPS_VNOC_X3Y1,VNOC,data_vc,0,5,1
3373000,3373,1,NOC_NPS_VNOC_X3Y0,VNOC,credit,1,-1,1
3373000,3373,1,NOC_NPS_VNOC_X3Y0,VNOC,data_vc,1,5,1
3374000,3374,0,NOC_NPS_VNOC_X3Y1,VNOC,credit,0,-1,1
3374000,3374,0,NOC_NPS_VNOC_X3Y1,VNOC,data_vc,0,5,1
3374000,3374,1,NOC_NPS_VNOC_X3Y0,VNOC,credit,1,-1,1
3374000,3374,1,NOC_NPS_VNOC_X3Y0,VNOC,data_vc,1,5,1
3375000,3375,0,NOC_NPS_VNOC_X3Y1,VNOC,credit,0,-1,1
3375000,3375,0,NOC_NPS_VNOC_X3Y1,VNOC,data_vc,0,5,1
3375000,3375,1,NOC_NPS_VNOC_X3Y0,VNOC,credit,1,-1,1
3375000,3375,1,NOC_NPS_VNOC_X3Y0,VNOC,data_vc,1,5,1
3376000,3376,0,NOC_NPS_VNOC_X3Y1,VNOC,credit,0,-1,1
3376000,3376,0,NOC_NPS_VNOC_X3Y1,VNOC,data_vc,0,5,1
3376000,3376,1,NOC_NPS_VNOC_X3Y0,VNOC,credit,1,-1,1
3376000,3376,1,NOC_NPS_VNOC_X3Y0,VNOC,data_vc,1,5,1
3377000,3377,0,NOC_NPS_VNOC_X3Y1,VNOC,credit,0,-1,1
3377000,3377,0,NOC_NPS_VNOC_X3Y1,VNOC,data_vc,0,5,1
3377000,3377,1,NOC_NPS_VNOC_X3Y0,VNOC,credit,1,-1,1
3377000,3377,1,NOC_NPS_VNOC_X3Y0,VNOC,data_vc,1,5,1
3378000,3378,0,NOC_NPS_VNOC_X3Y1,VNOC,credit,0,-1,1
3378000,3378,0,NOC_NPS_VNOC_X3Y1,VNOC,data_vc,0,5,1
3378000,3378,1,NOC_NPS_VNOC_X3Y0,VNOC,credit,1,-1,1
3378000,3378,1,NOC_NPS_VNOC_X3Y0,VNOC,data_vc,1,5,1
3379000,3379,0,NOC_NPS_VNOC_X3Y1,VNOC,credit,0,-1,1
3379000,3379,0,NOC_NPS_VNOC_X3Y1,VNOC,data_vc,0,5,1
3379000,3379,1,NOC_NPS_VNOC_X3Y0,VNOC,credit,1,-1,1
3379000,3379,1,NOC_NPS_VNOC_X3Y0,VNOC,data_vc,1,5,1
3380000,3380,0,NOC_NPS_VNOC_X3Y1,VNOC,credit,0,-1,1
3380000,3380,0,NOC_NPS_VNOC_X3Y1,VNOC,data_vc,0,5,1
3380000,3380,1,NOC_NPS_VNOC_X3Y0,VNOC,credit,1,-1,1
3380000,3380,1,NOC_NPS_VNOC_X3Y0,VNOC,data_vc,1,5,1
3381000,3381,0,NOC_NPS_VNOC_X3Y1,VNOC,credit,0,-1,1
3381000,3381,0,NOC_NPS_VNOC_X3Y1,VNOC,data_vc,0,5,1
3381000,3381,1,NOC_NPS_VNOC_X3Y0,VNOC,credit,1,-1,1
3381000,3381,1,NOC_NPS_VNOC_X3Y0,VNOC,data_vc,1,5,1
3382000,3382,0,NOC_NPS_VNOC_X3Y1,VNOC,credit,0,-1,1
3382000,3382,0,NOC_NPS_VNOC_X3Y1,VNOC,data_vc,0,5,1
3382000,3382,1,NOC_NPS_VNOC_X3Y0,VNOC,credit,1,-1,1
3382000,3382,1,NOC_NPS_VNOC_X3Y0,VNOC,data_vc,1,5,1
3383000,3383,0,NOC_NPS_VNOC_X3Y1,VNOC,credit,0,-1,1
3383000,3383,0,NOC_NPS_VNOC_X3Y1,VNOC,data_vc,0,5,1
3383000,3383,1,NOC_NPS_VNOC_X3Y0,VNOC,credit,1,-1,1
3383000,3383,1,NOC_NPS_VNOC_X3Y0,VNOC,data_vc,1,5,1
3384000,3384,0,NOC_NPS_VNOC_X3Y1,VNOC,credit,0,-1,1
3384000,3384,0,NOC_NPS_VNOC_X3Y1,VNOC,data_vc,0,5,1
3384000,3384,1,NOC_NPS_VNOC_X3Y0,VNOC,credit,1,-1,1
3384000,3384,1,NOC_NPS_VNOC_X3Y0,VNOC,data_vc,1,5,1
3385000,3385,0,NOC_NPS_VNOC_X3Y1,VNOC,credit,0,-1,1
3385000,3385,0,NOC_NPS_VNOC_X3Y1,VNOC,data_vc,0,5,1
3385000,3385,1,NOC_NPS_VNOC_X3Y0,VNOC,credit,1,-1,1
3385000,3385,1,NOC_NPS_VNOC_X3Y0,VNOC,data_vc,1,5,1
3386000,3386,0,NOC_NPS_VNOC_X3Y1,VNOC,credit,0,-1,1
3386000,3386,0,NOC_NPS_VNOC_X3Y1,VNOC,data_vc,0,5,1
3386000,3386,1,NOC_NPS_VNOC_X3Y0,VNOC,credit,1,-1,1
3386000,3386,1,NOC_NPS_VNOC_X3Y0,VNOC,data_vc,1,5,1
3387000,3387,0,NOC_NPS_VNOC_X3Y1,VNOC,credit,0,-1,1
3387000,3387,0,NOC_NPS_VNOC_X3Y1,VNOC,data_vc,0,5,1
3387000,3387,1,NOC_NPS_VNOC_X3Y0,VNOC,credit,1,-1,1
3387000,3387,1,NOC_NPS_VNOC_X3Y0,VNOC,data_vc,1,5,1
3388000,3388,0,NOC_NPS_VNOC_X3Y1,VNOC,credit,0,-1,1
3388000,3388,0,NOC_NPS_VNOC_X3Y1,VNOC,data_vc,0,5,1
3388000,3388,1,NOC_NPS_VNOC_X3Y0,VNOC,credit,1,-1,1
3388000,3388,1,NOC_NPS_VNOC_X3Y0,VNOC,data_vc,1,5,1
3389000,3389,0,NOC_NPS_VNOC_X3Y1,VNOC,credit,0,-1,1
3389000,3389,0,NOC_NPS_VNOC_X3Y1,VNOC,data_vc,0,5,1
3389000,3389,1,NOC_NPS_VNOC_X3Y0,VNOC,credit,1,-1,1
3389000,3389,1,NOC_NPS_VNOC_X3Y0,VNOC,data_vc,1,5,1
3390000,3390,0,NOC_NPS_VNOC_X3Y1,VNOC,credit,0,-1,1
3390000,3390,0,NOC_NPS_VNOC_X3Y1,VNOC,data_vc,0,5,1
3390000,3390,1,NOC_NPS_VNOC_X3Y0,VNOC,credit,1,-1,1
3390000,3390,1,NOC_NPS_VNOC_X3Y0,VNOC,data_vc,1,5,1
3391000,3391,0,NOC_NPS_VNOC_X3Y1,VNOC,credit,0,-1,1
3391000,3391,0,NOC_NPS_VNOC_X3Y1,VNOC,data_vc,0,5,1
3391000,3391,1,NOC_NPS_VNOC_X3Y0,VNOC,credit,1,-1,1
3391000,3391,1,NOC_NPS_VNOC_X3Y0,VNOC,data_vc,1,5,1
3392000,3392,0,NOC_NPS_VNOC_X3Y1,VNOC,credit,0,-1,1
3392000,3392,0,NOC_NPS_VNOC_X3Y1,VNOC,data_vc,0,5,1
3392000,3392,1,NOC_NPS_VNOC_X3Y0,VNOC,credit,1,-1,1
3392000,3392,1,NOC_NPS_VNOC_X3Y0,VNOC,data_vc,1,5,1
3393000,3393,0,NOC_NPS_VNOC_X3Y1,VNOC,credit,0,-1,1
3393000,3393,0,NOC_NPS_VNOC_X3Y1,VNOC,data_vc,0,5,1
3393000,3393,1,NOC_NPS_VNOC_X3Y0,VNOC,credit,1,-1,1
3393000,3393,1,NOC_NPS_VNOC_X3Y0,VNOC,data_vc,1,5,1
3394000,3394,0,NOC_NPS_VNOC_X3Y1,VNOC,credit,0,-1,1
3394000,3394,0,NOC_NPS_VNOC_X3Y1,VNOC,data_vc,0,5,1
3394000,3394,1,NOC_NPS_VNOC_X3Y0,VNOC,credit,1,-1,1
3394000,3394,1,NOC_NPS_VNOC_X3Y0,VNOC,data_vc,1,5,1
3395000,3395,0,NOC_NPS_VNOC_X3Y1,VNOC,credit,0,-1,1
3395000,3395,0,NOC_NPS_VNOC_X3Y1,VNOC,data_vc,0,5,1
3395000,3395,1,NOC_NPS_VNOC_X3Y0,VNOC,credit,1,-1,1
3395000,3395,1,NOC_NPS_VNOC_X3Y0,VNOC,data_vc,1,5,1
3396000,3396,0,NOC_NPS_VNOC_X3Y1,VNOC,credit,0,-1,1
3396000,3396,0,NOC_NPS_VNOC_X3Y1,VNOC,data_vc,0,5,1
3396000,3396,1,NOC_NPS_VNOC_X3Y0,VNOC,credit,1,-1,1
3396000,3396,1,NOC_NPS_VNOC_X3Y0,VNOC,data_vc,1,5,1
3397000,3397,0,NOC_NPS_VNOC_X3Y1,VNOC,credit,0,-1,1
3397000,3397,0,NOC_NPS_VNOC_X3Y1,VNOC,data_vc,0,5,1
3397000,3397,1,NOC_NPS_VNOC_X3Y0,VNOC,credit,1,-1,1
3397000,3397,1,NOC_NPS_VNOC_X3Y0,VNOC,data_vc,1,5,1
3398000,3398,0,NOC_NPS_VNOC_X3Y1,VNOC,credit,0,-1,1
3398000,3398,0,NOC_NPS_VNOC_X3Y1,VNOC,data_vc,0,5,1
3398000,3398,1,NOC_NPS_VNOC_X3Y0,VNOC,credit,1,-1,1
3398000,3398,1,NOC_NPS_VNOC_X3Y0,VNOC,data_vc,1,5,1
3399000,3399,0,NOC_NPS_VNOC_X3Y1,VNOC,credit,0,-1,1
3399000,3399,0,NOC_NPS_VNOC_X3Y1,VNOC,data_vc,0,5,1
3399000,3399,1,NOC_NPS_VNOC_X3Y0,VNOC,credit,1,-1,1
3399000,3399,1,NOC_NPS_VNOC_X3Y0,VNOC,data_vc,1,5,1
3400000,3400,0,NOC_NPS_VNOC_X3Y1,VNOC,credit,0,-1,1
3400000,3400,0,NOC_NPS_VNOC_X3Y1,VNOC,data_vc,0,5,1
3400000,3400,1,NOC_NPS_VNOC_X3Y0,VNOC,credit,1,-1,1
3400000,3400,1,NOC_NPS_VNOC_X3Y0,VNOC,data_vc,1,5,1
3401000,3401,0,NOC_NPS_VNOC_X3Y1,VNOC,credit,0,-1,1
3401000,3401,0,NOC_NPS_VNOC_X3Y1,VNOC,data_vc,0,5,1
3401000,3401,1,NOC_NPS_VNOC_X3Y0,VNOC,credit,1,-1,1
3401000,3401,1,NOC_NPS_VNOC_X3Y0,VNOC,data_vc,1,5,1
3402000,3402,0,NOC_NPS_VNOC_X3Y1,VNOC,credit,0,-1,1
3402000,3402,0,NOC_NPS_VNOC_X3Y1,VNOC,data_vc,0,5,1
3402000,3402,1,NOC_NPS_VNOC_X3Y0,VNOC,credit,1,-1,1
3402000,3402,1,NOC_NPS_VNOC_X3Y0,VNOC,data_vc,1,5,1
3403000,3403,0,NOC_NPS_VNOC_X3Y1,VNOC,credit,0,-1,1
3403000,3403,0,NOC_NPS_VNOC_X3Y1,VNOC,data_vc,0,5,1
3403000,3403,1,NOC_NPS_VNOC_X3Y0,VNOC,credit,1,-1,1
3403000,3403,1,NOC_NPS_VNOC_X3Y0,VNOC,data_vc,1,5,1
3404000,3404,0,NOC_NPS_VNOC_X3Y1,VNOC,credit,0,-1,1
3404000,3404,0,NOC_NPS_VNOC_X3Y1,VNOC,data_vc,0,5,1
3404000,3404,1,NOC_NPS_VNOC_X3Y0,VNOC,credit,1,-1,1
3404000,3404,1,NOC_NPS_VNOC_X3Y0,VNOC,data_vc,1,5,1
3405000,3405,0,NOC_NPS_VNOC_X3Y1,VNOC,credit,0,-1,1
3405000,3405,0,NOC_NPS_VNOC_X3Y1,VNOC,data_vc,0,5,1
3405000,3405,1,NOC_NPS_VNOC_X3Y0,VNOC,credit,1,-1,1
3405000,3405,1,NOC_NPS_VNOC_X3Y0,VNOC,data_vc,1,5,1
3406000,3406,0,NOC_NPS_VNOC_X3Y1,VNOC,credit,0,-1,1
3406000,3406,0,NOC_NPS_VNOC_X3Y1,VNOC,data_vc,0,5,1
3406000,3406,1,NOC_NPS_VNOC_X3Y0,VNOC,credit,1,-1,1
3406000,3406,1,NOC_NPS_VNOC_X3Y0,VNOC,data_vc,1,5,1
3407000,3407,0,NOC_NPS_VNOC_X3Y1,VNOC,credit,0,-1,1
3407000,3407,0,NOC_NPS_VNOC_X3Y1,VNOC,data_vc,0,5,1
3407000,3407,1,NOC_NPS_VNOC_X3Y0,VNOC,credit,1,-1,1
3407000,3407,1,NOC_NPS_VNOC_X3Y0,VNOC,data_vc,1,5,1
3408000,3408,0,NOC_NPS_VNOC_X3Y1,VNOC,credit,0,-1,1
3408000,3408,0,NOC_NPS_VNOC_X3Y1,VNOC,data_vc,0,5,1
3408000,3408,1,NOC_NPS_VNOC_X3Y0,VNOC,credit,1,-1,1
3408000,3408,1,NOC_NPS_VNOC_X3Y0,VNOC,data_vc,1,5,1
3409000,3409,0,NOC_NPS_VNOC_X3Y1,VNOC,credit,0,-1,1
3409000,3409,0,NOC_NPS_VNOC_X3Y1,VNOC,data_vc,0,5,1
3409000,3409,1,NOC_NPS_VNOC_X3Y0,VNOC,credit,1,-1,1
3409000,3409,1,NOC_NPS_VNOC_X3Y0,VNOC,data_vc,1,5,1
3410000,3410,0,NOC_NPS_VNOC_X3Y1,VNOC,credit,0,-1,1
3410000,3410,0,NOC_NPS_VNOC_X3Y1,VNOC,data_vc,0,5,1
3410000,3410,1,NOC_NPS_VNOC_X3Y0,VNOC,credit,1,-1,1
3410000,3410,1,NOC_NPS_VNOC_X3Y0,VNOC,data_vc,1,5,1
3411000,3411,0,NOC_NPS_VNOC_X3Y1,VNOC,credit,0,-1,1
3411000,3411,0,NOC_NPS_VNOC_X3Y1,VNOC,data_vc,0,5,1
3411000,3411,1,NOC_NPS_VNOC_X3Y0,VNOC,credit,1,-1,1
3411000,3411,1,NOC_NPS_VNOC_X3Y0,VNOC,data_vc,1,5,1
3412000,3412,0,NOC_NPS_VNOC_X3Y1,VNOC,credit,0,-1,1
3412000,3412,0,NOC_NPS_VNOC_X3Y1,VNOC,data_vc,0,5,1
3412000,3412,1,NOC_NPS_VNOC_X3Y0,VNOC,credit,1,-1,1
3412000,3412,1,NOC_NPS_VNOC_X3Y0,VNOC,data_vc,1,5,1
3413000,3413,0,NOC_NPS_VNOC_X3Y1,VNOC,credit,0,-1,1
3413000,3413,0,NOC_NPS_VNOC_X3Y1,VNOC,data_vc,0,5,1
3413000,3413,1,NOC_NPS_VNOC_X3Y0,VNOC,credit,1,-1,1
3413000,3413,1,NOC_NPS_VNOC_X3Y0,VNOC,data_vc,1,5,1
3414000,3414,0,NOC_NPS_VNOC_X3Y1,VNOC,credit,0,-1,1
3414000,3414,0,NOC_NPS_VNOC_X3Y1,VNOC,data_vc,0,5,1
3414000,3414,1,NOC_NPS_VNOC_X3Y0,VNOC,credit,1,-1,1
3414000,3414,1,NOC_NPS_VNOC_X3Y0,VNOC,data_vc,1,5,1
3415000,3415,0,NOC_NPS_VNOC_X3Y1,VNOC,credit,0,-1,1
3415000,3415,0,NOC_NPS_VNOC_X3Y1,VNOC,data_vc,0,5,1
3415000,3415,1,NOC_NPS_VNOC_X3Y0,VNOC,credit,1,-1,1
3415000,3415,1,NOC_NPS_VNOC_X3Y0,VNOC,data_vc,1,5,1
3416000,3416,0,NOC_NPS_VNOC_X3Y1,VNOC,credit,0,-1,1
3416000,3416,0,NOC_NPS_VNOC_X3Y1,VNOC,data_vc,0,5,1
3416000,3416,1,NOC_NPS_VNOC_X3Y0,VNOC,credit,1,-1,1
3416000,3416,1,NOC_NPS_VNOC_X3Y0,VNOC,data_vc,1,5,1
3417000,3417,0,NOC_NPS_VNOC_X3Y1,VNOC,credit,0,-1,1
3417000,3417,0,NOC_NPS_VNOC_X3Y1,VNOC,data_vc,0,5,1
3417000,3417,1,NOC_NPS_VNOC_X3Y0,VNOC,credit,1,-1,1
3417000,3417,1,NOC_NPS_VNOC_X3Y0,VNOC,data_vc,1,5,1
3418000,3418,0,NOC_NPS_VNOC_X3Y1,VNOC,credit,0,-1,1
3418000,3418,0,NOC_NPS_VNOC_X3Y1,VNOC,data_vc,0,5,1
3418000,3418,1,NOC_NPS_VNOC_X3Y0,VNOC,credit,1,-1,1
3418000,3418,1,NOC_NPS_VNOC_X3Y0,VNOC,data_vc,1,5,1
3419000,3419,0,NOC_NPS_VNOC_X3Y1,VNOC,credit,0,-1,1
3419000,3419,0,NOC_NPS_VNOC_X3Y1,VNOC,data_vc,0,5,1
3419000,3419,1,NOC_NPS_VNOC_X3Y0,VNOC,credit,1,-1,1
3419000,3419,1,NOC_NPS_VNOC_X3Y0,VNOC,data_vc,1,5,1
3420000,3420,0,NOC_NPS_VNOC_X3Y1,VNOC,credit,0,-1,1
3420000,3420,0,NOC_NPS_VNOC_X3Y1,VNOC,data_vc,0,5,1
3420000,3420,1,NOC_NPS_VNOC_X3Y0,VNOC,credit,1,-1,1
3420000,3420,1,NOC_NPS_VNOC_X3Y0,VNOC,data_vc,1,5,1
3421000,3421,0,NOC_NPS_VNOC_X3Y1,VNOC,credit,0,-1,1
3421000,3421,0,NOC_NPS_VNOC_X3Y1,VNOC,data_vc,0,5,1
3421000,3421,1,NOC_NPS_VNOC_X3Y0,VNOC,credit,1,-1,1
3421000,3421,1,NOC_NPS_VNOC_X3Y0,VNOC,data_vc,1,5,1
3422000,3422,0,NOC_NPS_VNOC_X3Y1,VNOC,credit,0,-1,1
3422000,3422,0,NOC_NPS_VNOC_X3Y1,VNOC,data_vc,0,5,1
3422000,3422,1,NOC_NPS_VNOC_X3Y0,VNOC,credit,1,-1,1
3422000,3422,1,NOC_NPS_VNOC_X3Y0,VNOC,data_vc,1,5,1
3423000,3423,0,NOC_NPS_VNOC_X3Y1,VNOC,credit,0,-1,1
3423000,3423,0,NOC_NPS_VNOC_X3Y1,VNOC,data_vc,0,5,1
3423000,3423,1,NOC_NPS_VNOC_X3Y0,VNOC,credit,1,-1,1
3423000,3423,1,NOC_NPS_VNOC_X3Y0,VNOC,data_vc,1,5,1
3424000,3424,0,NOC_NPS_VNOC_X3Y1,VNOC,credit,0,-1,1
3424000,3424,0,NOC_NPS_VNOC_X3Y1,VNOC,data_vc,0,5,1
3424000,3424,1,NOC_NPS_VNOC_X3Y0,VNOC,credit,1,-1,1
3424000,3424,1,NOC_NPS_VNOC_X3Y0,VNOC,data_vc,1,5,1
3425000,3425,0,NOC_NPS_VNOC_X3Y1,VNOC,credit,0,-1,1
3425000,3425,0,NOC_NPS_VNOC_X3Y1,VNOC,data_vc,0,5,1
3425000,3425,1,NOC_NPS_VNOC_X3Y0,VNOC,credit,1,-1,1
3425000,3425,1,NOC_NPS_VNOC_X3Y0,VNOC,data_vc,1,5,1
3426000,3426,0,NOC_NPS_VNOC_X3Y1,VNOC,credit,0,-1,1
3426000,3426,0,NOC_NPS_VNOC_X3Y1,VNOC,data_vc,0,5,1
3426000,3426,1,NOC_NPS_VNOC_X3Y0,VNOC,credit,1,-1,1
3426000,3426,1,NOC_NPS_VNOC_X3Y0,VNOC,data_vc,1,5,1
3427000,3427,0,NOC_NPS_VNOC_X3Y1,VNOC,credit,0,-1,1
3427000,3427,0,NOC_NPS_VNOC_X3Y1,VNOC,data_vc,0,5,1
3427000,3427,1,NOC_NPS_VNOC_X3Y0,VNOC,credit,1,-1,1
3427000,3427,1,NOC_NPS_VNOC_X3Y0,VNOC,data_vc,1,5,1
3428000,3428,0,NOC_NPS_VNOC_X3Y1,VNOC,credit,0,-1,1
3428000,3428,0,NOC_NPS_VNOC_X3Y1,VNOC,data_vc,0,5,1
3428000,3428,1,NOC_NPS_VNOC_X3Y0,VNOC,credit,1,-1,1
3428000,3428,1,NOC_NPS_VNOC_X3Y0,VNOC,data_vc,1,5,1
3429000,3429,0,NOC_NPS_VNOC_X3Y1,VNOC,credit,0,-1,1
3429000,3429,0,NOC_NPS_VNOC_X3Y1,VNOC,data_vc,0,5,1
3429000,3429,1,NOC_NPS_VNOC_X3Y0,VNOC,credit,1,-1,1
3429000,3429,1,NOC_NPS_VNOC_X3Y0,VNOC,data_vc,1,5,1
3430000,3430,0,NOC_NPS_VNOC_X3Y1,VNOC,credit,0,-1,1
3430000,3430,0,NOC_NPS_VNOC_X3Y1,VNOC,data_vc,0,5,1
3430000,3430,1,NOC_NPS_VNOC_X3Y0,VNOC,credit,1,-1,1
3430000,3430,1,NOC_NPS_VNOC_X3Y0,VNOC,data_vc,1,5,1
3431000,3431,0,NOC_NPS_VNOC_X3Y1,VNOC,credit,0,-1,1
3431000,3431,0,NOC_NPS_VNOC_X3Y1,VNOC,data_vc,0,5,1
3431000,3431,1,NOC_NPS_VNOC_X3Y0,VNOC,credit,1,-1,1
3431000,3431,1,NOC_NPS_VNOC_X3Y0,VNOC,data_vc,1,5,1
3432000,3432,0,NOC_NPS_VNOC_X3Y1,VNOC,credit,0,-1,1
3432000,3432,0,NOC_NPS_VNOC_X3Y1,VNOC,data_vc,0,5,1
3432000,3432,1,NOC_NPS_VNOC_X3Y0,VNOC,credit,1,-1,1
3432000,3432,1,NOC_NPS_VNOC_X3Y0,VNOC,data_vc,1,5,1
3433000,3433,0,NOC_NPS_VNOC_X3Y1,VNOC,credit,0,-1,1
3433000,3433,0,NOC_NPS_VNOC_X3Y1,VNOC,data_vc,0,5,1
3433000,3433,1,NOC_NPS_VNOC_X3Y0,VNOC,credit,1,-1,1
3433000,3433,1,NOC_NPS_VNOC_X3Y0,VNOC,data_vc,1,5,1
3434000,3434,0,NOC_NPS_VNOC_X3Y1,VNOC,credit,0,-1,1
3434000,3434,0,NOC_NPS_VNOC_X3Y1,VNOC,data_vc,0,5,1
3434000,3434,1,NOC_NPS_VNOC_X3Y0,VNOC,credit,1,-1,1
3434000,3434,1,NOC_NPS_VNOC_X3Y0,VNOC,data_vc,1,5,1
3435000,3435,0,NOC_NPS_VNOC_X3Y1,VNOC,credit,0,-1,1
3435000,3435,0,NOC_NPS_VNOC_X3Y1,VNOC,data_vc,0,5,1
3435000,3435,1,NOC_NPS_VNOC_X3Y0,VNOC,credit,1,-1,1
3435000,3435,1,NOC_NPS_VNOC_X3Y0,VNOC,data_vc,1,5,1
3436000,3436,0,NOC_NPS_VNOC_X3Y1,VNOC,credit,0,-1,1
3436000,3436,0,NOC_NPS_VNOC_X3Y1,VNOC,data_vc,0,5,1
3436000,3436,1,NOC_NPS_VNOC_X3Y0,VNOC,credit,1,-1,1
3436000,3436,1,NOC_NPS_VNOC_X3Y0,VNOC,data_vc,1,5,1
3437000,3437,0,NOC_NPS_VNOC_X3Y1,VNOC,credit,0,-1,1
3437000,3437,0,NOC_NPS_VNOC_X3Y1,VNOC,data_vc,0,5,1
3437000,3437,1,NOC_NPS_VNOC_X3Y0,VNOC,credit,1,-1,1
3437000,3437,1,NOC_NPS_VNOC_X3Y0,VNOC,data_vc,1,5,1
3438000,3438,0,NOC_NPS_VNOC_X3Y1,VNOC,credit,0,-1,1
3438000,3438,0,NOC_NPS_VNOC_X3Y1,VNOC,data_vc,0,5,1
3438000,3438,1,NOC_NPS_VNOC_X3Y0,VNOC,credit,1,-1,1
3438000,3438,1,NOC_NPS_VNOC_X3Y0,VNOC,data_vc,1,5,1
3439000,3439,0,NOC_NPS_VNOC_X3Y1,VNOC,credit,0,-1,1
3439000,3439,0,NOC_NPS_VNOC_X3Y1,VNOC,data_vc,0,5,1
3439000,3439,1,NOC_NPS_VNOC_X3Y0,VNOC,credit,1,-1,1
3439000,3439,1,NOC_NPS_VNOC_X3Y0,VNOC,data_vc,1,5,1
3440000,3440,0,NOC_NPS_VNOC_X3Y1,VNOC,credit,0,-1,1
3440000,3440,0,NOC_NPS_VNOC_X3Y1,VNOC,data_vc,0,5,1
3440000,3440,1,NOC_NPS_VNOC_X3Y0,VNOC,credit,1,-1,1
3440000,3440,1,NOC_NPS_VNOC_X3Y0,VNOC,data_vc,1,5,1
3441000,3441,0,NOC_NPS_VNOC_X3Y1,VNOC,credit,0,-1,1
3441000,3441,0,NOC_NPS_VNOC_X3Y1,VNOC,data_vc,0,5,1
3441000,3441,1,NOC_NPS_VNOC_X3Y0,VNOC,credit,1,-1,1
3441000,3441,1,NOC_NPS_VNOC_X3Y0,VNOC,data_vc,1,5,1
3442000,3442,0,NOC_NPS_VNOC_X3Y1,VNOC,credit,0,-1,1
3442000,3442,0,NOC_NPS_VNOC_X3Y1,VNOC,data_vc,0,5,1
3442000,3442,1,NOC_NPS_VNOC_X3Y0,VNOC,credit,1,-1,1
3442000,3442,1,NOC_NPS_VNOC_X3Y0,VNOC,data_vc,1,5,1
3443000,3443,0,NOC_NPS_VNOC_X3Y1,VNOC,credit,0,-1,1
3443000,3443,0,NOC_NPS_VNOC_X3Y1,VNOC,data_vc,0,5,1
3443000,3443,1,NOC_NPS_VNOC_X3Y0,VNOC,credit,1,-1,1
3443000,3443,1,NOC_NPS_VNOC_X3Y0,VNOC,data_vc,1,5,1
3444000,3444,0,NOC_NPS_VNOC_X3Y1,VNOC,credit,0,-1,1
3444000,3444,0,NOC_NPS_VNOC_X3Y1,VNOC,data_vc,0,5,1
3444000,3444,1,NOC_NPS_VNOC_X3Y0,VNOC,credit,1,-1,1
3444000,3444,1,NOC_NPS_VNOC_X3Y0,VNOC,data_vc,1,5,1
3445000,3445,0,NOC_NPS_VNOC_X3Y1,VNOC,credit,0,-1,1
3445000,3445,0,NOC_NPS_VNOC_X3Y1,VNOC,data_vc,0,5,1
3445000,3445,1,NOC_NPS_VNOC_X3Y0,VNOC,credit,1,-1,1
3445000,3445,1,NOC_NPS_VNOC_X3Y0,VNOC,data_vc,1,5,1
3446000,3446,0,NOC_NPS_VNOC_X3Y1,VNOC,credit,0,-1,1
3446000,3446,0,NOC_NPS_VNOC_X3Y1,VNOC,data_vc,0,5,1
3446000,3446,1,NOC_NPS_VNOC_X3Y0,VNOC,credit,1,-1,1
3446000,3446,1,NOC_NPS_VNOC_X3Y0,VNOC,data_vc,1,5,1
3447000,3447,0,NOC_NPS_VNOC_X3Y1,VNOC,credit,0,-1,1
3447000,3447,0,NOC_NPS_VNOC_X3Y1,VNOC,data_vc,0,5,1
3447000,3447,1,NOC_NPS_VNOC_X3Y0,VNOC,credit,1,-1,1
3447000,3447,1,NOC_NPS_VNOC_X3Y0,VNOC,data_vc,1,5,1
3448000,3448,0,NOC_NPS_VNOC_X3Y1,VNOC,credit,0,-1,1
3448000,3448,0,NOC_NPS_VNOC_X3Y1,VNOC,data_vc,0,5,1
3448000,3448,1,NOC_NPS_VNOC_X3Y0,VNOC,credit,1,-1,1
3448000,3448,1,NOC_NPS_VNOC_X3Y0,VNOC,data_vc,1,5,1
3449000,3449,0,NOC_NPS_VNOC_X3Y1,VNOC,credit,0,-1,1
3449000,3449,0,NOC_NPS_VNOC_X3Y1,VNOC,data_vc,0,5,1
3449000,3449,1,NOC_NPS_VNOC_X3Y0,VNOC,credit,1,-1,1
3449000,3449,1,NOC_NPS_VNOC_X3Y0,VNOC,data_vc,1,5,1
3450000,3450,0,NOC_NPS_VNOC_X3Y1,VNOC,credit,0,-1,1
3450000,3450,0,NOC_NPS_VNOC_X3Y1,VNOC,data_vc,0,5,1
3450000,3450,1,NOC_NPS_VNOC_X3Y0,VNOC,credit,1,-1,1
3450000,3450,1,NOC_NPS_VNOC_X3Y0,VNOC,data_vc,1,5,1
3451000,3451,0,NOC_NPS_VNOC_X3Y1,VNOC,credit,0,-1,1
3451000,3451,0,NOC_NPS_VNOC_X3Y1,VNOC,data_vc,0,5,1
3451000,3451,1,NOC_NPS_VNOC_X3Y0,VNOC,credit,1,-1,1
3451000,3451,1,NOC_NPS_VNOC_X3Y0,VNOC,data_vc,1,5,1
3452000,3452,0,NOC_NPS_VNOC_X3Y1,VNOC,credit,0,-1,1
3452000,3452,0,NOC_NPS_VNOC_X3Y1,VNOC,data_vc,0,5,1
3452000,3452,1,NOC_NPS_VNOC_X3Y0,VNOC,credit,1,-1,1
3452000,3452,1,NOC_NPS_VNOC_X3Y0,VNOC,data_vc,1,5,1
3453000,3453,0,NOC_NPS_VNOC_X3Y1,VNOC,credit,0,-1,1
3453000,3453,0,NOC_NPS_VNOC_X3Y1,VNOC,data_vc,0,5,1
3453000,3453,1,NOC_NPS_VNOC_X3Y0,VNOC,credit,1,-1,1
3453000,3453,1,NOC_NPS_VNOC_X3Y0,VNOC,data_vc,1,5,1
3454000,3454,0,NOC_NPS_VNOC_X3Y1,VNOC,credit,0,-1,1
3454000,3454,0,NOC_NPS_VNOC_X3Y1,VNOC,data_vc,0,5,1
3454000,3454,1,NOC_NPS_VNOC_X3Y0,VNOC,credit,1,-1,1
3454000,3454,1,NOC_NPS_VNOC_X3Y0,VNOC,data_vc,1,5,1
3455000,3455,0,NOC_NPS_VNOC_X3Y1,VNOC,credit,0,-1,1
3455000,3455,0,NOC_NPS_VNOC_X3Y1,VNOC,data_vc,0,5,1
3455000,3455,1,NOC_NPS_VNOC_X3Y0,VNOC,credit,1,-1,1
3455000,3455,1,NOC_NPS_VNOC_X3Y0,VNOC,data_vc,1,5,1
3456000,3456,0,NOC_NPS_VNOC_X3Y1,VNOC,credit,0,-1,1
3456000,3456,0,NOC_NPS_VNOC_X3Y1,VNOC,data_vc,0,5,1
3456000,3456,1,NOC_NPS_VNOC_X3Y0,VNOC,credit,1,-1,1
3456000,3456,1,NOC_NPS_VNOC_X3Y0,VNOC,data_vc,1,5,1
3457000,3457,0,NOC_NPS_VNOC_X3Y1,VNOC,credit,0,-1,1
3457000,3457,0,NOC_NPS_VNOC_X3Y1,VNOC,data_vc,0,5,1
3457000,3457,1,NOC_NPS_VNOC_X3Y0,VNOC,credit,1,-1,1
3457000,3457,1,NOC_NPS_VNOC_X3Y0,VNOC,data_vc,1,5,1
3458000,3458,0,NOC_NPS_VNOC_X3Y1,VNOC,credit,0,-1,1
3458000,3458,0,NOC_NPS_VNOC_X3Y1,VNOC,data_vc,0,5,1
3458000,3458,1,NOC_NPS_VNOC_X3Y0,VNOC,credit,1,-1,1
3458000,3458,1,NOC_NPS_VNOC_X3Y0,VNOC,data_vc,1,5,1
3459000,3459,0,NOC_NPS_VNOC_X3Y1,VNOC,credit,0,-1,1
3459000,3459,0,NOC_NPS_VNOC_X3Y1,VNOC,data_vc,0,5,1
3459000,3459,1,NOC_NPS_VNOC_X3Y0,VNOC,credit,1,-1,1
3459000,3459,1,NOC_NPS_VNOC_X3Y0,VNOC,data_vc,1,5,1
3460000,3460,0,NOC_NPS_VNOC_X3Y1,VNOC,credit,0,-1,1
3460000,3460,0,NOC_NPS_VNOC_X3Y1,VNOC,data_vc,0,5,1
3460000,3460,1,NOC_NPS_VNOC_X3Y0,VNOC,credit,1,-1,1
3460000,3460,1,NOC_NPS_VNOC_X3Y0,VNOC,data_vc,1,5,1
3461000,3461,0,NOC_NPS_VNOC_X3Y1,VNOC,credit,0,-1,1
3461000,3461,0,NOC_NPS_VNOC_X3Y1,VNOC,data_vc,0,5,1
3461000,3461,1,NOC_NPS_VNOC_X3Y0,VNOC,credit,1,-1,1
3461000,3461,1,NOC_NPS_VNOC_X3Y0,VNOC,data_vc,1,5,1
3462000,3462,0,NOC_NPS_VNOC_X3Y1,VNOC,credit,0,-1,1
3462000,3462,0,NOC_NPS_VNOC_X3Y1,VNOC,data_vc,0,5,1
3462000,3462,1,NOC_NPS_VNOC_X3Y0,VNOC,credit,1,-1,1
3462000,3462,1,NOC_NPS_VNOC_X3Y0,VNOC,data_vc,1,5,1
3463000,3463,0,NOC_NPS_VNOC_X3Y1,VNOC,credit,0,-1,1
3463000,3463,0,NOC_NPS_VNOC_X3Y1,VNOC,data_vc,0,5,1
3463000,3463,1,NOC_NPS_VNOC_X3Y0,VNOC,credit,1,-1,1
3463000,3463,1,NOC_NPS_VNOC_X3Y0,VNOC,data_vc,1,5,1
3464000,3464,0,NOC_NPS_VNOC_X3Y1,VNOC,credit,0,-1,1
3464000,3464,0,NOC_NPS_VNOC_X3Y1,VNOC,data_vc,0,5,1
3464000,3464,1,NOC_NPS_VNOC_X3Y0,VNOC,credit,1,-1,1
3464000,3464,1,NOC_NPS_VNOC_X3Y0,VNOC,data_vc,1,5,1
3465000,3465,0,NOC_NPS_VNOC_X3Y1,VNOC,credit,0,-1,1
3465000,3465,0,NOC_NPS_VNOC_X3Y1,VNOC,data_vc,0,5,1
3465000,3465,1,NOC_NPS_VNOC_X3Y0,VNOC,credit,1,-1,1
3465000,3465,1,NOC_NPS_VNOC_X3Y0,VNOC,data_vc,1,5,1
3466000,3466,0,NOC_NPS_VNOC_X3Y1,VNOC,credit,0,-1,1
3466000,3466,0,NOC_NPS_VNOC_X3Y1,VNOC,data_vc,0,5,1
3466000,3466,1,NOC_NPS_VNOC_X3Y0,VNOC,credit,1,-1,1
3466000,3466,1,NOC_NPS_VNOC_X3Y0,VNOC,data_vc,1,5,1
3467000,3467,0,NOC_NPS_VNOC_X3Y1,VNOC,credit,0,-1,1
3467000,3467,0,NOC_NPS_VNOC_X3Y1,VNOC,data_vc,0,5,1
3467000,3467,1,NOC_NPS_VNOC_X3Y0,VNOC,credit,1,-1,1
3467000,3467,1,NOC_NPS_VNOC_X3Y0,VNOC,data_vc,1,5,1
3468000,3468,0,NOC_NPS_VNOC_X3Y1,VNOC,credit,0,-1,1
3468000,3468,0,NOC_NPS_VNOC_X3Y1,VNOC,data_vc,0,5,1
3468000,3468,1,NOC_NPS_VNOC_X3Y0,VNOC,credit,1,-1,1
3468000,3468,1,NOC_NPS_VNOC_X3Y0,VNOC,data_vc,1,5,1
3469000,3469,0,NOC_NPS_VNOC_X3Y1,VNOC,credit,0,-1,1
3469000,3469,0,NOC_NPS_VNOC_X3Y1,VNOC,data_vc,0,5,1
3469000,3469,1,NOC_NPS_VNOC_X3Y0,VNOC,credit,1,-1,1
3469000,3469,1,NOC_NPS_VNOC_X3Y0,VNOC,data_vc,1,5,1
3470000,3470,0,NOC_NPS_VNOC_X3Y1,VNOC,credit,0,-1,1
3470000,3470,0,NOC_NPS_VNOC_X3Y1,VNOC,data_vc,0,5,1
3470000,3470,1,NOC_NPS_VNOC_X3Y0,VNOC,credit,1,-1,1
3470000,3470,1,NOC_NPS_VNOC_X3Y0,VNOC,data_vc,1,5,1
3471000,3471,0,NOC_NPS_VNOC_X3Y1,VNOC,credit,0,-1,1
3471000,3471,0,NOC_NPS_VNOC_X3Y1,VNOC,data_vc,0,5,1
3471000,3471,1,NOC_NPS_VNOC_X3Y0,VNOC,credit,1,-1,1
3471000,3471,1,NOC_NPS_VNOC_X3Y0,VNOC,data_vc,1,5,1
3472000,3472,0,NOC_NPS_VNOC_X3Y1,VNOC,credit,0,-1,1
3472000,3472,0,NOC_NPS_VNOC_X3Y1,VNOC,data_vc,0,5,1
3472000,3472,1,NOC_NPS_VNOC_X3Y0,VNOC,credit,1,-1,1
3472000,3472,1,NOC_NPS_VNOC_X3Y0,VNOC,data_vc,1,5,1
3473000,3473,0,NOC_NPS_VNOC_X3Y1,VNOC,credit,0,-1,1
3473000,3473,0,NOC_NPS_VNOC_X3Y1,VNOC,data_vc,0,5,1
3473000,3473,1,NOC_NPS_VNOC_X3Y0,VNOC,credit,1,-1,1
3473000,3473,1,NOC_NPS_VNOC_X3Y0,VNOC,data_vc,1,5,1
3474000,3474,0,NOC_NPS_VNOC_X3Y1,VNOC,credit,0,-1,1
3474000,3474,0,NOC_NPS_VNOC_X3Y1,VNOC,data_vc,0,5,1
3474000,3474,1,NOC_NPS_VNOC_X3Y0,VNOC,credit,1,-1,1
3474000,3474,1,NOC_NPS_VNOC_X3Y0,VNOC,data_vc,1,5,1
3475000,3475,0,NOC_NPS_VNOC_X3Y1,VNOC,credit,0,-1,1
3475000,3475,0,NOC_NPS_VNOC_X3Y1,VNOC,data_vc,0,5,1
3475000,3475,1,NOC_NPS_VNOC_X3Y0,VNOC,credit,1,-1,1
3475000,3475,1,NOC_NPS_VNOC_X3Y0,VNOC,data_vc,1,5,1
3476000,3476,0,NOC_NPS_VNOC_X3Y1,VNOC,credit,0,-1,1
3476000,3476,0,NOC_NPS_VNOC_X3Y1,VNOC,data_vc,0,5,1
3476000,3476,1,NOC_NPS_VNOC_X3Y0,VNOC,credit,1,-1,1
3476000,3476,1,NOC_NPS_VNOC_X3Y0,VNOC,data_vc,1,5,1
3477000,3477,0,NOC_NPS_VNOC_X3Y1,VNOC,credit,0,-1,1
3477000,3477,0,NOC_NPS_VNOC_X3Y1,VNOC,data_vc,0,5,1
3477000,3477,1,NOC_NPS_VNOC_X3Y0,VNOC,credit,1,-1,1
3477000,3477,1,NOC_NPS_VNOC_X3Y0,VNOC,data_vc,1,5,1
3478000,3478,0,NOC_NPS_VNOC_X3Y1,VNOC,credit,0,-1,1
3478000,3478,0,NOC_NPS_VNOC_X3Y1,VNOC,data_vc,0,5,1
3478000,3478,1,NOC_NPS_VNOC_X3Y0,VNOC,credit,1,-1,1
3478000,3478,1,NOC_NPS_VNOC_X3Y0,VNOC,data_vc,1,5,1
3479000,3479,0,NOC_NPS_VNOC_X3Y1,VNOC,credit,0,-1,1
3479000,3479,0,NOC_NPS_VNOC_X3Y1,VNOC,data_vc,0,5,1
3479000,3479,1,NOC_NPS_VNOC_X3Y0,VNOC,credit,1,-1,1
3479000,3479,1,NOC_NPS_VNOC_X3Y0,VNOC,data_vc,1,5,1
3480000,3480,0,NOC_NPS_VNOC_X3Y1,VNOC,credit,0,-1,1
3480000,3480,0,NOC_NPS_VNOC_X3Y1,VNOC,data_vc,0,5,1
3480000,3480,1,NOC_NPS_VNOC_X3Y0,VNOC,credit,1,-1,1
3480000,3480,1,NOC_NPS_VNOC_X3Y0,VNOC,data_vc,1,5,1
3481000,3481,0,NOC_NPS_VNOC_X3Y1,VNOC,credit,0,-1,1
3481000,3481,0,NOC_NPS_VNOC_X3Y1,VNOC,data_vc,0,5,1
3481000,3481,1,NOC_NPS_VNOC_X3Y0,VNOC,credit,1,-1,1
3481000,3481,1,NOC_NPS_VNOC_X3Y0,VNOC,data_vc,1,5,1
3482000,3482,0,NOC_NPS_VNOC_X3Y1,VNOC,credit,0,-1,1
3482000,3482,0,NOC_NPS_VNOC_X3Y1,VNOC,data_vc,0,5,1
3482000,3482,1,NOC_NPS_VNOC_X3Y0,VNOC,credit,1,-1,1
3482000,3482,1,NOC_NPS_VNOC_X3Y0,VNOC,data_vc,1,5,1
3483000,3483,0,NOC_NPS_VNOC_X3Y1,VNOC,credit,0,-1,1
3483000,3483,0,NOC_NPS_VNOC_X3Y1,VNOC,data_vc,0,5,1
3483000,3483,1,NOC_NPS_VNOC_X3Y0,VNOC,credit,1,-1,1
3483000,3483,1,NOC_NPS_VNOC_X3Y0,VNOC,data_vc,1,5,1
3484000,3484,0,NOC_NPS_VNOC_X3Y1,VNOC,credit,0,-1,1
3484000,3484,0,NOC_NPS_VNOC_X3Y1,VNOC,data_vc,0,5,1
3484000,3484,1,NOC_NPS_VNOC_X3Y0,VNOC,credit,1,-1,1
3484000,3484,1,NOC_NPS_VNOC_X3Y0,VNOC,data_vc,1,5,1
3485000,3485,0,NOC_NPS_VNOC_X3Y1,VNOC,credit,0,-1,1
3485000,3485,0,NOC_NPS_VNOC_X3Y1,VNOC,data_vc,0,5,1
3485000,3485,1,NOC_NPS_VNOC_X3Y0,VNOC,credit,1,-1,1
3485000,3485,1,NOC_NPS_VNOC_X3Y0,VNOC,data_vc,1,5,1
3486000,3486,0,NOC_NPS_VNOC_X3Y1,VNOC,credit,0,-1,1
3486000,3486,0,NOC_NPS_VNOC_X3Y1,VNOC,data_vc,0,5,1
3486000,3486,1,NOC_NPS_VNOC_X3Y0,VNOC,credit,1,-1,1
3486000,3486,1,NOC_NPS_VNOC_X3Y0,VNOC,data_vc,1,5,1
3487000,3487,0,NOC_NPS_VNOC_X3Y1,VNOC,credit,0,-1,1
3487000,3487,0,NOC_NPS_VNOC_X3Y1,VNOC,data_vc,0,5,1
3487000,3487,1,NOC_NPS_VNOC_X3Y0,VNOC,credit,1,-1,1
3487000,3487,1,NOC_NPS_VNOC_X3Y0,VNOC,data_vc,1,5,1
3488000,3488,0,NOC_NPS_VNOC_X3Y1,VNOC,credit,0,-1,1
3488000,3488,0,NOC_NPS_VNOC_X3Y1,VNOC,data_vc,0,5,1
3488000,3488,1,NOC_NPS_VNOC_X3Y0,VNOC,credit,1,-1,1
3488000,3488,1,NOC_NPS_VNOC_X3Y0,VNOC,data_vc,1,5,1
3489000,3489,0,NOC_NPS_VNOC_X3Y1,VNOC,credit,0,-1,1
3489000,3489,0,NOC_NPS_VNOC_X3Y1,VNOC,data_vc,0,5,1
3489000,3489,1,NOC_NPS_VNOC_X3Y0,VNOC,credit,1,-1,1
3489000,3489,1,NOC_NPS_VNOC_X3Y0,VNOC,data_vc,1,5,1
3490000,3490,0,NOC_NPS_VNOC_X3Y1,VNOC,credit,0,-1,1
3490000,3490,0,NOC_NPS_VNOC_X3Y1,VNOC,data_vc,0,5,1
3490000,3490,1,NOC_NPS_VNOC_X3Y0,VNOC,credit,1,-1,1
3490000,3490,1,NOC_NPS_VNOC_X3Y0,VNOC,data_vc,1,5,1
3491000,3491,0,NOC_NPS_VNOC_X3Y1,VNOC,credit,0,-1,1
3491000,3491,0,NOC_NPS_VNOC_X3Y1,VNOC,data_vc,0,5,1
3491000,3491,1,NOC_NPS_VNOC_X3Y0,VNOC,credit,1,-1,1
3491000,3491,1,NOC_NPS_VNOC_X3Y0,VNOC,data_vc,1,5,1
3492000,3492,0,NOC_NPS_VNOC_X3Y1,VNOC,credit,0,-1,1
3492000,3492,0,NOC_NPS_VNOC_X3Y1,VNOC,data_vc,0,5,1
3492000,3492,1,NOC_NPS_VNOC_X3Y0,VNOC,credit,1,-1,1
3492000,3492,1,NOC_NPS_VNOC_X3Y0,VNOC,data_vc,1,5,1
3493000,3493,0,NOC_NPS_VNOC_X3Y1,VNOC,credit,0,-1,1
3493000,3493,0,NOC_NPS_VNOC_X3Y1,VNOC,data_vc,0,5,1
3493000,3493,1,NOC_NPS_VNOC_X3Y0,VNOC,credit,1,-1,1
3493000,3493,1,NOC_NPS_VNOC_X3Y0,VNOC,data_vc,1,5,1
3494000,3494,0,NOC_NPS_VNOC_X3Y1,VNOC,credit,0,-1,1
3494000,3494,0,NOC_NPS_VNOC_X3Y1,VNOC,data_vc,0,5,1
3494000,3494,1,NOC_NPS_VNOC_X3Y0,VNOC,credit,1,-1,1
3494000,3494,1,NOC_NPS_VNOC_X3Y0,VNOC,data_vc,1,5,1
3495000,3495,0,NOC_NPS_VNOC_X3Y1,VNOC,credit,0,-1,1
3495000,3495,0,NOC_NPS_VNOC_X3Y1,VNOC,data_vc,0,5,1
3495000,3495,1,NOC_NPS_VNOC_X3Y0,VNOC,credit,1,-1,1
3495000,3495,1,NOC_NPS_VNOC_X3Y0,VNOC,data_vc,1,5,1
3496000,3496,0,NOC_NPS_VNOC_X3Y1,VNOC,credit,0,-1,1
3496000,3496,0,NOC_NPS_VNOC_X3Y1,VNOC,data_vc,0,5,1
3496000,3496,1,NOC_NPS_VNOC_X3Y0,VNOC,credit,1,-1,1
3496000,3496,1,NOC_NPS_VNOC_X3Y0,VNOC,data_vc,1,5,1
3497000,3497,0,NOC_NPS_VNOC_X3Y1,VNOC,credit,0,-1,1
3497000,3497,0,NOC_NPS_VNOC_X3Y1,VNOC,data_vc,0,5,1
3497000,3497,1,NOC_NPS_VNOC_X3Y0,VNOC,credit,1,-1,1
3497000,3497,1,NOC_NPS_VNOC_X3Y0,VNOC,data_vc,1,5,1
3498000,3498,0,NOC_NPS_VNOC_X3Y1,VNOC,credit,0,-1,1
3498000,3498,0,NOC_NPS_VNOC_X3Y1,VNOC,data_vc,0,5,1
3498000,3498,1,NOC_NPS_VNOC_X3Y0,VNOC,credit,1,-1,1
3498000,3498,1,NOC_NPS_VNOC_X3Y0,VNOC,data_vc,1,5,1
3499000,3499,0,NOC_NPS_VNOC_X3Y1,VNOC,credit,0,-1,1
3499000,3499,0,NOC_NPS_VNOC_X3Y1,VNOC,data_vc,0,5,1
3499000,3499,1,NOC_NPS_VNOC_X3Y0,VNOC,credit,1,-1,1
3499000,3499,1,NOC_NPS_VNOC_X3Y0,VNOC,data_vc,1,5,1
3500000,3500,0,NOC_NPS_VNOC_X3Y1,VNOC,credit,0,-1,1
3500000,3500,0,NOC_NPS_VNOC_X3Y1,VNOC,data_vc,0,5,1
3500000,3500,1,NOC_NPS_VNOC_X3Y0,VNOC,credit,1,-1,1
3500000,3500,1,NOC_NPS_VNOC_X3Y0,VNOC,data_vc,1,5,1
3501000,3501,0,NOC_NPS_VNOC_X3Y1,VNOC,credit,0,-1,1
3501000,3501,0,NOC_NPS_VNOC_X3Y1,VNOC,data_vc,0,5,1
3501000,3501,1,NOC_NPS_VNOC_X3Y0,VNOC,credit,1,-1,1
3501000,3501,1,NOC_NPS_VNOC_X3Y0,VNOC,data_vc,1,5,1
3502000,3502,0,NOC_NPS_VNOC_X3Y1,VNOC,credit,0,-1,1
3502000,3502,0,NOC_NPS_VNOC_X3Y1,VNOC,data_vc,0,5,1
3502000,3502,1,NOC_NPS_VNOC_X3Y0,VNOC,credit,1,-1,1
3502000,3502,1,NOC_NPS_VNOC_X3Y0,VNOC,data_vc,1,5,1
3503000,3503,0,NOC_NPS_VNOC_X3Y1,VNOC,credit,0,-1,1
3503000,3503,0,NOC_NPS_VNOC_X3Y1,VNOC,data_vc,0,5,1
3503000,3503,1,NOC_NPS_VNOC_X3Y0,VNOC,credit,1,-1,1
3503000,3503,1,NOC_NPS_VNOC_X3Y0,VNOC,data_vc,1,5,1
3504000,3504,0,NOC_NPS_VNOC_X3Y1,VNOC,credit,0,-1,1
3504000,3504,0,NOC_NPS_VNOC_X3Y1,VNOC,data_vc,0,5,1
3504000,3504,1,NOC_NPS_VNOC_X3Y0,VNOC,credit,1,-1,1
3504000,3504,1,NOC_NPS_VNOC_X3Y0,VNOC,data_vc,1,5,1
3505000,3505,0,NOC_NPS_VNOC_X3Y1,VNOC,credit,0,-1,1
3505000,3505,0,NOC_NPS_VNOC_X3Y1,VNOC,data_vc,0,5,1
3505000,3505,1,NOC_NPS_VNOC_X3Y0,VNOC,credit,1,-1,1
3505000,3505,1,NOC_NPS_VNOC_X3Y0,VNOC,data_vc,1,5,1
3506000,3506,0,NOC_NPS_VNOC_X3Y1,VNOC,credit,0,-1,1
3506000,3506,0,NOC_NPS_VNOC_X3Y1,VNOC,data_vc,0,5,1
3506000,3506,1,NOC_NPS_VNOC_X3Y0,VNOC,credit,1,-1,1
3506000,3506,1,NOC_NPS_VNOC_X3Y0,VNOC,data_vc,1,5,1
3507000,3507,0,NOC_NPS_VNOC_X3Y1,VNOC,credit,0,-1,1
3507000,3507,0,NOC_NPS_VNOC_X3Y1,VNOC,data_vc,0,5,1
3507000,3507,1,NOC_NPS_VNOC_X3Y0,VNOC,credit,1,-1,1
3507000,3507,1,NOC_NPS_VNOC_X3Y0,VNOC,data_vc,1,5,1
3508000,3508,0,NOC_NPS_VNOC_X3Y1,VNOC,credit,0,-1,1
3508000,3508,0,NOC_NPS_VNOC_X3Y1,VNOC,data_vc,0,5,1
3508000,3508,1,NOC_NPS_VNOC_X3Y0,VNOC,credit,1,-1,1
3508000,3508,1,NOC_NPS_VNOC_X3Y0,VNOC,data_vc,1,5,1
3509000,3509,0,NOC_NPS_VNOC_X3Y1,VNOC,credit,0,-1,1
3509000,3509,0,NOC_NPS_VNOC_X3Y1,VNOC,data_vc,0,5,1
3509000,3509,1,NOC_NPS_VNOC_X3Y0,VNOC,credit,1,-1,1
3509000,3509,1,NOC_NPS_VNOC_X3Y0,VNOC,data_vc,1,5,1
3510000,3510,0,NOC_NPS_VNOC_X3Y1,VNOC,credit,0,-1,1
3510000,3510,0,NOC_NPS_VNOC_X3Y1,VNOC,data_vc,0,5,1
3510000,3510,1,NOC_NPS_VNOC_X3Y0,VNOC,credit,1,-1,1
3510000,3510,1,NOC_NPS_VNOC_X3Y0,VNOC,data_vc,1,5,1
3511000,3511,0,NOC_NPS_VNOC_X3Y1,VNOC,credit,0,-1,1
3511000,3511,0,NOC_NPS_VNOC_X3Y1,VNOC,data_vc,0,5,1
3511000,3511,1,NOC_NPS_VNOC_X3Y0,VNOC,credit,1,-1,1
3511000,3511,1,NOC_NPS_VNOC_X3Y0,VNOC,data_vc,1,5,1
3512000,3512,0,NOC_NPS_VNOC_X3Y1,VNOC,credit,0,-1,1
3512000,3512,0,NOC_NPS_VNOC_X3Y1,VNOC,data_vc,0,5,1
3512000,3512,1,NOC_NPS_VNOC_X3Y0,VNOC,credit,1,-1,1
3512000,3512,1,NOC_NPS_VNOC_X3Y0,VNOC,data_vc,1,5,1
3513000,3513,0,NOC_NPS_VNOC_X3Y1,VNOC,credit,0,-1,1
3513000,3513,0,NOC_NPS_VNOC_X3Y1,VNOC,data_vc,0,5,1
3513000,3513,1,NOC_NPS_VNOC_X3Y0,VNOC,credit,1,-1,1
3513000,3513,1,NOC_NPS_VNOC_X3Y0,VNOC,data_vc,1,5,1
3514000,3514,0,NOC_NPS_VNOC_X3Y1,VNOC,credit,0,-1,1
3514000,3514,0,NOC_NPS_VNOC_X3Y1,VNOC,data_vc,0,5,1
3514000,3514,1,NOC_NPS_VNOC_X3Y0,VNOC,credit,1,-1,1
3514000,3514,1,NOC_NPS_VNOC_X3Y0,VNOC,data_vc,1,5,1
3515000,3515,0,NOC_NPS_VNOC_X3Y1,VNOC,credit,0,-1,1
3515000,3515,0,NOC_NPS_VNOC_X3Y1,VNOC,data_vc,0,5,1
3515000,3515,1,NOC_NPS_VNOC_X3Y0,VNOC,credit,1,-1,1
3515000,3515,1,NOC_NPS_VNOC_X3Y0,VNOC,data_vc,1,5,1
3516000,3516,0,NOC_NPS_VNOC_X3Y1,VNOC,credit,0,-1,1
3516000,3516,0,NOC_NPS_VNOC_X3Y1,VNOC,data_vc,0,5,1
3516000,3516,1,NOC_NPS_VNOC_X3Y0,VNOC,credit,1,-1,1
3516000,3516,1,NOC_NPS_VNOC_X3Y0,VNOC,data_vc,1,5,1
3517000,3517,0,NOC_NPS_VNOC_X3Y1,VNOC,credit,0,-1,1
3517000,3517,0,NOC_NPS_VNOC_X3Y1,VNOC,data_vc,0,5,1
3517000,3517,1,NOC_NPS_VNOC_X3Y0,VNOC,credit,1,-1,1
3517000,3517,1,NOC_NPS_VNOC_X3Y0,VNOC,data_vc,1,5,1
3518000,3518,0,NOC_NPS_VNOC_X3Y1,VNOC,credit,0,-1,1
3518000,3518,0,NOC_NPS_VNOC_X3Y1,VNOC,data_vc,0,5,1
3518000,3518,1,NOC_NPS_VNOC_X3Y0,VNOC,credit,1,-1,1
3518000,3518,1,NOC_NPS_VNOC_X3Y0,VNOC,data_vc,1,5,1
3519000,3519,0,NOC_NPS_VNOC_X3Y1,VNOC,credit,0,-1,1
3519000,3519,0,NOC_NPS_VNOC_X3Y1,VNOC,data_vc,0,5,1
3519000,3519,1,NOC_NPS_VNOC_X3Y0,VNOC,credit,1,-1,1
3519000,3519,1,NOC_NPS_VNOC_X3Y0,VNOC,data_vc,1,5,1
3520000,3520,0,NOC_NPS_VNOC_X3Y1,VNOC,credit,0,-1,1
3520000,3520,0,NOC_NPS_VNOC_X3Y1,VNOC,data_vc,0,5,1
3520000,3520,1,NOC_NPS_VNOC_X3Y0,VNOC,credit,1,-1,1
3520000,3520,1,NOC_NPS_VNOC_X3Y0,VNOC,data_vc,1,5,1
3521000,3521,0,NOC_NPS_VNOC_X3Y1,VNOC,credit,0,-1,1
3521000,3521,0,NOC_NPS_VNOC_X3Y1,VNOC,data_vc,0,5,1
3521000,3521,1,NOC_NPS_VNOC_X3Y0,VNOC,credit,1,-1,1
3521000,3521,1,NOC_NPS_VNOC_X3Y0,VNOC,data_vc,1,5,1
3522000,3522,0,NOC_NPS_VNOC_X3Y1,VNOC,credit,0,-1,1
3522000,3522,0,NOC_NPS_VNOC_X3Y1,VNOC,data_vc,0,5,1
3522000,3522,1,NOC_NPS_VNOC_X3Y0,VNOC,credit,1,-1,1
3522000,3522,1,NOC_NPS_VNOC_X3Y0,VNOC,data_vc,1,5,1
3523000,3523,0,NOC_NPS_VNOC_X3Y1,VNOC,credit,0,-1,1
3523000,3523,0,NOC_NPS_VNOC_X3Y1,VNOC,data_vc,0,5,1
3523000,3523,1,NOC_NPS_VNOC_X3Y0,VNOC,credit,1,-1,1
3523000,3523,1,NOC_NPS_VNOC_X3Y0,VNOC,data_vc,1,5,1
3524000,3524,0,NOC_NPS_VNOC_X3Y1,VNOC,credit,0,-1,1
3524000,3524,0,NOC_NPS_VNOC_X3Y1,VNOC,data_vc,0,5,1
3524000,3524,1,NOC_NPS_VNOC_X3Y0,VNOC,credit,1,-1,1
3524000,3524,1,NOC_NPS_VNOC_X3Y0,VNOC,data_vc,1,5,1
3525000,3525,0,NOC_NPS_VNOC_X3Y1,VNOC,credit,0,-1,1
3525000,3525,0,NOC_NPS_VNOC_X3Y1,VNOC,data_vc,0,5,1
3525000,3525,1,NOC_NPS_VNOC_X3Y0,VNOC,credit,1,-1,1
3525000,3525,1,NOC_NPS_VNOC_X3Y0,VNOC,data_vc,1,5,1
3526000,3526,0,NOC_NPS_VNOC_X3Y1,VNOC,credit,0,-1,1
3526000,3526,0,NOC_NPS_VNOC_X3Y1,VNOC,data_vc,0,5,1
3526000,3526,1,NOC_NPS_VNOC_X3Y0,VNOC,credit,1,-1,1
3526000,3526,1,NOC_NPS_VNOC_X3Y0,VNOC,data_vc,1,5,1
3527000,3527,0,NOC_NPS_VNOC_X3Y1,VNOC,credit,0,-1,1
3527000,3527,0,NOC_NPS_VNOC_X3Y1,VNOC,data_vc,0,5,1
3527000,3527,1,NOC_NPS_VNOC_X3Y0,VNOC,credit,1,-1,1
3527000,3527,1,NOC_NPS_VNOC_X3Y0,VNOC,data_vc,1,5,1
3528000,3528,0,NOC_NPS_VNOC_X3Y1,VNOC,credit,0,-1,1
3528000,3528,0,NOC_NPS_VNOC_X3Y1,VNOC,data_vc,0,5,1
3528000,3528,1,NOC_NPS_VNOC_X3Y0,VNOC,credit,1,-1,1
3528000,3528,1,NOC_NPS_VNOC_X3Y0,VNOC,data_vc,1,5,1
3529000,3529,0,NOC_NPS_VNOC_X3Y1,VNOC,credit,0,-1,1
3529000,3529,0,NOC_NPS_VNOC_X3Y1,VNOC,data_vc,0,5,1
3529000,3529,1,NOC_NPS_VNOC_X3Y0,VNOC,credit,1,-1,1
3529000,3529,1,NOC_NPS_VNOC_X3Y0,VNOC,data_vc,1,5,1
3530000,3530,0,NOC_NPS_VNOC_X3Y1,VNOC,credit,0,-1,1
3530000,3530,0,NOC_NPS_VNOC_X3Y1,VNOC,data_vc,0,5,1
3530000,3530,1,NOC_NPS_VNOC_X3Y0,VNOC,credit,1,-1,1
3530000,3530,1,NOC_NPS_VNOC_X3Y0,VNOC,data_vc,1,5,1
3531000,3531,0,NOC_NPS_VNOC_X3Y1,VNOC,credit,0,-1,1
3531000,3531,0,NOC_NPS_VNOC_X3Y1,VNOC,data_vc,0,5,1
3531000,3531,1,NOC_NPS_VNOC_X3Y0,VNOC,credit,1,-1,1
3531000,3531,1,NOC_NPS_VNOC_X3Y0,VNOC,data_vc,1,5,1
3532000,3532,0,NOC_NPS_VNOC_X3Y1,VNOC,credit,0,-1,1
3532000,3532,0,NOC_NPS_VNOC_X3Y1,VNOC,data_vc,0,5,1
3532000,3532,1,NOC_NPS_VNOC_X3Y0,VNOC,credit,1,-1,1
3532000,3532,1,NOC_NPS_VNOC_X3Y0,VNOC,data_vc,1,5,1
3533000,3533,0,NOC_NPS_VNOC_X3Y1,VNOC,credit,0,-1,1
3533000,3533,0,NOC_NPS_VNOC_X3Y1,VNOC,data_vc,0,5,1
3533000,3533,1,NOC_NPS_VNOC_X3Y0,VNOC,credit,1,-1,1
3533000,3533,1,NOC_NPS_VNOC_X3Y0,VNOC,data_vc,1,5,1
3534000,3534,0,NOC_NPS_VNOC_X3Y1,VNOC,credit,0,-1,1
3534000,3534,0,NOC_NPS_VNOC_X3Y1,VNOC,data_vc,0,5,1
3534000,3534,1,NOC_NPS_VNOC_X3Y0,VNOC,credit,1,-1,1
3534000,3534,1,NOC_NPS_VNOC_X3Y0,VNOC,data_vc,1,5,1
3535000,3535,0,NOC_NPS_VNOC_X3Y1,VNOC,credit,0,-1,1
3535000,3535,0,NOC_NPS_VNOC_X3Y1,VNOC,data_vc,0,5,1
3535000,3535,1,NOC_NPS_VNOC_X3Y0,VNOC,credit,1,-1,1
3535000,3535,1,NOC_NPS_VNOC_X3Y0,VNOC,data_vc,1,5,1
3536000,3536,0,NOC_NPS_VNOC_X3Y1,VNOC,credit,0,-1,1
3536000,3536,0,NOC_NPS_VNOC_X3Y1,VNOC,data_vc,0,5,1
3536000,3536,1,NOC_NPS_VNOC_X3Y0,VNOC,credit,1,-1,1
3536000,3536,1,NOC_NPS_VNOC_X3Y0,VNOC,data_vc,1,5,1
3537000,3537,0,NOC_NPS_VNOC_X3Y1,VNOC,credit,0,-1,1
3537000,3537,0,NOC_NPS_VNOC_X3Y1,VNOC,data_vc,0,5,1
3537000,3537,1,NOC_NPS_VNOC_X3Y0,VNOC,credit,1,-1,1
3537000,3537,1,NOC_NPS_VNOC_X3Y0,VNOC,data_vc,1,5,1
3538000,3538,0,NOC_NPS_VNOC_X3Y1,VNOC,credit,0,-1,1
3538000,3538,0,NOC_NPS_VNOC_X3Y1,VNOC,data_vc,0,5,1
3538000,3538,1,NOC_NPS_VNOC_X3Y0,VNOC,credit,1,-1,1
3538000,3538,1,NOC_NPS_VNOC_X3Y0,VNOC,data_vc,1,5,1
3539000,3539,0,NOC_NPS_VNOC_X3Y1,VNOC,credit,0,-1,1
3539000,3539,0,NOC_NPS_VNOC_X3Y1,VNOC,data_vc,0,5,1
3539000,3539,1,NOC_NPS_VNOC_X3Y0,VNOC,credit,1,-1,1
3539000,3539,1,NOC_NPS_VNOC_X3Y0,VNOC,data_vc,1,5,1
3540000,3540,0,NOC_NPS_VNOC_X3Y1,VNOC,credit,0,-1,1
3540000,3540,0,NOC_NPS_VNOC_X3Y1,VNOC,data_vc,0,5,1
3540000,3540,1,NOC_NPS_VNOC_X3Y0,VNOC,credit,1,-1,1
3540000,3540,1,NOC_NPS_VNOC_X3Y0,VNOC,data_vc,1,5,1
3541000,3541,0,NOC_NPS_VNOC_X3Y1,VNOC,credit,0,-1,1
3541000,3541,0,NOC_NPS_VNOC_X3Y1,VNOC,data_vc,0,5,1
3541000,3541,1,NOC_NPS_VNOC_X3Y0,VNOC,credit,1,-1,1
3541000,3541,1,NOC_NPS_VNOC_X3Y0,VNOC,data_vc,1,5,1
3542000,3542,0,NOC_NPS_VNOC_X3Y1,VNOC,credit,0,-1,1
3542000,3542,0,NOC_NPS_VNOC_X3Y1,VNOC,data_vc,0,5,1
3542000,3542,1,NOC_NPS_VNOC_X3Y0,VNOC,credit,1,-1,1
3542000,3542,1,NOC_NPS_VNOC_X3Y0,VNOC,data_vc,1,5,1
3543000,3543,0,NOC_NPS_VNOC_X3Y1,VNOC,credit,0,-1,1
3543000,3543,0,NOC_NPS_VNOC_X3Y1,VNOC,data_vc,0,5,1
3543000,3543,1,NOC_NPS_VNOC_X3Y0,VNOC,credit,1,-1,1
3543000,3543,1,NOC_NPS_VNOC_X3Y0,VNOC,data_vc,1,5,1
3544000,3544,0,NOC_NPS_VNOC_X3Y1,VNOC,credit,0,-1,1
3544000,3544,0,NOC_NPS_VNOC_X3Y1,VNOC,data_vc,0,5,1
3544000,3544,1,NOC_NPS_VNOC_X3Y0,VNOC,credit,1,-1,1
3544000,3544,1,NOC_NPS_VNOC_X3Y0,VNOC,data_vc,1,5,1
3545000,3545,0,NOC_NPS_VNOC_X3Y1,VNOC,credit,0,-1,1
3545000,3545,0,NOC_NPS_VNOC_X3Y1,VNOC,data_vc,0,5,1
3545000,3545,1,NOC_NPS_VNOC_X3Y0,VNOC,credit,1,-1,1
3545000,3545,1,NOC_NPS_VNOC_X3Y0,VNOC,data_vc,1,5,1
3546000,3546,0,NOC_NPS_VNOC_X3Y1,VNOC,credit,0,-1,1
3546000,3546,0,NOC_NPS_VNOC_X3Y1,VNOC,data_vc,0,5,1
3546000,3546,1,NOC_NPS_VNOC_X3Y0,VNOC,credit,1,-1,1
3546000,3546,1,NOC_NPS_VNOC_X3Y0,VNOC,data_vc,1,5,1
3547000,3547,0,NOC_NPS_VNOC_X3Y1,VNOC,credit,0,-1,1
3547000,3547,0,NOC_NPS_VNOC_X3Y1,VNOC,data_vc,0,5,1
3547000,3547,1,NOC_NPS_VNOC_X3Y0,VNOC,credit,1,-1,1
3547000,3547,1,NOC_NPS_VNOC_X3Y0,VNOC,data_vc,1,5,1
3548000,3548,0,NOC_NPS_VNOC_X3Y1,VNOC,credit,0,-1,1
3548000,3548,0,NOC_NPS_VNOC_X3Y1,VNOC,data_vc,0,5,1
3548000,3548,1,NOC_NPS_VNOC_X3Y0,VNOC,credit,1,-1,1
3548000,3548,1,NOC_NPS_VNOC_X3Y0,VNOC,data_vc,1,5,1
3549000,3549,0,NOC_NPS_VNOC_X3Y1,VNOC,credit,0,-1,1
3549000,3549,0,NOC_NPS_VNOC_X3Y1,VNOC,data_vc,0,5,1
3549000,3549,1,NOC_NPS_VNOC_X3Y0,VNOC,credit,1,-1,1
3549000,3549,1,NOC_NPS_VNOC_X3Y0,VNOC,data_vc,1,5,1
3550000,3550,0,NOC_NPS_VNOC_X3Y1,VNOC,credit,0,-1,1
3550000,3550,0,NOC_NPS_VNOC_X3Y1,VNOC,data_vc,0,5,1
3550000,3550,1,NOC_NPS_VNOC_X3Y0,VNOC,credit,1,-1,1
3550000,3550,1,NOC_NPS_VNOC_X3Y0,VNOC,data_vc,1,5,1
3551000,3551,0,NOC_NPS_VNOC_X3Y1,VNOC,credit,0,-1,1
3551000,3551,0,NOC_NPS_VNOC_X3Y1,VNOC,data_vc,0,5,1
3551000,3551,1,NOC_NPS_VNOC_X3Y0,VNOC,credit,1,-1,1
3551000,3551,1,NOC_NPS_VNOC_X3Y0,VNOC,data_vc,1,5,1
3552000,3552,0,NOC_NPS_VNOC_X3Y1,VNOC,credit,0,-1,1
3552000,3552,0,NOC_NPS_VNOC_X3Y1,VNOC,data_vc,0,5,1
3552000,3552,1,NOC_NPS_VNOC_X3Y0,VNOC,credit,1,-1,1
3552000,3552,1,NOC_NPS_VNOC_X3Y0,VNOC,data_vc,1,5,1
3553000,3553,0,NOC_NPS_VNOC_X3Y1,VNOC,credit,0,-1,1
3553000,3553,0,NOC_NPS_VNOC_X3Y1,VNOC,data_vc,0,5,1
3553000,3553,1,NOC_NPS_VNOC_X3Y0,VNOC,credit,1,-1,1
3553000,3553,1,NOC_NPS_VNOC_X3Y0,VNOC,data_vc,1,5,1
3554000,3554,0,NOC_NPS_VNOC_X3Y1,VNOC,credit,0,-1,1
3554000,3554,0,NOC_NPS_VNOC_X3Y1,VNOC,data_vc,0,5,1
3554000,3554,1,NOC_NPS_VNOC_X3Y0,VNOC,credit,1,-1,1
3554000,3554,1,NOC_NPS_VNOC_X3Y0,VNOC,data_vc,1,5,1
3555000,3555,0,NOC_NPS_VNOC_X3Y1,VNOC,credit,0,-1,1
3555000,3555,0,NOC_NPS_VNOC_X3Y1,VNOC,data_vc,0,5,1
3555000,3555,1,NOC_NPS_VNOC_X3Y0,VNOC,credit,1,-1,1
3555000,3555,1,NOC_NPS_VNOC_X3Y0,VNOC,data_vc,1,5,1
3556000,3556,0,NOC_NPS_VNOC_X3Y1,VNOC,credit,0,-1,1
3556000,3556,0,NOC_NPS_VNOC_X3Y1,VNOC,data_vc,0,5,1
3556000,3556,1,NOC_NPS_VNOC_X3Y0,VNOC,credit,1,-1,1
3556000,3556,1,NOC_NPS_VNOC_X3Y0,VNOC,data_vc,1,5,1
3557000,3557,0,NOC_NPS_VNOC_X3Y1,VNOC,credit,0,-1,1
3557000,3557,0,NOC_NPS_VNOC_X3Y1,VNOC,data_vc,0,5,1
3557000,3557,1,NOC_NPS_VNOC_X3Y0,VNOC,credit,1,-1,1
3557000,3557,1,NOC_NPS_VNOC_X3Y0,VNOC,data_vc,1,5,1
3558000,3558,0,NOC_NPS_VNOC_X3Y1,VNOC,credit,0,-1,1
3558000,3558,0,NOC_NPS_VNOC_X3Y1,VNOC,data_vc,0,5,1
3558000,3558,1,NOC_NPS_VNOC_X3Y0,VNOC,credit,1,-1,1
3558000,3558,1,NOC_NPS_VNOC_X3Y0,VNOC,data_vc,1,5,1
3559000,3559,0,NOC_NPS_VNOC_X3Y1,VNOC,credit,0,-1,1
3559000,3559,0,NOC_NPS_VNOC_X3Y1,VNOC,data_vc,0,5,1
3559000,3559,1,NOC_NPS_VNOC_X3Y0,VNOC,credit,1,-1,1
3559000,3559,1,NOC_NPS_VNOC_X3Y0,VNOC,data_vc,1,5,1
3560000,3560,0,NOC_NPS_VNOC_X3Y1,VNOC,credit,0,-1,1
3560000,3560,0,NOC_NPS_VNOC_X3Y1,VNOC,data_vc,0,5,1
3560000,3560,1,NOC_NPS_VNOC_X3Y0,VNOC,credit,1,-1,1
3560000,3560,1,NOC_NPS_VNOC_X3Y0,VNOC,data_vc,1,5,1
3561000,3561,0,NOC_NPS_VNOC_X3Y1,VNOC,data_vc,0,5,1
3561000,3561,1,NOC_NPS_VNOC_X3Y0,VNOC,credit,1,-1,1
3561000,3561,1,NOC_NPS_VNOC_X3Y0,VNOC,data_vc,1,5,1
3562000,3562,0,NOC_NPS_VNOC_X3Y1,VNOC,data_vc,0,5,1
3562000,3562,1,NOC_NPS_VNOC_X3Y0,VNOC,credit,1,-1,1
3562000,3562,1,NOC_NPS_VNOC_X3Y0,VNOC,data_vc,1,5,1
3563000,3563,0,NOC_NPS_VNOC_X3Y1,VNOC,credit,0,-1,1
3563000,3563,0,NOC_NPS_VNOC_X3Y1,VNOC,data_vc,0,5,1
3563000,3563,1,NOC_NPS_VNOC_X3Y0,VNOC,data_vc,1,5,1
3564000,3564,0,NOC_NPS_VNOC_X3Y1,VNOC,credit,0,-1,1
3564000,3564,0,NOC_NPS_VNOC_X3Y1,VNOC,data_vc,0,5,1
3564000,3564,1,NOC_NPS_VNOC_X3Y0,VNOC,data_vc,1,5,1
3565000,3565,0,NOC_NPS_VNOC_X3Y1,VNOC,credit,0,-1,1
3565000,3565,0,NOC_NPS_VNOC_X3Y1,VNOC,data_vc,0,5,1
3565000,3565,1,NOC_NPS_VNOC_X3Y0,VNOC,credit,1,-1,1
3565000,3565,1,NOC_NPS_VNOC_X3Y0,VNOC,data_vc,1,5,1
3566000,3566,0,NOC_NPS_VNOC_X3Y1,VNOC,credit,0,-1,1
3566000,3566,0,NOC_NPS_VNOC_X3Y1,VNOC,data_vc,0,5,1
3566000,3566,1,NOC_NPS_VNOC_X3Y0,VNOC,credit,1,-1,1
3566000,3566,1,NOC_NPS_VNOC_X3Y0,VNOC,data_vc,1,5,1
3567000,3567,0,NOC_NPS_VNOC_X3Y1,VNOC,credit,0,-1,1
3567000,3567,0,NOC_NPS_VNOC_X3Y1,VNOC,data_vc,0,5,1
3567000,3567,1,NOC_NPS_VNOC_X3Y0,VNOC,credit,1,-1,1
3567000,3567,1,NOC_NPS_VNOC_X3Y0,VNOC,data_vc,1,5,1
3568000,3568,0,NOC_NPS_VNOC_X3Y1,VNOC,credit,0,-1,1
3568000,3568,0,NOC_NPS_VNOC_X3Y1,VNOC,data_vc,0,5,1
3568000,3568,1,NOC_NPS_VNOC_X3Y0,VNOC,credit,1,-1,1
3568000,3568,1,NOC_NPS_VNOC_X3Y0,VNOC,data_vc,1,5,1
3569000,3569,0,NOC_NPS_VNOC_X3Y1,VNOC,credit,0,-1,1
3569000,3569,0,NOC_NPS_VNOC_X3Y1,VNOC,data_vc,0,5,1
3569000,3569,1,NOC_NPS_VNOC_X3Y0,VNOC,credit,1,-1,1
3569000,3569,1,NOC_NPS_VNOC_X3Y0,VNOC,data_vc,1,5,1
3570000,3570,0,NOC_NPS_VNOC_X3Y1,VNOC,credit,0,-1,1
3570000,3570,0,NOC_NPS_VNOC_X3Y1,VNOC,data_vc,0,5,1
3570000,3570,1,NOC_NPS_VNOC_X3Y0,VNOC,credit,1,-1,1
3570000,3570,1,NOC_NPS_VNOC_X3Y0,VNOC,data_vc,1,5,1
3571000,3571,0,NOC_NPS_VNOC_X3Y1,VNOC,credit,0,-1,1
3571000,3571,0,NOC_NPS_VNOC_X3Y1,VNOC,data_vc,0,5,1
3571000,3571,1,NOC_NPS_VNOC_X3Y0,VNOC,credit,1,-1,1
3571000,3571,1,NOC_NPS_VNOC_X3Y0,VNOC,data_vc,1,5,1
3572000,3572,0,NOC_NPS_VNOC_X3Y1,VNOC,credit,0,-1,1
3572000,3572,0,NOC_NPS_VNOC_X3Y1,VNOC,data_vc,0,5,1
3572000,3572,1,NOC_NPS_VNOC_X3Y0,VNOC,credit,1,-1,1
3572000,3572,1,NOC_NPS_VNOC_X3Y0,VNOC,data_vc,1,5,1
3573000,3573,0,NOC_NPS_VNOC_X3Y1,VNOC,credit,0,-1,1
3573000,3573,0,NOC_NPS_VNOC_X3Y1,VNOC,data_vc,0,5,1
3573000,3573,1,NOC_NPS_VNOC_X3Y0,VNOC,credit,1,-1,1
3573000,3573,1,NOC_NPS_VNOC_X3Y0,VNOC,data_vc,1,5,1
3574000,3574,0,NOC_NPS_VNOC_X3Y1,VNOC,credit,0,-1,1
3574000,3574,0,NOC_NPS_VNOC_X3Y1,VNOC,data_vc,0,5,1
3574000,3574,1,NOC_NPS_VNOC_X3Y0,VNOC,credit,1,-1,1
3574000,3574,1,NOC_NPS_VNOC_X3Y0,VNOC,data_vc,1,5,1
3575000,3575,0,NOC_NPS_VNOC_X3Y1,VNOC,credit,0,-1,1
3575000,3575,0,NOC_NPS_VNOC_X3Y1,VNOC,data_vc,0,5,1
3575000,3575,1,NOC_NPS_VNOC_X3Y0,VNOC,credit,1,-1,1
3575000,3575,1,NOC_NPS_VNOC_X3Y0,VNOC,data_vc,1,5,1
3576000,3576,0,NOC_NPS_VNOC_X3Y1,VNOC,credit,0,-1,1
3576000,3576,0,NOC_NPS_VNOC_X3Y1,VNOC,data_vc,0,5,1
3576000,3576,1,NOC_NPS_VNOC_X3Y0,VNOC,credit,1,-1,1
3576000,3576,1,NOC_NPS_VNOC_X3Y0,VNOC,data_vc,1,5,1
3577000,3577,0,NOC_NPS_VNOC_X3Y1,VNOC,credit,0,-1,1
3577000,3577,0,NOC_NPS_VNOC_X3Y1,VNOC,data_vc,0,5,1
3577000,3577,1,NOC_NPS_VNOC_X3Y0,VNOC,credit,1,-1,1
3577000,3577,1,NOC_NPS_VNOC_X3Y0,VNOC,data_vc,1,5,1
3578000,3578,0,NOC_NPS_VNOC_X3Y1,VNOC,credit,0,-1,1
3578000,3578,0,NOC_NPS_VNOC_X3Y1,VNOC,data_vc,0,5,1
3578000,3578,1,NOC_NPS_VNOC_X3Y0,VNOC,credit,1,-1,1
3578000,3578,1,NOC_NPS_VNOC_X3Y0,VNOC,data_vc,1,5,1
3579000,3579,0,NOC_NPS_VNOC_X3Y1,VNOC,data_vc,0,5,1
3579000,3579,1,NOC_NPS_VNOC_X3Y0,VNOC,credit,1,-1,1
3579000,3579,1,NOC_NPS_VNOC_X3Y0,VNOC,data_vc,1,5,1
3580000,3580,0,NOC_NPS_VNOC_X3Y1,VNOC,data_vc,0,5,1
3580000,3580,1,NOC_NPS_VNOC_X3Y0,VNOC,credit,1,-1,1
3580000,3580,1,NOC_NPS_VNOC_X3Y0,VNOC,data_vc,1,5,1
3581000,3581,0,NOC_NPS_VNOC_X3Y1,VNOC,credit,0,-1,1
3581000,3581,0,NOC_NPS_VNOC_X3Y1,VNOC,data_vc,0,5,1
3581000,3581,1,NOC_NPS_VNOC_X3Y0,VNOC,data_vc,1,5,1
3582000,3582,0,NOC_NPS_VNOC_X3Y1,VNOC,credit,0,-1,1
3582000,3582,0,NOC_NPS_VNOC_X3Y1,VNOC,data_vc,0,5,1
3582000,3582,1,NOC_NPS_VNOC_X3Y0,VNOC,data_vc,1,5,1
3583000,3583,0,NOC_NPS_VNOC_X3Y1,VNOC,credit,0,-1,1
3583000,3583,0,NOC_NPS_VNOC_X3Y1,VNOC,data_vc,0,5,1
3583000,3583,1,NOC_NPS_VNOC_X3Y0,VNOC,credit,1,-1,1
3583000,3583,1,NOC_NPS_VNOC_X3Y0,VNOC,data_vc,1,5,1
3584000,3584,0,NOC_NPS_VNOC_X3Y1,VNOC,credit,0,-1,1
3584000,3584,0,NOC_NPS_VNOC_X3Y1,VNOC,data_vc,0,5,1
3584000,3584,1,NOC_NPS_VNOC_X3Y0,VNOC,credit,1,-1,1
3584000,3584,1,NOC_NPS_VNOC_X3Y0,VNOC,data_vc,1,5,1
3585000,3585,0,NOC_NPS_VNOC_X3Y1,VNOC,credit,0,-1,1
3585000,3585,0,NOC_NPS_VNOC_X3Y1,VNOC,data_vc,0,5,1
3585000,3585,1,NOC_NPS_VNOC_X3Y0,VNOC,credit,1,-1,1
3585000,3585,1,NOC_NPS_VNOC_X3Y0,VNOC,data_vc,1,5,1
3586000,3586,0,NOC_NPS_VNOC_X3Y1,VNOC,credit,0,-1,1
3586000,3586,0,NOC_NPS_VNOC_X3Y1,VNOC,data_vc,0,5,1
3586000,3586,1,NOC_NPS_VNOC_X3Y0,VNOC,credit,1,-1,1
3586000,3586,1,NOC_NPS_VNOC_X3Y0,VNOC,data_vc,1,5,1
3587000,3587,0,NOC_NPS_VNOC_X3Y1,VNOC,credit,0,-1,1
3587000,3587,0,NOC_NPS_VNOC_X3Y1,VNOC,data_vc,0,5,1
3587000,3587,1,NOC_NPS_VNOC_X3Y0,VNOC,credit,1,-1,1
3587000,3587,1,NOC_NPS_VNOC_X3Y0,VNOC,data_vc,1,5,1
3588000,3588,0,NOC_NPS_VNOC_X3Y1,VNOC,credit,0,-1,1
3588000,3588,0,NOC_NPS_VNOC_X3Y1,VNOC,data_vc,0,5,1
3588000,3588,1,NOC_NPS_VNOC_X3Y0,VNOC,credit,1,-1,1
3588000,3588,1,NOC_NPS_VNOC_X3Y0,VNOC,data_vc,1,5,1
3589000,3589,0,NOC_NPS_VNOC_X3Y1,VNOC,credit,0,-1,1
3589000,3589,0,NOC_NPS_VNOC_X3Y1,VNOC,data_vc,0,5,1
3589000,3589,1,NOC_NPS_VNOC_X3Y0,VNOC,credit,1,-1,1
3589000,3589,1,NOC_NPS_VNOC_X3Y0,VNOC,data_vc,1,5,1
3590000,3590,0,NOC_NPS_VNOC_X3Y1,VNOC,credit,0,-1,1
3590000,3590,0,NOC_NPS_VNOC_X3Y1,VNOC,data_vc,0,5,1
3590000,3590,1,NOC_NPS_VNOC_X3Y0,VNOC,credit,1,-1,1
3590000,3590,1,NOC_NPS_VNOC_X3Y0,VNOC,data_vc,1,5,1
3591000,3591,0,NOC_NPS_VNOC_X3Y1,VNOC,credit,0,-1,1
3591000,3591,0,NOC_NPS_VNOC_X3Y1,VNOC,data_vc,0,5,1
3591000,3591,1,NOC_NPS_VNOC_X3Y0,VNOC,credit,1,-1,1
3591000,3591,1,NOC_NPS_VNOC_X3Y0,VNOC,data_vc,1,5,1
3592000,3592,0,NOC_NPS_VNOC_X3Y1,VNOC,credit,0,-1,1
3592000,3592,0,NOC_NPS_VNOC_X3Y1,VNOC,data_vc,0,5,1
3592000,3592,1,NOC_NPS_VNOC_X3Y0,VNOC,credit,1,-1,1
3592000,3592,1,NOC_NPS_VNOC_X3Y0,VNOC,data_vc,1,5,1
3593000,3593,0,NOC_NPS_VNOC_X3Y1,VNOC,credit,0,-1,1
3593000,3593,0,NOC_NPS_VNOC_X3Y1,VNOC,data_vc,0,5,1
3593000,3593,1,NOC_NPS_VNOC_X3Y0,VNOC,credit,1,-1,1
3593000,3593,1,NOC_NPS_VNOC_X3Y0,VNOC,data_vc,1,5,1
3594000,3594,0,NOC_NPS_VNOC_X3Y1,VNOC,credit,0,-1,1
3594000,3594,0,NOC_NPS_VNOC_X3Y1,VNOC,data_vc,0,5,1
3594000,3594,1,NOC_NPS_VNOC_X3Y0,VNOC,credit,1,-1,1
3594000,3594,1,NOC_NPS_VNOC_X3Y0,VNOC,data_vc,1,5,1
3595000,3595,0,NOC_NPS_VNOC_X3Y1,VNOC,credit,0,-1,1
3595000,3595,0,NOC_NPS_VNOC_X3Y1,VNOC,data_vc,0,5,1
3595000,3595,1,NOC_NPS_VNOC_X3Y0,VNOC,credit,1,-1,1
3595000,3595,1,NOC_NPS_VNOC_X3Y0,VNOC,data_vc,1,5,1
3596000,3596,0,NOC_NPS_VNOC_X3Y1,VNOC,credit,0,-1,1
3596000,3596,0,NOC_NPS_VNOC_X3Y1,VNOC,data_vc,0,5,1
3596000,3596,1,NOC_NPS_VNOC_X3Y0,VNOC,credit,1,-1,1
3596000,3596,1,NOC_NPS_VNOC_X3Y0,VNOC,data_vc,1,5,1
3597000,3597,0,NOC_NPS_VNOC_X3Y1,VNOC,credit,0,-1,1
3597000,3597,0,NOC_NPS_VNOC_X3Y1,VNOC,data_vc,0,5,1
3597000,3597,1,NOC_NPS_VNOC_X3Y0,VNOC,credit,1,-1,1
3597000,3597,1,NOC_NPS_VNOC_X3Y0,VNOC,data_vc,1,5,1
3598000,3598,0,NOC_NPS_VNOC_X3Y1,VNOC,credit,0,-1,1
3598000,3598,0,NOC_NPS_VNOC_X3Y1,VNOC,data_vc,0,5,1
3598000,3598,1,NOC_NPS_VNOC_X3Y0,VNOC,credit,1,-1,1
3598000,3598,1,NOC_NPS_VNOC_X3Y0,VNOC,data_vc,1,5,1
3599000,3599,0,NOC_NPS_VNOC_X3Y1,VNOC,credit,0,-1,1
3599000,3599,0,NOC_NPS_VNOC_X3Y1,VNOC,data_vc,0,5,1
3599000,3599,1,NOC_NPS_VNOC_X3Y0,VNOC,credit,1,-1,1
3599000,3599,1,NOC_NPS_VNOC_X3Y0,VNOC,data_vc,1,5,1
3600000,3600,0,NOC_NPS_VNOC_X3Y1,VNOC,credit,0,-1,1
3600000,3600,0,NOC_NPS_VNOC_X3Y1,VNOC,data_vc,0,5,1
3600000,3600,1,NOC_NPS_VNOC_X3Y0,VNOC,credit,1,-1,1
3600000,3600,1,NOC_NPS_VNOC_X3Y0,VNOC,data_vc,1,5,1
3601000,3601,0,NOC_NPS_VNOC_X3Y1,VNOC,credit,0,-1,1
3601000,3601,0,NOC_NPS_VNOC_X3Y1,VNOC,data_vc,0,5,1
3601000,3601,1,NOC_NPS_VNOC_X3Y0,VNOC,credit,1,-1,1
3601000,3601,1,NOC_NPS_VNOC_X3Y0,VNOC,data_vc,1,5,1
3602000,3602,0,NOC_NPS_VNOC_X3Y1,VNOC,credit,0,-1,1
3602000,3602,0,NOC_NPS_VNOC_X3Y1,VNOC,data_vc,0,5,1
3602000,3602,1,NOC_NPS_VNOC_X3Y0,VNOC,credit,1,-1,1
3602000,3602,1,NOC_NPS_VNOC_X3Y0,VNOC,data_vc,1,5,1
3603000,3603,0,NOC_NPS_VNOC_X3Y1,VNOC,credit,0,-1,1
3603000,3603,0,NOC_NPS_VNOC_X3Y1,VNOC,data_vc,0,5,1
3603000,3603,1,NOC_NPS_VNOC_X3Y0,VNOC,credit,1,-1,1
3603000,3603,1,NOC_NPS_VNOC_X3Y0,VNOC,data_vc,1,5,1
3604000,3604,0,NOC_NPS_VNOC_X3Y1,VNOC,credit,0,-1,1
3604000,3604,0,NOC_NPS_VNOC_X3Y1,VNOC,data_vc,0,5,1
3604000,3604,1,NOC_NPS_VNOC_X3Y0,VNOC,credit,1,-1,1
3604000,3604,1,NOC_NPS_VNOC_X3Y0,VNOC,data_vc,1,5,1
3605000,3605,0,NOC_NPS_VNOC_X3Y1,VNOC,credit,0,-1,1
3605000,3605,0,NOC_NPS_VNOC_X3Y1,VNOC,data_vc,0,5,1
3605000,3605,1,NOC_NPS_VNOC_X3Y0,VNOC,credit,1,-1,1
3605000,3605,1,NOC_NPS_VNOC_X3Y0,VNOC,data_vc,1,5,1
3606000,3606,0,NOC_NPS_VNOC_X3Y1,VNOC,credit,0,-1,1
3606000,3606,0,NOC_NPS_VNOC_X3Y1,VNOC,data_vc,0,5,1
3606000,3606,1,NOC_NPS_VNOC_X3Y0,VNOC,credit,1,-1,1
3606000,3606,1,NOC_NPS_VNOC_X3Y0,VNOC,data_vc,1,5,1
3607000,3607,0,NOC_NPS_VNOC_X3Y1,VNOC,credit,0,-1,1
3607000,3607,0,NOC_NPS_VNOC_X3Y1,VNOC,data_vc,0,5,1
3607000,3607,1,NOC_NPS_VNOC_X3Y0,VNOC,credit,1,-1,1
3607000,3607,1,NOC_NPS_VNOC_X3Y0,VNOC,data_vc,1,5,1
3608000,3608,0,NOC_NPS_VNOC_X3Y1,VNOC,credit,0,-1,1
3608000,3608,0,NOC_NPS_VNOC_X3Y1,VNOC,data_vc,0,5,1
3608000,3608,1,NOC_NPS_VNOC_X3Y0,VNOC,credit,1,-1,1
3608000,3608,1,NOC_NPS_VNOC_X3Y0,VNOC,data_vc,1,5,1
3609000,3609,0,NOC_NPS_VNOC_X3Y1,VNOC,credit,0,-1,1
3609000,3609,0,NOC_NPS_VNOC_X3Y1,VNOC,data_vc,0,5,1
3609000,3609,1,NOC_NPS_VNOC_X3Y0,VNOC,credit,1,-1,1
3609000,3609,1,NOC_NPS_VNOC_X3Y0,VNOC,data_vc,1,5,1
3610000,3610,0,NOC_NPS_VNOC_X3Y1,VNOC,credit,0,-1,1
3610000,3610,0,NOC_NPS_VNOC_X3Y1,VNOC,data_vc,0,5,1
3610000,3610,1,NOC_NPS_VNOC_X3Y0,VNOC,credit,1,-1,1
3610000,3610,1,NOC_NPS_VNOC_X3Y0,VNOC,data_vc,1,5,1
3611000,3611,0,NOC_NPS_VNOC_X3Y1,VNOC,credit,0,-1,1
3611000,3611,0,NOC_NPS_VNOC_X3Y1,VNOC,data_vc,0,5,1
3611000,3611,1,NOC_NPS_VNOC_X3Y0,VNOC,credit,1,-1,1
3611000,3611,1,NOC_NPS_VNOC_X3Y0,VNOC,data_vc,1,5,1
3612000,3612,0,NOC_NPS_VNOC_X3Y1,VNOC,credit,0,-1,1
3612000,3612,0,NOC_NPS_VNOC_X3Y1,VNOC,data_vc,0,5,1
3612000,3612,1,NOC_NPS_VNOC_X3Y0,VNOC,credit,1,-1,1
3612000,3612,1,NOC_NPS_VNOC_X3Y0,VNOC,data_vc,1,5,1
3613000,3613,0,NOC_NPS_VNOC_X3Y1,VNOC,credit,0,-1,1
3613000,3613,0,NOC_NPS_VNOC_X3Y1,VNOC,data_vc,0,5,1
3613000,3613,1,NOC_NPS_VNOC_X3Y0,VNOC,credit,1,-1,1
3613000,3613,1,NOC_NPS_VNOC_X3Y0,VNOC,data_vc,1,5,1
3614000,3614,0,NOC_NPS_VNOC_X3Y1,VNOC,credit,0,-1,1
3614000,3614,0,NOC_NPS_VNOC_X3Y1,VNOC,data_vc,0,5,1
3614000,3614,1,NOC_NPS_VNOC_X3Y0,VNOC,credit,1,-1,1
3614000,3614,1,NOC_NPS_VNOC_X3Y0,VNOC,data_vc,1,5,1
3615000,3615,0,NOC_NPS_VNOC_X3Y1,VNOC,credit,0,-1,1
3615000,3615,0,NOC_NPS_VNOC_X3Y1,VNOC,data_vc,0,5,1
3615000,3615,1,NOC_NPS_VNOC_X3Y0,VNOC,credit,1,-1,1
3615000,3615,1,NOC_NPS_VNOC_X3Y0,VNOC,data_vc,1,5,1
3616000,3616,0,NOC_NPS_VNOC_X3Y1,VNOC,credit,0,-1,1
3616000,3616,0,NOC_NPS_VNOC_X3Y1,VNOC,data_vc,0,5,1
3616000,3616,1,NOC_NPS_VNOC_X3Y0,VNOC,credit,1,-1,1
3616000,3616,1,NOC_NPS_VNOC_X3Y0,VNOC,data_vc,1,5,1
3617000,3617,0,NOC_NPS_VNOC_X3Y1,VNOC,credit,0,-1,1
3617000,3617,0,NOC_NPS_VNOC_X3Y1,VNOC,data_vc,0,5,1
3617000,3617,1,NOC_NPS_VNOC_X3Y0,VNOC,credit,1,-1,1
3617000,3617,1,NOC_NPS_VNOC_X3Y0,VNOC,data_vc,1,5,1
3618000,3618,0,NOC_NPS_VNOC_X3Y1,VNOC,credit,0,-1,1
3618000,3618,0,NOC_NPS_VNOC_X3Y1,VNOC,data_vc,0,5,1
3618000,3618,1,NOC_NPS_VNOC_X3Y0,VNOC,credit,1,-1,1
3618000,3618,1,NOC_NPS_VNOC_X3Y0,VNOC,data_vc,1,5,1
3619000,3619,0,NOC_NPS_VNOC_X3Y1,VNOC,credit,0,-1,1
3619000,3619,0,NOC_NPS_VNOC_X3Y1,VNOC,data_vc,0,5,1
3619000,3619,1,NOC_NPS_VNOC_X3Y0,VNOC,credit,1,-1,1
3619000,3619,1,NOC_NPS_VNOC_X3Y0,VNOC,data_vc,1,5,1
3620000,3620,0,NOC_NPS_VNOC_X3Y1,VNOC,credit,0,-1,1
3620000,3620,0,NOC_NPS_VNOC_X3Y1,VNOC,data_vc,0,5,1
3620000,3620,1,NOC_NPS_VNOC_X3Y0,VNOC,credit,1,-1,1
3620000,3620,1,NOC_NPS_VNOC_X3Y0,VNOC,data_vc,1,5,1
3621000,3621,0,NOC_NPS_VNOC_X3Y1,VNOC,credit,0,-1,1
3621000,3621,0,NOC_NPS_VNOC_X3Y1,VNOC,data_vc,0,5,1
3621000,3621,1,NOC_NPS_VNOC_X3Y0,VNOC,credit,1,-1,1
3621000,3621,1,NOC_NPS_VNOC_X3Y0,VNOC,data_vc,1,5,1
3622000,3622,0,NOC_NPS_VNOC_X3Y1,VNOC,credit,0,-1,1
3622000,3622,0,NOC_NPS_VNOC_X3Y1,VNOC,data_vc,0,5,1
3622000,3622,1,NOC_NPS_VNOC_X3Y0,VNOC,credit,1,-1,1
3622000,3622,1,NOC_NPS_VNOC_X3Y0,VNOC,data_vc,1,5,1
3623000,3623,0,NOC_NPS_VNOC_X3Y1,VNOC,data_vc,0,5,1
3623000,3623,1,NOC_NPS_VNOC_X3Y0,VNOC,credit,1,-1,1
3623000,3623,1,NOC_NPS_VNOC_X3Y0,VNOC,data_vc,1,5,1
3624000,3624,0,NOC_NPS_VNOC_X3Y1,VNOC,data_vc,0,5,1
3624000,3624,1,NOC_NPS_VNOC_X3Y0,VNOC,credit,1,-1,1
3624000,3624,1,NOC_NPS_VNOC_X3Y0,VNOC,data_vc,1,5,1
3625000,3625,0,NOC_NPS_VNOC_X3Y1,VNOC,credit,0,-1,1
3625000,3625,0,NOC_NPS_VNOC_X3Y1,VNOC,data_vc,0,5,1
3625000,3625,1,NOC_NPS_VNOC_X3Y0,VNOC,data_vc,1,5,1
3626000,3626,0,NOC_NPS_VNOC_X3Y1,VNOC,credit,0,-1,1
3626000,3626,0,NOC_NPS_VNOC_X3Y1,VNOC,data_vc,0,5,1
3626000,3626,1,NOC_NPS_VNOC_X3Y0,VNOC,data_vc,1,5,1
3627000,3627,0,NOC_NPS_VNOC_X3Y1,VNOC,credit,0,-1,1
3627000,3627,0,NOC_NPS_VNOC_X3Y1,VNOC,data_vc,0,5,1
3627000,3627,1,NOC_NPS_VNOC_X3Y0,VNOC,credit,1,-1,1
3627000,3627,1,NOC_NPS_VNOC_X3Y0,VNOC,data_vc,1,5,1
3628000,3628,0,NOC_NPS_VNOC_X3Y1,VNOC,credit,0,-1,1
3628000,3628,0,NOC_NPS_VNOC_X3Y1,VNOC,data_vc,0,5,1
3628000,3628,1,NOC_NPS_VNOC_X3Y0,VNOC,credit,1,-1,1
3628000,3628,1,NOC_NPS_VNOC_X3Y0,VNOC,data_vc,1,5,1
3629000,3629,0,NOC_NPS_VNOC_X3Y1,VNOC,credit,0,-1,1
3629000,3629,0,NOC_NPS_VNOC_X3Y1,VNOC,data_vc,0,5,1
3629000,3629,1,NOC_NPS_VNOC_X3Y0,VNOC,credit,1,-1,1
3629000,3629,1,NOC_NPS_VNOC_X3Y0,VNOC,data_vc,1,5,1
3630000,3630,0,NOC_NPS_VNOC_X3Y1,VNOC,credit,0,-1,1
3630000,3630,0,NOC_NPS_VNOC_X3Y1,VNOC,data_vc,0,5,1
3630000,3630,1,NOC_NPS_VNOC_X3Y0,VNOC,credit,1,-1,1
3630000,3630,1,NOC_NPS_VNOC_X3Y0,VNOC,data_vc,1,5,1
3631000,3631,0,NOC_NPS_VNOC_X3Y1,VNOC,credit,0,-1,1
3631000,3631,0,NOC_NPS_VNOC_X3Y1,VNOC,data_vc,0,5,1
3631000,3631,1,NOC_NPS_VNOC_X3Y0,VNOC,credit,1,-1,1
3631000,3631,1,NOC_NPS_VNOC_X3Y0,VNOC,data_vc,1,5,1
3632000,3632,0,NOC_NPS_VNOC_X3Y1,VNOC,credit,0,-1,1
3632000,3632,0,NOC_NPS_VNOC_X3Y1,VNOC,data_vc,0,5,1
3632000,3632,1,NOC_NPS_VNOC_X3Y0,VNOC,credit,1,-1,1
3632000,3632,1,NOC_NPS_VNOC_X3Y0,VNOC,data_vc,1,5,1
3633000,3633,0,NOC_NPS_VNOC_X3Y1,VNOC,credit,0,-1,1
3633000,3633,0,NOC_NPS_VNOC_X3Y1,VNOC,data_vc,0,5,1
3633000,3633,1,NOC_NPS_VNOC_X3Y0,VNOC,credit,1,-1,1
3633000,3633,1,NOC_NPS_VNOC_X3Y0,VNOC,data_vc,1,5,1
3634000,3634,0,NOC_NPS_VNOC_X3Y1,VNOC,credit,0,-1,1
3634000,3634,0,NOC_NPS_VNOC_X3Y1,VNOC,data_vc,0,5,1
3634000,3634,1,NOC_NPS_VNOC_X3Y0,VNOC,credit,1,-1,1
3634000,3634,1,NOC_NPS_VNOC_X3Y0,VNOC,data_vc,1,5,1
3635000,3635,0,NOC_NPS_VNOC_X3Y1,VNOC,credit,0,-1,1
3635000,3635,0,NOC_NPS_VNOC_X3Y1,VNOC,data_vc,0,5,1
3635000,3635,1,NOC_NPS_VNOC_X3Y0,VNOC,credit,1,-1,1
3635000,3635,1,NOC_NPS_VNOC_X3Y0,VNOC,data_vc,1,5,1
3636000,3636,0,NOC_NPS_VNOC_X3Y1,VNOC,credit,0,-1,1
3636000,3636,0,NOC_NPS_VNOC_X3Y1,VNOC,data_vc,0,5,1
3636000,3636,1,NOC_NPS_VNOC_X3Y0,VNOC,credit,1,-1,1
3636000,3636,1,NOC_NPS_VNOC_X3Y0,VNOC,data_vc,1,5,1
3637000,3637,0,NOC_NPS_VNOC_X3Y1,VNOC,credit,0,-1,1
3637000,3637,0,NOC_NPS_VNOC_X3Y1,VNOC,data_vc,0,5,1
3637000,3637,1,NOC_NPS_VNOC_X3Y0,VNOC,credit,1,-1,1
3637000,3637,1,NOC_NPS_VNOC_X3Y0,VNOC,data_vc,1,5,1
3638000,3638,0,NOC_NPS_VNOC_X3Y1,VNOC,credit,0,-1,1
3638000,3638,0,NOC_NPS_VNOC_X3Y1,VNOC,data_vc,0,5,1
3638000,3638,1,NOC_NPS_VNOC_X3Y0,VNOC,credit,1,-1,1
3638000,3638,1,NOC_NPS_VNOC_X3Y0,VNOC,data_vc,1,5,1
3639000,3639,0,NOC_NPS_VNOC_X3Y1,VNOC,credit,0,-1,1
3639000,3639,0,NOC_NPS_VNOC_X3Y1,VNOC,data_vc,0,5,1
3639000,3639,1,NOC_NPS_VNOC_X3Y0,VNOC,credit,1,-1,1
3639000,3639,1,NOC_NPS_VNOC_X3Y0,VNOC,data_vc,1,5,1
3640000,3640,0,NOC_NPS_VNOC_X3Y1,VNOC,credit,0,-1,1
3640000,3640,0,NOC_NPS_VNOC_X3Y1,VNOC,data_vc,0,5,1
3640000,3640,1,NOC_NPS_VNOC_X3Y0,VNOC,credit,1,-1,1
3640000,3640,1,NOC_NPS_VNOC_X3Y0,VNOC,data_vc,1,5,1
3641000,3641,0,NOC_NPS_VNOC_X3Y1,VNOC,credit,0,-1,1
3641000,3641,0,NOC_NPS_VNOC_X3Y1,VNOC,data_vc,0,5,1
3641000,3641,1,NOC_NPS_VNOC_X3Y0,VNOC,credit,1,-1,1
3641000,3641,1,NOC_NPS_VNOC_X3Y0,VNOC,data_vc,1,5,1
3642000,3642,0,NOC_NPS_VNOC_X3Y1,VNOC,credit,0,-1,1
3642000,3642,0,NOC_NPS_VNOC_X3Y1,VNOC,data_vc,0,5,1
3642000,3642,1,NOC_NPS_VNOC_X3Y0,VNOC,credit,1,-1,1
3642000,3642,1,NOC_NPS_VNOC_X3Y0,VNOC,data_vc,1,5,1
3643000,3643,0,NOC_NPS_VNOC_X3Y1,VNOC,credit,0,-1,1
3643000,3643,0,NOC_NPS_VNOC_X3Y1,VNOC,data_vc,0,5,1
3643000,3643,1,NOC_NPS_VNOC_X3Y0,VNOC,credit,1,-1,1
3643000,3643,1,NOC_NPS_VNOC_X3Y0,VNOC,data_vc,1,5,1
3644000,3644,0,NOC_NPS_VNOC_X3Y1,VNOC,credit,0,-1,1
3644000,3644,0,NOC_NPS_VNOC_X3Y1,VNOC,data_vc,0,5,1
3644000,3644,1,NOC_NPS_VNOC_X3Y0,VNOC,credit,1,-1,1
3644000,3644,1,NOC_NPS_VNOC_X3Y0,VNOC,data_vc,1,5,1
3645000,3645,0,NOC_NPS_VNOC_X3Y1,VNOC,credit,0,-1,1
3645000,3645,0,NOC_NPS_VNOC_X3Y1,VNOC,data_vc,0,5,1
3645000,3645,1,NOC_NPS_VNOC_X3Y0,VNOC,credit,1,-1,1
3645000,3645,1,NOC_NPS_VNOC_X3Y0,VNOC,data_vc,1,5,1
3646000,3646,0,NOC_NPS_VNOC_X3Y1,VNOC,credit,0,-1,1
3646000,3646,0,NOC_NPS_VNOC_X3Y1,VNOC,data_vc,0,5,1
3646000,3646,1,NOC_NPS_VNOC_X3Y0,VNOC,credit,1,-1,1
3646000,3646,1,NOC_NPS_VNOC_X3Y0,VNOC,data_vc,1,5,1
3647000,3647,0,NOC_NPS_VNOC_X3Y1,VNOC,credit,0,-1,1
3647000,3647,0,NOC_NPS_VNOC_X3Y1,VNOC,data_vc,0,5,1
3647000,3647,1,NOC_NPS_VNOC_X3Y0,VNOC,credit,1,-1,1
3647000,3647,1,NOC_NPS_VNOC_X3Y0,VNOC,data_vc,1,5,1
3648000,3648,0,NOC_NPS_VNOC_X3Y1,VNOC,credit,0,-1,1
3648000,3648,0,NOC_NPS_VNOC_X3Y1,VNOC,data_vc,0,5,1
3648000,3648,1,NOC_NPS_VNOC_X3Y0,VNOC,credit,1,-1,1
3648000,3648,1,NOC_NPS_VNOC_X3Y0,VNOC,data_vc,1,5,1
3649000,3649,0,NOC_NPS_VNOC_X3Y1,VNOC,credit,0,-1,1
3649000,3649,0,NOC_NPS_VNOC_X3Y1,VNOC,data_vc,0,5,1
3649000,3649,1,NOC_NPS_VNOC_X3Y0,VNOC,credit,1,-1,1
3649000,3649,1,NOC_NPS_VNOC_X3Y0,VNOC,data_vc,1,5,1
3650000,3650,0,NOC_NPS_VNOC_X3Y1,VNOC,credit,0,-1,1
3650000,3650,0,NOC_NPS_VNOC_X3Y1,VNOC,data_vc,0,5,1
3650000,3650,1,NOC_NPS_VNOC_X3Y0,VNOC,credit,1,-1,1
3650000,3650,1,NOC_NPS_VNOC_X3Y0,VNOC,data_vc,1,5,1
3651000,3651,0,NOC_NPS_VNOC_X3Y1,VNOC,credit,0,-1,1
3651000,3651,0,NOC_NPS_VNOC_X3Y1,VNOC,data_vc,0,5,1
3651000,3651,1,NOC_NPS_VNOC_X3Y0,VNOC,credit,1,-1,1
3651000,3651,1,NOC_NPS_VNOC_X3Y0,VNOC,data_vc,1,5,1
3652000,3652,0,NOC_NPS_VNOC_X3Y1,VNOC,credit,0,-1,1
3652000,3652,0,NOC_NPS_VNOC_X3Y1,VNOC,data_vc,0,5,1
3652000,3652,1,NOC_NPS_VNOC_X3Y0,VNOC,credit,1,-1,1
3652000,3652,1,NOC_NPS_VNOC_X3Y0,VNOC,data_vc,1,5,1
3653000,3653,0,NOC_NPS_VNOC_X3Y1,VNOC,credit,0,-1,1
3653000,3653,0,NOC_NPS_VNOC_X3Y1,VNOC,data_vc,0,5,1
3653000,3653,1,NOC_NPS_VNOC_X3Y0,VNOC,credit,1,-1,1
3653000,3653,1,NOC_NPS_VNOC_X3Y0,VNOC,data_vc,1,5,1
3654000,3654,0,NOC_NPS_VNOC_X3Y1,VNOC,credit,0,-1,1
3654000,3654,0,NOC_NPS_VNOC_X3Y1,VNOC,data_vc,0,5,1
3654000,3654,1,NOC_NPS_VNOC_X3Y0,VNOC,credit,1,-1,1
3654000,3654,1,NOC_NPS_VNOC_X3Y0,VNOC,data_vc,1,5,1
3655000,3655,0,NOC_NPS_VNOC_X3Y1,VNOC,credit,0,-1,1
3655000,3655,0,NOC_NPS_VNOC_X3Y1,VNOC,data_vc,0,5,1
3655000,3655,1,NOC_NPS_VNOC_X3Y0,VNOC,credit,1,-1,1
3655000,3655,1,NOC_NPS_VNOC_X3Y0,VNOC,data_vc,1,5,1
3656000,3656,0,NOC_NPS_VNOC_X3Y1,VNOC,credit,0,-1,1
3656000,3656,0,NOC_NPS_VNOC_X3Y1,VNOC,data_vc,0,5,1
3656000,3656,1,NOC_NPS_VNOC_X3Y0,VNOC,credit,1,-1,1
3656000,3656,1,NOC_NPS_VNOC_X3Y0,VNOC,data_vc,1,5,1
3657000,3657,0,NOC_NPS_VNOC_X3Y1,VNOC,credit,0,-1,1
3657000,3657,0,NOC_NPS_VNOC_X3Y1,VNOC,data_vc,0,5,1
3657000,3657,1,NOC_NPS_VNOC_X3Y0,VNOC,credit,1,-1,1
3657000,3657,1,NOC_NPS_VNOC_X3Y0,VNOC,data_vc,1,5,1
3658000,3658,0,NOC_NPS_VNOC_X3Y1,VNOC,credit,0,-1,1
3658000,3658,0,NOC_NPS_VNOC_X3Y1,VNOC,data_vc,0,5,1
3658000,3658,1,NOC_NPS_VNOC_X3Y0,VNOC,credit,1,-1,1
3658000,3658,1,NOC_NPS_VNOC_X3Y0,VNOC,data_vc,1,5,1
3659000,3659,0,NOC_NPS_VNOC_X3Y1,VNOC,credit,0,-1,1
3659000,3659,0,NOC_NPS_VNOC_X3Y1,VNOC,data_vc,0,5,1
3659000,3659,1,NOC_NPS_VNOC_X3Y0,VNOC,credit,1,-1,1
3659000,3659,1,NOC_NPS_VNOC_X3Y0,VNOC,data_vc,1,5,1
3660000,3660,0,NOC_NPS_VNOC_X3Y1,VNOC,credit,0,-1,1
3660000,3660,0,NOC_NPS_VNOC_X3Y1,VNOC,data_vc,0,5,1
3660000,3660,1,NOC_NPS_VNOC_X3Y0,VNOC,credit,1,-1,1
3660000,3660,1,NOC_NPS_VNOC_X3Y0,VNOC,data_vc,1,5,1
3661000,3661,0,NOC_NPS_VNOC_X3Y1,VNOC,credit,0,-1,1
3661000,3661,0,NOC_NPS_VNOC_X3Y1,VNOC,data_vc,0,5,1
3661000,3661,1,NOC_NPS_VNOC_X3Y0,VNOC,credit,1,-1,1
3661000,3661,1,NOC_NPS_VNOC_X3Y0,VNOC,data_vc,1,5,1
3662000,3662,0,NOC_NPS_VNOC_X3Y1,VNOC,credit,0,-1,1
3662000,3662,0,NOC_NPS_VNOC_X3Y1,VNOC,data_vc,0,5,1
3662000,3662,1,NOC_NPS_VNOC_X3Y0,VNOC,credit,1,-1,1
3662000,3662,1,NOC_NPS_VNOC_X3Y0,VNOC,data_vc,1,5,1
3663000,3663,0,NOC_NPS_VNOC_X3Y1,VNOC,credit,0,-1,1
3663000,3663,0,NOC_NPS_VNOC_X3Y1,VNOC,data_vc,0,5,1
3663000,3663,1,NOC_NPS_VNOC_X3Y0,VNOC,credit,1,-1,1
3663000,3663,1,NOC_NPS_VNOC_X3Y0,VNOC,data_vc,1,5,1
3664000,3664,0,NOC_NPS_VNOC_X3Y1,VNOC,credit,0,-1,1
3664000,3664,0,NOC_NPS_VNOC_X3Y1,VNOC,data_vc,0,5,1
3664000,3664,1,NOC_NPS_VNOC_X3Y0,VNOC,credit,1,-1,1
3664000,3664,1,NOC_NPS_VNOC_X3Y0,VNOC,data_vc,1,5,1
3665000,3665,0,NOC_NPS_VNOC_X3Y1,VNOC,credit,0,-1,1
3665000,3665,0,NOC_NPS_VNOC_X3Y1,VNOC,data_vc,0,5,1
3665000,3665,1,NOC_NPS_VNOC_X3Y0,VNOC,credit,1,-1,1
3665000,3665,1,NOC_NPS_VNOC_X3Y0,VNOC,data_vc,1,5,1
3666000,3666,0,NOC_NPS_VNOC_X3Y1,VNOC,credit,0,-1,1
3666000,3666,0,NOC_NPS_VNOC_X3Y1,VNOC,data_vc,0,5,1
3666000,3666,1,NOC_NPS_VNOC_X3Y0,VNOC,credit,1,-1,1
3666000,3666,1,NOC_NPS_VNOC_X3Y0,VNOC,data_vc,1,5,1
3667000,3667,0,NOC_NPS_VNOC_X3Y1,VNOC,credit,0,-1,1
3667000,3667,0,NOC_NPS_VNOC_X3Y1,VNOC,data_vc,0,5,1
3667000,3667,1,NOC_NPS_VNOC_X3Y0,VNOC,credit,1,-1,1
3667000,3667,1,NOC_NPS_VNOC_X3Y0,VNOC,data_vc,1,5,1
3668000,3668,0,NOC_NPS_VNOC_X3Y1,VNOC,credit,0,-1,1
3668000,3668,0,NOC_NPS_VNOC_X3Y1,VNOC,data_vc,0,5,1
3668000,3668,1,NOC_NPS_VNOC_X3Y0,VNOC,credit,1,-1,1
3668000,3668,1,NOC_NPS_VNOC_X3Y0,VNOC,data_vc,1,5,1
3669000,3669,0,NOC_NPS_VNOC_X3Y1,VNOC,credit,0,-1,1
3669000,3669,0,NOC_NPS_VNOC_X3Y1,VNOC,data_vc,0,5,1
3669000,3669,1,NOC_NPS_VNOC_X3Y0,VNOC,credit,1,-1,1
3669000,3669,1,NOC_NPS_VNOC_X3Y0,VNOC,data_vc,1,5,1
3670000,3670,0,NOC_NPS_VNOC_X3Y1,VNOC,credit,0,-1,1
3670000,3670,0,NOC_NPS_VNOC_X3Y1,VNOC,data_vc,0,5,1
3670000,3670,1,NOC_NPS_VNOC_X3Y0,VNOC,credit,1,-1,1
3670000,3670,1,NOC_NPS_VNOC_X3Y0,VNOC,data_vc,1,5,1
3671000,3671,0,NOC_NPS_VNOC_X3Y1,VNOC,credit,0,-1,1
3671000,3671,0,NOC_NPS_VNOC_X3Y1,VNOC,data_vc,0,5,1
3671000,3671,1,NOC_NPS_VNOC_X3Y0,VNOC,credit,1,-1,1
3671000,3671,1,NOC_NPS_VNOC_X3Y0,VNOC,data_vc,1,5,1
3672000,3672,0,NOC_NPS_VNOC_X3Y1,VNOC,credit,0,-1,1
3672000,3672,0,NOC_NPS_VNOC_X3Y1,VNOC,data_vc,0,5,1
3672000,3672,1,NOC_NPS_VNOC_X3Y0,VNOC,credit,1,-1,1
3672000,3672,1,NOC_NPS_VNOC_X3Y0,VNOC,data_vc,1,5,1
3673000,3673,0,NOC_NPS_VNOC_X3Y1,VNOC,credit,0,-1,1
3673000,3673,0,NOC_NPS_VNOC_X3Y1,VNOC,data_vc,0,5,1
3673000,3673,1,NOC_NPS_VNOC_X3Y0,VNOC,credit,1,-1,1
3673000,3673,1,NOC_NPS_VNOC_X3Y0,VNOC,data_vc,1,5,1
3674000,3674,0,NOC_NPS_VNOC_X3Y1,VNOC,credit,0,-1,1
3674000,3674,0,NOC_NPS_VNOC_X3Y1,VNOC,data_vc,0,5,1
3674000,3674,1,NOC_NPS_VNOC_X3Y0,VNOC,credit,1,-1,1
3674000,3674,1,NOC_NPS_VNOC_X3Y0,VNOC,data_vc,1,5,1
3675000,3675,0,NOC_NPS_VNOC_X3Y1,VNOC,credit,0,-1,1
3675000,3675,0,NOC_NPS_VNOC_X3Y1,VNOC,data_vc,0,5,1
3675000,3675,1,NOC_NPS_VNOC_X3Y0,VNOC,credit,1,-1,1
3675000,3675,1,NOC_NPS_VNOC_X3Y0,VNOC,data_vc,1,5,1
3676000,3676,0,NOC_NPS_VNOC_X3Y1,VNOC,credit,0,-1,1
3676000,3676,0,NOC_NPS_VNOC_X3Y1,VNOC,data_vc,0,5,1
3676000,3676,1,NOC_NPS_VNOC_X3Y0,VNOC,credit,1,-1,1
3676000,3676,1,NOC_NPS_VNOC_X3Y0,VNOC,data_vc,1,5,1
3677000,3677,0,NOC_NPS_VNOC_X3Y1,VNOC,credit,0,-1,1
3677000,3677,0,NOC_NPS_VNOC_X3Y1,VNOC,data_vc,0,5,1
3677000,3677,1,NOC_NPS_VNOC_X3Y0,VNOC,credit,1,-1,1
3677000,3677,1,NOC_NPS_VNOC_X3Y0,VNOC,data_vc,1,5,1
3678000,3678,0,NOC_NPS_VNOC_X3Y1,VNOC,credit,0,-1,1
3678000,3678,0,NOC_NPS_VNOC_X3Y1,VNOC,data_vc,0,5,1
3678000,3678,1,NOC_NPS_VNOC_X3Y0,VNOC,credit,1,-1,1
3678000,3678,1,NOC_NPS_VNOC_X3Y0,VNOC,data_vc,1,5,1
3679000,3679,0,NOC_NPS_VNOC_X3Y1,VNOC,credit,0,-1,1
3679000,3679,0,NOC_NPS_VNOC_X3Y1,VNOC,data_vc,0,5,1
3679000,3679,1,NOC_NPS_VNOC_X3Y0,VNOC,credit,1,-1,1
3679000,3679,1,NOC_NPS_VNOC_X3Y0,VNOC,data_vc,1,5,1
3680000,3680,0,NOC_NPS_VNOC_X3Y1,VNOC,credit,0,-1,1
3680000,3680,0,NOC_NPS_VNOC_X3Y1,VNOC,data_vc,0,5,1
3680000,3680,1,NOC_NPS_VNOC_X3Y0,VNOC,credit,1,-1,1
3680000,3680,1,NOC_NPS_VNOC_X3Y0,VNOC,data_vc,1,5,1
3681000,3681,0,NOC_NPS_VNOC_X3Y1,VNOC,credit,0,-1,1
3681000,3681,0,NOC_NPS_VNOC_X3Y1,VNOC,data_vc,0,5,1
3681000,3681,1,NOC_NPS_VNOC_X3Y0,VNOC,credit,1,-1,1
3681000,3681,1,NOC_NPS_VNOC_X3Y0,VNOC,data_vc,1,5,1
3682000,3682,0,NOC_NPS_VNOC_X3Y1,VNOC,credit,0,-1,1
3682000,3682,0,NOC_NPS_VNOC_X3Y1,VNOC,data_vc,0,5,1
3682000,3682,1,NOC_NPS_VNOC_X3Y0,VNOC,credit,1,-1,1
3682000,3682,1,NOC_NPS_VNOC_X3Y0,VNOC,data_vc,1,5,1
3683000,3683,0,NOC_NPS_VNOC_X3Y1,VNOC,credit,0,-1,1
3683000,3683,0,NOC_NPS_VNOC_X3Y1,VNOC,data_vc,0,5,1
3683000,3683,1,NOC_NPS_VNOC_X3Y0,VNOC,credit,1,-1,1
3683000,3683,1,NOC_NPS_VNOC_X3Y0,VNOC,data_vc,1,5,1
3684000,3684,0,NOC_NPS_VNOC_X3Y1,VNOC,credit,0,-1,1
3684000,3684,0,NOC_NPS_VNOC_X3Y1,VNOC,data_vc,0,5,1
3684000,3684,1,NOC_NPS_VNOC_X3Y0,VNOC,credit,1,-1,1
3684000,3684,1,NOC_NPS_VNOC_X3Y0,VNOC,data_vc,1,5,1
3685000,3685,0,NOC_NPS_VNOC_X3Y1,VNOC,credit,0,-1,1
3685000,3685,0,NOC_NPS_VNOC_X3Y1,VNOC,data_vc,0,5,1
3685000,3685,1,NOC_NPS_VNOC_X3Y0,VNOC,credit,1,-1,1
3685000,3685,1,NOC_NPS_VNOC_X3Y0,VNOC,data_vc,1,5,1
3686000,3686,0,NOC_NPS_VNOC_X3Y1,VNOC,credit,0,-1,1
3686000,3686,0,NOC_NPS_VNOC_X3Y1,VNOC,data_vc,0,5,1
3686000,3686,1,NOC_NPS_VNOC_X3Y0,VNOC,credit,1,-1,1
3686000,3686,1,NOC_NPS_VNOC_X3Y0,VNOC,data_vc,1,5,1
3687000,3687,0,NOC_NPS_VNOC_X3Y1,VNOC,credit,0,-1,1
3687000,3687,0,NOC_NPS_VNOC_X3Y1,VNOC,data_vc,0,5,1
3687000,3687,1,NOC_NPS_VNOC_X3Y0,VNOC,credit,1,-1,1
3687000,3687,1,NOC_NPS_VNOC_X3Y0,VNOC,data_vc,1,5,1
3688000,3688,0,NOC_NPS_VNOC_X3Y1,VNOC,credit,0,-1,1
3688000,3688,0,NOC_NPS_VNOC_X3Y1,VNOC,data_vc,0,5,1
3688000,3688,1,NOC_NPS_VNOC_X3Y0,VNOC,credit,1,-1,1
3688000,3688,1,NOC_NPS_VNOC_X3Y0,VNOC,data_vc,1,5,1
3689000,3689,0,NOC_NPS_VNOC_X3Y1,VNOC,credit,0,-1,1
3689000,3689,0,NOC_NPS_VNOC_X3Y1,VNOC,data_vc,0,5,1
3689000,3689,1,NOC_NPS_VNOC_X3Y0,VNOC,credit,1,-1,1
3689000,3689,1,NOC_NPS_VNOC_X3Y0,VNOC,data_vc,1,5,1
3690000,3690,0,NOC_NPS_VNOC_X3Y1,VNOC,credit,0,-1,1
3690000,3690,0,NOC_NPS_VNOC_X3Y1,VNOC,data_vc,0,5,1
3690000,3690,1,NOC_NPS_VNOC_X3Y0,VNOC,credit,1,-1,1
3690000,3690,1,NOC_NPS_VNOC_X3Y0,VNOC,data_vc,1,5,1
3691000,3691,0,NOC_NPS_VNOC_X3Y1,VNOC,credit,0,-1,1
3691000,3691,0,NOC_NPS_VNOC_X3Y1,VNOC,data_vc,0,5,1
3691000,3691,1,NOC_NPS_VNOC_X3Y0,VNOC,credit,1,-1,1
3691000,3691,1,NOC_NPS_VNOC_X3Y0,VNOC,data_vc,1,5,1
3692000,3692,0,NOC_NPS_VNOC_X3Y1,VNOC,credit,0,-1,1
3692000,3692,0,NOC_NPS_VNOC_X3Y1,VNOC,data_vc,0,5,1
3692000,3692,1,NOC_NPS_VNOC_X3Y0,VNOC,credit,1,-1,1
3692000,3692,1,NOC_NPS_VNOC_X3Y0,VNOC,data_vc,1,5,1
3693000,3693,0,NOC_NPS_VNOC_X3Y1,VNOC,credit,0,-1,1
3693000,3693,0,NOC_NPS_VNOC_X3Y1,VNOC,data_vc,0,5,1
3693000,3693,1,NOC_NPS_VNOC_X3Y0,VNOC,credit,1,-1,1
3693000,3693,1,NOC_NPS_VNOC_X3Y0,VNOC,data_vc,1,5,1
3694000,3694,0,NOC_NPS_VNOC_X3Y1,VNOC,credit,0,-1,1
3694000,3694,0,NOC_NPS_VNOC_X3Y1,VNOC,data_vc,0,5,1
3694000,3694,1,NOC_NPS_VNOC_X3Y0,VNOC,credit,1,-1,1
3694000,3694,1,NOC_NPS_VNOC_X3Y0,VNOC,data_vc,1,5,1
3695000,3695,0,NOC_NPS_VNOC_X3Y1,VNOC,credit,0,-1,1
3695000,3695,0,NOC_NPS_VNOC_X3Y1,VNOC,data_vc,0,5,1
3695000,3695,1,NOC_NPS_VNOC_X3Y0,VNOC,credit,1,-1,1
3695000,3695,1,NOC_NPS_VNOC_X3Y0,VNOC,data_vc,1,5,1
3696000,3696,0,NOC_NPS_VNOC_X3Y1,VNOC,credit,0,-1,1
3696000,3696,0,NOC_NPS_VNOC_X3Y1,VNOC,data_vc,0,5,1
3696000,3696,1,NOC_NPS_VNOC_X3Y0,VNOC,credit,1,-1,1
3696000,3696,1,NOC_NPS_VNOC_X3Y0,VNOC,data_vc,1,5,1
3697000,3697,0,NOC_NPS_VNOC_X3Y1,VNOC,credit,0,-1,1
3697000,3697,0,NOC_NPS_VNOC_X3Y1,VNOC,data_vc,0,5,1
3697000,3697,1,NOC_NPS_VNOC_X3Y0,VNOC,credit,1,-1,1
3697000,3697,1,NOC_NPS_VNOC_X3Y0,VNOC,data_vc,1,5,1
3698000,3698,0,NOC_NPS_VNOC_X3Y1,VNOC,credit,0,-1,1
3698000,3698,0,NOC_NPS_VNOC_X3Y1,VNOC,data_vc,0,5,1
3698000,3698,1,NOC_NPS_VNOC_X3Y0,VNOC,credit,1,-1,1
3698000,3698,1,NOC_NPS_VNOC_X3Y0,VNOC,data_vc,1,5,1
3699000,3699,0,NOC_NPS_VNOC_X3Y1,VNOC,credit,0,-1,1
3699000,3699,0,NOC_NPS_VNOC_X3Y1,VNOC,data_vc,0,5,1
3699000,3699,1,NOC_NPS_VNOC_X3Y0,VNOC,credit,1,-1,1
3699000,3699,1,NOC_NPS_VNOC_X3Y0,VNOC,data_vc,1,5,1
3700000,3700,0,NOC_NPS_VNOC_X3Y1,VNOC,credit,0,-1,1
3700000,3700,0,NOC_NPS_VNOC_X3Y1,VNOC,data_vc,0,5,1
3700000,3700,1,NOC_NPS_VNOC_X3Y0,VNOC,credit,1,-1,1
3700000,3700,1,NOC_NPS_VNOC_X3Y0,VNOC,data_vc,1,5,1
3701000,3701,0,NOC_NPS_VNOC_X3Y1,VNOC,credit,0,-1,1
3701000,3701,0,NOC_NPS_VNOC_X3Y1,VNOC,data_vc,0,5,1
3701000,3701,1,NOC_NPS_VNOC_X3Y0,VNOC,credit,1,-1,1
3701000,3701,1,NOC_NPS_VNOC_X3Y0,VNOC,data_vc,1,5,1
3702000,3702,0,NOC_NPS_VNOC_X3Y1,VNOC,credit,0,-1,1
3702000,3702,0,NOC_NPS_VNOC_X3Y1,VNOC,data_vc,0,5,1
3702000,3702,1,NOC_NPS_VNOC_X3Y0,VNOC,credit,1,-1,1
3702000,3702,1,NOC_NPS_VNOC_X3Y0,VNOC,data_vc,1,5,1
3703000,3703,0,NOC_NPS_VNOC_X3Y1,VNOC,credit,0,-1,1
3703000,3703,0,NOC_NPS_VNOC_X3Y1,VNOC,data_vc,0,5,1
3703000,3703,1,NOC_NPS_VNOC_X3Y0,VNOC,credit,1,-1,1
3703000,3703,1,NOC_NPS_VNOC_X3Y0,VNOC,data_vc,1,5,1
3704000,3704,0,NOC_NPS_VNOC_X3Y1,VNOC,credit,0,-1,1
3704000,3704,0,NOC_NPS_VNOC_X3Y1,VNOC,data_vc,0,5,1
3704000,3704,1,NOC_NPS_VNOC_X3Y0,VNOC,credit,1,-1,1
3704000,3704,1,NOC_NPS_VNOC_X3Y0,VNOC,data_vc,1,5,1
3705000,3705,0,NOC_NPS_VNOC_X3Y1,VNOC,credit,0,-1,1
3705000,3705,0,NOC_NPS_VNOC_X3Y1,VNOC,data_vc,0,5,1
3705000,3705,1,NOC_NPS_VNOC_X3Y0,VNOC,credit,1,-1,1
3705000,3705,1,NOC_NPS_VNOC_X3Y0,VNOC,data_vc,1,5,1
3706000,3706,0,NOC_NPS_VNOC_X3Y1,VNOC,credit,0,-1,1
3706000,3706,0,NOC_NPS_VNOC_X3Y1,VNOC,data_vc,0,5,1
3706000,3706,1,NOC_NPS_VNOC_X3Y0,VNOC,credit,1,-1,1
3706000,3706,1,NOC_NPS_VNOC_X3Y0,VNOC,data_vc,1,5,1
3707000,3707,0,NOC_NPS_VNOC_X3Y1,VNOC,credit,0,-1,1
3707000,3707,0,NOC_NPS_VNOC_X3Y1,VNOC,data_vc,0,5,1
3707000,3707,1,NOC_NPS_VNOC_X3Y0,VNOC,credit,1,-1,1
3707000,3707,1,NOC_NPS_VNOC_X3Y0,VNOC,data_vc,1,5,1
3708000,3708,0,NOC_NPS_VNOC_X3Y1,VNOC,credit,0,-1,1
3708000,3708,0,NOC_NPS_VNOC_X3Y1,VNOC,data_vc,0,5,1
3708000,3708,1,NOC_NPS_VNOC_X3Y0,VNOC,credit,1,-1,1
3708000,3708,1,NOC_NPS_VNOC_X3Y0,VNOC,data_vc,1,5,1
3709000,3709,0,NOC_NPS_VNOC_X3Y1,VNOC,credit,0,-1,1
3709000,3709,0,NOC_NPS_VNOC_X3Y1,VNOC,data_vc,0,5,1
3709000,3709,1,NOC_NPS_VNOC_X3Y0,VNOC,credit,1,-1,1
3709000,3709,1,NOC_NPS_VNOC_X3Y0,VNOC,data_vc,1,5,1
3710000,3710,0,NOC_NPS_VNOC_X3Y1,VNOC,credit,0,-1,1
3710000,3710,0,NOC_NPS_VNOC_X3Y1,VNOC,data_vc,0,5,1
3710000,3710,1,NOC_NPS_VNOC_X3Y0,VNOC,credit,1,-1,1
3710000,3710,1,NOC_NPS_VNOC_X3Y0,VNOC,data_vc,1,5,1
3711000,3711,0,NOC_NPS_VNOC_X3Y1,VNOC,credit,0,-1,1
3711000,3711,0,NOC_NPS_VNOC_X3Y1,VNOC,data_vc,0,5,1
3711000,3711,1,NOC_NPS_VNOC_X3Y0,VNOC,credit,1,-1,1
3711000,3711,1,NOC_NPS_VNOC_X3Y0,VNOC,data_vc,1,5,1
3712000,3712,0,NOC_NPS_VNOC_X3Y1,VNOC,credit,0,-1,1
3712000,3712,0,NOC_NPS_VNOC_X3Y1,VNOC,data_vc,0,5,1
3712000,3712,1,NOC_NPS_VNOC_X3Y0,VNOC,credit,1,-1,1
3712000,3712,1,NOC_NPS_VNOC_X3Y0,VNOC,data_vc,1,5,1
3713000,3713,0,NOC_NPS_VNOC_X3Y1,VNOC,credit,0,-1,1
3713000,3713,0,NOC_NPS_VNOC_X3Y1,VNOC,data_vc,0,5,1
3713000,3713,1,NOC_NPS_VNOC_X3Y0,VNOC,credit,1,-1,1
3713000,3713,1,NOC_NPS_VNOC_X3Y0,VNOC,data_vc,1,5,1
3714000,3714,0,NOC_NPS_VNOC_X3Y1,VNOC,credit,0,-1,1
3714000,3714,0,NOC_NPS_VNOC_X3Y1,VNOC,data_vc,0,5,1
3714000,3714,1,NOC_NPS_VNOC_X3Y0,VNOC,credit,1,-1,1
3714000,3714,1,NOC_NPS_VNOC_X3Y0,VNOC,data_vc,1,5,1
3715000,3715,0,NOC_NPS_VNOC_X3Y1,VNOC,credit,0,-1,1
3715000,3715,0,NOC_NPS_VNOC_X3Y1,VNOC,data_vc,0,5,1
3715000,3715,1,NOC_NPS_VNOC_X3Y0,VNOC,credit,1,-1,1
3715000,3715,1,NOC_NPS_VNOC_X3Y0,VNOC,data_vc,1,5,1
3716000,3716,0,NOC_NPS_VNOC_X3Y1,VNOC,credit,0,-1,1
3716000,3716,0,NOC_NPS_VNOC_X3Y1,VNOC,data_vc,0,5,1
3716000,3716,1,NOC_NPS_VNOC_X3Y0,VNOC,credit,1,-1,1
3716000,3716,1,NOC_NPS_VNOC_X3Y0,VNOC,data_vc,1,5,1
3717000,3717,0,NOC_NPS_VNOC_X3Y1,VNOC,credit,0,-1,1
3717000,3717,0,NOC_NPS_VNOC_X3Y1,VNOC,data_vc,0,5,1
3717000,3717,1,NOC_NPS_VNOC_X3Y0,VNOC,credit,1,-1,1
3717000,3717,1,NOC_NPS_VNOC_X3Y0,VNOC,data_vc,1,5,1
3718000,3718,0,NOC_NPS_VNOC_X3Y1,VNOC,credit,0,-1,1
3718000,3718,0,NOC_NPS_VNOC_X3Y1,VNOC,data_vc,0,5,1
3718000,3718,1,NOC_NPS_VNOC_X3Y0,VNOC,credit,1,-1,1
3718000,3718,1,NOC_NPS_VNOC_X3Y0,VNOC,data_vc,1,5,1
3719000,3719,0,NOC_NPS_VNOC_X3Y1,VNOC,credit,0,-1,1
3719000,3719,0,NOC_NPS_VNOC_X3Y1,VNOC,data_vc,0,5,1
3719000,3719,1,NOC_NPS_VNOC_X3Y0,VNOC,credit,1,-1,1
3719000,3719,1,NOC_NPS_VNOC_X3Y0,VNOC,data_vc,1,5,1
3720000,3720,0,NOC_NPS_VNOC_X3Y1,VNOC,credit,0,-1,1
3720000,3720,0,NOC_NPS_VNOC_X3Y1,VNOC,data_vc,0,5,1
3720000,3720,1,NOC_NPS_VNOC_X3Y0,VNOC,credit,1,-1,1
3720000,3720,1,NOC_NPS_VNOC_X3Y0,VNOC,data_vc,1,5,1
3721000,3721,0,NOC_NPS_VNOC_X3Y1,VNOC,credit,0,-1,1
3721000,3721,0,NOC_NPS_VNOC_X3Y1,VNOC,data_vc,0,5,1
3721000,3721,1,NOC_NPS_VNOC_X3Y0,VNOC,credit,1,-1,1
3721000,3721,1,NOC_NPS_VNOC_X3Y0,VNOC,data_vc,1,5,1
3722000,3722,0,NOC_NPS_VNOC_X3Y1,VNOC,credit,0,-1,1
3722000,3722,0,NOC_NPS_VNOC_X3Y1,VNOC,data_vc,0,5,1
3722000,3722,1,NOC_NPS_VNOC_X3Y0,VNOC,credit,1,-1,1
3722000,3722,1,NOC_NPS_VNOC_X3Y0,VNOC,data_vc,1,5,1
3723000,3723,0,NOC_NPS_VNOC_X3Y1,VNOC,credit,0,-1,1
3723000,3723,0,NOC_NPS_VNOC_X3Y1,VNOC,data_vc,0,5,1
3723000,3723,1,NOC_NPS_VNOC_X3Y0,VNOC,credit,1,-1,1
3723000,3723,1,NOC_NPS_VNOC_X3Y0,VNOC,data_vc,1,5,1
3724000,3724,0,NOC_NPS_VNOC_X3Y1,VNOC,credit,0,-1,1
3724000,3724,0,NOC_NPS_VNOC_X3Y1,VNOC,data_vc,0,5,1
3724000,3724,1,NOC_NPS_VNOC_X3Y0,VNOC,credit,1,-1,1
3724000,3724,1,NOC_NPS_VNOC_X3Y0,VNOC,data_vc,1,5,1
3725000,3725,0,NOC_NPS_VNOC_X3Y1,VNOC,credit,0,-1,1
3725000,3725,0,NOC_NPS_VNOC_X3Y1,VNOC,data_vc,0,5,1
3725000,3725,1,NOC_NPS_VNOC_X3Y0,VNOC,credit,1,-1,1
3725000,3725,1,NOC_NPS_VNOC_X3Y0,VNOC,data_vc,1,5,1
3726000,3726,0,NOC_NPS_VNOC_X3Y1,VNOC,credit,0,-1,1
3726000,3726,0,NOC_NPS_VNOC_X3Y1,VNOC,data_vc,0,5,1
3726000,3726,1,NOC_NPS_VNOC_X3Y0,VNOC,credit,1,-1,1
3726000,3726,1,NOC_NPS_VNOC_X3Y0,VNOC,data_vc,1,5,1
3727000,3727,0,NOC_NPS_VNOC_X3Y1,VNOC,credit,0,-1,1
3727000,3727,0,NOC_NPS_VNOC_X3Y1,VNOC,data_vc,0,5,1
3727000,3727,1,NOC_NPS_VNOC_X3Y0,VNOC,credit,1,-1,1
3727000,3727,1,NOC_NPS_VNOC_X3Y0,VNOC,data_vc,1,5,1
3728000,3728,0,NOC_NPS_VNOC_X3Y1,VNOC,credit,0,-1,1
3728000,3728,0,NOC_NPS_VNOC_X3Y1,VNOC,data_vc,0,5,1
3728000,3728,1,NOC_NPS_VNOC_X3Y0,VNOC,credit,1,-1,1
3728000,3728,1,NOC_NPS_VNOC_X3Y0,VNOC,data_vc,1,5,1
3729000,3729,0,NOC_NPS_VNOC_X3Y1,VNOC,credit,0,-1,1
3729000,3729,0,NOC_NPS_VNOC_X3Y1,VNOC,data_vc,0,5,1
3729000,3729,1,NOC_NPS_VNOC_X3Y0,VNOC,credit,1,-1,1
3729000,3729,1,NOC_NPS_VNOC_X3Y0,VNOC,data_vc,1,5,1
3730000,3730,0,NOC_NPS_VNOC_X3Y1,VNOC,credit,0,-1,1
3730000,3730,0,NOC_NPS_VNOC_X3Y1,VNOC,data_vc,0,5,1
3730000,3730,1,NOC_NPS_VNOC_X3Y0,VNOC,credit,1,-1,1
3730000,3730,1,NOC_NPS_VNOC_X3Y0,VNOC,data_vc,1,5,1
3731000,3731,0,NOC_NPS_VNOC_X3Y1,VNOC,credit,0,-1,1
3731000,3731,0,NOC_NPS_VNOC_X3Y1,VNOC,data_vc,0,5,1
3731000,3731,1,NOC_NPS_VNOC_X3Y0,VNOC,credit,1,-1,1
3731000,3731,1,NOC_NPS_VNOC_X3Y0,VNOC,data_vc,1,5,1
3732000,3732,0,NOC_NPS_VNOC_X3Y1,VNOC,credit,0,-1,1
3732000,3732,0,NOC_NPS_VNOC_X3Y1,VNOC,data_vc,0,5,1
3732000,3732,1,NOC_NPS_VNOC_X3Y0,VNOC,credit,1,-1,1
3732000,3732,1,NOC_NPS_VNOC_X3Y0,VNOC,data_vc,1,5,1
3733000,3733,0,NOC_NPS_VNOC_X3Y1,VNOC,credit,0,-1,1
3733000,3733,0,NOC_NPS_VNOC_X3Y1,VNOC,data_vc,0,5,1
3733000,3733,1,NOC_NPS_VNOC_X3Y0,VNOC,credit,1,-1,1
3733000,3733,1,NOC_NPS_VNOC_X3Y0,VNOC,data_vc,1,5,1
3734000,3734,0,NOC_NPS_VNOC_X3Y1,VNOC,credit,0,-1,1
3734000,3734,0,NOC_NPS_VNOC_X3Y1,VNOC,data_vc,0,5,1
3734000,3734,1,NOC_NPS_VNOC_X3Y0,VNOC,credit,1,-1,1
3734000,3734,1,NOC_NPS_VNOC_X3Y0,VNOC,data_vc,1,5,1
3735000,3735,0,NOC_NPS_VNOC_X3Y1,VNOC,credit,0,-1,1
3735000,3735,0,NOC_NPS_VNOC_X3Y1,VNOC,data_vc,0,5,1
3735000,3735,1,NOC_NPS_VNOC_X3Y0,VNOC,credit,1,-1,1
3735000,3735,1,NOC_NPS_VNOC_X3Y0,VNOC,data_vc,1,5,1
3736000,3736,0,NOC_NPS_VNOC_X3Y1,VNOC,credit,0,-1,1
3736000,3736,0,NOC_NPS_VNOC_X3Y1,VNOC,data_vc,0,5,1
3736000,3736,1,NOC_NPS_VNOC_X3Y0,VNOC,credit,1,-1,1
3736000,3736,1,NOC_NPS_VNOC_X3Y0,VNOC,data_vc,1,5,1
3737000,3737,0,NOC_NPS_VNOC_X3Y1,VNOC,credit,0,-1,1
3737000,3737,0,NOC_NPS_VNOC_X3Y1,VNOC,data_vc,0,5,1
3737000,3737,1,NOC_NPS_VNOC_X3Y0,VNOC,credit,1,-1,1
3737000,3737,1,NOC_NPS_VNOC_X3Y0,VNOC,data_vc,1,5,1
3738000,3738,0,NOC_NPS_VNOC_X3Y1,VNOC,credit,0,-1,1
3738000,3738,0,NOC_NPS_VNOC_X3Y1,VNOC,data_vc,0,5,1
3738000,3738,1,NOC_NPS_VNOC_X3Y0,VNOC,credit,1,-1,1
3738000,3738,1,NOC_NPS_VNOC_X3Y0,VNOC,data_vc,1,5,1
3739000,3739,0,NOC_NPS_VNOC_X3Y1,VNOC,credit,0,-1,1
3739000,3739,0,NOC_NPS_VNOC_X3Y1,VNOC,data_vc,0,5,1
3739000,3739,1,NOC_NPS_VNOC_X3Y0,VNOC,credit,1,-1,1
3739000,3739,1,NOC_NPS_VNOC_X3Y0,VNOC,data_vc,1,5,1
3740000,3740,0,NOC_NPS_VNOC_X3Y1,VNOC,credit,0,-1,1
3740000,3740,0,NOC_NPS_VNOC_X3Y1,VNOC,data_vc,0,5,1
3740000,3740,1,NOC_NPS_VNOC_X3Y0,VNOC,credit,1,-1,1
3740000,3740,1,NOC_NPS_VNOC_X3Y0,VNOC,data_vc,1,5,1
3741000,3741,0,NOC_NPS_VNOC_X3Y1,VNOC,credit,0,-1,1
3741000,3741,0,NOC_NPS_VNOC_X3Y1,VNOC,data_vc,0,5,1
3741000,3741,1,NOC_NPS_VNOC_X3Y0,VNOC,credit,1,-1,1
3741000,3741,1,NOC_NPS_VNOC_X3Y0,VNOC,data_vc,1,5,1
3742000,3742,0,NOC_NPS_VNOC_X3Y1,VNOC,credit,0,-1,1
3742000,3742,0,NOC_NPS_VNOC_X3Y1,VNOC,data_vc,0,5,1
3742000,3742,1,NOC_NPS_VNOC_X3Y0,VNOC,credit,1,-1,1
3742000,3742,1,NOC_NPS_VNOC_X3Y0,VNOC,data_vc,1,5,1
3743000,3743,0,NOC_NPS_VNOC_X3Y1,VNOC,credit,0,-1,1
3743000,3743,0,NOC_NPS_VNOC_X3Y1,VNOC,data_vc,0,5,1
3743000,3743,1,NOC_NPS_VNOC_X3Y0,VNOC,credit,1,-1,1
3743000,3743,1,NOC_NPS_VNOC_X3Y0,VNOC,data_vc,1,5,1
3744000,3744,0,NOC_NPS_VNOC_X3Y1,VNOC,credit,0,-1,1
3744000,3744,0,NOC_NPS_VNOC_X3Y1,VNOC,data_vc,0,5,1
3744000,3744,1,NOC_NPS_VNOC_X3Y0,VNOC,credit,1,-1,1
3744000,3744,1,NOC_NPS_VNOC_X3Y0,VNOC,data_vc,1,5,1
3745000,3745,0,NOC_NPS_VNOC_X3Y1,VNOC,credit,0,-1,1
3745000,3745,0,NOC_NPS_VNOC_X3Y1,VNOC,data_vc,0,5,1
3745000,3745,1,NOC_NPS_VNOC_X3Y0,VNOC,credit,1,-1,1
3745000,3745,1,NOC_NPS_VNOC_X3Y0,VNOC,data_vc,1,5,1
3746000,3746,0,NOC_NPS_VNOC_X3Y1,VNOC,credit,0,-1,1
3746000,3746,0,NOC_NPS_VNOC_X3Y1,VNOC,data_vc,0,5,1
3746000,3746,1,NOC_NPS_VNOC_X3Y0,VNOC,credit,1,-1,1
3746000,3746,1,NOC_NPS_VNOC_X3Y0,VNOC,data_vc,1,5,1
3747000,3747,0,NOC_NPS_VNOC_X3Y1,VNOC,credit,0,-1,1
3747000,3747,0,NOC_NPS_VNOC_X3Y1,VNOC,data_vc,0,5,1
3747000,3747,1,NOC_NPS_VNOC_X3Y0,VNOC,credit,1,-1,1
3747000,3747,1,NOC_NPS_VNOC_X3Y0,VNOC,data_vc,1,5,1
3748000,3748,0,NOC_NPS_VNOC_X3Y1,VNOC,credit,0,-1,1
3748000,3748,0,NOC_NPS_VNOC_X3Y1,VNOC,data_vc,0,5,1
3748000,3748,1,NOC_NPS_VNOC_X3Y0,VNOC,credit,1,-1,1
3748000,3748,1,NOC_NPS_VNOC_X3Y0,VNOC,data_vc,1,5,1
3749000,3749,0,NOC_NPS_VNOC_X3Y1,VNOC,credit,0,-1,1
3749000,3749,0,NOC_NPS_VNOC_X3Y1,VNOC,data_vc,0,5,1
3749000,3749,1,NOC_NPS_VNOC_X3Y0,VNOC,credit,1,-1,1
3749000,3749,1,NOC_NPS_VNOC_X3Y0,VNOC,data_vc,1,5,1
3750000,3750,0,NOC_NPS_VNOC_X3Y1,VNOC,credit,0,-1,1
3750000,3750,0,NOC_NPS_VNOC_X3Y1,VNOC,data_vc,0,5,1
3750000,3750,1,NOC_NPS_VNOC_X3Y0,VNOC,credit,1,-1,1
3750000,3750,1,NOC_NPS_VNOC_X3Y0,VNOC,data_vc,1,5,1
3751000,3751,0,NOC_NPS_VNOC_X3Y1,VNOC,credit,0,-1,1
3751000,3751,0,NOC_NPS_VNOC_X3Y1,VNOC,data_vc,0,5,1
3751000,3751,1,NOC_NPS_VNOC_X3Y0,VNOC,credit,1,-1,1
3751000,3751,1,NOC_NPS_VNOC_X3Y0,VNOC,data_vc,1,5,1
3752000,3752,0,NOC_NPS_VNOC_X3Y1,VNOC,credit,0,-1,1
3752000,3752,0,NOC_NPS_VNOC_X3Y1,VNOC,data_vc,0,5,1
3752000,3752,1,NOC_NPS_VNOC_X3Y0,VNOC,credit,1,-1,1
3752000,3752,1,NOC_NPS_VNOC_X3Y0,VNOC,data_vc,1,5,1
3753000,3753,0,NOC_NPS_VNOC_X3Y1,VNOC,credit,0,-1,1
3753000,3753,0,NOC_NPS_VNOC_X3Y1,VNOC,data_vc,0,5,1
3753000,3753,1,NOC_NPS_VNOC_X3Y0,VNOC,credit,1,-1,1
3753000,3753,1,NOC_NPS_VNOC_X3Y0,VNOC,data_vc,1,5,1
3754000,3754,0,NOC_NPS_VNOC_X3Y1,VNOC,credit,0,-1,1
3754000,3754,0,NOC_NPS_VNOC_X3Y1,VNOC,data_vc,0,5,1
3754000,3754,1,NOC_NPS_VNOC_X3Y0,VNOC,credit,1,-1,1
3754000,3754,1,NOC_NPS_VNOC_X3Y0,VNOC,data_vc,1,5,1
3755000,3755,0,NOC_NPS_VNOC_X3Y1,VNOC,credit,0,-1,1
3755000,3755,0,NOC_NPS_VNOC_X3Y1,VNOC,data_vc,0,5,1
3755000,3755,1,NOC_NPS_VNOC_X3Y0,VNOC,credit,1,-1,1
3755000,3755,1,NOC_NPS_VNOC_X3Y0,VNOC,data_vc,1,5,1
3756000,3756,0,NOC_NPS_VNOC_X3Y1,VNOC,credit,0,-1,1
3756000,3756,0,NOC_NPS_VNOC_X3Y1,VNOC,data_vc,0,5,1
3756000,3756,1,NOC_NPS_VNOC_X3Y0,VNOC,credit,1,-1,1
3756000,3756,1,NOC_NPS_VNOC_X3Y0,VNOC,data_vc,1,5,1
3757000,3757,0,NOC_NPS_VNOC_X3Y1,VNOC,credit,0,-1,1
3757000,3757,0,NOC_NPS_VNOC_X3Y1,VNOC,data_vc,0,5,1
3757000,3757,1,NOC_NPS_VNOC_X3Y0,VNOC,credit,1,-1,1
3757000,3757,1,NOC_NPS_VNOC_X3Y0,VNOC,data_vc,1,5,1
3758000,3758,0,NOC_NPS_VNOC_X3Y1,VNOC,credit,0,-1,1
3758000,3758,0,NOC_NPS_VNOC_X3Y1,VNOC,data_vc,0,5,1
3758000,3758,1,NOC_NPS_VNOC_X3Y0,VNOC,credit,1,-1,1
3758000,3758,1,NOC_NPS_VNOC_X3Y0,VNOC,data_vc,1,5,1
3759000,3759,0,NOC_NPS_VNOC_X3Y1,VNOC,credit,0,-1,1
3759000,3759,0,NOC_NPS_VNOC_X3Y1,VNOC,data_vc,0,5,1
3759000,3759,1,NOC_NPS_VNOC_X3Y0,VNOC,credit,1,-1,1
3759000,3759,1,NOC_NPS_VNOC_X3Y0,VNOC,data_vc,1,5,1
3760000,3760,0,NOC_NPS_VNOC_X3Y1,VNOC,credit,0,-1,1
3760000,3760,0,NOC_NPS_VNOC_X3Y1,VNOC,data_vc,0,5,1
3760000,3760,1,NOC_NPS_VNOC_X3Y0,VNOC,credit,1,-1,1
3760000,3760,1,NOC_NPS_VNOC_X3Y0,VNOC,data_vc,1,5,1
3761000,3761,0,NOC_NPS_VNOC_X3Y1,VNOC,credit,0,-1,1
3761000,3761,0,NOC_NPS_VNOC_X3Y1,VNOC,data_vc,0,5,1
3761000,3761,1,NOC_NPS_VNOC_X3Y0,VNOC,credit,1,-1,1
3761000,3761,1,NOC_NPS_VNOC_X3Y0,VNOC,data_vc,1,5,1
3762000,3762,0,NOC_NPS_VNOC_X3Y1,VNOC,credit,0,-1,1
3762000,3762,0,NOC_NPS_VNOC_X3Y1,VNOC,data_vc,0,5,1
3762000,3762,1,NOC_NPS_VNOC_X3Y0,VNOC,credit,1,-1,1
3762000,3762,1,NOC_NPS_VNOC_X3Y0,VNOC,data_vc,1,5,1
3763000,3763,0,NOC_NPS_VNOC_X3Y1,VNOC,credit,0,-1,1
3763000,3763,0,NOC_NPS_VNOC_X3Y1,VNOC,data_vc,0,5,1
3763000,3763,1,NOC_NPS_VNOC_X3Y0,VNOC,credit,1,-1,1
3763000,3763,1,NOC_NPS_VNOC_X3Y0,VNOC,data_vc,1,5,1
3764000,3764,0,NOC_NPS_VNOC_X3Y1,VNOC,credit,0,-1,1
3764000,3764,0,NOC_NPS_VNOC_X3Y1,VNOC,data_vc,0,5,1
3764000,3764,1,NOC_NPS_VNOC_X3Y0,VNOC,credit,1,-1,1
3764000,3764,1,NOC_NPS_VNOC_X3Y0,VNOC,data_vc,1,5,1
3765000,3765,0,NOC_NPS_VNOC_X3Y1,VNOC,credit,0,-1,1
3765000,3765,0,NOC_NPS_VNOC_X3Y1,VNOC,data_vc,0,5,1
3765000,3765,1,NOC_NPS_VNOC_X3Y0,VNOC,credit,1,-1,1
3765000,3765,1,NOC_NPS_VNOC_X3Y0,VNOC,data_vc,1,5,1
3766000,3766,0,NOC_NPS_VNOC_X3Y1,VNOC,credit,0,-1,1
3766000,3766,0,NOC_NPS_VNOC_X3Y1,VNOC,data_vc,0,5,1
3766000,3766,1,NOC_NPS_VNOC_X3Y0,VNOC,credit,1,-1,1
3766000,3766,1,NOC_NPS_VNOC_X3Y0,VNOC,data_vc,1,5,1
3767000,3767,0,NOC_NPS_VNOC_X3Y1,VNOC,credit,0,-1,1
3767000,3767,0,NOC_NPS_VNOC_X3Y1,VNOC,data_vc,0,5,1
3767000,3767,1,NOC_NPS_VNOC_X3Y0,VNOC,credit,1,-1,1
3767000,3767,1,NOC_NPS_VNOC_X3Y0,VNOC,data_vc,1,5,1
3768000,3768,0,NOC_NPS_VNOC_X3Y1,VNOC,credit,0,-1,1
3768000,3768,0,NOC_NPS_VNOC_X3Y1,VNOC,data_vc,0,5,1
3768000,3768,1,NOC_NPS_VNOC_X3Y0,VNOC,credit,1,-1,1
3768000,3768,1,NOC_NPS_VNOC_X3Y0,VNOC,data_vc,1,5,1
3769000,3769,0,NOC_NPS_VNOC_X3Y1,VNOC,credit,0,-1,1
3769000,3769,0,NOC_NPS_VNOC_X3Y1,VNOC,data_vc,0,5,1
3769000,3769,1,NOC_NPS_VNOC_X3Y0,VNOC,credit,1,-1,1
3769000,3769,1,NOC_NPS_VNOC_X3Y0,VNOC,data_vc,1,5,1
3770000,3770,0,NOC_NPS_VNOC_X3Y1,VNOC,credit,0,-1,1
3770000,3770,0,NOC_NPS_VNOC_X3Y1,VNOC,data_vc,0,5,1
3770000,3770,1,NOC_NPS_VNOC_X3Y0,VNOC,credit,1,-1,1
3770000,3770,1,NOC_NPS_VNOC_X3Y0,VNOC,data_vc,1,5,1
3771000,3771,0,NOC_NPS_VNOC_X3Y1,VNOC,credit,0,-1,1
3771000,3771,0,NOC_NPS_VNOC_X3Y1,VNOC,data_vc,0,5,1
3771000,3771,1,NOC_NPS_VNOC_X3Y0,VNOC,credit,1,-1,1
3771000,3771,1,NOC_NPS_VNOC_X3Y0,VNOC,data_vc,1,5,1
3772000,3772,0,NOC_NPS_VNOC_X3Y1,VNOC,credit,0,-1,1
3772000,3772,0,NOC_NPS_VNOC_X3Y1,VNOC,data_vc,0,5,1
3772000,3772,1,NOC_NPS_VNOC_X3Y0,VNOC,credit,1,-1,1
3772000,3772,1,NOC_NPS_VNOC_X3Y0,VNOC,data_vc,1,5,1
3773000,3773,0,NOC_NPS_VNOC_X3Y1,VNOC,credit,0,-1,1
3773000,3773,0,NOC_NPS_VNOC_X3Y1,VNOC,data_vc,0,5,1
3773000,3773,1,NOC_NPS_VNOC_X3Y0,VNOC,credit,1,-1,1
3773000,3773,1,NOC_NPS_VNOC_X3Y0,VNOC,data_vc,1,5,1
3774000,3774,0,NOC_NPS_VNOC_X3Y1,VNOC,credit,0,-1,1
3774000,3774,0,NOC_NPS_VNOC_X3Y1,VNOC,data_vc,0,5,1
3774000,3774,1,NOC_NPS_VNOC_X3Y0,VNOC,credit,1,-1,1
3774000,3774,1,NOC_NPS_VNOC_X3Y0,VNOC,data_vc,1,5,1
3775000,3775,0,NOC_NPS_VNOC_X3Y1,VNOC,credit,0,-1,1
3775000,3775,0,NOC_NPS_VNOC_X3Y1,VNOC,data_vc,0,5,1
3775000,3775,1,NOC_NPS_VNOC_X3Y0,VNOC,credit,1,-1,1
3775000,3775,1,NOC_NPS_VNOC_X3Y0,VNOC,data_vc,1,5,1
3776000,3776,0,NOC_NPS_VNOC_X3Y1,VNOC,credit,0,-1,1
3776000,3776,0,NOC_NPS_VNOC_X3Y1,VNOC,data_vc,0,5,1
3776000,3776,1,NOC_NPS_VNOC_X3Y0,VNOC,credit,1,-1,1
3776000,3776,1,NOC_NPS_VNOC_X3Y0,VNOC,data_vc,1,5,1
3777000,3777,0,NOC_NPS_VNOC_X3Y1,VNOC,credit,0,-1,1
3777000,3777,0,NOC_NPS_VNOC_X3Y1,VNOC,data_vc,0,5,1
3777000,3777,1,NOC_NPS_VNOC_X3Y0,VNOC,credit,1,-1,1
3777000,3777,1,NOC_NPS_VNOC_X3Y0,VNOC,data_vc,1,5,1
3778000,3778,0,NOC_NPS_VNOC_X3Y1,VNOC,credit,0,-1,1
3778000,3778,0,NOC_NPS_VNOC_X3Y1,VNOC,data_vc,0,5,1
3778000,3778,1,NOC_NPS_VNOC_X3Y0,VNOC,credit,1,-1,1
3778000,3778,1,NOC_NPS_VNOC_X3Y0,VNOC,data_vc,1,5,1
3779000,3779,0,NOC_NPS_VNOC_X3Y1,VNOC,credit,0,-1,1
3779000,3779,0,NOC_NPS_VNOC_X3Y1,VNOC,data_vc,0,5,1
3779000,3779,1,NOC_NPS_VNOC_X3Y0,VNOC,credit,1,-1,1
3779000,3779,1,NOC_NPS_VNOC_X3Y0,VNOC,data_vc,1,5,1
3780000,3780,0,NOC_NPS_VNOC_X3Y1,VNOC,credit,0,-1,1
3780000,3780,0,NOC_NPS_VNOC_X3Y1,VNOC,data_vc,0,5,1
3780000,3780,1,NOC_NPS_VNOC_X3Y0,VNOC,credit,1,-1,1
3780000,3780,1,NOC_NPS_VNOC_X3Y0,VNOC,data_vc,1,5,1
3781000,3781,0,NOC_NPS_VNOC_X3Y1,VNOC,credit,0,-1,1
3781000,3781,0,NOC_NPS_VNOC_X3Y1,VNOC,data_vc,0,5,1
3781000,3781,1,NOC_NPS_VNOC_X3Y0,VNOC,credit,1,-1,1
3781000,3781,1,NOC_NPS_VNOC_X3Y0,VNOC,data_vc,1,5,1
3782000,3782,0,NOC_NPS_VNOC_X3Y1,VNOC,credit,0,-1,1
3782000,3782,0,NOC_NPS_VNOC_X3Y1,VNOC,data_vc,0,5,1
3782000,3782,1,NOC_NPS_VNOC_X3Y0,VNOC,credit,1,-1,1
3782000,3782,1,NOC_NPS_VNOC_X3Y0,VNOC,data_vc,1,5,1
3783000,3783,0,NOC_NPS_VNOC_X3Y1,VNOC,credit,0,-1,1
3783000,3783,0,NOC_NPS_VNOC_X3Y1,VNOC,data_vc,0,5,1
3783000,3783,1,NOC_NPS_VNOC_X3Y0,VNOC,credit,1,-1,1
3783000,3783,1,NOC_NPS_VNOC_X3Y0,VNOC,data_vc,1,5,1
3784000,3784,0,NOC_NPS_VNOC_X3Y1,VNOC,credit,0,-1,1
3784000,3784,0,NOC_NPS_VNOC_X3Y1,VNOC,data_vc,0,5,1
3784000,3784,1,NOC_NPS_VNOC_X3Y0,VNOC,credit,1,-1,1
3784000,3784,1,NOC_NPS_VNOC_X3Y0,VNOC,data_vc,1,5,1
3785000,3785,0,NOC_NPS_VNOC_X3Y1,VNOC,credit,0,-1,1
3785000,3785,0,NOC_NPS_VNOC_X3Y1,VNOC,data_vc,0,5,1
3785000,3785,1,NOC_NPS_VNOC_X3Y0,VNOC,credit,1,-1,1
3785000,3785,1,NOC_NPS_VNOC_X3Y0,VNOC,data_vc,1,5,1
3786000,3786,0,NOC_NPS_VNOC_X3Y1,VNOC,credit,0,-1,1
3786000,3786,0,NOC_NPS_VNOC_X3Y1,VNOC,data_vc,0,5,1
3786000,3786,1,NOC_NPS_VNOC_X3Y0,VNOC,credit,1,-1,1
3786000,3786,1,NOC_NPS_VNOC_X3Y0,VNOC,data_vc,1,5,1
3787000,3787,0,NOC_NPS_VNOC_X3Y1,VNOC,credit,0,-1,1
3787000,3787,0,NOC_NPS_VNOC_X3Y1,VNOC,data_vc,0,5,1
3787000,3787,1,NOC_NPS_VNOC_X3Y0,VNOC,credit,1,-1,1
3787000,3787,1,NOC_NPS_VNOC_X3Y0,VNOC,data_vc,1,5,1
3788000,3788,0,NOC_NPS_VNOC_X3Y1,VNOC,credit,0,-1,1
3788000,3788,0,NOC_NPS_VNOC_X3Y1,VNOC,data_vc,0,5,1
3788000,3788,1,NOC_NPS_VNOC_X3Y0,VNOC,credit,1,-1,1
3788000,3788,1,NOC_NPS_VNOC_X3Y0,VNOC,data_vc,1,5,1
3789000,3789,0,NOC_NPS_VNOC_X3Y1,VNOC,credit,0,-1,1
3789000,3789,0,NOC_NPS_VNOC_X3Y1,VNOC,data_vc,0,5,1
3789000,3789,1,NOC_NPS_VNOC_X3Y0,VNOC,credit,1,-1,1
3789000,3789,1,NOC_NPS_VNOC_X3Y0,VNOC,data_vc,1,5,1
3790000,3790,0,NOC_NPS_VNOC_X3Y1,VNOC,credit,0,-1,1
3790000,3790,0,NOC_NPS_VNOC_X3Y1,VNOC,data_vc,0,5,1
3790000,3790,1,NOC_NPS_VNOC_X3Y0,VNOC,credit,1,-1,1
3790000,3790,1,NOC_NPS_VNOC_X3Y0,VNOC,data_vc,1,5,1
3791000,3791,0,NOC_NPS_VNOC_X3Y1,VNOC,credit,0,-1,1
3791000,3791,0,NOC_NPS_VNOC_X3Y1,VNOC,data_vc,0,5,1
3791000,3791,1,NOC_NPS_VNOC_X3Y0,VNOC,credit,1,-1,1
3791000,3791,1,NOC_NPS_VNOC_X3Y0,VNOC,data_vc,1,5,1
3792000,3792,0,NOC_NPS_VNOC_X3Y1,VNOC,credit,0,-1,1
3792000,3792,0,NOC_NPS_VNOC_X3Y1,VNOC,data_vc,0,5,1
3792000,3792,1,NOC_NPS_VNOC_X3Y0,VNOC,credit,1,-1,1
3792000,3792,1,NOC_NPS_VNOC_X3Y0,VNOC,data_vc,1,5,1
3793000,3793,0,NOC_NPS_VNOC_X3Y1,VNOC,credit,0,-1,1
3793000,3793,0,NOC_NPS_VNOC_X3Y1,VNOC,data_vc,0,5,1
3793000,3793,1,NOC_NPS_VNOC_X3Y0,VNOC,credit,1,-1,1
3793000,3793,1,NOC_NPS_VNOC_X3Y0,VNOC,data_vc,1,5,1
3794000,3794,0,NOC_NPS_VNOC_X3Y1,VNOC,credit,0,-1,1
3794000,3794,0,NOC_NPS_VNOC_X3Y1,VNOC,data_vc,0,5,1
3794000,3794,1,NOC_NPS_VNOC_X3Y0,VNOC,credit,1,-1,1
3794000,3794,1,NOC_NPS_VNOC_X3Y0,VNOC,data_vc,1,5,1
3795000,3795,0,NOC_NPS_VNOC_X3Y1,VNOC,credit,0,-1,1
3795000,3795,0,NOC_NPS_VNOC_X3Y1,VNOC,data_vc,0,5,1
3795000,3795,1,NOC_NPS_VNOC_X3Y0,VNOC,credit,1,-1,1
3795000,3795,1,NOC_NPS_VNOC_X3Y0,VNOC,data_vc,1,5,1
3796000,3796,0,NOC_NPS_VNOC_X3Y1,VNOC,credit,0,-1,1
3796000,3796,0,NOC_NPS_VNOC_X3Y1,VNOC,data_vc,0,5,1
3796000,3796,1,NOC_NPS_VNOC_X3Y0,VNOC,credit,1,-1,1
3796000,3796,1,NOC_NPS_VNOC_X3Y0,VNOC,data_vc,1,5,1
3797000,3797,0,NOC_NPS_VNOC_X3Y1,VNOC,credit,0,-1,1
3797000,3797,0,NOC_NPS_VNOC_X3Y1,VNOC,data_vc,0,5,1
3797000,3797,1,NOC_NPS_VNOC_X3Y0,VNOC,credit,1,-1,1
3797000,3797,1,NOC_NPS_VNOC_X3Y0,VNOC,data_vc,1,5,1
3798000,3798,0,NOC_NPS_VNOC_X3Y1,VNOC,credit,0,-1,1
3798000,3798,0,NOC_NPS_VNOC_X3Y1,VNOC,data_vc,0,5,1
3798000,3798,1,NOC_NPS_VNOC_X3Y0,VNOC,credit,1,-1,1
3798000,3798,1,NOC_NPS_VNOC_X3Y0,VNOC,data_vc,1,5,1
3799000,3799,0,NOC_NPS_VNOC_X3Y1,VNOC,credit,0,-1,1
3799000,3799,0,NOC_NPS_VNOC_X3Y1,VNOC,data_vc,0,5,1
3799000,3799,1,NOC_NPS_VNOC_X3Y0,VNOC,credit,1,-1,1
3799000,3799,1,NOC_NPS_VNOC_X3Y0,VNOC,data_vc,1,5,1
3800000,3800,0,NOC_NPS_VNOC_X3Y1,VNOC,credit,0,-1,1
3800000,3800,0,NOC_NPS_VNOC_X3Y1,VNOC,data_vc,0,5,1
3800000,3800,1,NOC_NPS_VNOC_X3Y0,VNOC,credit,1,-1,1
3800000,3800,1,NOC_NPS_VNOC_X3Y0,VNOC,data_vc,1,5,1
3801000,3801,0,NOC_NPS_VNOC_X3Y1,VNOC,credit,0,-1,1
3801000,3801,0,NOC_NPS_VNOC_X3Y1,VNOC,data_vc,0,5,1
3801000,3801,1,NOC_NPS_VNOC_X3Y0,VNOC,credit,1,-1,1
3801000,3801,1,NOC_NPS_VNOC_X3Y0,VNOC,data_vc,1,5,1
3802000,3802,0,NOC_NPS_VNOC_X3Y1,VNOC,credit,0,-1,1
3802000,3802,0,NOC_NPS_VNOC_X3Y1,VNOC,data_vc,0,5,1
3802000,3802,1,NOC_NPS_VNOC_X3Y0,VNOC,credit,1,-1,1
3802000,3802,1,NOC_NPS_VNOC_X3Y0,VNOC,data_vc,1,5,1
3803000,3803,0,NOC_NPS_VNOC_X3Y1,VNOC,credit,0,-1,1
3803000,3803,0,NOC_NPS_VNOC_X3Y1,VNOC,data_vc,0,5,1
3803000,3803,1,NOC_NPS_VNOC_X3Y0,VNOC,credit,1,-1,1
3803000,3803,1,NOC_NPS_VNOC_X3Y0,VNOC,data_vc,1,5,1
3804000,3804,0,NOC_NPS_VNOC_X3Y1,VNOC,credit,0,-1,1
3804000,3804,0,NOC_NPS_VNOC_X3Y1,VNOC,data_vc,0,5,1
3804000,3804,1,NOC_NPS_VNOC_X3Y0,VNOC,credit,1,-1,1
3804000,3804,1,NOC_NPS_VNOC_X3Y0,VNOC,data_vc,1,5,1
3805000,3805,0,NOC_NPS_VNOC_X3Y1,VNOC,credit,0,-1,1
3805000,3805,0,NOC_NPS_VNOC_X3Y1,VNOC,data_vc,0,5,1
3805000,3805,1,NOC_NPS_VNOC_X3Y0,VNOC,credit,1,-1,1
3805000,3805,1,NOC_NPS_VNOC_X3Y0,VNOC,data_vc,1,5,1
3806000,3806,0,NOC_NPS_VNOC_X3Y1,VNOC,credit,0,-1,1
3806000,3806,0,NOC_NPS_VNOC_X3Y1,VNOC,data_vc,0,5,1
3806000,3806,1,NOC_NPS_VNOC_X3Y0,VNOC,credit,1,-1,1
3806000,3806,1,NOC_NPS_VNOC_X3Y0,VNOC,data_vc,1,5,1
3807000,3807,0,NOC_NPS_VNOC_X3Y1,VNOC,credit,0,-1,1
3807000,3807,0,NOC_NPS_VNOC_X3Y1,VNOC,data_vc,0,5,1
3807000,3807,1,NOC_NPS_VNOC_X3Y0,VNOC,credit,1,-1,1
3807000,3807,1,NOC_NPS_VNOC_X3Y0,VNOC,data_vc,1,5,1
3808000,3808,0,NOC_NPS_VNOC_X3Y1,VNOC,credit,0,-1,1
3808000,3808,0,NOC_NPS_VNOC_X3Y1,VNOC,data_vc,0,5,1
3808000,3808,1,NOC_NPS_VNOC_X3Y0,VNOC,credit,1,-1,1
3808000,3808,1,NOC_NPS_VNOC_X3Y0,VNOC,data_vc,1,5,1
3809000,3809,0,NOC_NPS_VNOC_X3Y1,VNOC,credit,0,-1,1
3809000,3809,0,NOC_NPS_VNOC_X3Y1,VNOC,data_vc,0,5,1
3809000,3809,1,NOC_NPS_VNOC_X3Y0,VNOC,credit,1,-1,1
3809000,3809,1,NOC_NPS_VNOC_X3Y0,VNOC,data_vc,1,5,1
3810000,3810,0,NOC_NPS_VNOC_X3Y1,VNOC,credit,0,-1,1
3810000,3810,0,NOC_NPS_VNOC_X3Y1,VNOC,data_vc,0,5,1
3810000,3810,1,NOC_NPS_VNOC_X3Y0,VNOC,credit,1,-1,1
3810000,3810,1,NOC_NPS_VNOC_X3Y0,VNOC,data_vc,1,5,1
3811000,3811,0,NOC_NPS_VNOC_X3Y1,VNOC,credit,0,-1,1
3811000,3811,0,NOC_NPS_VNOC_X3Y1,VNOC,data_vc,0,5,1
3811000,3811,1,NOC_NPS_VNOC_X3Y0,VNOC,credit,1,-1,1
3811000,3811,1,NOC_NPS_VNOC_X3Y0,VNOC,data_vc,1,5,1
3812000,3812,0,NOC_NPS_VNOC_X3Y1,VNOC,credit,0,-1,1
3812000,3812,0,NOC_NPS_VNOC_X3Y1,VNOC,data_vc,0,5,1
3812000,3812,1,NOC_NPS_VNOC_X3Y0,VNOC,credit,1,-1,1
3812000,3812,1,NOC_NPS_VNOC_X3Y0,VNOC,data_vc,1,5,1
3813000,3813,0,NOC_NPS_VNOC_X3Y1,VNOC,credit,0,-1,1
3813000,3813,0,NOC_NPS_VNOC_X3Y1,VNOC,data_vc,0,5,1
3813000,3813,1,NOC_NPS_VNOC_X3Y0,VNOC,credit,1,-1,1
3813000,3813,1,NOC_NPS_VNOC_X3Y0,VNOC,data_vc,1,5,1
3814000,3814,0,NOC_NPS_VNOC_X3Y1,VNOC,credit,0,-1,1
3814000,3814,0,NOC_NPS_VNOC_X3Y1,VNOC,data_vc,0,5,1
3814000,3814,1,NOC_NPS_VNOC_X3Y0,VNOC,credit,1,-1,1
3814000,3814,1,NOC_NPS_VNOC_X3Y0,VNOC,data_vc,1,5,1
3815000,3815,0,NOC_NPS_VNOC_X3Y1,VNOC,credit,0,-1,1
3815000,3815,0,NOC_NPS_VNOC_X3Y1,VNOC,data_vc,0,5,1
3815000,3815,1,NOC_NPS_VNOC_X3Y0,VNOC,credit,1,-1,1
3815000,3815,1,NOC_NPS_VNOC_X3Y0,VNOC,data_vc,1,5,1
3816000,3816,0,NOC_NPS_VNOC_X3Y1,VNOC,credit,0,-1,1
3816000,3816,0,NOC_NPS_VNOC_X3Y1,VNOC,data_vc,0,5,1
3816000,3816,1,NOC_NPS_VNOC_X3Y0,VNOC,credit,1,-1,1
3816000,3816,1,NOC_NPS_VNOC_X3Y0,VNOC,data_vc,1,5,1
3817000,3817,0,NOC_NPS_VNOC_X3Y1,VNOC,credit,0,-1,1
3817000,3817,0,NOC_NPS_VNOC_X3Y1,VNOC,data_vc,0,5,1
3817000,3817,1,NOC_NPS_VNOC_X3Y0,VNOC,credit,1,-1,1
3817000,3817,1,NOC_NPS_VNOC_X3Y0,VNOC,data_vc,1,5,1
3818000,3818,0,NOC_NPS_VNOC_X3Y1,VNOC,credit,0,-1,1
3818000,3818,0,NOC_NPS_VNOC_X3Y1,VNOC,data_vc,0,5,1
3818000,3818,1,NOC_NPS_VNOC_X3Y0,VNOC,credit,1,-1,1
3818000,3818,1,NOC_NPS_VNOC_X3Y0,VNOC,data_vc,1,5,1
3819000,3819,0,NOC_NPS_VNOC_X3Y1,VNOC,credit,0,-1,1
3819000,3819,0,NOC_NPS_VNOC_X3Y1,VNOC,data_vc,0,5,1
3819000,3819,1,NOC_NPS_VNOC_X3Y0,VNOC,credit,1,-1,1
3819000,3819,1,NOC_NPS_VNOC_X3Y0,VNOC,data_vc,1,5,1
3820000,3820,0,NOC_NPS_VNOC_X3Y1,VNOC,credit,0,-1,1
3820000,3820,0,NOC_NPS_VNOC_X3Y1,VNOC,data_vc,0,5,1
3820000,3820,1,NOC_NPS_VNOC_X3Y0,VNOC,credit,1,-1,1
3820000,3820,1,NOC_NPS_VNOC_X3Y0,VNOC,data_vc,1,5,1
3821000,3821,0,NOC_NPS_VNOC_X3Y1,VNOC,credit,0,-1,1
3821000,3821,0,NOC_NPS_VNOC_X3Y1,VNOC,data_vc,0,5,1
3821000,3821,1,NOC_NPS_VNOC_X3Y0,VNOC,credit,1,-1,1
3821000,3821,1,NOC_NPS_VNOC_X3Y0,VNOC,data_vc,1,5,1
3822000,3822,0,NOC_NPS_VNOC_X3Y1,VNOC,credit,0,-1,1
3822000,3822,0,NOC_NPS_VNOC_X3Y1,VNOC,data_vc,0,5,1
3822000,3822,1,NOC_NPS_VNOC_X3Y0,VNOC,credit,1,-1,1
3822000,3822,1,NOC_NPS_VNOC_X3Y0,VNOC,data_vc,1,5,1
3823000,3823,0,NOC_NPS_VNOC_X3Y1,VNOC,credit,0,-1,1
3823000,3823,0,NOC_NPS_VNOC_X3Y1,VNOC,data_vc,0,5,1
3823000,3823,1,NOC_NPS_VNOC_X3Y0,VNOC,credit,1,-1,1
3823000,3823,1,NOC_NPS_VNOC_X3Y0,VNOC,data_vc,1,5,1
3824000,3824,0,NOC_NPS_VNOC_X3Y1,VNOC,credit,0,-1,1
3824000,3824,0,NOC_NPS_VNOC_X3Y1,VNOC,data_vc,0,5,1
3824000,3824,1,NOC_NPS_VNOC_X3Y0,VNOC,credit,1,-1,1
3824000,3824,1,NOC_NPS_VNOC_X3Y0,VNOC,data_vc,1,5,1
3825000,3825,0,NOC_NPS_VNOC_X3Y1,VNOC,credit,0,-1,1
3825000,3825,0,NOC_NPS_VNOC_X3Y1,VNOC,data_vc,0,5,1
3825000,3825,1,NOC_NPS_VNOC_X3Y0,VNOC,credit,1,-1,1
3825000,3825,1,NOC_NPS_VNOC_X3Y0,VNOC,data_vc,1,5,1
3826000,3826,0,NOC_NPS_VNOC_X3Y1,VNOC,credit,0,-1,1
3826000,3826,0,NOC_NPS_VNOC_X3Y1,VNOC,data_vc,0,5,1
3826000,3826,1,NOC_NPS_VNOC_X3Y0,VNOC,credit,1,-1,1
3826000,3826,1,NOC_NPS_VNOC_X3Y0,VNOC,data_vc,1,5,1
3827000,3827,0,NOC_NPS_VNOC_X3Y1,VNOC,credit,0,-1,1
3827000,3827,0,NOC_NPS_VNOC_X3Y1,VNOC,data_vc,0,5,1
3827000,3827,1,NOC_NPS_VNOC_X3Y0,VNOC,credit,1,-1,1
3827000,3827,1,NOC_NPS_VNOC_X3Y0,VNOC,data_vc,1,5,1
3828000,3828,0,NOC_NPS_VNOC_X3Y1,VNOC,credit,0,-1,1
3828000,3828,0,NOC_NPS_VNOC_X3Y1,VNOC,data_vc,0,5,1
3828000,3828,1,NOC_NPS_VNOC_X3Y0,VNOC,credit,1,-1,1
3828000,3828,1,NOC_NPS_VNOC_X3Y0,VNOC,data_vc,1,5,1
3829000,3829,0,NOC_NPS_VNOC_X3Y1,VNOC,credit,0,-1,1
3829000,3829,0,NOC_NPS_VNOC_X3Y1,VNOC,data_vc,0,5,1
3829000,3829,1,NOC_NPS_VNOC_X3Y0,VNOC,credit,1,-1,1
3829000,3829,1,NOC_NPS_VNOC_X3Y0,VNOC,data_vc,1,5,1
3830000,3830,0,NOC_NPS_VNOC_X3Y1,VNOC,credit,0,-1,1
3830000,3830,0,NOC_NPS_VNOC_X3Y1,VNOC,data_vc,0,5,1
3830000,3830,1,NOC_NPS_VNOC_X3Y0,VNOC,credit,1,-1,1
3830000,3830,1,NOC_NPS_VNOC_X3Y0,VNOC,data_vc,1,5,1
3831000,3831,0,NOC_NPS_VNOC_X3Y1,VNOC,credit,0,-1,1
3831000,3831,0,NOC_NPS_VNOC_X3Y1,VNOC,data_vc,0,5,1
3831000,3831,1,NOC_NPS_VNOC_X3Y0,VNOC,credit,1,-1,1
3831000,3831,1,NOC_NPS_VNOC_X3Y0,VNOC,data_vc,1,5,1
3832000,3832,0,NOC_NPS_VNOC_X3Y1,VNOC,credit,0,-1,1
3832000,3832,0,NOC_NPS_VNOC_X3Y1,VNOC,data_vc,0,5,1
3832000,3832,1,NOC_NPS_VNOC_X3Y0,VNOC,credit,1,-1,1
3832000,3832,1,NOC_NPS_VNOC_X3Y0,VNOC,data_vc,1,5,1
3833000,3833,0,NOC_NPS_VNOC_X3Y1,VNOC,credit,0,-1,1
3833000,3833,0,NOC_NPS_VNOC_X3Y1,VNOC,data_vc,0,5,1
3833000,3833,1,NOC_NPS_VNOC_X3Y0,VNOC,credit,1,-1,1
3833000,3833,1,NOC_NPS_VNOC_X3Y0,VNOC,data_vc,1,5,1
3834000,3834,0,NOC_NPS_VNOC_X3Y1,VNOC,credit,0,-1,1
3834000,3834,0,NOC_NPS_VNOC_X3Y1,VNOC,data_vc,0,5,1
3834000,3834,1,NOC_NPS_VNOC_X3Y0,VNOC,credit,1,-1,1
3834000,3834,1,NOC_NPS_VNOC_X3Y0,VNOC,data_vc,1,5,1
3835000,3835,0,NOC_NPS_VNOC_X3Y1,VNOC,credit,0,-1,1
3835000,3835,0,NOC_NPS_VNOC_X3Y1,VNOC,data_vc,0,5,1
3835000,3835,1,NOC_NPS_VNOC_X3Y0,VNOC,credit,1,-1,1
3835000,3835,1,NOC_NPS_VNOC_X3Y0,VNOC,data_vc,1,5,1
3836000,3836,0,NOC_NPS_VNOC_X3Y1,VNOC,credit,0,-1,1
3836000,3836,0,NOC_NPS_VNOC_X3Y1,VNOC,data_vc,0,5,1
3836000,3836,1,NOC_NPS_VNOC_X3Y0,VNOC,credit,1,-1,1
3836000,3836,1,NOC_NPS_VNOC_X3Y0,VNOC,data_vc,1,5,1
3837000,3837,0,NOC_NPS_VNOC_X3Y1,VNOC,credit,0,-1,1
3837000,3837,0,NOC_NPS_VNOC_X3Y1,VNOC,data_vc,0,5,1
3837000,3837,1,NOC_NPS_VNOC_X3Y0,VNOC,credit,1,-1,1
3837000,3837,1,NOC_NPS_VNOC_X3Y0,VNOC,data_vc,1,5,1
3838000,3838,0,NOC_NPS_VNOC_X3Y1,VNOC,credit,0,-1,1
3838000,3838,0,NOC_NPS_VNOC_X3Y1,VNOC,data_vc,0,5,1
3838000,3838,1,NOC_NPS_VNOC_X3Y0,VNOC,credit,1,-1,1
3838000,3838,1,NOC_NPS_VNOC_X3Y0,VNOC,data_vc,1,5,1
3839000,3839,0,NOC_NPS_VNOC_X3Y1,VNOC,credit,0,-1,1
3839000,3839,0,NOC_NPS_VNOC_X3Y1,VNOC,data_vc,0,5,1
3839000,3839,1,NOC_NPS_VNOC_X3Y0,VNOC,credit,1,-1,1
3839000,3839,1,NOC_NPS_VNOC_X3Y0,VNOC,data_vc,1,5,1
3840000,3840,0,NOC_NPS_VNOC_X3Y1,VNOC,credit,0,-1,1
3840000,3840,0,NOC_NPS_VNOC_X3Y1,VNOC,data_vc,0,5,1
3840000,3840,1,NOC_NPS_VNOC_X3Y0,VNOC,credit,1,-1,1
3840000,3840,1,NOC_NPS_VNOC_X3Y0,VNOC,data_vc,1,5,1
3841000,3841,0,NOC_NPS_VNOC_X3Y1,VNOC,credit,0,-1,1
3841000,3841,0,NOC_NPS_VNOC_X3Y1,VNOC,data_vc,0,5,1
3841000,3841,1,NOC_NPS_VNOC_X3Y0,VNOC,credit,1,-1,1
3841000,3841,1,NOC_NPS_VNOC_X3Y0,VNOC,data_vc,1,5,1
3842000,3842,0,NOC_NPS_VNOC_X3Y1,VNOC,credit,0,-1,1
3842000,3842,0,NOC_NPS_VNOC_X3Y1,VNOC,data_vc,0,5,1
3842000,3842,1,NOC_NPS_VNOC_X3Y0,VNOC,credit,1,-1,1
3842000,3842,1,NOC_NPS_VNOC_X3Y0,VNOC,data_vc,1,5,1
3843000,3843,0,NOC_NPS_VNOC_X3Y1,VNOC,credit,0,-1,1
3843000,3843,0,NOC_NPS_VNOC_X3Y1,VNOC,data_vc,0,5,1
3843000,3843,1,NOC_NPS_VNOC_X3Y0,VNOC,credit,1,-1,1
3843000,3843,1,NOC_NPS_VNOC_X3Y0,VNOC,data_vc,1,5,1
3844000,3844,0,NOC_NPS_VNOC_X3Y1,VNOC,credit,0,-1,1
3844000,3844,0,NOC_NPS_VNOC_X3Y1,VNOC,data_vc,0,5,1
3844000,3844,1,NOC_NPS_VNOC_X3Y0,VNOC,credit,1,-1,1
3844000,3844,1,NOC_NPS_VNOC_X3Y0,VNOC,data_vc,1,5,1
3845000,3845,0,NOC_NPS_VNOC_X3Y1,VNOC,credit,0,-1,1
3845000,3845,0,NOC_NPS_VNOC_X3Y1,VNOC,data_vc,0,5,1
3845000,3845,1,NOC_NPS_VNOC_X3Y0,VNOC,credit,1,-1,1
3845000,3845,1,NOC_NPS_VNOC_X3Y0,VNOC,data_vc,1,5,1
3846000,3846,0,NOC_NPS_VNOC_X3Y1,VNOC,credit,0,-1,1
3846000,3846,0,NOC_NPS_VNOC_X3Y1,VNOC,data_vc,0,5,1
3846000,3846,1,NOC_NPS_VNOC_X3Y0,VNOC,credit,1,-1,1
3846000,3846,1,NOC_NPS_VNOC_X3Y0,VNOC,data_vc,1,5,1
3847000,3847,0,NOC_NPS_VNOC_X3Y1,VNOC,credit,0,-1,1
3847000,3847,0,NOC_NPS_VNOC_X3Y1,VNOC,data_vc,0,5,1
3847000,3847,1,NOC_NPS_VNOC_X3Y0,VNOC,credit,1,-1,1
3847000,3847,1,NOC_NPS_VNOC_X3Y0,VNOC,data_vc,1,5,1
3848000,3848,0,NOC_NPS_VNOC_X3Y1,VNOC,credit,0,-1,1
3848000,3848,0,NOC_NPS_VNOC_X3Y1,VNOC,data_vc,0,5,1
3848000,3848,1,NOC_NPS_VNOC_X3Y0,VNOC,credit,1,-1,1
3848000,3848,1,NOC_NPS_VNOC_X3Y0,VNOC,data_vc,1,5,1
3849000,3849,0,NOC_NPS_VNOC_X3Y1,VNOC,credit,0,-1,1
3849000,3849,0,NOC_NPS_VNOC_X3Y1,VNOC,data_vc,0,5,1
3849000,3849,1,NOC_NPS_VNOC_X3Y0,VNOC,credit,1,-1,1
3849000,3849,1,NOC_NPS_VNOC_X3Y0,VNOC,data_vc,1,5,1
3850000,3850,0,NOC_NPS_VNOC_X3Y1,VNOC,credit,0,-1,1
3850000,3850,0,NOC_NPS_VNOC_X3Y1,VNOC,data_vc,0,5,1
3850000,3850,1,NOC_NPS_VNOC_X3Y0,VNOC,credit,1,-1,1
3850000,3850,1,NOC_NPS_VNOC_X3Y0,VNOC,data_vc,1,5,1
3851000,3851,0,NOC_NPS_VNOC_X3Y1,VNOC,credit,0,-1,1
3851000,3851,0,NOC_NPS_VNOC_X3Y1,VNOC,data_vc,0,5,1
3851000,3851,1,NOC_NPS_VNOC_X3Y0,VNOC,credit,1,-1,1
3851000,3851,1,NOC_NPS_VNOC_X3Y0,VNOC,data_vc,1,5,1
3852000,3852,0,NOC_NPS_VNOC_X3Y1,VNOC,credit,0,-1,1
3852000,3852,0,NOC_NPS_VNOC_X3Y1,VNOC,data_vc,0,5,1
3852000,3852,1,NOC_NPS_VNOC_X3Y0,VNOC,credit,1,-1,1
3852000,3852,1,NOC_NPS_VNOC_X3Y0,VNOC,data_vc,1,5,1
3853000,3853,0,NOC_NPS_VNOC_X3Y1,VNOC,credit,0,-1,1
3853000,3853,0,NOC_NPS_VNOC_X3Y1,VNOC,data_vc,0,5,1
3853000,3853,1,NOC_NPS_VNOC_X3Y0,VNOC,credit,1,-1,1
3853000,3853,1,NOC_NPS_VNOC_X3Y0,VNOC,data_vc,1,5,1
3854000,3854,0,NOC_NPS_VNOC_X3Y1,VNOC,credit,0,-1,1
3854000,3854,0,NOC_NPS_VNOC_X3Y1,VNOC,data_vc,0,5,1
3854000,3854,1,NOC_NPS_VNOC_X3Y0,VNOC,credit,1,-1,1
3854000,3854,1,NOC_NPS_VNOC_X3Y0,VNOC,data_vc,1,5,1
3855000,3855,0,NOC_NPS_VNOC_X3Y1,VNOC,credit,0,-1,1
3855000,3855,0,NOC_NPS_VNOC_X3Y1,VNOC,data_vc,0,5,1
3855000,3855,1,NOC_NPS_VNOC_X3Y0,VNOC,credit,1,-1,1
3855000,3855,1,NOC_NPS_VNOC_X3Y0,VNOC,data_vc,1,5,1
3856000,3856,0,NOC_NPS_VNOC_X3Y1,VNOC,credit,0,-1,1
3856000,3856,0,NOC_NPS_VNOC_X3Y1,VNOC,data_vc,0,5,1
3856000,3856,1,NOC_NPS_VNOC_X3Y0,VNOC,credit,1,-1,1
3856000,3856,1,NOC_NPS_VNOC_X3Y0,VNOC,data_vc,1,5,1
3857000,3857,0,NOC_NPS_VNOC_X3Y1,VNOC,credit,0,-1,1
3857000,3857,0,NOC_NPS_VNOC_X3Y1,VNOC,data_vc,0,5,1
3857000,3857,1,NOC_NPS_VNOC_X3Y0,VNOC,credit,1,-1,1
3857000,3857,1,NOC_NPS_VNOC_X3Y0,VNOC,data_vc,1,5,1
3858000,3858,0,NOC_NPS_VNOC_X3Y1,VNOC,credit,0,-1,1
3858000,3858,0,NOC_NPS_VNOC_X3Y1,VNOC,data_vc,0,5,1
3858000,3858,1,NOC_NPS_VNOC_X3Y0,VNOC,credit,1,-1,1
3858000,3858,1,NOC_NPS_VNOC_X3Y0,VNOC,data_vc,1,5,1
3859000,3859,0,NOC_NPS_VNOC_X3Y1,VNOC,credit,0,-1,1
3859000,3859,0,NOC_NPS_VNOC_X3Y1,VNOC,data_vc,0,5,1
3859000,3859,1,NOC_NPS_VNOC_X3Y0,VNOC,credit,1,-1,1
3859000,3859,1,NOC_NPS_VNOC_X3Y0,VNOC,data_vc,1,5,1
3860000,3860,0,NOC_NPS_VNOC_X3Y1,VNOC,credit,0,-1,1
3860000,3860,0,NOC_NPS_VNOC_X3Y1,VNOC,data_vc,0,5,1
3860000,3860,1,NOC_NPS_VNOC_X3Y0,VNOC,credit,1,-1,1
3860000,3860,1,NOC_NPS_VNOC_X3Y0,VNOC,data_vc,1,5,1
3861000,3861,0,NOC_NPS_VNOC_X3Y1,VNOC,credit,0,-1,1
3861000,3861,0,NOC_NPS_VNOC_X3Y1,VNOC,data_vc,0,5,1
3861000,3861,1,NOC_NPS_VNOC_X3Y0,VNOC,credit,1,-1,1
3861000,3861,1,NOC_NPS_VNOC_X3Y0,VNOC,data_vc,1,5,1
3862000,3862,0,NOC_NPS_VNOC_X3Y1,VNOC,credit,0,-1,1
3862000,3862,0,NOC_NPS_VNOC_X3Y1,VNOC,data_vc,0,5,1
3862000,3862,1,NOC_NPS_VNOC_X3Y0,VNOC,credit,1,-1,1
3862000,3862,1,NOC_NPS_VNOC_X3Y0,VNOC,data_vc,1,5,1
3863000,3863,0,NOC_NPS_VNOC_X3Y1,VNOC,credit,0,-1,1
3863000,3863,0,NOC_NPS_VNOC_X3Y1,VNOC,data_vc,0,5,1
3863000,3863,1,NOC_NPS_VNOC_X3Y0,VNOC,credit,1,-1,1
3863000,3863,1,NOC_NPS_VNOC_X3Y0,VNOC,data_vc,1,5,1
3864000,3864,0,NOC_NPS_VNOC_X3Y1,VNOC,credit,0,-1,1
3864000,3864,0,NOC_NPS_VNOC_X3Y1,VNOC,data_vc,0,5,1
3864000,3864,1,NOC_NPS_VNOC_X3Y0,VNOC,credit,1,-1,1
3864000,3864,1,NOC_NPS_VNOC_X3Y0,VNOC,data_vc,1,5,1
3865000,3865,0,NOC_NPS_VNOC_X3Y1,VNOC,credit,0,-1,1
3865000,3865,0,NOC_NPS_VNOC_X3Y1,VNOC,data_vc,0,5,1
3865000,3865,1,NOC_NPS_VNOC_X3Y0,VNOC,credit,1,-1,1
3865000,3865,1,NOC_NPS_VNOC_X3Y0,VNOC,data_vc,1,5,1
3866000,3866,0,NOC_NPS_VNOC_X3Y1,VNOC,credit,0,-1,1
3866000,3866,0,NOC_NPS_VNOC_X3Y1,VNOC,data_vc,0,5,1
3866000,3866,1,NOC_NPS_VNOC_X3Y0,VNOC,credit,1,-1,1
3866000,3866,1,NOC_NPS_VNOC_X3Y0,VNOC,data_vc,1,5,1
3867000,3867,0,NOC_NPS_VNOC_X3Y1,VNOC,credit,0,-1,1
3867000,3867,0,NOC_NPS_VNOC_X3Y1,VNOC,data_vc,0,5,1
3867000,3867,1,NOC_NPS_VNOC_X3Y0,VNOC,credit,1,-1,1
3867000,3867,1,NOC_NPS_VNOC_X3Y0,VNOC,data_vc,1,5,1
3868000,3868,0,NOC_NPS_VNOC_X3Y1,VNOC,credit,0,-1,1
3868000,3868,0,NOC_NPS_VNOC_X3Y1,VNOC,data_vc,0,5,1
3868000,3868,1,NOC_NPS_VNOC_X3Y0,VNOC,credit,1,-1,1
3868000,3868,1,NOC_NPS_VNOC_X3Y0,VNOC,data_vc,1,5,1
3869000,3869,0,NOC_NPS_VNOC_X3Y1,VNOC,credit,0,-1,1
3869000,3869,0,NOC_NPS_VNOC_X3Y1,VNOC,data_vc,0,5,1
3869000,3869,1,NOC_NPS_VNOC_X3Y0,VNOC,credit,1,-1,1
3869000,3869,1,NOC_NPS_VNOC_X3Y0,VNOC,data_vc,1,5,1
3870000,3870,0,NOC_NPS_VNOC_X3Y1,VNOC,credit,0,-1,1
3870000,3870,0,NOC_NPS_VNOC_X3Y1,VNOC,data_vc,0,5,1
3870000,3870,1,NOC_NPS_VNOC_X3Y0,VNOC,credit,1,-1,1
3870000,3870,1,NOC_NPS_VNOC_X3Y0,VNOC,data_vc,1,5,1
3871000,3871,0,NOC_NPS_VNOC_X3Y1,VNOC,credit,0,-1,1
3871000,3871,0,NOC_NPS_VNOC_X3Y1,VNOC,data_vc,0,5,1
3871000,3871,1,NOC_NPS_VNOC_X3Y0,VNOC,credit,1,-1,1
3871000,3871,1,NOC_NPS_VNOC_X3Y0,VNOC,data_vc,1,5,1
3872000,3872,0,NOC_NPS_VNOC_X3Y1,VNOC,credit,0,-1,1
3872000,3872,0,NOC_NPS_VNOC_X3Y1,VNOC,data_vc,0,5,1
3872000,3872,1,NOC_NPS_VNOC_X3Y0,VNOC,credit,1,-1,1
3872000,3872,1,NOC_NPS_VNOC_X3Y0,VNOC,data_vc,1,5,1
3873000,3873,0,NOC_NPS_VNOC_X3Y1,VNOC,credit,0,-1,1
3873000,3873,0,NOC_NPS_VNOC_X3Y1,VNOC,data_vc,0,5,1
3873000,3873,1,NOC_NPS_VNOC_X3Y0,VNOC,credit,1,-1,1
3873000,3873,1,NOC_NPS_VNOC_X3Y0,VNOC,data_vc,1,5,1
3874000,3874,0,NOC_NPS_VNOC_X3Y1,VNOC,credit,0,-1,1
3874000,3874,0,NOC_NPS_VNOC_X3Y1,VNOC,data_vc,0,5,1
3874000,3874,1,NOC_NPS_VNOC_X3Y0,VNOC,credit,1,-1,1
3874000,3874,1,NOC_NPS_VNOC_X3Y0,VNOC,data_vc,1,5,1
3875000,3875,0,NOC_NPS_VNOC_X3Y1,VNOC,credit,0,-1,1
3875000,3875,0,NOC_NPS_VNOC_X3Y1,VNOC,data_vc,0,5,1
3875000,3875,1,NOC_NPS_VNOC_X3Y0,VNOC,credit,1,-1,1
3875000,3875,1,NOC_NPS_VNOC_X3Y0,VNOC,data_vc,1,5,1
3876000,3876,0,NOC_NPS_VNOC_X3Y1,VNOC,credit,0,-1,1
3876000,3876,0,NOC_NPS_VNOC_X3Y1,VNOC,data_vc,0,5,1
3876000,3876,1,NOC_NPS_VNOC_X3Y0,VNOC,credit,1,-1,1
3876000,3876,1,NOC_NPS_VNOC_X3Y0,VNOC,data_vc,1,5,1
3877000,3877,0,NOC_NPS_VNOC_X3Y1,VNOC,credit,0,-1,1
3877000,3877,0,NOC_NPS_VNOC_X3Y1,VNOC,data_vc,0,5,1
3877000,3877,1,NOC_NPS_VNOC_X3Y0,VNOC,credit,1,-1,1
3877000,3877,1,NOC_NPS_VNOC_X3Y0,VNOC,data_vc,1,5,1
3878000,3878,0,NOC_NPS_VNOC_X3Y1,VNOC,credit,0,-1,1
3878000,3878,0,NOC_NPS_VNOC_X3Y1,VNOC,data_vc,0,5,1
3878000,3878,1,NOC_NPS_VNOC_X3Y0,VNOC,credit,1,-1,1
3878000,3878,1,NOC_NPS_VNOC_X3Y0,VNOC,data_vc,1,5,1
3879000,3879,0,NOC_NPS_VNOC_X3Y1,VNOC,credit,0,-1,1
3879000,3879,0,NOC_NPS_VNOC_X3Y1,VNOC,data_vc,0,5,1
3879000,3879,1,NOC_NPS_VNOC_X3Y0,VNOC,credit,1,-1,1
3879000,3879,1,NOC_NPS_VNOC_X3Y0,VNOC,data_vc,1,5,1
3880000,3880,0,NOC_NPS_VNOC_X3Y1,VNOC,credit,0,-1,1
3880000,3880,0,NOC_NPS_VNOC_X3Y1,VNOC,data_vc,0,5,1
3880000,3880,1,NOC_NPS_VNOC_X3Y0,VNOC,credit,1,-1,1
3880000,3880,1,NOC_NPS_VNOC_X3Y0,VNOC,data_vc,1,5,1
3881000,3881,0,NOC_NPS_VNOC_X3Y1,VNOC,credit,0,-1,1
3881000,3881,0,NOC_NPS_VNOC_X3Y1,VNOC,data_vc,0,5,1
3881000,3881,1,NOC_NPS_VNOC_X3Y0,VNOC,credit,1,-1,1
3881000,3881,1,NOC_NPS_VNOC_X3Y0,VNOC,data_vc,1,5,1
3882000,3882,0,NOC_NPS_VNOC_X3Y1,VNOC,credit,0,-1,1
3882000,3882,0,NOC_NPS_VNOC_X3Y1,VNOC,data_vc,0,5,1
3882000,3882,1,NOC_NPS_VNOC_X3Y0,VNOC,credit,1,-1,1
3882000,3882,1,NOC_NPS_VNOC_X3Y0,VNOC,data_vc,1,5,1
3883000,3883,0,NOC_NPS_VNOC_X3Y1,VNOC,credit,0,-1,1
3883000,3883,0,NOC_NPS_VNOC_X3Y1,VNOC,data_vc,0,5,1
3883000,3883,1,NOC_NPS_VNOC_X3Y0,VNOC,credit,1,-1,1
3883000,3883,1,NOC_NPS_VNOC_X3Y0,VNOC,data_vc,1,5,1
3884000,3884,0,NOC_NPS_VNOC_X3Y1,VNOC,credit,0,-1,1
3884000,3884,0,NOC_NPS_VNOC_X3Y1,VNOC,data_vc,0,5,1
3884000,3884,1,NOC_NPS_VNOC_X3Y0,VNOC,credit,1,-1,1
3884000,3884,1,NOC_NPS_VNOC_X3Y0,VNOC,data_vc,1,5,1
3885000,3885,0,NOC_NPS_VNOC_X3Y1,VNOC,credit,0,-1,1
3885000,3885,0,NOC_NPS_VNOC_X3Y1,VNOC,data_vc,0,5,1
3885000,3885,1,NOC_NPS_VNOC_X3Y0,VNOC,credit,1,-1,1
3885000,3885,1,NOC_NPS_VNOC_X3Y0,VNOC,data_vc,1,5,1
3886000,3886,0,NOC_NPS_VNOC_X3Y1,VNOC,credit,0,-1,1
3886000,3886,0,NOC_NPS_VNOC_X3Y1,VNOC,data_vc,0,5,1
3886000,3886,1,NOC_NPS_VNOC_X3Y0,VNOC,credit,1,-1,1
3886000,3886,1,NOC_NPS_VNOC_X3Y0,VNOC,data_vc,1,5,1
3887000,3887,0,NOC_NPS_VNOC_X3Y1,VNOC,credit,0,-1,1
3887000,3887,0,NOC_NPS_VNOC_X3Y1,VNOC,data_vc,0,5,1
3887000,3887,1,NOC_NPS_VNOC_X3Y0,VNOC,credit,1,-1,1
3887000,3887,1,NOC_NPS_VNOC_X3Y0,VNOC,data_vc,1,5,1
3888000,3888,0,NOC_NPS_VNOC_X3Y1,VNOC,credit,0,-1,1
3888000,3888,0,NOC_NPS_VNOC_X3Y1,VNOC,data_vc,0,5,1
3888000,3888,1,NOC_NPS_VNOC_X3Y0,VNOC,credit,1,-1,1
3888000,3888,1,NOC_NPS_VNOC_X3Y0,VNOC,data_vc,1,5,1
3889000,3889,0,NOC_NPS_VNOC_X3Y1,VNOC,credit,0,-1,1
3889000,3889,0,NOC_NPS_VNOC_X3Y1,VNOC,data_vc,0,5,1
3889000,3889,1,NOC_NPS_VNOC_X3Y0,VNOC,credit,1,-1,1
3889000,3889,1,NOC_NPS_VNOC_X3Y0,VNOC,data_vc,1,5,1
3890000,3890,0,NOC_NPS_VNOC_X3Y1,VNOC,credit,0,-1,1
3890000,3890,0,NOC_NPS_VNOC_X3Y1,VNOC,data_vc,0,5,1
3890000,3890,1,NOC_NPS_VNOC_X3Y0,VNOC,credit,1,-1,1
3890000,3890,1,NOC_NPS_VNOC_X3Y0,VNOC,data_vc,1,5,1
3891000,3891,0,NOC_NPS_VNOC_X3Y1,VNOC,credit,0,-1,1
3891000,3891,0,NOC_NPS_VNOC_X3Y1,VNOC,data_vc,0,5,1
3891000,3891,1,NOC_NPS_VNOC_X3Y0,VNOC,credit,1,-1,1
3891000,3891,1,NOC_NPS_VNOC_X3Y0,VNOC,data_vc,1,5,1
3892000,3892,0,NOC_NPS_VNOC_X3Y1,VNOC,credit,0,-1,1
3892000,3892,0,NOC_NPS_VNOC_X3Y1,VNOC,data_vc,0,5,1
3892000,3892,1,NOC_NPS_VNOC_X3Y0,VNOC,credit,1,-1,1
3892000,3892,1,NOC_NPS_VNOC_X3Y0,VNOC,data_vc,1,5,1
3893000,3893,0,NOC_NPS_VNOC_X3Y1,VNOC,credit,0,-1,1
3893000,3893,0,NOC_NPS_VNOC_X3Y1,VNOC,data_vc,0,5,1
3893000,3893,1,NOC_NPS_VNOC_X3Y0,VNOC,credit,1,-1,1
3893000,3893,1,NOC_NPS_VNOC_X3Y0,VNOC,data_vc,1,5,1
3894000,3894,0,NOC_NPS_VNOC_X3Y1,VNOC,credit,0,-1,1
3894000,3894,0,NOC_NPS_VNOC_X3Y1,VNOC,data_vc,0,5,1
3894000,3894,1,NOC_NPS_VNOC_X3Y0,VNOC,credit,1,-1,1
3894000,3894,1,NOC_NPS_VNOC_X3Y0,VNOC,data_vc,1,5,1
3895000,3895,0,NOC_NPS_VNOC_X3Y1,VNOC,credit,0,-1,1
3895000,3895,0,NOC_NPS_VNOC_X3Y1,VNOC,data_vc,0,5,1
3895000,3895,1,NOC_NPS_VNOC_X3Y0,VNOC,credit,1,-1,1
3895000,3895,1,NOC_NPS_VNOC_X3Y0,VNOC,data_vc,1,5,1
3896000,3896,0,NOC_NPS_VNOC_X3Y1,VNOC,credit,0,-1,1
3896000,3896,0,NOC_NPS_VNOC_X3Y1,VNOC,data_vc,0,5,1
3896000,3896,1,NOC_NPS_VNOC_X3Y0,VNOC,credit,1,-1,1
3896000,3896,1,NOC_NPS_VNOC_X3Y0,VNOC,data_vc,1,5,1
3897000,3897,0,NOC_NPS_VNOC_X3Y1,VNOC,credit,0,-1,1
3897000,3897,0,NOC_NPS_VNOC_X3Y1,VNOC,data_vc,0,5,1
3897000,3897,1,NOC_NPS_VNOC_X3Y0,VNOC,credit,1,-1,1
3897000,3897,1,NOC_NPS_VNOC_X3Y0,VNOC,data_vc,1,5,1
3898000,3898,0,NOC_NPS_VNOC_X3Y1,VNOC,credit,0,-1,1
3898000,3898,0,NOC_NPS_VNOC_X3Y1,VNOC,data_vc,0,5,1
3898000,3898,1,NOC_NPS_VNOC_X3Y0,VNOC,credit,1,-1,1
3898000,3898,1,NOC_NPS_VNOC_X3Y0,VNOC,data_vc,1,5,1
3899000,3899,0,NOC_NPS_VNOC_X3Y1,VNOC,credit,0,-1,1
3899000,3899,0,NOC_NPS_VNOC_X3Y1,VNOC,data_vc,0,5,1
3899000,3899,1,NOC_NPS_VNOC_X3Y0,VNOC,credit,1,-1,1
3899000,3899,1,NOC_NPS_VNOC_X3Y0,VNOC,data_vc,1,5,1
3900000,3900,0,NOC_NPS_VNOC_X3Y1,VNOC,credit,0,-1,1
3900000,3900,0,NOC_NPS_VNOC_X3Y1,VNOC,data_vc,0,5,1
3900000,3900,1,NOC_NPS_VNOC_X3Y0,VNOC,credit,1,-1,1
3900000,3900,1,NOC_NPS_VNOC_X3Y0,VNOC,data_vc,1,5,1
3901000,3901,0,NOC_NPS_VNOC_X3Y1,VNOC,credit,0,-1,1
3901000,3901,0,NOC_NPS_VNOC_X3Y1,VNOC,data_vc,0,5,1
3901000,3901,1,NOC_NPS_VNOC_X3Y0,VNOC,credit,1,-1,1
3901000,3901,1,NOC_NPS_VNOC_X3Y0,VNOC,data_vc,1,5,1
3902000,3902,0,NOC_NPS_VNOC_X3Y1,VNOC,credit,0,-1,1
3902000,3902,0,NOC_NPS_VNOC_X3Y1,VNOC,data_vc,0,5,1
3902000,3902,1,NOC_NPS_VNOC_X3Y0,VNOC,credit,1,-1,1
3902000,3902,1,NOC_NPS_VNOC_X3Y0,VNOC,data_vc,1,5,1
3903000,3903,0,NOC_NPS_VNOC_X3Y1,VNOC,credit,0,-1,1
3903000,3903,0,NOC_NPS_VNOC_X3Y1,VNOC,data_vc,0,5,1
3903000,3903,1,NOC_NPS_VNOC_X3Y0,VNOC,credit,1,-1,1
3903000,3903,1,NOC_NPS_VNOC_X3Y0,VNOC,data_vc,1,5,1
3904000,3904,0,NOC_NPS_VNOC_X3Y1,VNOC,credit,0,-1,1
3904000,3904,0,NOC_NPS_VNOC_X3Y1,VNOC,data_vc,0,5,1
3904000,3904,1,NOC_NPS_VNOC_X3Y0,VNOC,credit,1,-1,1
3904000,3904,1,NOC_NPS_VNOC_X3Y0,VNOC,data_vc,1,5,1
3905000,3905,0,NOC_NPS_VNOC_X3Y1,VNOC,credit,0,-1,1
3905000,3905,0,NOC_NPS_VNOC_X3Y1,VNOC,data_vc,0,5,1
3905000,3905,1,NOC_NPS_VNOC_X3Y0,VNOC,credit,1,-1,1
3905000,3905,1,NOC_NPS_VNOC_X3Y0,VNOC,data_vc,1,5,1
3906000,3906,0,NOC_NPS_VNOC_X3Y1,VNOC,credit,0,-1,1
3906000,3906,0,NOC_NPS_VNOC_X3Y1,VNOC,data_vc,0,5,1
3906000,3906,1,NOC_NPS_VNOC_X3Y0,VNOC,credit,1,-1,1
3906000,3906,1,NOC_NPS_VNOC_X3Y0,VNOC,data_vc,1,5,1
3907000,3907,0,NOC_NPS_VNOC_X3Y1,VNOC,credit,0,-1,1
3907000,3907,0,NOC_NPS_VNOC_X3Y1,VNOC,data_vc,0,5,1
3907000,3907,1,NOC_NPS_VNOC_X3Y0,VNOC,credit,1,-1,1
3907000,3907,1,NOC_NPS_VNOC_X3Y0,VNOC,data_vc,1,5,1
3908000,3908,0,NOC_NPS_VNOC_X3Y1,VNOC,credit,0,-1,1
3908000,3908,0,NOC_NPS_VNOC_X3Y1,VNOC,data_vc,0,5,1
3908000,3908,1,NOC_NPS_VNOC_X3Y0,VNOC,credit,1,-1,1
3908000,3908,1,NOC_NPS_VNOC_X3Y0,VNOC,data_vc,1,5,1
3909000,3909,0,NOC_NPS_VNOC_X3Y1,VNOC,credit,0,-1,1
3909000,3909,0,NOC_NPS_VNOC_X3Y1,VNOC,data_vc,0,5,1
3909000,3909,1,NOC_NPS_VNOC_X3Y0,VNOC,credit,1,-1,1
3909000,3909,1,NOC_NPS_VNOC_X3Y0,VNOC,data_vc,1,5,1
3910000,3910,0,NOC_NPS_VNOC_X3Y1,VNOC,credit,0,-1,1
3910000,3910,0,NOC_NPS_VNOC_X3Y1,VNOC,data_vc,0,5,1
3910000,3910,1,NOC_NPS_VNOC_X3Y0,VNOC,credit,1,-1,1
3910000,3910,1,NOC_NPS_VNOC_X3Y0,VNOC,data_vc,1,5,1
3911000,3911,0,NOC_NPS_VNOC_X3Y1,VNOC,credit,0,-1,1
3911000,3911,0,NOC_NPS_VNOC_X3Y1,VNOC,data_vc,0,5,1
3911000,3911,1,NOC_NPS_VNOC_X3Y0,VNOC,credit,1,-1,1
3911000,3911,1,NOC_NPS_VNOC_X3Y0,VNOC,data_vc,1,5,1
3912000,3912,0,NOC_NPS_VNOC_X3Y1,VNOC,credit,0,-1,1
3912000,3912,0,NOC_NPS_VNOC_X3Y1,VNOC,data_vc,0,5,1
3912000,3912,1,NOC_NPS_VNOC_X3Y0,VNOC,credit,1,-1,1
3912000,3912,1,NOC_NPS_VNOC_X3Y0,VNOC,data_vc,1,5,1
3913000,3913,0,NOC_NPS_VNOC_X3Y1,VNOC,credit,0,-1,1
3913000,3913,0,NOC_NPS_VNOC_X3Y1,VNOC,data_vc,0,5,1
3913000,3913,1,NOC_NPS_VNOC_X3Y0,VNOC,credit,1,-1,1
3913000,3913,1,NOC_NPS_VNOC_X3Y0,VNOC,data_vc,1,5,1
3914000,3914,0,NOC_NPS_VNOC_X3Y1,VNOC,credit,0,-1,1
3914000,3914,0,NOC_NPS_VNOC_X3Y1,VNOC,data_vc,0,5,1
3914000,3914,1,NOC_NPS_VNOC_X3Y0,VNOC,credit,1,-1,1
3914000,3914,1,NOC_NPS_VNOC_X3Y0,VNOC,data_vc,1,5,1
3915000,3915,0,NOC_NPS_VNOC_X3Y1,VNOC,credit,0,-1,1
3915000,3915,0,NOC_NPS_VNOC_X3Y1,VNOC,data_vc,0,5,1
3915000,3915,1,NOC_NPS_VNOC_X3Y0,VNOC,credit,1,-1,1
3915000,3915,1,NOC_NPS_VNOC_X3Y0,VNOC,data_vc,1,5,1
3916000,3916,0,NOC_NPS_VNOC_X3Y1,VNOC,credit,0,-1,1
3916000,3916,0,NOC_NPS_VNOC_X3Y1,VNOC,data_vc,0,5,1
3916000,3916,1,NOC_NPS_VNOC_X3Y0,VNOC,credit,1,-1,1
3916000,3916,1,NOC_NPS_VNOC_X3Y0,VNOC,data_vc,1,5,1
3917000,3917,0,NOC_NPS_VNOC_X3Y1,VNOC,credit,0,-1,1
3917000,3917,0,NOC_NPS_VNOC_X3Y1,VNOC,data_vc,0,5,1
3917000,3917,1,NOC_NPS_VNOC_X3Y0,VNOC,credit,1,-1,1
3917000,3917,1,NOC_NPS_VNOC_X3Y0,VNOC,data_vc,1,5,1
3918000,3918,0,NOC_NPS_VNOC_X3Y1,VNOC,credit,0,-1,1
3918000,3918,0,NOC_NPS_VNOC_X3Y1,VNOC,data_vc,0,5,1
3918000,3918,1,NOC_NPS_VNOC_X3Y0,VNOC,credit,1,-1,1
3918000,3918,1,NOC_NPS_VNOC_X3Y0,VNOC,data_vc,1,5,1
3919000,3919,0,NOC_NPS_VNOC_X3Y1,VNOC,credit,0,-1,1
3919000,3919,0,NOC_NPS_VNOC_X3Y1,VNOC,data_vc,0,5,1
3919000,3919,1,NOC_NPS_VNOC_X3Y0,VNOC,credit,1,-1,1
3919000,3919,1,NOC_NPS_VNOC_X3Y0,VNOC,data_vc,1,5,1
3920000,3920,0,NOC_NPS_VNOC_X3Y1,VNOC,credit,0,-1,1
3920000,3920,0,NOC_NPS_VNOC_X3Y1,VNOC,data_vc,0,5,1
3920000,3920,1,NOC_NPS_VNOC_X3Y0,VNOC,credit,1,-1,1
3920000,3920,1,NOC_NPS_VNOC_X3Y0,VNOC,data_vc,1,5,1
3921000,3921,0,NOC_NPS_VNOC_X3Y1,VNOC,credit,0,-1,1
3921000,3921,0,NOC_NPS_VNOC_X3Y1,VNOC,data_vc,0,5,1
3921000,3921,1,NOC_NPS_VNOC_X3Y0,VNOC,credit,1,-1,1
3921000,3921,1,NOC_NPS_VNOC_X3Y0,VNOC,data_vc,1,5,1
3922000,3922,0,NOC_NPS_VNOC_X3Y1,VNOC,credit,0,-1,1
3922000,3922,0,NOC_NPS_VNOC_X3Y1,VNOC,data_vc,0,5,1
3922000,3922,1,NOC_NPS_VNOC_X3Y0,VNOC,credit,1,-1,1
3922000,3922,1,NOC_NPS_VNOC_X3Y0,VNOC,data_vc,1,5,1
3923000,3923,0,NOC_NPS_VNOC_X3Y1,VNOC,credit,0,-1,1
3923000,3923,0,NOC_NPS_VNOC_X3Y1,VNOC,data_vc,0,5,1
3923000,3923,1,NOC_NPS_VNOC_X3Y0,VNOC,credit,1,-1,1
3923000,3923,1,NOC_NPS_VNOC_X3Y0,VNOC,data_vc,1,5,1
3924000,3924,0,NOC_NPS_VNOC_X3Y1,VNOC,credit,0,-1,1
3924000,3924,0,NOC_NPS_VNOC_X3Y1,VNOC,data_vc,0,5,1
3924000,3924,1,NOC_NPS_VNOC_X3Y0,VNOC,credit,1,-1,1
3924000,3924,1,NOC_NPS_VNOC_X3Y0,VNOC,data_vc,1,5,1
3925000,3925,0,NOC_NPS_VNOC_X3Y1,VNOC,credit,0,-1,1
3925000,3925,0,NOC_NPS_VNOC_X3Y1,VNOC,data_vc,0,5,1
3925000,3925,1,NOC_NPS_VNOC_X3Y0,VNOC,credit,1,-1,1
3925000,3925,1,NOC_NPS_VNOC_X3Y0,VNOC,data_vc,1,5,1
3926000,3926,0,NOC_NPS_VNOC_X3Y1,VNOC,credit,0,-1,1
3926000,3926,0,NOC_NPS_VNOC_X3Y1,VNOC,data_vc,0,5,1
3926000,3926,1,NOC_NPS_VNOC_X3Y0,VNOC,credit,1,-1,1
3926000,3926,1,NOC_NPS_VNOC_X3Y0,VNOC,data_vc,1,5,1
3927000,3927,0,NOC_NPS_VNOC_X3Y1,VNOC,credit,0,-1,1
3927000,3927,0,NOC_NPS_VNOC_X3Y1,VNOC,data_vc,0,5,1
3927000,3927,1,NOC_NPS_VNOC_X3Y0,VNOC,credit,1,-1,1
3927000,3927,1,NOC_NPS_VNOC_X3Y0,VNOC,data_vc,1,5,1
3928000,3928,0,NOC_NPS_VNOC_X3Y1,VNOC,credit,0,-1,1
3928000,3928,0,NOC_NPS_VNOC_X3Y1,VNOC,data_vc,0,5,1
3928000,3928,1,NOC_NPS_VNOC_X3Y0,VNOC,credit,1,-1,1
3928000,3928,1,NOC_NPS_VNOC_X3Y0,VNOC,data_vc,1,5,1
3929000,3929,0,NOC_NPS_VNOC_X3Y1,VNOC,credit,0,-1,1
3929000,3929,0,NOC_NPS_VNOC_X3Y1,VNOC,data_vc,0,5,1
3929000,3929,1,NOC_NPS_VNOC_X3Y0,VNOC,credit,1,-1,1
3929000,3929,1,NOC_NPS_VNOC_X3Y0,VNOC,data_vc,1,5,1
3930000,3930,0,NOC_NPS_VNOC_X3Y1,VNOC,credit,0,-1,1
3930000,3930,0,NOC_NPS_VNOC_X3Y1,VNOC,data_vc,0,5,1
3930000,3930,1,NOC_NPS_VNOC_X3Y0,VNOC,credit,1,-1,1
3930000,3930,1,NOC_NPS_VNOC_X3Y0,VNOC,data_vc,1,5,1
3931000,3931,0,NOC_NPS_VNOC_X3Y1,VNOC,credit,0,-1,1
3931000,3931,0,NOC_NPS_VNOC_X3Y1,VNOC,data_vc,0,5,1
3931000,3931,1,NOC_NPS_VNOC_X3Y0,VNOC,credit,1,-1,1
3931000,3931,1,NOC_NPS_VNOC_X3Y0,VNOC,data_vc,1,5,1
3932000,3932,0,NOC_NPS_VNOC_X3Y1,VNOC,credit,0,-1,1
3932000,3932,0,NOC_NPS_VNOC_X3Y1,VNOC,data_vc,0,5,1
3932000,3932,1,NOC_NPS_VNOC_X3Y0,VNOC,credit,1,-1,1
3932000,3932,1,NOC_NPS_VNOC_X3Y0,VNOC,data_vc,1,5,1
3933000,3933,0,NOC_NPS_VNOC_X3Y1,VNOC,credit,0,-1,1
3933000,3933,0,NOC_NPS_VNOC_X3Y1,VNOC,data_vc,0,5,1
3933000,3933,1,NOC_NPS_VNOC_X3Y0,VNOC,credit,1,-1,1
3933000,3933,1,NOC_NPS_VNOC_X3Y0,VNOC,data_vc,1,5,1
3934000,3934,0,NOC_NPS_VNOC_X3Y1,VNOC,credit,0,-1,1
3934000,3934,0,NOC_NPS_VNOC_X3Y1,VNOC,data_vc,0,5,1
3934000,3934,1,NOC_NPS_VNOC_X3Y0,VNOC,credit,1,-1,1
3934000,3934,1,NOC_NPS_VNOC_X3Y0,VNOC,data_vc,1,5,1
3935000,3935,0,NOC_NPS_VNOC_X3Y1,VNOC,credit,0,-1,1
3935000,3935,0,NOC_NPS_VNOC_X3Y1,VNOC,data_vc,0,5,1
3935000,3935,1,NOC_NPS_VNOC_X3Y0,VNOC,credit,1,-1,1
3935000,3935,1,NOC_NPS_VNOC_X3Y0,VNOC,data_vc,1,5,1
3936000,3936,0,NOC_NPS_VNOC_X3Y1,VNOC,credit,0,-1,1
3936000,3936,0,NOC_NPS_VNOC_X3Y1,VNOC,data_vc,0,5,1
3936000,3936,1,NOC_NPS_VNOC_X3Y0,VNOC,credit,1,-1,1
3936000,3936,1,NOC_NPS_VNOC_X3Y0,VNOC,data_vc,1,5,1
3937000,3937,0,NOC_NPS_VNOC_X3Y1,VNOC,credit,0,-1,1
3937000,3937,0,NOC_NPS_VNOC_X3Y1,VNOC,data_vc,0,5,1
3937000,3937,1,NOC_NPS_VNOC_X3Y0,VNOC,credit,1,-1,1
3937000,3937,1,NOC_NPS_VNOC_X3Y0,VNOC,data_vc,1,5,1
3938000,3938,0,NOC_NPS_VNOC_X3Y1,VNOC,credit,0,-1,1
3938000,3938,0,NOC_NPS_VNOC_X3Y1,VNOC,data_vc,0,5,1
3938000,3938,1,NOC_NPS_VNOC_X3Y0,VNOC,credit,1,-1,1
3938000,3938,1,NOC_NPS_VNOC_X3Y0,VNOC,data_vc,1,5,1
3939000,3939,0,NOC_NPS_VNOC_X3Y1,VNOC,credit,0,-1,1
3939000,3939,0,NOC_NPS_VNOC_X3Y1,VNOC,data_vc,0,5,1
3939000,3939,1,NOC_NPS_VNOC_X3Y0,VNOC,credit,1,-1,1
3939000,3939,1,NOC_NPS_VNOC_X3Y0,VNOC,data_vc,1,5,1
3940000,3940,0,NOC_NPS_VNOC_X3Y1,VNOC,credit,0,-1,1
3940000,3940,0,NOC_NPS_VNOC_X3Y1,VNOC,data_vc,0,5,1
3940000,3940,1,NOC_NPS_VNOC_X3Y0,VNOC,credit,1,-1,1
3940000,3940,1,NOC_NPS_VNOC_X3Y0,VNOC,data_vc,1,5,1
3941000,3941,0,NOC_NPS_VNOC_X3Y1,VNOC,credit,0,-1,1
3941000,3941,0,NOC_NPS_VNOC_X3Y1,VNOC,data_vc,0,5,1
3941000,3941,1,NOC_NPS_VNOC_X3Y0,VNOC,credit,1,-1,1
3941000,3941,1,NOC_NPS_VNOC_X3Y0,VNOC,data_vc,1,5,1
3942000,3942,0,NOC_NPS_VNOC_X3Y1,VNOC,credit,0,-1,1
3942000,3942,0,NOC_NPS_VNOC_X3Y1,VNOC,data_vc,0,5,1
3942000,3942,1,NOC_NPS_VNOC_X3Y0,VNOC,credit,1,-1,1
3942000,3942,1,NOC_NPS_VNOC_X3Y0,VNOC,data_vc,1,5,1
3943000,3943,0,NOC_NPS_VNOC_X3Y1,VNOC,credit,0,-1,1
3943000,3943,0,NOC_NPS_VNOC_X3Y1,VNOC,data_vc,0,5,1
3943000,3943,1,NOC_NPS_VNOC_X3Y0,VNOC,credit,1,-1,1
3943000,3943,1,NOC_NPS_VNOC_X3Y0,VNOC,data_vc,1,5,1
3944000,3944,0,NOC_NPS_VNOC_X3Y1,VNOC,credit,0,-1,1
3944000,3944,0,NOC_NPS_VNOC_X3Y1,VNOC,data_vc,0,5,1
3944000,3944,1,NOC_NPS_VNOC_X3Y0,VNOC,credit,1,-1,1
3944000,3944,1,NOC_NPS_VNOC_X3Y0,VNOC,data_vc,1,5,1
3945000,3945,0,NOC_NPS_VNOC_X3Y1,VNOC,credit,0,-1,1
3945000,3945,0,NOC_NPS_VNOC_X3Y1,VNOC,data_vc,0,5,1
3945000,3945,1,NOC_NPS_VNOC_X3Y0,VNOC,credit,1,-1,1
3945000,3945,1,NOC_NPS_VNOC_X3Y0,VNOC,data_vc,1,5,1
3946000,3946,0,NOC_NPS_VNOC_X3Y1,VNOC,credit,0,-1,1
3946000,3946,0,NOC_NPS_VNOC_X3Y1,VNOC,data_vc,0,5,1
3946000,3946,1,NOC_NPS_VNOC_X3Y0,VNOC,credit,1,-1,1
3946000,3946,1,NOC_NPS_VNOC_X3Y0,VNOC,data_vc,1,5,1
3947000,3947,0,NOC_NPS_VNOC_X3Y1,VNOC,credit,0,-1,1
3947000,3947,0,NOC_NPS_VNOC_X3Y1,VNOC,data_vc,0,5,1
3947000,3947,1,NOC_NPS_VNOC_X3Y0,VNOC,credit,1,-1,1
3947000,3947,1,NOC_NPS_VNOC_X3Y0,VNOC,data_vc,1,5,1
3948000,3948,0,NOC_NPS_VNOC_X3Y1,VNOC,credit,0,-1,1
3948000,3948,0,NOC_NPS_VNOC_X3Y1,VNOC,data_vc,0,5,1
3948000,3948,1,NOC_NPS_VNOC_X3Y0,VNOC,credit,1,-1,1
3948000,3948,1,NOC_NPS_VNOC_X3Y0,VNOC,data_vc,1,5,1
3949000,3949,0,NOC_NPS_VNOC_X3Y1,VNOC,credit,0,-1,1
3949000,3949,0,NOC_NPS_VNOC_X3Y1,VNOC,data_vc,0,5,1
3949000,3949,1,NOC_NPS_VNOC_X3Y0,VNOC,credit,1,-1,1
3949000,3949,1,NOC_NPS_VNOC_X3Y0,VNOC,data_vc,1,5,1
3950000,3950,0,NOC_NPS_VNOC_X3Y1,VNOC,credit,0,-1,1
3950000,3950,0,NOC_NPS_VNOC_X3Y1,VNOC,data_vc,0,5,1
3950000,3950,1,NOC_NPS_VNOC_X3Y0,VNOC,credit,1,-1,1
3950000,3950,1,NOC_NPS_VNOC_X3Y0,VNOC,data_vc,1,5,1
3951000,3951,0,NOC_NPS_VNOC_X3Y1,VNOC,credit,0,-1,1
3951000,3951,0,NOC_NPS_VNOC_X3Y1,VNOC,data_vc,0,5,1
3951000,3951,1,NOC_NPS_VNOC_X3Y0,VNOC,credit,1,-1,1
3951000,3951,1,NOC_NPS_VNOC_X3Y0,VNOC,data_vc,1,5,1
3952000,3952,0,NOC_NPS_VNOC_X3Y1,VNOC,credit,0,-1,1
3952000,3952,0,NOC_NPS_VNOC_X3Y1,VNOC,data_vc,0,5,1
3952000,3952,1,NOC_NPS_VNOC_X3Y0,VNOC,credit,1,-1,1
3952000,3952,1,NOC_NPS_VNOC_X3Y0,VNOC,data_vc,1,5,1
3953000,3953,0,NOC_NPS_VNOC_X3Y1,VNOC,credit,0,-1,1
3953000,3953,0,NOC_NPS_VNOC_X3Y1,VNOC,data_vc,0,5,1
3953000,3953,1,NOC_NPS_VNOC_X3Y0,VNOC,credit,1,-1,1
3953000,3953,1,NOC_NPS_VNOC_X3Y0,VNOC,data_vc,1,5,1
3954000,3954,0,NOC_NPS_VNOC_X3Y1,VNOC,credit,0,-1,1
3954000,3954,0,NOC_NPS_VNOC_X3Y1,VNOC,data_vc,0,5,1
3954000,3954,1,NOC_NPS_VNOC_X3Y0,VNOC,credit,1,-1,1
3954000,3954,1,NOC_NPS_VNOC_X3Y0,VNOC,data_vc,1,5,1
3955000,3955,0,NOC_NPS_VNOC_X3Y1,VNOC,credit,0,-1,1
3955000,3955,0,NOC_NPS_VNOC_X3Y1,VNOC,data_vc,0,5,1
3955000,3955,1,NOC_NPS_VNOC_X3Y0,VNOC,credit,1,-1,1
3955000,3955,1,NOC_NPS_VNOC_X3Y0,VNOC,data_vc,1,5,1
3956000,3956,0,NOC_NPS_VNOC_X3Y1,VNOC,credit,0,-1,1
3956000,3956,0,NOC_NPS_VNOC_X3Y1,VNOC,data_vc,0,5,1
3956000,3956,1,NOC_NPS_VNOC_X3Y0,VNOC,credit,1,-1,1
3956000,3956,1,NOC_NPS_VNOC_X3Y0,VNOC,data_vc,1,5,1
3957000,3957,0,NOC_NPS_VNOC_X3Y1,VNOC,credit,0,-1,1
3957000,3957,0,NOC_NPS_VNOC_X3Y1,VNOC,data_vc,0,5,1
3957000,3957,1,NOC_NPS_VNOC_X3Y0,VNOC,credit,1,-1,1
3957000,3957,1,NOC_NPS_VNOC_X3Y0,VNOC,data_vc,1,5,1
3958000,3958,0,NOC_NPS_VNOC_X3Y1,VNOC,credit,0,-1,1
3958000,3958,0,NOC_NPS_VNOC_X3Y1,VNOC,data_vc,0,5,1
3958000,3958,1,NOC_NPS_VNOC_X3Y0,VNOC,credit,1,-1,1
3958000,3958,1,NOC_NPS_VNOC_X3Y0,VNOC,data_vc,1,5,1
3959000,3959,0,NOC_NPS_VNOC_X3Y1,VNOC,credit,0,-1,1
3959000,3959,0,NOC_NPS_VNOC_X3Y1,VNOC,data_vc,0,5,1
3959000,3959,1,NOC_NPS_VNOC_X3Y0,VNOC,credit,1,-1,1
3959000,3959,1,NOC_NPS_VNOC_X3Y0,VNOC,data_vc,1,5,1
3960000,3960,0,NOC_NPS_VNOC_X3Y1,VNOC,credit,0,-1,1
3960000,3960,0,NOC_NPS_VNOC_X3Y1,VNOC,data_vc,0,5,1
3960000,3960,1,NOC_NPS_VNOC_X3Y0,VNOC,credit,1,-1,1
3960000,3960,1,NOC_NPS_VNOC_X3Y0,VNOC,data_vc,1,5,1
3961000,3961,0,NOC_NPS_VNOC_X3Y1,VNOC,credit,0,-1,1
3961000,3961,0,NOC_NPS_VNOC_X3Y1,VNOC,data_vc,0,5,1
3961000,3961,1,NOC_NPS_VNOC_X3Y0,VNOC,credit,1,-1,1
3961000,3961,1,NOC_NPS_VNOC_X3Y0,VNOC,data_vc,1,5,1
3962000,3962,0,NOC_NPS_VNOC_X3Y1,VNOC,credit,0,-1,1
3962000,3962,0,NOC_NPS_VNOC_X3Y1,VNOC,data_vc,0,5,1
3962000,3962,1,NOC_NPS_VNOC_X3Y0,VNOC,credit,1,-1,1
3962000,3962,1,NOC_NPS_VNOC_X3Y0,VNOC,data_vc,1,5,1
3963000,3963,0,NOC_NPS_VNOC_X3Y1,VNOC,credit,0,-1,1
3963000,3963,0,NOC_NPS_VNOC_X3Y1,VNOC,data_vc,0,5,1
3963000,3963,1,NOC_NPS_VNOC_X3Y0,VNOC,credit,1,-1,1
3963000,3963,1,NOC_NPS_VNOC_X3Y0,VNOC,data_vc,1,5,1
3964000,3964,0,NOC_NPS_VNOC_X3Y1,VNOC,credit,0,-1,1
3964000,3964,0,NOC_NPS_VNOC_X3Y1,VNOC,data_vc,0,5,1
3964000,3964,1,NOC_NPS_VNOC_X3Y0,VNOC,credit,1,-1,1
3964000,3964,1,NOC_NPS_VNOC_X3Y0,VNOC,data_vc,1,5,1
3965000,3965,0,NOC_NPS_VNOC_X3Y1,VNOC,credit,0,-1,1
3965000,3965,0,NOC_NPS_VNOC_X3Y1,VNOC,data_vc,0,5,1
3965000,3965,1,NOC_NPS_VNOC_X3Y0,VNOC,credit,1,-1,1
3965000,3965,1,NOC_NPS_VNOC_X3Y0,VNOC,data_vc,1,5,1
3966000,3966,0,NOC_NPS_VNOC_X3Y1,VNOC,credit,0,-1,1
3966000,3966,0,NOC_NPS_VNOC_X3Y1,VNOC,data_vc,0,5,1
3966000,3966,1,NOC_NPS_VNOC_X3Y0,VNOC,credit,1,-1,1
3966000,3966,1,NOC_NPS_VNOC_X3Y0,VNOC,data_vc,1,5,1
3967000,3967,0,NOC_NPS_VNOC_X3Y1,VNOC,credit,0,-1,1
3967000,3967,0,NOC_NPS_VNOC_X3Y1,VNOC,data_vc,0,5,1
3967000,3967,1,NOC_NPS_VNOC_X3Y0,VNOC,credit,1,-1,1
3967000,3967,1,NOC_NPS_VNOC_X3Y0,VNOC,data_vc,1,5,1
3968000,3968,0,NOC_NPS_VNOC_X3Y1,VNOC,credit,0,-1,1
3968000,3968,0,NOC_NPS_VNOC_X3Y1,VNOC,data_vc,0,5,1
3968000,3968,1,NOC_NPS_VNOC_X3Y0,VNOC,credit,1,-1,1
3968000,3968,1,NOC_NPS_VNOC_X3Y0,VNOC,data_vc,1,5,1
3969000,3969,0,NOC_NPS_VNOC_X3Y1,VNOC,credit,0,-1,1
3969000,3969,0,NOC_NPS_VNOC_X3Y1,VNOC,data_vc,0,5,1
3969000,3969,1,NOC_NPS_VNOC_X3Y0,VNOC,credit,1,-1,1
3969000,3969,1,NOC_NPS_VNOC_X3Y0,VNOC,data_vc,1,5,1
3970000,3970,0,NOC_NPS_VNOC_X3Y1,VNOC,credit,0,-1,1
3970000,3970,0,NOC_NPS_VNOC_X3Y1,VNOC,data_vc,0,5,1
3970000,3970,1,NOC_NPS_VNOC_X3Y0,VNOC,credit,1,-1,1
3970000,3970,1,NOC_NPS_VNOC_X3Y0,VNOC,data_vc,1,5,1
3971000,3971,0,NOC_NPS_VNOC_X3Y1,VNOC,credit,0,-1,1
3971000,3971,0,NOC_NPS_VNOC_X3Y1,VNOC,data_vc,0,5,1
3971000,3971,1,NOC_NPS_VNOC_X3Y0,VNOC,credit,1,-1,1
3971000,3971,1,NOC_NPS_VNOC_X3Y0,VNOC,data_vc,1,5,1
3972000,3972,0,NOC_NPS_VNOC_X3Y1,VNOC,credit,0,-1,1
3972000,3972,0,NOC_NPS_VNOC_X3Y1,VNOC,data_vc,0,5,1
3972000,3972,1,NOC_NPS_VNOC_X3Y0,VNOC,credit,1,-1,1
3972000,3972,1,NOC_NPS_VNOC_X3Y0,VNOC,data_vc,1,5,1
3973000,3973,0,NOC_NPS_VNOC_X3Y1,VNOC,credit,0,-1,1
3973000,3973,0,NOC_NPS_VNOC_X3Y1,VNOC,data_vc,0,5,1
3973000,3973,1,NOC_NPS_VNOC_X3Y0,VNOC,credit,1,-1,1
3973000,3973,1,NOC_NPS_VNOC_X3Y0,VNOC,data_vc,1,5,1
3974000,3974,0,NOC_NPS_VNOC_X3Y1,VNOC,credit,0,-1,1
3974000,3974,0,NOC_NPS_VNOC_X3Y1,VNOC,data_vc,0,5,1
3974000,3974,1,NOC_NPS_VNOC_X3Y0,VNOC,credit,1,-1,1
3974000,3974,1,NOC_NPS_VNOC_X3Y0,VNOC,data_vc,1,5,1
3975000,3975,0,NOC_NPS_VNOC_X3Y1,VNOC,credit,0,-1,1
3975000,3975,0,NOC_NPS_VNOC_X3Y1,VNOC,data_vc,0,5,1
3975000,3975,1,NOC_NPS_VNOC_X3Y0,VNOC,credit,1,-1,1
3975000,3975,1,NOC_NPS_VNOC_X3Y0,VNOC,data_vc,1,5,1
3976000,3976,0,NOC_NPS_VNOC_X3Y1,VNOC,credit,0,-1,1
3976000,3976,0,NOC_NPS_VNOC_X3Y1,VNOC,data_vc,0,5,1
3976000,3976,1,NOC_NPS_VNOC_X3Y0,VNOC,credit,1,-1,1
3976000,3976,1,NOC_NPS_VNOC_X3Y0,VNOC,data_vc,1,5,1
3977000,3977,0,NOC_NPS_VNOC_X3Y1,VNOC,credit,0,-1,1
3977000,3977,0,NOC_NPS_VNOC_X3Y1,VNOC,data_vc,0,5,1
3977000,3977,1,NOC_NPS_VNOC_X3Y0,VNOC,credit,1,-1,1
3977000,3977,1,NOC_NPS_VNOC_X3Y0,VNOC,data_vc,1,5,1
3978000,3978,0,NOC_NPS_VNOC_X3Y1,VNOC,credit,0,-1,1
3978000,3978,0,NOC_NPS_VNOC_X3Y1,VNOC,data_vc,0,5,1
3978000,3978,1,NOC_NPS_VNOC_X3Y0,VNOC,credit,1,-1,1
3978000,3978,1,NOC_NPS_VNOC_X3Y0,VNOC,data_vc,1,5,1
3979000,3979,0,NOC_NPS_VNOC_X3Y1,VNOC,credit,0,-1,1
3979000,3979,0,NOC_NPS_VNOC_X3Y1,VNOC,data_vc,0,5,1
3979000,3979,1,NOC_NPS_VNOC_X3Y0,VNOC,credit,1,-1,1
3979000,3979,1,NOC_NPS_VNOC_X3Y0,VNOC,data_vc,1,5,1
3980000,3980,0,NOC_NPS_VNOC_X3Y1,VNOC,credit,0,-1,1
3980000,3980,0,NOC_NPS_VNOC_X3Y1,VNOC,data_vc,0,5,1
3980000,3980,1,NOC_NPS_VNOC_X3Y0,VNOC,credit,1,-1,1
3980000,3980,1,NOC_NPS_VNOC_X3Y0,VNOC,data_vc,1,5,1
3981000,3981,0,NOC_NPS_VNOC_X3Y1,VNOC,credit,0,-1,1
3981000,3981,0,NOC_NPS_VNOC_X3Y1,VNOC,data_vc,0,5,1
3981000,3981,1,NOC_NPS_VNOC_X3Y0,VNOC,credit,1,-1,1
3981000,3981,1,NOC_NPS_VNOC_X3Y0,VNOC,data_vc,1,5,1
3982000,3982,0,NOC_NPS_VNOC_X3Y1,VNOC,credit,0,-1,1
3982000,3982,0,NOC_NPS_VNOC_X3Y1,VNOC,data_vc,0,5,1
3982000,3982,1,NOC_NPS_VNOC_X3Y0,VNOC,credit,1,-1,1
3982000,3982,1,NOC_NPS_VNOC_X3Y0,VNOC,data_vc,1,5,1
3983000,3983,0,NOC_NPS_VNOC_X3Y1,VNOC,credit,0,-1,1
3983000,3983,0,NOC_NPS_VNOC_X3Y1,VNOC,data_vc,0,5,1
3983000,3983,1,NOC_NPS_VNOC_X3Y0,VNOC,credit,1,-1,1
3983000,3983,1,NOC_NPS_VNOC_X3Y0,VNOC,data_vc,1,5,1
3984000,3984,0,NOC_NPS_VNOC_X3Y1,VNOC,credit,0,-1,1
3984000,3984,0,NOC_NPS_VNOC_X3Y1,VNOC,data_vc,0,5,1
3984000,3984,1,NOC_NPS_VNOC_X3Y0,VNOC,credit,1,-1,1
3984000,3984,1,NOC_NPS_VNOC_X3Y0,VNOC,data_vc,1,5,1
3985000,3985,0,NOC_NPS_VNOC_X3Y1,VNOC,credit,0,-1,1
3985000,3985,0,NOC_NPS_VNOC_X3Y1,VNOC,data_vc,0,5,1
3985000,3985,1,NOC_NPS_VNOC_X3Y0,VNOC,credit,1,-1,1
3985000,3985,1,NOC_NPS_VNOC_X3Y0,VNOC,data_vc,1,5,1
3986000,3986,0,NOC_NPS_VNOC_X3Y1,VNOC,credit,0,-1,1
3986000,3986,0,NOC_NPS_VNOC_X3Y1,VNOC,data_vc,0,5,1
3986000,3986,1,NOC_NPS_VNOC_X3Y0,VNOC,credit,1,-1,1
3986000,3986,1,NOC_NPS_VNOC_X3Y0,VNOC,data_vc,1,5,1
3987000,3987,0,NOC_NPS_VNOC_X3Y1,VNOC,credit,0,-1,1
3987000,3987,0,NOC_NPS_VNOC_X3Y1,VNOC,data_vc,0,5,1
3987000,3987,1,NOC_NPS_VNOC_X3Y0,VNOC,credit,1,-1,1
3987000,3987,1,NOC_NPS_VNOC_X3Y0,VNOC,data_vc,1,5,1
3988000,3988,0,NOC_NPS_VNOC_X3Y1,VNOC,credit,0,-1,1
3988000,3988,0,NOC_NPS_VNOC_X3Y1,VNOC,data_vc,0,5,1
3988000,3988,1,NOC_NPS_VNOC_X3Y0,VNOC,credit,1,-1,1
3988000,3988,1,NOC_NPS_VNOC_X3Y0,VNOC,data_vc,1,5,1
3989000,3989,0,NOC_NPS_VNOC_X3Y1,VNOC,credit,0,-1,1
3989000,3989,0,NOC_NPS_VNOC_X3Y1,VNOC,data_vc,0,5,1
3989000,3989,1,NOC_NPS_VNOC_X3Y0,VNOC,credit,1,-1,1
3989000,3989,1,NOC_NPS_VNOC_X3Y0,VNOC,data_vc,1,5,1
3990000,3990,0,NOC_NPS_VNOC_X3Y1,VNOC,credit,0,-1,1
3990000,3990,0,NOC_NPS_VNOC_X3Y1,VNOC,data_vc,0,5,1
3990000,3990,1,NOC_NPS_VNOC_X3Y0,VNOC,credit,1,-1,1
3990000,3990,1,NOC_NPS_VNOC_X3Y0,VNOC,data_vc,1,5,1
3991000,3991,0,NOC_NPS_VNOC_X3Y1,VNOC,credit,0,-1,1
3991000,3991,0,NOC_NPS_VNOC_X3Y1,VNOC,data_vc,0,5,1
3991000,3991,1,NOC_NPS_VNOC_X3Y0,VNOC,credit,1,-1,1
3991000,3991,1,NOC_NPS_VNOC_X3Y0,VNOC,data_vc,1,5,1
3992000,3992,0,NOC_NPS_VNOC_X3Y1,VNOC,credit,0,-1,1
3992000,3992,0,NOC_NPS_VNOC_X3Y1,VNOC,data_vc,0,5,1
3992000,3992,1,NOC_NPS_VNOC_X3Y0,VNOC,credit,1,-1,1
3992000,3992,1,NOC_NPS_VNOC_X3Y0,VNOC,data_vc,1,5,1
3993000,3993,0,NOC_NPS_VNOC_X3Y1,VNOC,credit,0,-1,1
3993000,3993,0,NOC_NPS_VNOC_X3Y1,VNOC,data_vc,0,5,1
3993000,3993,1,NOC_NPS_VNOC_X3Y0,VNOC,credit,1,-1,1
3993000,3993,1,NOC_NPS_VNOC_X3Y0,VNOC,data_vc,1,5,1
3994000,3994,0,NOC_NPS_VNOC_X3Y1,VNOC,credit,0,-1,1
3994000,3994,0,NOC_NPS_VNOC_X3Y1,VNOC,data_vc,0,5,1
3994000,3994,1,NOC_NPS_VNOC_X3Y0,VNOC,credit,1,-1,1
3994000,3994,1,NOC_NPS_VNOC_X3Y0,VNOC,data_vc,1,5,1
3995000,3995,0,NOC_NPS_VNOC_X3Y1,VNOC,credit,0,-1,1
3995000,3995,0,NOC_NPS_VNOC_X3Y1,VNOC,data_vc,0,5,1
3995000,3995,1,NOC_NPS_VNOC_X3Y0,VNOC,credit,1,-1,1
3995000,3995,1,NOC_NPS_VNOC_X3Y0,VNOC,data_vc,1,5,1
3996000,3996,0,NOC_NPS_VNOC_X3Y1,VNOC,credit,0,-1,1
3996000,3996,0,NOC_NPS_VNOC_X3Y1,VNOC,data_vc,0,5,1
3996000,3996,1,NOC_NPS_VNOC_X3Y0,VNOC,credit,1,-1,1
3996000,3996,1,NOC_NPS_VNOC_X3Y0,VNOC,data_vc,1,5,1
3997000,3997,0,NOC_NPS_VNOC_X3Y1,VNOC,credit,0,-1,1
3997000,3997,0,NOC_NPS_VNOC_X3Y1,VNOC,data_vc,0,5,1
3997000,3997,1,NOC_NPS_VNOC_X3Y0,VNOC,credit,1,-1,1
3997000,3997,1,NOC_NPS_VNOC_X3Y0,VNOC,data_vc,1,5,1
3998000,3998,0,NOC_NPS_VNOC_X3Y1,VNOC,credit,0,-1,1
3998000,3998,0,NOC_NPS_VNOC_X3Y1,VNOC,data_vc,0,5,1
3998000,3998,1,NOC_NPS_VNOC_X3Y0,VNOC,credit,1,-1,1
3998000,3998,1,NOC_NPS_VNOC_X3Y0,VNOC,data_vc,1,5,1
3999000,3999,0,NOC_NPS_VNOC_X3Y1,VNOC,credit,0,-1,1
3999000,3999,0,NOC_NPS_VNOC_X3Y1,VNOC,data_vc,0,5,1
3999000,3999,1,NOC_NPS_VNOC_X3Y0,VNOC,credit,1,-1,1
3999000,3999,1,NOC_NPS_VNOC_X3Y0,VNOC,data_vc,1,5,1
4000000,4000,0,NOC_NPS_VNOC_X3Y1,VNOC,credit,0,-1,1
4000000,4000,0,NOC_NPS_VNOC_X3Y1,VNOC,data_vc,0,5,1
4000000,4000,1,NOC_NPS_VNOC_X3Y0,VNOC,credit,1,-1,1
4000000,4000,1,NOC_NPS_VNOC_X3Y0,VNOC,data_vc,1,5,1
4001000,4001,0,NOC_NPS_VNOC_X3Y1,VNOC,credit,0,-1,1
4001000,4001,0,NOC_NPS_VNOC_X3Y1,VNOC,data_vc,0,5,1
4001000,4001,1,NOC_NPS_VNOC_X3Y0,VNOC,credit,1,-1,1
4001000,4001,1,NOC_NPS_VNOC_X3Y0,VNOC,data_vc,1,5,1
4002000,4002,0,NOC_NPS_VNOC_X3Y1,VNOC,credit,0,-1,1
4002000,4002,0,NOC_NPS_VNOC_X3Y1,VNOC,data_vc,0,5,1
4002000,4002,1,NOC_NPS_VNOC_X3Y0,VNOC,credit,1,-1,1
4002000,4002,1,NOC_NPS_VNOC_X3Y0,VNOC,data_vc,1,5,1
4003000,4003,0,NOC_NPS_VNOC_X3Y1,VNOC,credit,0,-1,1
4003000,4003,0,NOC_NPS_VNOC_X3Y1,VNOC,data_vc,0,5,1
4003000,4003,1,NOC_NPS_VNOC_X3Y0,VNOC,credit,1,-1,1
4003000,4003,1,NOC_NPS_VNOC_X3Y0,VNOC,data_vc,1,5,1
4004000,4004,0,NOC_NPS_VNOC_X3Y1,VNOC,credit,0,-1,1
4004000,4004,0,NOC_NPS_VNOC_X3Y1,VNOC,data_vc,0,5,1
4004000,4004,1,NOC_NPS_VNOC_X3Y0,VNOC,credit,1,-1,1
4004000,4004,1,NOC_NPS_VNOC_X3Y0,VNOC,data_vc,1,5,1
4005000,4005,0,NOC_NPS_VNOC_X3Y1,VNOC,credit,0,-1,1
4005000,4005,0,NOC_NPS_VNOC_X3Y1,VNOC,data_vc,0,5,1
4005000,4005,1,NOC_NPS_VNOC_X3Y0,VNOC,credit,1,-1,1
4005000,4005,1,NOC_NPS_VNOC_X3Y0,VNOC,data_vc,1,5,1
4006000,4006,0,NOC_NPS_VNOC_X3Y1,VNOC,credit,0,-1,1
4006000,4006,0,NOC_NPS_VNOC_X3Y1,VNOC,data_vc,0,5,1
4006000,4006,1,NOC_NPS_VNOC_X3Y0,VNOC,credit,1,-1,1
4006000,4006,1,NOC_NPS_VNOC_X3Y0,VNOC,data_vc,1,5,1
4007000,4007,0,NOC_NPS_VNOC_X3Y1,VNOC,credit,0,-1,1
4007000,4007,0,NOC_NPS_VNOC_X3Y1,VNOC,data_vc,0,5,1
4007000,4007,1,NOC_NPS_VNOC_X3Y0,VNOC,credit,1,-1,1
4007000,4007,1,NOC_NPS_VNOC_X3Y0,VNOC,data_vc,1,5,1
4008000,4008,0,NOC_NPS_VNOC_X3Y1,VNOC,credit,0,-1,1
4008000,4008,0,NOC_NPS_VNOC_X3Y1,VNOC,data_vc,0,5,1
4008000,4008,1,NOC_NPS_VNOC_X3Y0,VNOC,credit,1,-1,1
4008000,4008,1,NOC_NPS_VNOC_X3Y0,VNOC,data_vc,1,5,1
4009000,4009,0,NOC_NPS_VNOC_X3Y1,VNOC,credit,0,-1,1
4009000,4009,0,NOC_NPS_VNOC_X3Y1,VNOC,data_vc,0,5,1
4009000,4009,1,NOC_NPS_VNOC_X3Y0,VNOC,credit,1,-1,1
4009000,4009,1,NOC_NPS_VNOC_X3Y0,VNOC,data_vc,1,5,1
4010000,4010,0,NOC_NPS_VNOC_X3Y1,VNOC,credit,0,-1,1
4010000,4010,0,NOC_NPS_VNOC_X3Y1,VNOC,data_vc,0,5,1
4010000,4010,1,NOC_NPS_VNOC_X3Y0,VNOC,credit,1,-1,1
4010000,4010,1,NOC_NPS_VNOC_X3Y0,VNOC,data_vc,1,5,1
4011000,4011,0,NOC_NPS_VNOC_X3Y1,VNOC,credit,0,-1,1
4011000,4011,0,NOC_NPS_VNOC_X3Y1,VNOC,data_vc,0,5,1
4011000,4011,1,NOC_NPS_VNOC_X3Y0,VNOC,credit,1,-1,1
4011000,4011,1,NOC_NPS_VNOC_X3Y0,VNOC,data_vc,1,5,1
4012000,4012,0,NOC_NPS_VNOC_X3Y1,VNOC,credit,0,-1,1
4012000,4012,0,NOC_NPS_VNOC_X3Y1,VNOC,data_vc,0,5,1
4012000,4012,1,NOC_NPS_VNOC_X3Y0,VNOC,credit,1,-1,1
4012000,4012,1,NOC_NPS_VNOC_X3Y0,VNOC,data_vc,1,5,1
4013000,4013,0,NOC_NPS_VNOC_X3Y1,VNOC,credit,0,-1,1
4013000,4013,0,NOC_NPS_VNOC_X3Y1,VNOC,data_vc,0,5,1
4013000,4013,1,NOC_NPS_VNOC_X3Y0,VNOC,credit,1,-1,1
4013000,4013,1,NOC_NPS_VNOC_X3Y0,VNOC,data_vc,1,5,1
4014000,4014,0,NOC_NPS_VNOC_X3Y1,VNOC,credit,0,-1,1
4014000,4014,0,NOC_NPS_VNOC_X3Y1,VNOC,data_vc,0,5,1
4014000,4014,1,NOC_NPS_VNOC_X3Y0,VNOC,credit,1,-1,1
4014000,4014,1,NOC_NPS_VNOC_X3Y0,VNOC,data_vc,1,5,1
4015000,4015,0,NOC_NPS_VNOC_X3Y1,VNOC,credit,0,-1,1
4015000,4015,0,NOC_NPS_VNOC_X3Y1,VNOC,data_vc,0,5,1
4015000,4015,1,NOC_NPS_VNOC_X3Y0,VNOC,credit,1,-1,1
4015000,4015,1,NOC_NPS_VNOC_X3Y0,VNOC,data_vc,1,5,1
4016000,4016,0,NOC_NPS_VNOC_X3Y1,VNOC,credit,0,-1,1
4016000,4016,0,NOC_NPS_VNOC_X3Y1,VNOC,data_vc,0,5,1
4016000,4016,1,NOC_NPS_VNOC_X3Y0,VNOC,credit,1,-1,1
4016000,4016,1,NOC_NPS_VNOC_X3Y0,VNOC,data_vc,1,5,1
4017000,4017,0,NOC_NPS_VNOC_X3Y1,VNOC,credit,0,-1,1
4017000,4017,0,NOC_NPS_VNOC_X3Y1,VNOC,data_vc,0,5,1
4017000,4017,1,NOC_NPS_VNOC_X3Y0,VNOC,credit,1,-1,1
4017000,4017,1,NOC_NPS_VNOC_X3Y0,VNOC,data_vc,1,5,1
4018000,4018,0,NOC_NPS_VNOC_X3Y1,VNOC,credit,0,-1,1
4018000,4018,0,NOC_NPS_VNOC_X3Y1,VNOC,data_vc,0,5,1
4018000,4018,1,NOC_NPS_VNOC_X3Y0,VNOC,credit,1,-1,1
4018000,4018,1,NOC_NPS_VNOC_X3Y0,VNOC,data_vc,1,5,1
4019000,4019,0,NOC_NPS_VNOC_X3Y1,VNOC,credit,0,-1,1
4019000,4019,0,NOC_NPS_VNOC_X3Y1,VNOC,data_vc,0,5,1
4019000,4019,1,NOC_NPS_VNOC_X3Y0,VNOC,credit,1,-1,1
4019000,4019,1,NOC_NPS_VNOC_X3Y0,VNOC,data_vc,1,5,1
4020000,4020,0,NOC_NPS_VNOC_X3Y1,VNOC,credit,0,-1,1
4020000,4020,0,NOC_NPS_VNOC_X3Y1,VNOC,data_vc,0,5,1
4020000,4020,1,NOC_NPS_VNOC_X3Y0,VNOC,credit,1,-1,1
4020000,4020,1,NOC_NPS_VNOC_X3Y0,VNOC,data_vc,1,5,1
4021000,4021,0,NOC_NPS_VNOC_X3Y1,VNOC,credit,0,-1,1
4021000,4021,0,NOC_NPS_VNOC_X3Y1,VNOC,data_vc,0,5,1
4021000,4021,1,NOC_NPS_VNOC_X3Y0,VNOC,credit,1,-1,1
4021000,4021,1,NOC_NPS_VNOC_X3Y0,VNOC,data_vc,1,5,1
4022000,4022,0,NOC_NPS_VNOC_X3Y1,VNOC,credit,0,-1,1
4022000,4022,0,NOC_NPS_VNOC_X3Y1,VNOC,data_vc,0,5,1
4022000,4022,1,NOC_NPS_VNOC_X3Y0,VNOC,credit,1,-1,1
4022000,4022,1,NOC_NPS_VNOC_X3Y0,VNOC,data_vc,1,5,1
4023000,4023,0,NOC_NPS_VNOC_X3Y1,VNOC,credit,0,-1,1
4023000,4023,0,NOC_NPS_VNOC_X3Y1,VNOC,data_vc,0,5,1
4023000,4023,1,NOC_NPS_VNOC_X3Y0,VNOC,credit,1,-1,1
4023000,4023,1,NOC_NPS_VNOC_X3Y0,VNOC,data_vc,1,5,1
4024000,4024,0,NOC_NPS_VNOC_X3Y1,VNOC,credit,0,-1,1
4024000,4024,0,NOC_NPS_VNOC_X3Y1,VNOC,data_vc,0,5,1
4024000,4024,1,NOC_NPS_VNOC_X3Y0,VNOC,credit,1,-1,1
4024000,4024,1,NOC_NPS_VNOC_X3Y0,VNOC,data_vc,1,5,1
4025000,4025,0,NOC_NPS_VNOC_X3Y1,VNOC,credit,0,-1,1
4025000,4025,0,NOC_NPS_VNOC_X3Y1,VNOC,data_vc,0,5,1
4025000,4025,1,NOC_NPS_VNOC_X3Y0,VNOC,credit,1,-1,1
4025000,4025,1,NOC_NPS_VNOC_X3Y0,VNOC,data_vc,1,5,1
4026000,4026,0,NOC_NPS_VNOC_X3Y1,VNOC,credit,0,-1,1
4026000,4026,0,NOC_NPS_VNOC_X3Y1,VNOC,data_vc,0,5,1
4026000,4026,1,NOC_NPS_VNOC_X3Y0,VNOC,credit,1,-1,1
4026000,4026,1,NOC_NPS_VNOC_X3Y0,VNOC,data_vc,1,5,1
4027000,4027,0,NOC_NPS_VNOC_X3Y1,VNOC,credit,0,-1,1
4027000,4027,0,NOC_NPS_VNOC_X3Y1,VNOC,data_vc,0,5,1
4027000,4027,1,NOC_NPS_VNOC_X3Y0,VNOC,credit,1,-1,1
4027000,4027,1,NOC_NPS_VNOC_X3Y0,VNOC,data_vc,1,5,1
4028000,4028,0,NOC_NPS_VNOC_X3Y1,VNOC,credit,0,-1,1
4028000,4028,0,NOC_NPS_VNOC_X3Y1,VNOC,data_vc,0,5,1
4028000,4028,1,NOC_NPS_VNOC_X3Y0,VNOC,credit,1,-1,1
4028000,4028,1,NOC_NPS_VNOC_X3Y0,VNOC,data_vc,1,5,1
4029000,4029,0,NOC_NPS_VNOC_X3Y1,VNOC,credit,0,-1,1
4029000,4029,0,NOC_NPS_VNOC_X3Y1,VNOC,data_vc,0,5,1
4029000,4029,1,NOC_NPS_VNOC_X3Y0,VNOC,credit,1,-1,1
4029000,4029,1,NOC_NPS_VNOC_X3Y0,VNOC,data_vc,1,5,1
4030000,4030,0,NOC_NPS_VNOC_X3Y1,VNOC,credit,0,-1,1
4030000,4030,0,NOC_NPS_VNOC_X3Y1,VNOC,data_vc,0,5,1
4030000,4030,1,NOC_NPS_VNOC_X3Y0,VNOC,credit,1,-1,1
4030000,4030,1,NOC_NPS_VNOC_X3Y0,VNOC,data_vc,1,5,1
4031000,4031,0,NOC_NPS_VNOC_X3Y1,VNOC,credit,0,-1,1
4031000,4031,0,NOC_NPS_VNOC_X3Y1,VNOC,data_vc,0,5,1
4031000,4031,1,NOC_NPS_VNOC_X3Y0,VNOC,credit,1,-1,1
4031000,4031,1,NOC_NPS_VNOC_X3Y0,VNOC,data_vc,1,5,1
4032000,4032,0,NOC_NPS_VNOC_X3Y1,VNOC,credit,0,-1,1
4032000,4032,0,NOC_NPS_VNOC_X3Y1,VNOC,data_vc,0,5,1
4032000,4032,1,NOC_NPS_VNOC_X3Y0,VNOC,credit,1,-1,1
4032000,4032,1,NOC_NPS_VNOC_X3Y0,VNOC,data_vc,1,5,1
4033000,4033,0,NOC_NPS_VNOC_X3Y1,VNOC,credit,0,-1,1
4033000,4033,0,NOC_NPS_VNOC_X3Y1,VNOC,data_vc,0,5,1
4033000,4033,1,NOC_NPS_VNOC_X3Y0,VNOC,credit,1,-1,1
4033000,4033,1,NOC_NPS_VNOC_X3Y0,VNOC,data_vc,1,5,1
4034000,4034,0,NOC_NPS_VNOC_X3Y1,VNOC,credit,0,-1,1
4034000,4034,0,NOC_NPS_VNOC_X3Y1,VNOC,data_vc,0,5,1
4034000,4034,1,NOC_NPS_VNOC_X3Y0,VNOC,credit,1,-1,1
4034000,4034,1,NOC_NPS_VNOC_X3Y0,VNOC,data_vc,1,5,1
4035000,4035,0,NOC_NPS_VNOC_X3Y1,VNOC,credit,0,-1,1
4035000,4035,0,NOC_NPS_VNOC_X3Y1,VNOC,data_vc,0,5,1
4035000,4035,1,NOC_NPS_VNOC_X3Y0,VNOC,credit,1,-1,1
4035000,4035,1,NOC_NPS_VNOC_X3Y0,VNOC,data_vc,1,5,1
4036000,4036,0,NOC_NPS_VNOC_X3Y1,VNOC,credit,0,-1,1
4036000,4036,0,NOC_NPS_VNOC_X3Y1,VNOC,data_vc,0,5,1
4036000,4036,1,NOC_NPS_VNOC_X3Y0,VNOC,credit,1,-1,1
4036000,4036,1,NOC_NPS_VNOC_X3Y0,VNOC,data_vc,1,5,1
4037000,4037,0,NOC_NPS_VNOC_X3Y1,VNOC,credit,0,-1,1
4037000,4037,0,NOC_NPS_VNOC_X3Y1,VNOC,data_vc,0,5,1
4037000,4037,1,NOC_NPS_VNOC_X3Y0,VNOC,credit,1,-1,1
4037000,4037,1,NOC_NPS_VNOC_X3Y0,VNOC,data_vc,1,5,1
4038000,4038,0,NOC_NPS_VNOC_X3Y1,VNOC,credit,0,-1,1
4038000,4038,0,NOC_NPS_VNOC_X3Y1,VNOC,data_vc,0,5,1
4038000,4038,1,NOC_NPS_VNOC_X3Y0,VNOC,credit,1,-1,1
4038000,4038,1,NOC_NPS_VNOC_X3Y0,VNOC,data_vc,1,5,1
4039000,4039,0,NOC_NPS_VNOC_X3Y1,VNOC,credit,0,-1,1
4039000,4039,0,NOC_NPS_VNOC_X3Y1,VNOC,data_vc,0,5,1
4039000,4039,1,NOC_NPS_VNOC_X3Y0,VNOC,credit,1,-1,1
4039000,4039,1,NOC_NPS_VNOC_X3Y0,VNOC,data_vc,1,5,1
4040000,4040,0,NOC_NPS_VNOC_X3Y1,VNOC,credit,0,-1,1
4040000,4040,0,NOC_NPS_VNOC_X3Y1,VNOC,data_vc,0,5,1
4040000,4040,1,NOC_NPS_VNOC_X3Y0,VNOC,credit,1,-1,1
4040000,4040,1,NOC_NPS_VNOC_X3Y0,VNOC,data_vc,1,5,1
4041000,4041,0,NOC_NPS_VNOC_X3Y1,VNOC,credit,0,-1,1
4041000,4041,0,NOC_NPS_VNOC_X3Y1,VNOC,data_vc,0,5,1
4041000,4041,1,NOC_NPS_VNOC_X3Y0,VNOC,credit,1,-1,1
4041000,4041,1,NOC_NPS_VNOC_X3Y0,VNOC,data_vc,1,5,1
4042000,4042,0,NOC_NPS_VNOC_X3Y1,VNOC,credit,0,-1,1
4042000,4042,0,NOC_NPS_VNOC_X3Y1,VNOC,data_vc,0,5,1
4042000,4042,1,NOC_NPS_VNOC_X3Y0,VNOC,credit,1,-1,1
4042000,4042,1,NOC_NPS_VNOC_X3Y0,VNOC,data_vc,1,5,1
4043000,4043,0,NOC_NPS_VNOC_X3Y1,VNOC,credit,0,-1,1
4043000,4043,0,NOC_NPS_VNOC_X3Y1,VNOC,data_vc,0,5,1
4043000,4043,1,NOC_NPS_VNOC_X3Y0,VNOC,credit,1,-1,1
4043000,4043,1,NOC_NPS_VNOC_X3Y0,VNOC,data_vc,1,5,1
4044000,4044,0,NOC_NPS_VNOC_X3Y1,VNOC,credit,0,-1,1
4044000,4044,0,NOC_NPS_VNOC_X3Y1,VNOC,data_vc,0,5,1
4044000,4044,1,NOC_NPS_VNOC_X3Y0,VNOC,credit,1,-1,1
4044000,4044,1,NOC_NPS_VNOC_X3Y0,VNOC,data_vc,1,5,1
4045000,4045,0,NOC_NPS_VNOC_X3Y1,VNOC,credit,0,-1,1
4045000,4045,0,NOC_NPS_VNOC_X3Y1,VNOC,data_vc,0,5,1
4045000,4045,1,NOC_NPS_VNOC_X3Y0,VNOC,credit,1,-1,1
4045000,4045,1,NOC_NPS_VNOC_X3Y0,VNOC,data_vc,1,5,1
4046000,4046,0,NOC_NPS_VNOC_X3Y1,VNOC,credit,0,-1,1
4046000,4046,0,NOC_NPS_VNOC_X3Y1,VNOC,data_vc,0,5,1
4046000,4046,1,NOC_NPS_VNOC_X3Y0,VNOC,credit,1,-1,1
4046000,4046,1,NOC_NPS_VNOC_X3Y0,VNOC,data_vc,1,5,1
4047000,4047,0,NOC_NPS_VNOC_X3Y1,VNOC,credit,0,-1,1
4047000,4047,0,NOC_NPS_VNOC_X3Y1,VNOC,data_vc,0,5,1
4047000,4047,1,NOC_NPS_VNOC_X3Y0,VNOC,credit,1,-1,1
4047000,4047,1,NOC_NPS_VNOC_X3Y0,VNOC,data_vc,1,5,1
4048000,4048,0,NOC_NPS_VNOC_X3Y1,VNOC,credit,0,-1,1
4048000,4048,0,NOC_NPS_VNOC_X3Y1,VNOC,data_vc,0,5,1
4048000,4048,1,NOC_NPS_VNOC_X3Y0,VNOC,credit,1,-1,1
4048000,4048,1,NOC_NPS_VNOC_X3Y0,VNOC,data_vc,1,5,1
4049000,4049,0,NOC_NPS_VNOC_X3Y1,VNOC,credit,0,-1,1
4049000,4049,0,NOC_NPS_VNOC_X3Y1,VNOC,data_vc,0,5,1
4049000,4049,1,NOC_NPS_VNOC_X3Y0,VNOC,credit,1,-1,1
4049000,4049,1,NOC_NPS_VNOC_X3Y0,VNOC,data_vc,1,5,1
4050000,4050,0,NOC_NPS_VNOC_X3Y1,VNOC,credit,0,-1,1
4050000,4050,0,NOC_NPS_VNOC_X3Y1,VNOC,data_vc,0,5,1
4050000,4050,1,NOC_NPS_VNOC_X3Y0,VNOC,credit,1,-1,1
4050000,4050,1,NOC_NPS_VNOC_X3Y0,VNOC,data_vc,1,5,1
4051000,4051,0,NOC_NPS_VNOC_X3Y1,VNOC,credit,0,-1,1
4051000,4051,0,NOC_NPS_VNOC_X3Y1,VNOC,data_vc,0,5,1
4051000,4051,1,NOC_NPS_VNOC_X3Y0,VNOC,credit,1,-1,1
4051000,4051,1,NOC_NPS_VNOC_X3Y0,VNOC,data_vc,1,5,1
4052000,4052,0,NOC_NPS_VNOC_X3Y1,VNOC,credit,0,-1,1
4052000,4052,0,NOC_NPS_VNOC_X3Y1,VNOC,data_vc,0,5,1
4052000,4052,1,NOC_NPS_VNOC_X3Y0,VNOC,credit,1,-1,1
4052000,4052,1,NOC_NPS_VNOC_X3Y0,VNOC,data_vc,1,5,1
4053000,4053,0,NOC_NPS_VNOC_X3Y1,VNOC,credit,0,-1,1
4053000,4053,0,NOC_NPS_VNOC_X3Y1,VNOC,data_vc,0,5,1
4053000,4053,1,NOC_NPS_VNOC_X3Y0,VNOC,credit,1,-1,1
4053000,4053,1,NOC_NPS_VNOC_X3Y0,VNOC,data_vc,1,5,1
4054000,4054,0,NOC_NPS_VNOC_X3Y1,VNOC,credit,0,-1,1
4054000,4054,0,NOC_NPS_VNOC_X3Y1,VNOC,data_vc,0,5,1
4054000,4054,1,NOC_NPS_VNOC_X3Y0,VNOC,credit,1,-1,1
4054000,4054,1,NOC_NPS_VNOC_X3Y0,VNOC,data_vc,1,5,1
4055000,4055,0,NOC_NPS_VNOC_X3Y1,VNOC,credit,0,-1,1
4055000,4055,0,NOC_NPS_VNOC_X3Y1,VNOC,data_vc,0,5,1
4055000,4055,1,NOC_NPS_VNOC_X3Y0,VNOC,credit,1,-1,1
4055000,4055,1,NOC_NPS_VNOC_X3Y0,VNOC,data_vc,1,5,1
4056000,4056,0,NOC_NPS_VNOC_X3Y1,VNOC,credit,0,-1,1
4056000,4056,0,NOC_NPS_VNOC_X3Y1,VNOC,data_vc,0,5,1
4056000,4056,1,NOC_NPS_VNOC_X3Y0,VNOC,credit,1,-1,1
4056000,4056,1,NOC_NPS_VNOC_X3Y0,VNOC,data_vc,1,5,1
4057000,4057,0,NOC_NPS_VNOC_X3Y1,VNOC,credit,0,-1,1
4057000,4057,0,NOC_NPS_VNOC_X3Y1,VNOC,data_vc,0,5,1
4057000,4057,1,NOC_NPS_VNOC_X3Y0,VNOC,credit,1,-1,1
4057000,4057,1,NOC_NPS_VNOC_X3Y0,VNOC,data_vc,1,5,1
4058000,4058,0,NOC_NPS_VNOC_X3Y1,VNOC,credit,0,-1,1
4058000,4058,0,NOC_NPS_VNOC_X3Y1,VNOC,data_vc,0,5,1
4058000,4058,1,NOC_NPS_VNOC_X3Y0,VNOC,credit,1,-1,1
4058000,4058,1,NOC_NPS_VNOC_X3Y0,VNOC,data_vc,1,5,1
4059000,4059,0,NOC_NPS_VNOC_X3Y1,VNOC,credit,0,-1,1
4059000,4059,0,NOC_NPS_VNOC_X3Y1,VNOC,data_vc,0,5,1
4059000,4059,1,NOC_NPS_VNOC_X3Y0,VNOC,credit,1,-1,1
4059000,4059,1,NOC_NPS_VNOC_X3Y0,VNOC,data_vc,1,5,1
4060000,4060,0,NOC_NPS_VNOC_X3Y1,VNOC,credit,0,-1,1
4060000,4060,0,NOC_NPS_VNOC_X3Y1,VNOC,data_vc,0,5,1
4060000,4060,1,NOC_NPS_VNOC_X3Y0,VNOC,credit,1,-1,1
4060000,4060,1,NOC_NPS_VNOC_X3Y0,VNOC,data_vc,1,5,1
4061000,4061,0,NOC_NPS_VNOC_X3Y1,VNOC,credit,0,-1,1
4061000,4061,0,NOC_NPS_VNOC_X3Y1,VNOC,data_vc,0,5,1
4061000,4061,1,NOC_NPS_VNOC_X3Y0,VNOC,credit,1,-1,1
4061000,4061,1,NOC_NPS_VNOC_X3Y0,VNOC,data_vc,1,5,1
4062000,4062,0,NOC_NPS_VNOC_X3Y1,VNOC,credit,0,-1,1
4062000,4062,0,NOC_NPS_VNOC_X3Y1,VNOC,data_vc,0,5,1
4062000,4062,1,NOC_NPS_VNOC_X3Y0,VNOC,credit,1,-1,1
4062000,4062,1,NOC_NPS_VNOC_X3Y0,VNOC,data_vc,1,5,1
4063000,4063,0,NOC_NPS_VNOC_X3Y1,VNOC,credit,0,-1,1
4063000,4063,0,NOC_NPS_VNOC_X3Y1,VNOC,data_vc,0,5,1
4063000,4063,1,NOC_NPS_VNOC_X3Y0,VNOC,credit,1,-1,1
4063000,4063,1,NOC_NPS_VNOC_X3Y0,VNOC,data_vc,1,5,1
4064000,4064,0,NOC_NPS_VNOC_X3Y1,VNOC,credit,0,-1,1
4064000,4064,0,NOC_NPS_VNOC_X3Y1,VNOC,data_vc,0,5,1
4064000,4064,1,NOC_NPS_VNOC_X3Y0,VNOC,credit,1,-1,1
4064000,4064,1,NOC_NPS_VNOC_X3Y0,VNOC,data_vc,1,5,1
4065000,4065,0,NOC_NPS_VNOC_X3Y1,VNOC,credit,0,-1,1
4065000,4065,0,NOC_NPS_VNOC_X3Y1,VNOC,data_vc,0,5,1
4065000,4065,1,NOC_NPS_VNOC_X3Y0,VNOC,credit,1,-1,1
4065000,4065,1,NOC_NPS_VNOC_X3Y0,VNOC,data_vc,1,5,1
4066000,4066,0,NOC_NPS_VNOC_X3Y1,VNOC,credit,0,-1,1
4066000,4066,0,NOC_NPS_VNOC_X3Y1,VNOC,data_vc,0,5,1
4066000,4066,1,NOC_NPS_VNOC_X3Y0,VNOC,credit,1,-1,1
4066000,4066,1,NOC_NPS_VNOC_X3Y0,VNOC,data_vc,1,5,1
4067000,4067,0,NOC_NPS_VNOC_X3Y1,VNOC,credit,0,-1,1
4067000,4067,0,NOC_NPS_VNOC_X3Y1,VNOC,data_vc,0,5,1
4067000,4067,1,NOC_NPS_VNOC_X3Y0,VNOC,credit,1,-1,1
4067000,4067,1,NOC_NPS_VNOC_X3Y0,VNOC,data_vc,1,5,1
4068000,4068,0,NOC_NPS_VNOC_X3Y1,VNOC,credit,0,-1,1
4068000,4068,0,NOC_NPS_VNOC_X3Y1,VNOC,data_vc,0,5,1
4068000,4068,1,NOC_NPS_VNOC_X3Y0,VNOC,credit,1,-1,1
4068000,4068,1,NOC_NPS_VNOC_X3Y0,VNOC,data_vc,1,5,1
4069000,4069,0,NOC_NPS_VNOC_X3Y1,VNOC,credit,0,-1,1
4069000,4069,0,NOC_NPS_VNOC_X3Y1,VNOC,data_vc,0,5,1
4069000,4069,1,NOC_NPS_VNOC_X3Y0,VNOC,credit,1,-1,1
4069000,4069,1,NOC_NPS_VNOC_X3Y0,VNOC,data_vc,1,5,1
4070000,4070,0,NOC_NPS_VNOC_X3Y1,VNOC,credit,0,-1,1
4070000,4070,0,NOC_NPS_VNOC_X3Y1,VNOC,data_vc,0,5,1
4070000,4070,1,NOC_NPS_VNOC_X3Y0,VNOC,credit,1,-1,1
4070000,4070,1,NOC_NPS_VNOC_X3Y0,VNOC,data_vc,1,5,1
4071000,4071,0,NOC_NPS_VNOC_X3Y1,VNOC,credit,0,-1,1
4071000,4071,0,NOC_NPS_VNOC_X3Y1,VNOC,data_vc,0,5,1
4071000,4071,1,NOC_NPS_VNOC_X3Y0,VNOC,credit,1,-1,1
4071000,4071,1,NOC_NPS_VNOC_X3Y0,VNOC,data_vc,1,5,1
4072000,4072,0,NOC_NPS_VNOC_X3Y1,VNOC,credit,0,-1,1
4072000,4072,0,NOC_NPS_VNOC_X3Y1,VNOC,data_vc,0,5,1
4072000,4072,1,NOC_NPS_VNOC_X3Y0,VNOC,credit,1,-1,1
4072000,4072,1,NOC_NPS_VNOC_X3Y0,VNOC,data_vc,1,5,1
4073000,4073,0,NOC_NPS_VNOC_X3Y1,VNOC,credit,0,-1,1
4073000,4073,0,NOC_NPS_VNOC_X3Y1,VNOC,data_vc,0,5,1
4073000,4073,1,NOC_NPS_VNOC_X3Y0,VNOC,credit,1,-1,1
4073000,4073,1,NOC_NPS_VNOC_X3Y0,VNOC,data_vc,1,5,1
4074000,4074,0,NOC_NPS_VNOC_X3Y1,VNOC,credit,0,-1,1
4074000,4074,0,NOC_NPS_VNOC_X3Y1,VNOC,data_vc,0,5,1
4074000,4074,1,NOC_NPS_VNOC_X3Y0,VNOC,credit,1,-1,1
4074000,4074,1,NOC_NPS_VNOC_X3Y0,VNOC,data_vc,1,5,1
4075000,4075,0,NOC_NPS_VNOC_X3Y1,VNOC,credit,0,-1,1
4075000,4075,0,NOC_NPS_VNOC_X3Y1,VNOC,data_vc,0,5,1
4075000,4075,1,NOC_NPS_VNOC_X3Y0,VNOC,credit,1,-1,1
4075000,4075,1,NOC_NPS_VNOC_X3Y0,VNOC,data_vc,1,5,1
4076000,4076,0,NOC_NPS_VNOC_X3Y1,VNOC,credit,0,-1,1
4076000,4076,0,NOC_NPS_VNOC_X3Y1,VNOC,data_vc,0,5,1
4076000,4076,1,NOC_NPS_VNOC_X3Y0,VNOC,credit,1,-1,1
4076000,4076,1,NOC_NPS_VNOC_X3Y0,VNOC,data_vc,1,5,1
4077000,4077,0,NOC_NPS_VNOC_X3Y1,VNOC,credit,0,-1,1
4077000,4077,0,NOC_NPS_VNOC_X3Y1,VNOC,data_vc,0,5,1
4077000,4077,1,NOC_NPS_VNOC_X3Y0,VNOC,credit,1,-1,1
4077000,4077,1,NOC_NPS_VNOC_X3Y0,VNOC,data_vc,1,5,1
4078000,4078,0,NOC_NPS_VNOC_X3Y1,VNOC,credit,0,-1,1
4078000,4078,0,NOC_NPS_VNOC_X3Y1,VNOC,data_vc,0,5,1
4078000,4078,1,NOC_NPS_VNOC_X3Y0,VNOC,credit,1,-1,1
4078000,4078,1,NOC_NPS_VNOC_X3Y0,VNOC,data_vc,1,5,1
4079000,4079,0,NOC_NPS_VNOC_X3Y1,VNOC,credit,0,-1,1
4079000,4079,0,NOC_NPS_VNOC_X3Y1,VNOC,data_vc,0,5,1
4079000,4079,1,NOC_NPS_VNOC_X3Y0,VNOC,credit,1,-1,1
4079000,4079,1,NOC_NPS_VNOC_X3Y0,VNOC,data_vc,1,5,1
4080000,4080,0,NOC_NPS_VNOC_X3Y1,VNOC,credit,0,-1,1
4080000,4080,0,NOC_NPS_VNOC_X3Y1,VNOC,data_vc,0,5,1
4080000,4080,1,NOC_NPS_VNOC_X3Y0,VNOC,credit,1,-1,1
4080000,4080,1,NOC_NPS_VNOC_X3Y0,VNOC,data_vc,1,5,1
4081000,4081,0,NOC_NPS_VNOC_X3Y1,VNOC,credit,0,-1,1
4081000,4081,0,NOC_NPS_VNOC_X3Y1,VNOC,data_vc,0,5,1
4081000,4081,1,NOC_NPS_VNOC_X3Y0,VNOC,credit,1,-1,1
4081000,4081,1,NOC_NPS_VNOC_X3Y0,VNOC,data_vc,1,5,1
4082000,4082,0,NOC_NPS_VNOC_X3Y1,VNOC,credit,0,-1,1
4082000,4082,0,NOC_NPS_VNOC_X3Y1,VNOC,data_vc,0,5,1
4082000,4082,1,NOC_NPS_VNOC_X3Y0,VNOC,credit,1,-1,1
4082000,4082,1,NOC_NPS_VNOC_X3Y0,VNOC,data_vc,1,5,1
4083000,4083,0,NOC_NPS_VNOC_X3Y1,VNOC,credit,0,-1,1
4083000,4083,0,NOC_NPS_VNOC_X3Y1,VNOC,data_vc,0,5,1
4083000,4083,1,NOC_NPS_VNOC_X3Y0,VNOC,credit,1,-1,1
4083000,4083,1,NOC_NPS_VNOC_X3Y0,VNOC,data_vc,1,5,1
4084000,4084,0,NOC_NPS_VNOC_X3Y1,VNOC,credit,0,-1,1
4084000,4084,0,NOC_NPS_VNOC_X3Y1,VNOC,data_vc,0,5,1
4084000,4084,1,NOC_NPS_VNOC_X3Y0,VNOC,credit,1,-1,1
4084000,4084,1,NOC_NPS_VNOC_X3Y0,VNOC,data_vc,1,5,1
4085000,4085,0,NOC_NPS_VNOC_X3Y1,VNOC,credit,0,-1,1
4085000,4085,0,NOC_NPS_VNOC_X3Y1,VNOC,data_vc,0,5,1
4085000,4085,1,NOC_NPS_VNOC_X3Y0,VNOC,credit,1,-1,1
4085000,4085,1,NOC_NPS_VNOC_X3Y0,VNOC,data_vc,1,5,1
4086000,4086,0,NOC_NPS_VNOC_X3Y1,VNOC,credit,0,-1,1
4086000,4086,0,NOC_NPS_VNOC_X3Y1,VNOC,data_vc,0,5,1
4086000,4086,1,NOC_NPS_VNOC_X3Y0,VNOC,credit,1,-1,1
4086000,4086,1,NOC_NPS_VNOC_X3Y0,VNOC,data_vc,1,5,1
4087000,4087,0,NOC_NPS_VNOC_X3Y1,VNOC,credit,0,-1,1
4087000,4087,0,NOC_NPS_VNOC_X3Y1,VNOC,data_vc,0,5,1
4087000,4087,1,NOC_NPS_VNOC_X3Y0,VNOC,credit,1,-1,1
4087000,4087,1,NOC_NPS_VNOC_X3Y0,VNOC,data_vc,1,5,1
4088000,4088,0,NOC_NPS_VNOC_X3Y1,VNOC,credit,0,-1,1
4088000,4088,0,NOC_NPS_VNOC_X3Y1,VNOC,data_vc,0,5,1
4088000,4088,1,NOC_NPS_VNOC_X3Y0,VNOC,credit,1,-1,1
4088000,4088,1,NOC_NPS_VNOC_X3Y0,VNOC,data_vc,1,5,1
4089000,4089,0,NOC_NPS_VNOC_X3Y1,VNOC,credit,0,-1,1
4089000,4089,0,NOC_NPS_VNOC_X3Y1,VNOC,data_vc,0,5,1
4089000,4089,1,NOC_NPS_VNOC_X3Y0,VNOC,credit,1,-1,1
4089000,4089,1,NOC_NPS_VNOC_X3Y0,VNOC,data_vc,1,5,1
4090000,4090,0,NOC_NPS_VNOC_X3Y1,VNOC,credit,0,-1,1
4090000,4090,0,NOC_NPS_VNOC_X3Y1,VNOC,data_vc,0,5,1
4090000,4090,1,NOC_NPS_VNOC_X3Y0,VNOC,credit,1,-1,1
4090000,4090,1,NOC_NPS_VNOC_X3Y0,VNOC,data_vc,1,5,1
4091000,4091,0,NOC_NPS_VNOC_X3Y1,VNOC,credit,0,-1,1
4091000,4091,0,NOC_NPS_VNOC_X3Y1,VNOC,data_vc,0,5,1
4091000,4091,1,NOC_NPS_VNOC_X3Y0,VNOC,credit,1,-1,1
4091000,4091,1,NOC_NPS_VNOC_X3Y0,VNOC,data_vc,1,5,1
4092000,4092,0,NOC_NPS_VNOC_X3Y1,VNOC,credit,0,-1,1
4092000,4092,0,NOC_NPS_VNOC_X3Y1,VNOC,data_vc,0,5,1
4092000,4092,1,NOC_NPS_VNOC_X3Y0,VNOC,credit,1,-1,1
4092000,4092,1,NOC_NPS_VNOC_X3Y0,VNOC,data_vc,1,5,1
4093000,4093,0,NOC_NPS_VNOC_X3Y1,VNOC,credit,0,-1,1
4093000,4093,0,NOC_NPS_VNOC_X3Y1,VNOC,data_vc,0,5,1
4093000,4093,1,NOC_NPS_VNOC_X3Y0,VNOC,credit,1,-1,1
4093000,4093,1,NOC_NPS_VNOC_X3Y0,VNOC,data_vc,1,5,1
4094000,4094,0,NOC_NPS_VNOC_X3Y1,VNOC,credit,0,-1,1
4094000,4094,0,NOC_NPS_VNOC_X3Y1,VNOC,data_vc,0,5,1
4094000,4094,1,NOC_NPS_VNOC_X3Y0,VNOC,credit,1,-1,1
4094000,4094,1,NOC_NPS_VNOC_X3Y0,VNOC,data_vc,1,5,1
4095000,4095,0,NOC_NPS_VNOC_X3Y1,VNOC,credit,0,-1,1
4095000,4095,0,NOC_NPS_VNOC_X3Y1,VNOC,data_vc,0,5,1
4095000,4095,1,NOC_NPS_VNOC_X3Y0,VNOC,credit,1,-1,1
4095000,4095,1,NOC_NPS_VNOC_X3Y0,VNOC,data_vc,1,5,1
4096000,4096,0,NOC_NPS_VNOC_X3Y1,VNOC,credit,0,-1,1
4096000,4096,0,NOC_NPS_VNOC_X3Y1,VNOC,data_vc,0,5,1
4096000,4096,1,NOC_NPS_VNOC_X3Y0,VNOC,credit,1,-1,1
4096000,4096,1,NOC_NPS_VNOC_X3Y0,VNOC,data_vc,1,5,1
4097000,4097,0,NOC_NPS_VNOC_X3Y1,VNOC,credit,0,-1,1
4097000,4097,0,NOC_NPS_VNOC_X3Y1,VNOC,data_vc,0,5,1
4097000,4097,1,NOC_NPS_VNOC_X3Y0,VNOC,credit,1,-1,1
4097000,4097,1,NOC_NPS_VNOC_X3Y0,VNOC,data_vc,1,5,1
4098000,4098,0,NOC_NPS_VNOC_X3Y1,VNOC,credit,0,-1,1
4098000,4098,0,NOC_NPS_VNOC_X3Y1,VNOC,data_vc,0,5,1
4098000,4098,1,NOC_NPS_VNOC_X3Y0,VNOC,credit,1,-1,1
4098000,4098,1,NOC_NPS_VNOC_X3Y0,VNOC,data_vc,1,5,1
4099000,4099,0,NOC_NPS_VNOC_X3Y1,VNOC,credit,0,-1,1
4099000,4099,0,NOC_NPS_VNOC_X3Y1,VNOC,data_vc,0,5,1
4099000,4099,1,NOC_NPS_VNOC_X3Y0,VNOC,credit,1,-1,1
4099000,4099,1,NOC_NPS_VNOC_X3Y0,VNOC,data_vc,1,5,1
4100000,4100,0,NOC_NPS_VNOC_X3Y1,VNOC,credit,0,-1,1
4100000,4100,0,NOC_NPS_VNOC_X3Y1,VNOC,data_vc,0,5,1
4100000,4100,1,NOC_NPS_VNOC_X3Y0,VNOC,credit,1,-1,1
4100000,4100,1,NOC_NPS_VNOC_X3Y0,VNOC,data_vc,1,5,1
4101000,4101,0,NOC_NPS_VNOC_X3Y1,VNOC,credit,0,-1,1
4101000,4101,0,NOC_NPS_VNOC_X3Y1,VNOC,data_vc,0,5,1
4101000,4101,1,NOC_NPS_VNOC_X3Y0,VNOC,credit,1,-1,1
4101000,4101,1,NOC_NPS_VNOC_X3Y0,VNOC,data_vc,1,5,1
4102000,4102,0,NOC_NPS_VNOC_X3Y1,VNOC,credit,0,-1,1
4102000,4102,0,NOC_NPS_VNOC_X3Y1,VNOC,data_vc,0,5,1
4102000,4102,1,NOC_NPS_VNOC_X3Y0,VNOC,credit,1,-1,1
4102000,4102,1,NOC_NPS_VNOC_X3Y0,VNOC,data_vc,1,5,1
4103000,4103,0,NOC_NPS_VNOC_X3Y1,VNOC,credit,0,-1,1
4103000,4103,0,NOC_NPS_VNOC_X3Y1,VNOC,data_vc,0,5,1
4103000,4103,1,NOC_NPS_VNOC_X3Y0,VNOC,credit,1,-1,1
4103000,4103,1,NOC_NPS_VNOC_X3Y0,VNOC,data_vc,1,5,1
4104000,4104,0,NOC_NPS_VNOC_X3Y1,VNOC,credit,0,-1,1
4104000,4104,0,NOC_NPS_VNOC_X3Y1,VNOC,data_vc,0,5,1
4104000,4104,1,NOC_NPS_VNOC_X3Y0,VNOC,credit,1,-1,1
4104000,4104,1,NOC_NPS_VNOC_X3Y0,VNOC,data_vc,1,5,1
4105000,4105,0,NOC_NPS_VNOC_X3Y1,VNOC,credit,0,-1,1
4105000,4105,0,NOC_NPS_VNOC_X3Y1,VNOC,data_vc,0,5,1
4105000,4105,1,NOC_NPS_VNOC_X3Y0,VNOC,credit,1,-1,1
4105000,4105,1,NOC_NPS_VNOC_X3Y0,VNOC,data_vc,1,5,1
4106000,4106,0,NOC_NPS_VNOC_X3Y1,VNOC,credit,0,-1,1
4106000,4106,0,NOC_NPS_VNOC_X3Y1,VNOC,data_vc,0,5,1
4106000,4106,1,NOC_NPS_VNOC_X3Y0,VNOC,credit,1,-1,1
4106000,4106,1,NOC_NPS_VNOC_X3Y0,VNOC,data_vc,1,5,1
4107000,4107,0,NOC_NPS_VNOC_X3Y1,VNOC,credit,0,-1,1
4107000,4107,0,NOC_NPS_VNOC_X3Y1,VNOC,data_vc,0,5,1
4107000,4107,1,NOC_NPS_VNOC_X3Y0,VNOC,credit,1,-1,1
4107000,4107,1,NOC_NPS_VNOC_X3Y0,VNOC,data_vc,1,5,1
4108000,4108,0,NOC_NPS_VNOC_X3Y1,VNOC,credit,0,-1,1
4108000,4108,0,NOC_NPS_VNOC_X3Y1,VNOC,data_vc,0,5,1
4108000,4108,1,NOC_NPS_VNOC_X3Y0,VNOC,credit,1,-1,1
4108000,4108,1,NOC_NPS_VNOC_X3Y0,VNOC,data_vc,1,5,1
4109000,4109,0,NOC_NPS_VNOC_X3Y1,VNOC,credit,0,-1,1
4109000,4109,0,NOC_NPS_VNOC_X3Y1,VNOC,data_vc,0,5,1
4109000,4109,1,NOC_NPS_VNOC_X3Y0,VNOC,credit,1,-1,1
4109000,4109,1,NOC_NPS_VNOC_X3Y0,VNOC,data_vc,1,5,1
4110000,4110,0,NOC_NPS_VNOC_X3Y1,VNOC,credit,0,-1,1
4110000,4110,0,NOC_NPS_VNOC_X3Y1,VNOC,data_vc,0,5,1
4110000,4110,1,NOC_NPS_VNOC_X3Y0,VNOC,credit,1,-1,1
4110000,4110,1,NOC_NPS_VNOC_X3Y0,VNOC,data_vc,1,5,1
4111000,4111,0,NOC_NPS_VNOC_X3Y1,VNOC,credit,0,-1,1
4111000,4111,0,NOC_NPS_VNOC_X3Y1,VNOC,data_vc,0,5,1
4111000,4111,1,NOC_NPS_VNOC_X3Y0,VNOC,credit,1,-1,1
4111000,4111,1,NOC_NPS_VNOC_X3Y0,VNOC,data_vc,1,5,1
4112000,4112,0,NOC_NPS_VNOC_X3Y1,VNOC,credit,0,-1,1
4112000,4112,0,NOC_NPS_VNOC_X3Y1,VNOC,data_vc,0,5,1
4112000,4112,1,NOC_NPS_VNOC_X3Y0,VNOC,credit,1,-1,1
4112000,4112,1,NOC_NPS_VNOC_X3Y0,VNOC,data_vc,1,5,1
4113000,4113,0,NOC_NPS_VNOC_X3Y1,VNOC,credit,0,-1,1
4113000,4113,0,NOC_NPS_VNOC_X3Y1,VNOC,data_vc,0,5,1
4113000,4113,1,NOC_NPS_VNOC_X3Y0,VNOC,credit,1,-1,1
4113000,4113,1,NOC_NPS_VNOC_X3Y0,VNOC,data_vc,1,5,1
4114000,4114,0,NOC_NPS_VNOC_X3Y1,VNOC,credit,0,-1,1
4114000,4114,0,NOC_NPS_VNOC_X3Y1,VNOC,data_vc,0,5,1
4114000,4114,1,NOC_NPS_VNOC_X3Y0,VNOC,credit,1,-1,1
4114000,4114,1,NOC_NPS_VNOC_X3Y0,VNOC,data_vc,1,5,1
4115000,4115,0,NOC_NPS_VNOC_X3Y1,VNOC,credit,0,-1,1
4115000,4115,0,NOC_NPS_VNOC_X3Y1,VNOC,data_vc,0,5,1
4115000,4115,1,NOC_NPS_VNOC_X3Y0,VNOC,credit,1,-1,1
4115000,4115,1,NOC_NPS_VNOC_X3Y0,VNOC,data_vc,1,5,1
4116000,4116,0,NOC_NPS_VNOC_X3Y1,VNOC,credit,0,-1,1
4116000,4116,0,NOC_NPS_VNOC_X3Y1,VNOC,data_vc,0,5,1
4116000,4116,1,NOC_NPS_VNOC_X3Y0,VNOC,credit,1,-1,1
4116000,4116,1,NOC_NPS_VNOC_X3Y0,VNOC,data_vc,1,5,1
4117000,4117,0,NOC_NPS_VNOC_X3Y1,VNOC,credit,0,-1,1
4117000,4117,0,NOC_NPS_VNOC_X3Y1,VNOC,data_vc,0,5,1
4117000,4117,1,NOC_NPS_VNOC_X3Y0,VNOC,credit,1,-1,1
4117000,4117,1,NOC_NPS_VNOC_X3Y0,VNOC,data_vc,1,5,1
4118000,4118,0,NOC_NPS_VNOC_X3Y1,VNOC,credit,0,-1,1
4118000,4118,0,NOC_NPS_VNOC_X3Y1,VNOC,data_vc,0,5,1
4118000,4118,1,NOC_NPS_VNOC_X3Y0,VNOC,credit,1,-1,1
4118000,4118,1,NOC_NPS_VNOC_X3Y0,VNOC,data_vc,1,5,1
4119000,4119,0,NOC_NPS_VNOC_X3Y1,VNOC,credit,0,-1,1
4119000,4119,0,NOC_NPS_VNOC_X3Y1,VNOC,data_vc,0,5,1
4119000,4119,1,NOC_NPS_VNOC_X3Y0,VNOC,credit,1,-1,1
4119000,4119,1,NOC_NPS_VNOC_X3Y0,VNOC,data_vc,1,5,1
4120000,4120,0,NOC_NPS_VNOC_X3Y1,VNOC,credit,0,-1,1
4120000,4120,0,NOC_NPS_VNOC_X3Y1,VNOC,data_vc,0,5,1
4120000,4120,1,NOC_NPS_VNOC_X3Y0,VNOC,credit,1,-1,1
4120000,4120,1,NOC_NPS_VNOC_X3Y0,VNOC,data_vc,1,5,1
4121000,4121,0,NOC_NPS_VNOC_X3Y1,VNOC,credit,0,-1,1
4121000,4121,0,NOC_NPS_VNOC_X3Y1,VNOC,data_vc,0,5,1
4121000,4121,1,NOC_NPS_VNOC_X3Y0,VNOC,credit,1,-1,1
4121000,4121,1,NOC_NPS_VNOC_X3Y0,VNOC,data_vc,1,5,1
4122000,4122,0,NOC_NPS_VNOC_X3Y1,VNOC,credit,0,-1,1
4122000,4122,0,NOC_NPS_VNOC_X3Y1,VNOC,data_vc,0,5,1
4122000,4122,1,NOC_NPS_VNOC_X3Y0,VNOC,credit,1,-1,1
4122000,4122,1,NOC_NPS_VNOC_X3Y0,VNOC,data_vc,1,5,1
4123000,4123,0,NOC_NPS_VNOC_X3Y1,VNOC,credit,0,-1,1
4123000,4123,0,NOC_NPS_VNOC_X3Y1,VNOC,data_vc,0,5,1
4123000,4123,1,NOC_NPS_VNOC_X3Y0,VNOC,credit,1,-1,1
4123000,4123,1,NOC_NPS_VNOC_X3Y0,VNOC,data_vc,1,5,1
4124000,4124,0,NOC_NPS_VNOC_X3Y1,VNOC,credit,0,-1,1
4124000,4124,0,NOC_NPS_VNOC_X3Y1,VNOC,data_vc,0,5,1
4124000,4124,1,NOC_NPS_VNOC_X3Y0,VNOC,credit,1,-1,1
4124000,4124,1,NOC_NPS_VNOC_X3Y0,VNOC,data_vc,1,5,1
4125000,4125,0,NOC_NPS_VNOC_X3Y1,VNOC,credit,0,-1,1
4125000,4125,0,NOC_NPS_VNOC_X3Y1,VNOC,data_vc,0,5,1
4125000,4125,1,NOC_NPS_VNOC_X3Y0,VNOC,credit,1,-1,1
4125000,4125,1,NOC_NPS_VNOC_X3Y0,VNOC,data_vc,1,5,1
4126000,4126,0,NOC_NPS_VNOC_X3Y1,VNOC,credit,0,-1,1
4126000,4126,0,NOC_NPS_VNOC_X3Y1,VNOC,data_vc,0,5,1
4126000,4126,1,NOC_NPS_VNOC_X3Y0,VNOC,credit,1,-1,1
4126000,4126,1,NOC_NPS_VNOC_X3Y0,VNOC,data_vc,1,5,1
4127000,4127,0,NOC_NPS_VNOC_X3Y1,VNOC,credit,0,-1,1
4127000,4127,0,NOC_NPS_VNOC_X3Y1,VNOC,data_vc,0,5,1
4127000,4127,1,NOC_NPS_VNOC_X3Y0,VNOC,credit,1,-1,1
4127000,4127,1,NOC_NPS_VNOC_X3Y0,VNOC,data_vc,1,5,1
4128000,4128,0,NOC_NPS_VNOC_X3Y1,VNOC,credit,0,-1,1
4128000,4128,0,NOC_NPS_VNOC_X3Y1,VNOC,data_vc,0,5,1
4128000,4128,1,NOC_NPS_VNOC_X3Y0,VNOC,credit,1,-1,1
4128000,4128,1,NOC_NPS_VNOC_X3Y0,VNOC,data_vc,1,5,1
4129000,4129,0,NOC_NPS_VNOC_X3Y1,VNOC,credit,0,-1,1
4129000,4129,0,NOC_NPS_VNOC_X3Y1,VNOC,data_vc,0,5,1
4129000,4129,1,NOC_NPS_VNOC_X3Y0,VNOC,credit,1,-1,1
4129000,4129,1,NOC_NPS_VNOC_X3Y0,VNOC,data_vc,1,5,1
4130000,4130,0,NOC_NPS_VNOC_X3Y1,VNOC,credit,0,-1,1
4130000,4130,0,NOC_NPS_VNOC_X3Y1,VNOC,data_vc,0,5,1
4130000,4130,1,NOC_NPS_VNOC_X3Y0,VNOC,credit,1,-1,1
4130000,4130,1,NOC_NPS_VNOC_X3Y0,VNOC,data_vc,1,5,1
4131000,4131,0,NOC_NPS_VNOC_X3Y1,VNOC,credit,0,-1,1
4131000,4131,0,NOC_NPS_VNOC_X3Y1,VNOC,data_vc,0,5,1
4131000,4131,1,NOC_NPS_VNOC_X3Y0,VNOC,credit,1,-1,1
4131000,4131,1,NOC_NPS_VNOC_X3Y0,VNOC,data_vc,1,5,1
4132000,4132,0,NOC_NPS_VNOC_X3Y1,VNOC,credit,0,-1,1
4132000,4132,0,NOC_NPS_VNOC_X3Y1,VNOC,data_vc,0,5,1
4132000,4132,1,NOC_NPS_VNOC_X3Y0,VNOC,credit,1,-1,1
4132000,4132,1,NOC_NPS_VNOC_X3Y0,VNOC,data_vc,1,5,1
4133000,4133,0,NOC_NPS_VNOC_X3Y1,VNOC,credit,0,-1,1
4133000,4133,0,NOC_NPS_VNOC_X3Y1,VNOC,data_vc,0,5,1
4133000,4133,1,NOC_NPS_VNOC_X3Y0,VNOC,credit,1,-1,1
4133000,4133,1,NOC_NPS_VNOC_X3Y0,VNOC,data_vc,1,5,1
4134000,4134,0,NOC_NPS_VNOC_X3Y1,VNOC,credit,0,-1,1
4134000,4134,0,NOC_NPS_VNOC_X3Y1,VNOC,data_vc,0,5,1
4134000,4134,1,NOC_NPS_VNOC_X3Y0,VNOC,credit,1,-1,1
4134000,4134,1,NOC_NPS_VNOC_X3Y0,VNOC,data_vc,1,5,1
4135000,4135,0,NOC_NPS_VNOC_X3Y1,VNOC,credit,0,-1,1
4135000,4135,0,NOC_NPS_VNOC_X3Y1,VNOC,data_vc,0,5,1
4135000,4135,1,NOC_NPS_VNOC_X3Y0,VNOC,credit,1,-1,1
4135000,4135,1,NOC_NPS_VNOC_X3Y0,VNOC,data_vc,1,5,1
4136000,4136,0,NOC_NPS_VNOC_X3Y1,VNOC,credit,0,-1,1
4136000,4136,0,NOC_NPS_VNOC_X3Y1,VNOC,data_vc,0,5,1
4136000,4136,1,NOC_NPS_VNOC_X3Y0,VNOC,credit,1,-1,1
4136000,4136,1,NOC_NPS_VNOC_X3Y0,VNOC,data_vc,1,5,1
4137000,4137,0,NOC_NPS_VNOC_X3Y1,VNOC,credit,0,-1,1
4137000,4137,0,NOC_NPS_VNOC_X3Y1,VNOC,data_vc,0,5,1
4137000,4137,1,NOC_NPS_VNOC_X3Y0,VNOC,credit,1,-1,1
4137000,4137,1,NOC_NPS_VNOC_X3Y0,VNOC,data_vc,1,5,1
4138000,4138,0,NOC_NPS_VNOC_X3Y1,VNOC,credit,0,-1,1
4138000,4138,0,NOC_NPS_VNOC_X3Y1,VNOC,data_vc,0,5,1
4138000,4138,1,NOC_NPS_VNOC_X3Y0,VNOC,credit,1,-1,1
4138000,4138,1,NOC_NPS_VNOC_X3Y0,VNOC,data_vc,1,5,1
4139000,4139,0,NOC_NPS_VNOC_X3Y1,VNOC,credit,0,-1,1
4139000,4139,0,NOC_NPS_VNOC_X3Y1,VNOC,data_vc,0,5,1
4139000,4139,1,NOC_NPS_VNOC_X3Y0,VNOC,credit,1,-1,1
4139000,4139,1,NOC_NPS_VNOC_X3Y0,VNOC,data_vc,1,5,1
4140000,4140,0,NOC_NPS_VNOC_X3Y1,VNOC,credit,0,-1,1
4140000,4140,0,NOC_NPS_VNOC_X3Y1,VNOC,data_vc,0,5,1
4140000,4140,1,NOC_NPS_VNOC_X3Y0,VNOC,credit,1,-1,1
4140000,4140,1,NOC_NPS_VNOC_X3Y0,VNOC,data_vc,1,5,1
4141000,4141,0,NOC_NPS_VNOC_X3Y1,VNOC,credit,0,-1,1
4141000,4141,0,NOC_NPS_VNOC_X3Y1,VNOC,data_vc,0,5,1
4141000,4141,1,NOC_NPS_VNOC_X3Y0,VNOC,credit,1,-1,1
4141000,4141,1,NOC_NPS_VNOC_X3Y0,VNOC,data_vc,1,5,1
4142000,4142,0,NOC_NPS_VNOC_X3Y1,VNOC,credit,0,-1,1
4142000,4142,0,NOC_NPS_VNOC_X3Y1,VNOC,data_vc,0,5,1
4142000,4142,1,NOC_NPS_VNOC_X3Y0,VNOC,credit,1,-1,1
4142000,4142,1,NOC_NPS_VNOC_X3Y0,VNOC,data_vc,1,5,1
4143000,4143,0,NOC_NPS_VNOC_X3Y1,VNOC,credit,0,-1,1
4143000,4143,0,NOC_NPS_VNOC_X3Y1,VNOC,data_vc,0,5,1
4143000,4143,1,NOC_NPS_VNOC_X3Y0,VNOC,credit,1,-1,1
4143000,4143,1,NOC_NPS_VNOC_X3Y0,VNOC,data_vc,1,5,1
4144000,4144,0,NOC_NPS_VNOC_X3Y1,VNOC,credit,0,-1,1
4144000,4144,0,NOC_NPS_VNOC_X3Y1,VNOC,data_vc,0,5,1
4144000,4144,1,NOC_NPS_VNOC_X3Y0,VNOC,credit,1,-1,1
4144000,4144,1,NOC_NPS_VNOC_X3Y0,VNOC,data_vc,1,5,1
4145000,4145,0,NOC_NPS_VNOC_X3Y1,VNOC,credit,0,-1,1
4145000,4145,0,NOC_NPS_VNOC_X3Y1,VNOC,data_vc,0,5,1
4145000,4145,1,NOC_NPS_VNOC_X3Y0,VNOC,credit,1,-1,1
4145000,4145,1,NOC_NPS_VNOC_X3Y0,VNOC,data_vc,1,5,1
4146000,4146,0,NOC_NPS_VNOC_X3Y1,VNOC,credit,0,-1,1
4146000,4146,0,NOC_NPS_VNOC_X3Y1,VNOC,data_vc,0,5,1
4146000,4146,1,NOC_NPS_VNOC_X3Y0,VNOC,credit,1,-1,1
4146000,4146,1,NOC_NPS_VNOC_X3Y0,VNOC,data_vc,1,5,1
4147000,4147,0,NOC_NPS_VNOC_X3Y1,VNOC,credit,0,-1,1
4147000,4147,0,NOC_NPS_VNOC_X3Y1,VNOC,data_vc,0,5,1
4147000,4147,1,NOC_NPS_VNOC_X3Y0,VNOC,credit,1,-1,1
4147000,4147,1,NOC_NPS_VNOC_X3Y0,VNOC,data_vc,1,5,1
4148000,4148,0,NOC_NPS_VNOC_X3Y1,VNOC,credit,0,-1,1
4148000,4148,0,NOC_NPS_VNOC_X3Y1,VNOC,data_vc,0,5,1
4148000,4148,1,NOC_NPS_VNOC_X3Y0,VNOC,credit,1,-1,1
4148000,4148,1,NOC_NPS_VNOC_X3Y0,VNOC,data_vc,1,5,1
4149000,4149,0,NOC_NPS_VNOC_X3Y1,VNOC,credit,0,-1,1
4149000,4149,0,NOC_NPS_VNOC_X3Y1,VNOC,data_vc,0,5,1
4149000,4149,1,NOC_NPS_VNOC_X3Y0,VNOC,credit,1,-1,1
4149000,4149,1,NOC_NPS_VNOC_X3Y0,VNOC,data_vc,1,5,1
4150000,4150,0,NOC_NPS_VNOC_X3Y1,VNOC,credit,0,-1,1
4150000,4150,0,NOC_NPS_VNOC_X3Y1,VNOC,data_vc,0,5,1
4150000,4150,1,NOC_NPS_VNOC_X3Y0,VNOC,credit,1,-1,1
4150000,4150,1,NOC_NPS_VNOC_X3Y0,VNOC,data_vc,1,5,1
4151000,4151,0,NOC_NPS_VNOC_X3Y1,VNOC,credit,0,-1,1
4151000,4151,0,NOC_NPS_VNOC_X3Y1,VNOC,data_vc,0,5,1
4151000,4151,1,NOC_NPS_VNOC_X3Y0,VNOC,credit,1,-1,1
4151000,4151,1,NOC_NPS_VNOC_X3Y0,VNOC,data_vc,1,5,1
4152000,4152,0,NOC_NPS_VNOC_X3Y1,VNOC,credit,0,-1,1
4152000,4152,0,NOC_NPS_VNOC_X3Y1,VNOC,data_vc,0,5,1
4152000,4152,1,NOC_NPS_VNOC_X3Y0,VNOC,credit,1,-1,1
4152000,4152,1,NOC_NPS_VNOC_X3Y0,VNOC,data_vc,1,5,1
4153000,4153,0,NOC_NPS_VNOC_X3Y1,VNOC,credit,0,-1,1
4153000,4153,0,NOC_NPS_VNOC_X3Y1,VNOC,data_vc,0,5,1
4153000,4153,1,NOC_NPS_VNOC_X3Y0,VNOC,credit,1,-1,1
4153000,4153,1,NOC_NPS_VNOC_X3Y0,VNOC,data_vc,1,5,1
4154000,4154,0,NOC_NPS_VNOC_X3Y1,VNOC,credit,0,-1,1
4154000,4154,0,NOC_NPS_VNOC_X3Y1,VNOC,data_vc,0,5,1
4154000,4154,1,NOC_NPS_VNOC_X3Y0,VNOC,credit,1,-1,1
4154000,4154,1,NOC_NPS_VNOC_X3Y0,VNOC,data_vc,1,5,1
4155000,4155,0,NOC_NPS_VNOC_X3Y1,VNOC,credit,0,-1,1
4155000,4155,0,NOC_NPS_VNOC_X3Y1,VNOC,data_vc,0,5,1
4155000,4155,1,NOC_NPS_VNOC_X3Y0,VNOC,credit,1,-1,1
4155000,4155,1,NOC_NPS_VNOC_X3Y0,VNOC,data_vc,1,5,1
4156000,4156,0,NOC_NPS_VNOC_X3Y1,VNOC,credit,0,-1,1
4156000,4156,0,NOC_NPS_VNOC_X3Y1,VNOC,data_vc,0,5,1
4156000,4156,1,NOC_NPS_VNOC_X3Y0,VNOC,credit,1,-1,1
4156000,4156,1,NOC_NPS_VNOC_X3Y0,VNOC,data_vc,1,5,1
4157000,4157,0,NOC_NPS_VNOC_X3Y1,VNOC,credit,0,-1,1
4157000,4157,0,NOC_NPS_VNOC_X3Y1,VNOC,data_vc,0,5,1
4157000,4157,1,NOC_NPS_VNOC_X3Y0,VNOC,credit,1,-1,1
4157000,4157,1,NOC_NPS_VNOC_X3Y0,VNOC,data_vc,1,5,1
4158000,4158,0,NOC_NPS_VNOC_X3Y1,VNOC,credit,0,-1,1
4158000,4158,0,NOC_NPS_VNOC_X3Y1,VNOC,data_vc,0,5,1
4158000,4158,1,NOC_NPS_VNOC_X3Y0,VNOC,credit,1,-1,1
4158000,4158,1,NOC_NPS_VNOC_X3Y0,VNOC,data_vc,1,5,1
4159000,4159,0,NOC_NPS_VNOC_X3Y1,VNOC,credit,0,-1,1
4159000,4159,0,NOC_NPS_VNOC_X3Y1,VNOC,data_vc,0,5,1
4159000,4159,1,NOC_NPS_VNOC_X3Y0,VNOC,credit,1,-1,1
4159000,4159,1,NOC_NPS_VNOC_X3Y0,VNOC,data_vc,1,5,1
4160000,4160,0,NOC_NPS_VNOC_X3Y1,VNOC,credit,0,-1,1
4160000,4160,0,NOC_NPS_VNOC_X3Y1,VNOC,data_vc,0,5,1
4160000,4160,1,NOC_NPS_VNOC_X3Y0,VNOC,credit,1,-1,1
4160000,4160,1,NOC_NPS_VNOC_X3Y0,VNOC,data_vc,1,5,1
4161000,4161,0,NOC_NPS_VNOC_X3Y1,VNOC,credit,0,-1,1
4161000,4161,0,NOC_NPS_VNOC_X3Y1,VNOC,data_vc,0,5,1
4161000,4161,1,NOC_NPS_VNOC_X3Y0,VNOC,credit,1,-1,1
4161000,4161,1,NOC_NPS_VNOC_X3Y0,VNOC,data_vc,1,5,1
4162000,4162,0,NOC_NPS_VNOC_X3Y1,VNOC,credit,0,-1,1
4162000,4162,0,NOC_NPS_VNOC_X3Y1,VNOC,data_vc,0,5,1
4162000,4162,1,NOC_NPS_VNOC_X3Y0,VNOC,credit,1,-1,1
4162000,4162,1,NOC_NPS_VNOC_X3Y0,VNOC,data_vc,1,5,1
4163000,4163,0,NOC_NPS_VNOC_X3Y1,VNOC,credit,0,-1,1
4163000,4163,0,NOC_NPS_VNOC_X3Y1,VNOC,data_vc,0,5,1
4163000,4163,1,NOC_NPS_VNOC_X3Y0,VNOC,credit,1,-1,1
4163000,4163,1,NOC_NPS_VNOC_X3Y0,VNOC,data_vc,1,5,1
4164000,4164,0,NOC_NPS_VNOC_X3Y1,VNOC,credit,0,-1,1
4164000,4164,0,NOC_NPS_VNOC_X3Y1,VNOC,data_vc,0,5,1
4164000,4164,1,NOC_NPS_VNOC_X3Y0,VNOC,credit,1,-1,1
4164000,4164,1,NOC_NPS_VNOC_X3Y0,VNOC,data_vc,1,5,1
4165000,4165,0,NOC_NPS_VNOC_X3Y1,VNOC,credit,0,-1,1
4165000,4165,0,NOC_NPS_VNOC_X3Y1,VNOC,data_vc,0,5,1
4165000,4165,1,NOC_NPS_VNOC_X3Y0,VNOC,credit,1,-1,1
4165000,4165,1,NOC_NPS_VNOC_X3Y0,VNOC,data_vc,1,5,1
4166000,4166,0,NOC_NPS_VNOC_X3Y1,VNOC,credit,0,-1,1
4166000,4166,0,NOC_NPS_VNOC_X3Y1,VNOC,data_vc,0,5,1
4166000,4166,1,NOC_NPS_VNOC_X3Y0,VNOC,credit,1,-1,1
4166000,4166,1,NOC_NPS_VNOC_X3Y0,VNOC,data_vc,1,5,1
4167000,4167,0,NOC_NPS_VNOC_X3Y1,VNOC,credit,0,-1,1
4167000,4167,0,NOC_NPS_VNOC_X3Y1,VNOC,data_vc,0,5,1
4167000,4167,1,NOC_NPS_VNOC_X3Y0,VNOC,credit,1,-1,1
4167000,4167,1,NOC_NPS_VNOC_X3Y0,VNOC,data_vc,1,5,1
4168000,4168,0,NOC_NPS_VNOC_X3Y1,VNOC,credit,0,-1,1
4168000,4168,0,NOC_NPS_VNOC_X3Y1,VNOC,data_vc,0,5,1
4168000,4168,1,NOC_NPS_VNOC_X3Y0,VNOC,credit,1,-1,1
4168000,4168,1,NOC_NPS_VNOC_X3Y0,VNOC,data_vc,1,5,1
4169000,4169,0,NOC_NPS_VNOC_X3Y1,VNOC,credit,0,-1,1
4169000,4169,0,NOC_NPS_VNOC_X3Y1,VNOC,data_vc,0,5,1
4169000,4169,1,NOC_NPS_VNOC_X3Y0,VNOC,credit,1,-1,1
4169000,4169,1,NOC_NPS_VNOC_X3Y0,VNOC,data_vc,1,5,1
4170000,4170,0,NOC_NPS_VNOC_X3Y1,VNOC,credit,0,-1,1
4170000,4170,0,NOC_NPS_VNOC_X3Y1,VNOC,data_vc,0,5,1
4170000,4170,1,NOC_NPS_VNOC_X3Y0,VNOC,credit,1,-1,1
4170000,4170,1,NOC_NPS_VNOC_X3Y0,VNOC,data_vc,1,5,1
4171000,4171,0,NOC_NPS_VNOC_X3Y1,VNOC,credit,0,-1,1
4171000,4171,0,NOC_NPS_VNOC_X3Y1,VNOC,data_vc,0,5,1
4171000,4171,1,NOC_NPS_VNOC_X3Y0,VNOC,credit,1,-1,1
4171000,4171,1,NOC_NPS_VNOC_X3Y0,VNOC,data_vc,1,5,1
4172000,4172,0,NOC_NPS_VNOC_X3Y1,VNOC,credit,0,-1,1
4172000,4172,0,NOC_NPS_VNOC_X3Y1,VNOC,data_vc,0,5,1
4172000,4172,1,NOC_NPS_VNOC_X3Y0,VNOC,credit,1,-1,1
4172000,4172,1,NOC_NPS_VNOC_X3Y0,VNOC,data_vc,1,5,1
4173000,4173,0,NOC_NPS_VNOC_X3Y1,VNOC,credit,0,-1,1
4173000,4173,0,NOC_NPS_VNOC_X3Y1,VNOC,data_vc,0,5,1
4173000,4173,1,NOC_NPS_VNOC_X3Y0,VNOC,credit,1,-1,1
4173000,4173,1,NOC_NPS_VNOC_X3Y0,VNOC,data_vc,1,5,1
4174000,4174,0,NOC_NPS_VNOC_X3Y1,VNOC,credit,0,-1,1
4174000,4174,0,NOC_NPS_VNOC_X3Y1,VNOC,data_vc,0,5,1
4174000,4174,1,NOC_NPS_VNOC_X3Y0,VNOC,credit,1,-1,1
4174000,4174,1,NOC_NPS_VNOC_X3Y0,VNOC,data_vc,1,5,1
4175000,4175,0,NOC_NPS_VNOC_X3Y1,VNOC,credit,0,-1,1
4175000,4175,0,NOC_NPS_VNOC_X3Y1,VNOC,data_vc,0,5,1
4175000,4175,1,NOC_NPS_VNOC_X3Y0,VNOC,credit,1,-1,1
4175000,4175,1,NOC_NPS_VNOC_X3Y0,VNOC,data_vc,1,5,1
4176000,4176,0,NOC_NPS_VNOC_X3Y1,VNOC,credit,0,-1,1
4176000,4176,0,NOC_NPS_VNOC_X3Y1,VNOC,data_vc,0,5,1
4176000,4176,1,NOC_NPS_VNOC_X3Y0,VNOC,credit,1,-1,1
4176000,4176,1,NOC_NPS_VNOC_X3Y0,VNOC,data_vc,1,5,1
4177000,4177,0,NOC_NPS_VNOC_X3Y1,VNOC,credit,0,-1,1
4177000,4177,0,NOC_NPS_VNOC_X3Y1,VNOC,data_vc,0,5,1
4177000,4177,1,NOC_NPS_VNOC_X3Y0,VNOC,credit,1,-1,1
4177000,4177,1,NOC_NPS_VNOC_X3Y0,VNOC,data_vc,1,5,1
4178000,4178,0,NOC_NPS_VNOC_X3Y1,VNOC,credit,0,-1,1
4178000,4178,0,NOC_NPS_VNOC_X3Y1,VNOC,data_vc,0,5,1
4178000,4178,1,NOC_NPS_VNOC_X3Y0,VNOC,credit,1,-1,1
4178000,4178,1,NOC_NPS_VNOC_X3Y0,VNOC,data_vc,1,5,1
4179000,4179,0,NOC_NPS_VNOC_X3Y1,VNOC,credit,0,-1,1
4179000,4179,0,NOC_NPS_VNOC_X3Y1,VNOC,data_vc,0,5,1
4179000,4179,1,NOC_NPS_VNOC_X3Y0,VNOC,credit,1,-1,1
4179000,4179,1,NOC_NPS_VNOC_X3Y0,VNOC,data_vc,1,5,1
4180000,4180,0,NOC_NPS_VNOC_X3Y1,VNOC,credit,0,-1,1
4180000,4180,0,NOC_NPS_VNOC_X3Y1,VNOC,data_vc,0,5,1
4180000,4180,1,NOC_NPS_VNOC_X3Y0,VNOC,credit,1,-1,1
4180000,4180,1,NOC_NPS_VNOC_X3Y0,VNOC,data_vc,1,5,1
4181000,4181,0,NOC_NPS_VNOC_X3Y1,VNOC,credit,0,-1,1
4181000,4181,0,NOC_NPS_VNOC_X3Y1,VNOC,data_vc,0,5,1
4181000,4181,1,NOC_NPS_VNOC_X3Y0,VNOC,credit,1,-1,1
4181000,4181,1,NOC_NPS_VNOC_X3Y0,VNOC,data_vc,1,5,1
4182000,4182,0,NOC_NPS_VNOC_X3Y1,VNOC,credit,0,-1,1
4182000,4182,0,NOC_NPS_VNOC_X3Y1,VNOC,data_vc,0,5,1
4182000,4182,1,NOC_NPS_VNOC_X3Y0,VNOC,credit,1,-1,1
4182000,4182,1,NOC_NPS_VNOC_X3Y0,VNOC,data_vc,1,5,1
4183000,4183,0,NOC_NPS_VNOC_X3Y1,VNOC,credit,0,-1,1
4183000,4183,0,NOC_NPS_VNOC_X3Y1,VNOC,data_vc,0,5,1
4183000,4183,1,NOC_NPS_VNOC_X3Y0,VNOC,credit,1,-1,1
4183000,4183,1,NOC_NPS_VNOC_X3Y0,VNOC,data_vc,1,5,1
4184000,4184,0,NOC_NPS_VNOC_X3Y1,VNOC,credit,0,-1,1
4184000,4184,0,NOC_NPS_VNOC_X3Y1,VNOC,data_vc,0,5,1
4184000,4184,1,NOC_NPS_VNOC_X3Y0,VNOC,credit,1,-1,1
4184000,4184,1,NOC_NPS_VNOC_X3Y0,VNOC,data_vc,1,5,1
4185000,4185,0,NOC_NPS_VNOC_X3Y1,VNOC,credit,0,-1,1
4185000,4185,0,NOC_NPS_VNOC_X3Y1,VNOC,data_vc,0,5,1
4185000,4185,1,NOC_NPS_VNOC_X3Y0,VNOC,credit,1,-1,1
4185000,4185,1,NOC_NPS_VNOC_X3Y0,VNOC,data_vc,1,5,1
4186000,4186,0,NOC_NPS_VNOC_X3Y1,VNOC,credit,0,-1,1
4186000,4186,0,NOC_NPS_VNOC_X3Y1,VNOC,data_vc,0,5,1
4186000,4186,1,NOC_NPS_VNOC_X3Y0,VNOC,credit,1,-1,1
4186000,4186,1,NOC_NPS_VNOC_X3Y0,VNOC,data_vc,1,5,1
4187000,4187,0,NOC_NPS_VNOC_X3Y1,VNOC,credit,0,-1,1
4187000,4187,0,NOC_NPS_VNOC_X3Y1,VNOC,data_vc,0,5,1
4187000,4187,1,NOC_NPS_VNOC_X3Y0,VNOC,credit,1,-1,1
4187000,4187,1,NOC_NPS_VNOC_X3Y0,VNOC,data_vc,1,5,1
4188000,4188,0,NOC_NPS_VNOC_X3Y1,VNOC,credit,0,-1,1
4188000,4188,0,NOC_NPS_VNOC_X3Y1,VNOC,data_vc,0,5,1
4188000,4188,1,NOC_NPS_VNOC_X3Y0,VNOC,credit,1,-1,1
4188000,4188,1,NOC_NPS_VNOC_X3Y0,VNOC,data_vc,1,5,1
4189000,4189,0,NOC_NPS_VNOC_X3Y1,VNOC,credit,0,-1,1
4189000,4189,0,NOC_NPS_VNOC_X3Y1,VNOC,data_vc,0,5,1
4189000,4189,1,NOC_NPS_VNOC_X3Y0,VNOC,credit,1,-1,1
4189000,4189,1,NOC_NPS_VNOC_X3Y0,VNOC,data_vc,1,5,1
4190000,4190,0,NOC_NPS_VNOC_X3Y1,VNOC,credit,0,-1,1
4190000,4190,0,NOC_NPS_VNOC_X3Y1,VNOC,data_vc,0,5,1
4190000,4190,1,NOC_NPS_VNOC_X3Y0,VNOC,credit,1,-1,1
4190000,4190,1,NOC_NPS_VNOC_X3Y0,VNOC,data_vc,1,5,1
4191000,4191,0,NOC_NPS_VNOC_X3Y1,VNOC,credit,0,-1,1
4191000,4191,0,NOC_NPS_VNOC_X3Y1,VNOC,data_vc,0,5,1
4191000,4191,1,NOC_NPS_VNOC_X3Y0,VNOC,credit,1,-1,1
4191000,4191,1,NOC_NPS_VNOC_X3Y0,VNOC,data_vc,1,5,1
4192000,4192,0,NOC_NPS_VNOC_X3Y1,VNOC,credit,0,-1,1
4192000,4192,0,NOC_NPS_VNOC_X3Y1,VNOC,data_vc,0,5,1
4192000,4192,1,NOC_NPS_VNOC_X3Y0,VNOC,credit,1,-1,1
4192000,4192,1,NOC_NPS_VNOC_X3Y0,VNOC,data_vc,1,5,1
4193000,4193,0,NOC_NPS_VNOC_X3Y1,VNOC,credit,0,-1,1
4193000,4193,0,NOC_NPS_VNOC_X3Y1,VNOC,data_vc,0,5,1
4193000,4193,1,NOC_NPS_VNOC_X3Y0,VNOC,credit,1,-1,1
4193000,4193,1,NOC_NPS_VNOC_X3Y0,VNOC,data_vc,1,5,1
4194000,4194,0,NOC_NPS_VNOC_X3Y1,VNOC,credit,0,-1,1
4194000,4194,0,NOC_NPS_VNOC_X3Y1,VNOC,data_vc,0,5,1
4194000,4194,1,NOC_NPS_VNOC_X3Y0,VNOC,credit,1,-1,1
4194000,4194,1,NOC_NPS_VNOC_X3Y0,VNOC,data_vc,1,5,1
4195000,4195,0,NOC_NPS_VNOC_X3Y1,VNOC,credit,0,-1,1
4195000,4195,0,NOC_NPS_VNOC_X3Y1,VNOC,data_vc,0,5,1
4195000,4195,1,NOC_NPS_VNOC_X3Y0,VNOC,credit,1,-1,1
4195000,4195,1,NOC_NPS_VNOC_X3Y0,VNOC,data_vc,1,5,1
4196000,4196,0,NOC_NPS_VNOC_X3Y1,VNOC,credit,0,-1,1
4196000,4196,0,NOC_NPS_VNOC_X3Y1,VNOC,data_vc,0,5,1
4196000,4196,1,NOC_NPS_VNOC_X3Y0,VNOC,credit,1,-1,1
4196000,4196,1,NOC_NPS_VNOC_X3Y0,VNOC,data_vc,1,5,1
4197000,4197,0,NOC_NPS_VNOC_X3Y1,VNOC,credit,0,-1,1
4197000,4197,0,NOC_NPS_VNOC_X3Y1,VNOC,data_vc,0,5,1
4197000,4197,1,NOC_NPS_VNOC_X3Y0,VNOC,credit,1,-1,1
4197000,4197,1,NOC_NPS_VNOC_X3Y0,VNOC,data_vc,1,5,1
4198000,4198,0,NOC_NPS_VNOC_X3Y1,VNOC,credit,0,-1,1
4198000,4198,0,NOC_NPS_VNOC_X3Y1,VNOC,data_vc,0,5,1
4198000,4198,1,NOC_NPS_VNOC_X3Y0,VNOC,credit,1,-1,1
4198000,4198,1,NOC_NPS_VNOC_X3Y0,VNOC,data_vc,1,5,1
4199000,4199,0,NOC_NPS_VNOC_X3Y1,VNOC,credit,0,-1,1
4199000,4199,0,NOC_NPS_VNOC_X3Y1,VNOC,data_vc,0,5,1
4199000,4199,1,NOC_NPS_VNOC_X3Y0,VNOC,credit,1,-1,1
4199000,4199,1,NOC_NPS_VNOC_X3Y0,VNOC,data_vc,1,5,1
4200000,4200,0,NOC_NPS_VNOC_X3Y1,VNOC,credit,0,-1,1
4200000,4200,0,NOC_NPS_VNOC_X3Y1,VNOC,data_vc,0,5,1
4200000,4200,1,NOC_NPS_VNOC_X3Y0,VNOC,credit,1,-1,1
4200000,4200,1,NOC_NPS_VNOC_X3Y0,VNOC,data_vc,1,5,1
4201000,4201,0,NOC_NPS_VNOC_X3Y1,VNOC,credit,0,-1,1
4201000,4201,0,NOC_NPS_VNOC_X3Y1,VNOC,data_vc,0,5,1
4201000,4201,1,NOC_NPS_VNOC_X3Y0,VNOC,credit,1,-1,1
4201000,4201,1,NOC_NPS_VNOC_X3Y0,VNOC,data_vc,1,5,1
4202000,4202,0,NOC_NPS_VNOC_X3Y1,VNOC,credit,0,-1,1
4202000,4202,0,NOC_NPS_VNOC_X3Y1,VNOC,data_vc,0,5,1
4202000,4202,1,NOC_NPS_VNOC_X3Y0,VNOC,credit,1,-1,1
4202000,4202,1,NOC_NPS_VNOC_X3Y0,VNOC,data_vc,1,5,1
4203000,4203,0,NOC_NPS_VNOC_X3Y1,VNOC,credit,0,-1,1
4203000,4203,0,NOC_NPS_VNOC_X3Y1,VNOC,data_vc,0,5,1
4203000,4203,1,NOC_NPS_VNOC_X3Y0,VNOC,credit,1,-1,1
4203000,4203,1,NOC_NPS_VNOC_X3Y0,VNOC,data_vc,1,5,1
4204000,4204,0,NOC_NPS_VNOC_X3Y1,VNOC,credit,0,-1,1
4204000,4204,0,NOC_NPS_VNOC_X3Y1,VNOC,data_vc,0,5,1
4204000,4204,1,NOC_NPS_VNOC_X3Y0,VNOC,credit,1,-1,1
4204000,4204,1,NOC_NPS_VNOC_X3Y0,VNOC,data_vc,1,5,1
4205000,4205,0,NOC_NPS_VNOC_X3Y1,VNOC,credit,0,-1,1
4205000,4205,0,NOC_NPS_VNOC_X3Y1,VNOC,data_vc,0,5,1
4205000,4205,1,NOC_NPS_VNOC_X3Y0,VNOC,credit,1,-1,1
4205000,4205,1,NOC_NPS_VNOC_X3Y0,VNOC,data_vc,1,5,1
4206000,4206,0,NOC_NPS_VNOC_X3Y1,VNOC,credit,0,-1,1
4206000,4206,0,NOC_NPS_VNOC_X3Y1,VNOC,data_vc,0,5,1
4206000,4206,1,NOC_NPS_VNOC_X3Y0,VNOC,credit,1,-1,1
4206000,4206,1,NOC_NPS_VNOC_X3Y0,VNOC,data_vc,1,5,1
4207000,4207,0,NOC_NPS_VNOC_X3Y1,VNOC,credit,0,-1,1
4207000,4207,0,NOC_NPS_VNOC_X3Y1,VNOC,data_vc,0,5,1
4207000,4207,1,NOC_NPS_VNOC_X3Y0,VNOC,credit,1,-1,1
4207000,4207,1,NOC_NPS_VNOC_X3Y0,VNOC,data_vc,1,5,1
4208000,4208,0,NOC_NPS_VNOC_X3Y1,VNOC,credit,0,-1,1
4208000,4208,0,NOC_NPS_VNOC_X3Y1,VNOC,data_vc,0,5,1
4208000,4208,1,NOC_NPS_VNOC_X3Y0,VNOC,credit,1,-1,1
4208000,4208,1,NOC_NPS_VNOC_X3Y0,VNOC,data_vc,1,5,1
4209000,4209,0,NOC_NPS_VNOC_X3Y1,VNOC,credit,0,-1,1
4209000,4209,0,NOC_NPS_VNOC_X3Y1,VNOC,data_vc,0,5,1
4209000,4209,1,NOC_NPS_VNOC_X3Y0,VNOC,credit,1,-1,1
4209000,4209,1,NOC_NPS_VNOC_X3Y0,VNOC,data_vc,1,5,1
4210000,4210,0,NOC_NPS_VNOC_X3Y1,VNOC,credit,0,-1,1
4210000,4210,0,NOC_NPS_VNOC_X3Y1,VNOC,data_vc,0,5,1
4210000,4210,1,NOC_NPS_VNOC_X3Y0,VNOC,credit,1,-1,1
4210000,4210,1,NOC_NPS_VNOC_X3Y0,VNOC,data_vc,1,5,1
4211000,4211,0,NOC_NPS_VNOC_X3Y1,VNOC,credit,0,-1,1
4211000,4211,0,NOC_NPS_VNOC_X3Y1,VNOC,data_vc,0,5,1
4211000,4211,1,NOC_NPS_VNOC_X3Y0,VNOC,credit,1,-1,1
4211000,4211,1,NOC_NPS_VNOC_X3Y0,VNOC,data_vc,1,5,1
4212000,4212,0,NOC_NPS_VNOC_X3Y1,VNOC,credit,0,-1,1
4212000,4212,0,NOC_NPS_VNOC_X3Y1,VNOC,data_vc,0,5,1
4212000,4212,1,NOC_NPS_VNOC_X3Y0,VNOC,credit,1,-1,1
4212000,4212,1,NOC_NPS_VNOC_X3Y0,VNOC,data_vc,1,5,1
4213000,4213,0,NOC_NPS_VNOC_X3Y1,VNOC,credit,0,-1,1
4213000,4213,0,NOC_NPS_VNOC_X3Y1,VNOC,data_vc,0,5,1
4213000,4213,1,NOC_NPS_VNOC_X3Y0,VNOC,credit,1,-1,1
4213000,4213,1,NOC_NPS_VNOC_X3Y0,VNOC,data_vc,1,5,1
4214000,4214,0,NOC_NPS_VNOC_X3Y1,VNOC,credit,0,-1,1
4214000,4214,0,NOC_NPS_VNOC_X3Y1,VNOC,data_vc,0,5,1
4214000,4214,1,NOC_NPS_VNOC_X3Y0,VNOC,credit,1,-1,1
4214000,4214,1,NOC_NPS_VNOC_X3Y0,VNOC,data_vc,1,5,1
4215000,4215,0,NOC_NPS_VNOC_X3Y1,VNOC,credit,0,-1,1
4215000,4215,0,NOC_NPS_VNOC_X3Y1,VNOC,data_vc,0,5,1
4215000,4215,1,NOC_NPS_VNOC_X3Y0,VNOC,credit,1,-1,1
4215000,4215,1,NOC_NPS_VNOC_X3Y0,VNOC,data_vc,1,5,1
4216000,4216,0,NOC_NPS_VNOC_X3Y1,VNOC,credit,0,-1,1
4216000,4216,0,NOC_NPS_VNOC_X3Y1,VNOC,data_vc,0,5,1
4216000,4216,1,NOC_NPS_VNOC_X3Y0,VNOC,credit,1,-1,1
4216000,4216,1,NOC_NPS_VNOC_X3Y0,VNOC,data_vc,1,5,1
4217000,4217,0,NOC_NPS_VNOC_X3Y1,VNOC,credit,0,-1,1
4217000,4217,0,NOC_NPS_VNOC_X3Y1,VNOC,data_vc,0,5,1
4217000,4217,1,NOC_NPS_VNOC_X3Y0,VNOC,credit,1,-1,1
4217000,4217,1,NOC_NPS_VNOC_X3Y0,VNOC,data_vc,1,5,1
4218000,4218,0,NOC_NPS_VNOC_X3Y1,VNOC,credit,0,-1,1
4218000,4218,0,NOC_NPS_VNOC_X3Y1,VNOC,data_vc,0,5,1
4218000,4218,1,NOC_NPS_VNOC_X3Y0,VNOC,credit,1,-1,1
4218000,4218,1,NOC_NPS_VNOC_X3Y0,VNOC,data_vc,1,5,1
4219000,4219,0,NOC_NPS_VNOC_X3Y1,VNOC,credit,0,-1,1
4219000,4219,0,NOC_NPS_VNOC_X3Y1,VNOC,data_vc,0,5,1
4219000,4219,1,NOC_NPS_VNOC_X3Y0,VNOC,credit,1,-1,1
4219000,4219,1,NOC_NPS_VNOC_X3Y0,VNOC,data_vc,1,5,1
4220000,4220,0,NOC_NPS_VNOC_X3Y1,VNOC,credit,0,-1,1
4220000,4220,0,NOC_NPS_VNOC_X3Y1,VNOC,data_vc,0,5,1
4220000,4220,1,NOC_NPS_VNOC_X3Y0,VNOC,credit,1,-1,1
4220000,4220,1,NOC_NPS_VNOC_X3Y0,VNOC,data_vc,1,5,1
4221000,4221,0,NOC_NPS_VNOC_X3Y1,VNOC,credit,0,-1,1
4221000,4221,0,NOC_NPS_VNOC_X3Y1,VNOC,data_vc,0,5,1
4221000,4221,1,NOC_NPS_VNOC_X3Y0,VNOC,credit,1,-1,1
4221000,4221,1,NOC_NPS_VNOC_X3Y0,VNOC,data_vc,1,5,1
4222000,4222,0,NOC_NPS_VNOC_X3Y1,VNOC,credit,0,-1,1
4222000,4222,0,NOC_NPS_VNOC_X3Y1,VNOC,data_vc,0,5,1
4222000,4222,1,NOC_NPS_VNOC_X3Y0,VNOC,credit,1,-1,1
4222000,4222,1,NOC_NPS_VNOC_X3Y0,VNOC,data_vc,1,5,1
4223000,4223,0,NOC_NPS_VNOC_X3Y1,VNOC,credit,0,-1,1
4223000,4223,0,NOC_NPS_VNOC_X3Y1,VNOC,data_vc,0,5,1
4223000,4223,1,NOC_NPS_VNOC_X3Y0,VNOC,credit,1,-1,1
4223000,4223,1,NOC_NPS_VNOC_X3Y0,VNOC,data_vc,1,5,1
4224000,4224,0,NOC_NPS_VNOC_X3Y1,VNOC,credit,0,-1,1
4224000,4224,0,NOC_NPS_VNOC_X3Y1,VNOC,data_vc,0,5,1
4224000,4224,1,NOC_NPS_VNOC_X3Y0,VNOC,credit,1,-1,1
4224000,4224,1,NOC_NPS_VNOC_X3Y0,VNOC,data_vc,1,5,1
4225000,4225,0,NOC_NPS_VNOC_X3Y1,VNOC,credit,0,-1,1
4225000,4225,0,NOC_NPS_VNOC_X3Y1,VNOC,data_vc,0,5,1
4225000,4225,1,NOC_NPS_VNOC_X3Y0,VNOC,credit,1,-1,1
4225000,4225,1,NOC_NPS_VNOC_X3Y0,VNOC,data_vc,1,5,1
4226000,4226,0,NOC_NPS_VNOC_X3Y1,VNOC,credit,0,-1,1
4226000,4226,0,NOC_NPS_VNOC_X3Y1,VNOC,data_vc,0,5,1
4226000,4226,1,NOC_NPS_VNOC_X3Y0,VNOC,credit,1,-1,1
4226000,4226,1,NOC_NPS_VNOC_X3Y0,VNOC,data_vc,1,5,1
4227000,4227,0,NOC_NPS_VNOC_X3Y1,VNOC,credit,0,-1,1
4227000,4227,0,NOC_NPS_VNOC_X3Y1,VNOC,data_vc,0,5,1
4227000,4227,1,NOC_NPS_VNOC_X3Y0,VNOC,credit,1,-1,1
4227000,4227,1,NOC_NPS_VNOC_X3Y0,VNOC,data_vc,1,5,1
4228000,4228,0,NOC_NPS_VNOC_X3Y1,VNOC,credit,0,-1,1
4228000,4228,0,NOC_NPS_VNOC_X3Y1,VNOC,data_vc,0,5,1
4228000,4228,1,NOC_NPS_VNOC_X3Y0,VNOC,credit,1,-1,1
4228000,4228,1,NOC_NPS_VNOC_X3Y0,VNOC,data_vc,1,5,1
4229000,4229,0,NOC_NPS_VNOC_X3Y1,VNOC,credit,0,-1,1
4229000,4229,0,NOC_NPS_VNOC_X3Y1,VNOC,data_vc,0,5,1
4229000,4229,1,NOC_NPS_VNOC_X3Y0,VNOC,credit,1,-1,1
4229000,4229,1,NOC_NPS_VNOC_X3Y0,VNOC,data_vc,1,5,1
4230000,4230,0,NOC_NPS_VNOC_X3Y1,VNOC,credit,0,-1,1
4230000,4230,0,NOC_NPS_VNOC_X3Y1,VNOC,data_vc,0,5,1
4230000,4230,1,NOC_NPS_VNOC_X3Y0,VNOC,credit,1,-1,1
4230000,4230,1,NOC_NPS_VNOC_X3Y0,VNOC,data_vc,1,5,1
4231000,4231,0,NOC_NPS_VNOC_X3Y1,VNOC,credit,0,-1,1
4231000,4231,0,NOC_NPS_VNOC_X3Y1,VNOC,data_vc,0,5,1
4231000,4231,1,NOC_NPS_VNOC_X3Y0,VNOC,credit,1,-1,1
4231000,4231,1,NOC_NPS_VNOC_X3Y0,VNOC,data_vc,1,5,1
4232000,4232,0,NOC_NPS_VNOC_X3Y1,VNOC,credit,0,-1,1
4232000,4232,0,NOC_NPS_VNOC_X3Y1,VNOC,data_vc,0,5,1
4232000,4232,1,NOC_NPS_VNOC_X3Y0,VNOC,credit,1,-1,1
4232000,4232,1,NOC_NPS_VNOC_X3Y0,VNOC,data_vc,1,5,1
4233000,4233,0,NOC_NPS_VNOC_X3Y1,VNOC,credit,0,-1,1
4233000,4233,0,NOC_NPS_VNOC_X3Y1,VNOC,data_vc,0,5,1
4233000,4233,1,NOC_NPS_VNOC_X3Y0,VNOC,credit,1,-1,1
4233000,4233,1,NOC_NPS_VNOC_X3Y0,VNOC,data_vc,1,5,1
4234000,4234,0,NOC_NPS_VNOC_X3Y1,VNOC,credit,0,-1,1
4234000,4234,0,NOC_NPS_VNOC_X3Y1,VNOC,data_vc,0,5,1
4234000,4234,1,NOC_NPS_VNOC_X3Y0,VNOC,credit,1,-1,1
4234000,4234,1,NOC_NPS_VNOC_X3Y0,VNOC,data_vc,1,5,1
4235000,4235,0,NOC_NPS_VNOC_X3Y1,VNOC,credit,0,-1,1
4235000,4235,0,NOC_NPS_VNOC_X3Y1,VNOC,data_vc,0,5,1
4235000,4235,1,NOC_NPS_VNOC_X3Y0,VNOC,credit,1,-1,1
4235000,4235,1,NOC_NPS_VNOC_X3Y0,VNOC,data_vc,1,5,1
4236000,4236,0,NOC_NPS_VNOC_X3Y1,VNOC,credit,0,-1,1
4236000,4236,0,NOC_NPS_VNOC_X3Y1,VNOC,data_vc,0,5,1
4236000,4236,1,NOC_NPS_VNOC_X3Y0,VNOC,credit,1,-1,1
4236000,4236,1,NOC_NPS_VNOC_X3Y0,VNOC,data_vc,1,5,1
4237000,4237,0,NOC_NPS_VNOC_X3Y1,VNOC,credit,0,-1,1
4237000,4237,0,NOC_NPS_VNOC_X3Y1,VNOC,data_vc,0,5,1
4237000,4237,1,NOC_NPS_VNOC_X3Y0,VNOC,credit,1,-1,1
4237000,4237,1,NOC_NPS_VNOC_X3Y0,VNOC,data_vc,1,5,1
4238000,4238,0,NOC_NPS_VNOC_X3Y1,VNOC,credit,0,-1,1
4238000,4238,0,NOC_NPS_VNOC_X3Y1,VNOC,data_vc,0,5,1
4238000,4238,1,NOC_NPS_VNOC_X3Y0,VNOC,credit,1,-1,1
4238000,4238,1,NOC_NPS_VNOC_X3Y0,VNOC,data_vc,1,5,1
4239000,4239,0,NOC_NPS_VNOC_X3Y1,VNOC,credit,0,-1,1
4239000,4239,0,NOC_NPS_VNOC_X3Y1,VNOC,data_vc,0,5,1
4239000,4239,1,NOC_NPS_VNOC_X3Y0,VNOC,credit,1,-1,1
4239000,4239,1,NOC_NPS_VNOC_X3Y0,VNOC,data_vc,1,5,1
4240000,4240,0,NOC_NPS_VNOC_X3Y1,VNOC,credit,0,-1,1
4240000,4240,0,NOC_NPS_VNOC_X3Y1,VNOC,data_vc,0,5,1
4240000,4240,1,NOC_NPS_VNOC_X3Y0,VNOC,credit,1,-1,1
4240000,4240,1,NOC_NPS_VNOC_X3Y0,VNOC,data_vc,1,5,1
4241000,4241,0,NOC_NPS_VNOC_X3Y1,VNOC,credit,0,-1,1
4241000,4241,0,NOC_NPS_VNOC_X3Y1,VNOC,data_vc,0,5,1
4241000,4241,1,NOC_NPS_VNOC_X3Y0,VNOC,credit,1,-1,1
4241000,4241,1,NOC_NPS_VNOC_X3Y0,VNOC,data_vc,1,5,1
4242000,4242,0,NOC_NPS_VNOC_X3Y1,VNOC,credit,0,-1,1
4242000,4242,0,NOC_NPS_VNOC_X3Y1,VNOC,data_vc,0,5,1
4242000,4242,1,NOC_NPS_VNOC_X3Y0,VNOC,credit,1,-1,1
4242000,4242,1,NOC_NPS_VNOC_X3Y0,VNOC,data_vc,1,5,1
4243000,4243,0,NOC_NPS_VNOC_X3Y1,VNOC,credit,0,-1,1
4243000,4243,0,NOC_NPS_VNOC_X3Y1,VNOC,data_vc,0,5,1
4243000,4243,1,NOC_NPS_VNOC_X3Y0,VNOC,credit,1,-1,1
4243000,4243,1,NOC_NPS_VNOC_X3Y0,VNOC,data_vc,1,5,1
4244000,4244,0,NOC_NPS_VNOC_X3Y1,VNOC,credit,0,-1,1
4244000,4244,0,NOC_NPS_VNOC_X3Y1,VNOC,data_vc,0,5,1
4244000,4244,1,NOC_NPS_VNOC_X3Y0,VNOC,credit,1,-1,1
4244000,4244,1,NOC_NPS_VNOC_X3Y0,VNOC,data_vc,1,5,1
4245000,4245,0,NOC_NPS_VNOC_X3Y1,VNOC,credit,0,-1,1
4245000,4245,0,NOC_NPS_VNOC_X3Y1,VNOC,data_vc,0,5,1
4245000,4245,1,NOC_NPS_VNOC_X3Y0,VNOC,credit,1,-1,1
4245000,4245,1,NOC_NPS_VNOC_X3Y0,VNOC,data_vc,1,5,1
4246000,4246,0,NOC_NPS_VNOC_X3Y1,VNOC,credit,0,-1,1
4246000,4246,0,NOC_NPS_VNOC_X3Y1,VNOC,data_vc,0,5,1
4246000,4246,1,NOC_NPS_VNOC_X3Y0,VNOC,credit,1,-1,1
4246000,4246,1,NOC_NPS_VNOC_X3Y0,VNOC,data_vc,1,5,1
4247000,4247,0,NOC_NPS_VNOC_X3Y1,VNOC,credit,0,-1,1
4247000,4247,0,NOC_NPS_VNOC_X3Y1,VNOC,data_vc,0,5,1
4247000,4247,1,NOC_NPS_VNOC_X3Y0,VNOC,credit,1,-1,1
4247000,4247,1,NOC_NPS_VNOC_X3Y0,VNOC,data_vc,1,5,1
4248000,4248,0,NOC_NPS_VNOC_X3Y1,VNOC,credit,0,-1,1
4248000,4248,0,NOC_NPS_VNOC_X3Y1,VNOC,data_vc,0,5,1
4248000,4248,1,NOC_NPS_VNOC_X3Y0,VNOC,credit,1,-1,1
4248000,4248,1,NOC_NPS_VNOC_X3Y0,VNOC,data_vc,1,5,1
4249000,4249,0,NOC_NPS_VNOC_X3Y1,VNOC,credit,0,-1,1
4249000,4249,0,NOC_NPS_VNOC_X3Y1,VNOC,data_vc,0,5,1
4249000,4249,1,NOC_NPS_VNOC_X3Y0,VNOC,credit,1,-1,1
4249000,4249,1,NOC_NPS_VNOC_X3Y0,VNOC,data_vc,1,5,1
4250000,4250,0,NOC_NPS_VNOC_X3Y1,VNOC,credit,0,-1,1
4250000,4250,0,NOC_NPS_VNOC_X3Y1,VNOC,data_vc,0,5,1
4250000,4250,1,NOC_NPS_VNOC_X3Y0,VNOC,credit,1,-1,1
4250000,4250,1,NOC_NPS_VNOC_X3Y0,VNOC,data_vc,1,5,1
4251000,4251,0,NOC_NPS_VNOC_X3Y1,VNOC,credit,0,-1,1
4251000,4251,0,NOC_NPS_VNOC_X3Y1,VNOC,data_vc,0,5,1
4251000,4251,1,NOC_NPS_VNOC_X3Y0,VNOC,credit,1,-1,1
4251000,4251,1,NOC_NPS_VNOC_X3Y0,VNOC,data_vc,1,5,1
4252000,4252,0,NOC_NPS_VNOC_X3Y1,VNOC,credit,0,-1,1
4252000,4252,0,NOC_NPS_VNOC_X3Y1,VNOC,data_vc,0,5,1
4252000,4252,1,NOC_NPS_VNOC_X3Y0,VNOC,credit,1,-1,1
4252000,4252,1,NOC_NPS_VNOC_X3Y0,VNOC,data_vc,1,5,1
4253000,4253,0,NOC_NPS_VNOC_X3Y1,VNOC,credit,0,-1,1
4253000,4253,0,NOC_NPS_VNOC_X3Y1,VNOC,data_vc,0,5,1
4253000,4253,1,NOC_NPS_VNOC_X3Y0,VNOC,credit,1,-1,1
4253000,4253,1,NOC_NPS_VNOC_X3Y0,VNOC,data_vc,1,5,1
4254000,4254,0,NOC_NPS_VNOC_X3Y1,VNOC,credit,0,-1,1
4254000,4254,0,NOC_NPS_VNOC_X3Y1,VNOC,data_vc,0,5,1
4254000,4254,1,NOC_NPS_VNOC_X3Y0,VNOC,credit,1,-1,1
4254000,4254,1,NOC_NPS_VNOC_X3Y0,VNOC,data_vc,1,5,1
4255000,4255,0,NOC_NPS_VNOC_X3Y1,VNOC,credit,0,-1,1
4255000,4255,0,NOC_NPS_VNOC_X3Y1,VNOC,data_vc,0,5,1
4255000,4255,1,NOC_NPS_VNOC_X3Y0,VNOC,credit,1,-1,1
4255000,4255,1,NOC_NPS_VNOC_X3Y0,VNOC,data_vc,1,5,1
4256000,4256,0,NOC_NPS_VNOC_X3Y1,VNOC,credit,0,-1,1
4256000,4256,0,NOC_NPS_VNOC_X3Y1,VNOC,data_vc,0,5,1
4256000,4256,1,NOC_NPS_VNOC_X3Y0,VNOC,credit,1,-1,1
4256000,4256,1,NOC_NPS_VNOC_X3Y0,VNOC,data_vc,1,5,1
4257000,4257,0,NOC_NPS_VNOC_X3Y1,VNOC,credit,0,-1,1
4257000,4257,0,NOC_NPS_VNOC_X3Y1,VNOC,data_vc,0,5,1
4257000,4257,1,NOC_NPS_VNOC_X3Y0,VNOC,credit,1,-1,1
4257000,4257,1,NOC_NPS_VNOC_X3Y0,VNOC,data_vc,1,5,1
4258000,4258,0,NOC_NPS_VNOC_X3Y1,VNOC,credit,0,-1,1
4258000,4258,0,NOC_NPS_VNOC_X3Y1,VNOC,data_vc,0,5,1
4258000,4258,1,NOC_NPS_VNOC_X3Y0,VNOC,credit,1,-1,1
4258000,4258,1,NOC_NPS_VNOC_X3Y0,VNOC,data_vc,1,5,1
4259000,4259,0,NOC_NPS_VNOC_X3Y1,VNOC,credit,0,-1,1
4259000,4259,0,NOC_NPS_VNOC_X3Y1,VNOC,data_vc,0,5,1
4259000,4259,1,NOC_NPS_VNOC_X3Y0,VNOC,credit,1,-1,1
4259000,4259,1,NOC_NPS_VNOC_X3Y0,VNOC,data_vc,1,5,1
4260000,4260,0,NOC_NPS_VNOC_X3Y1,VNOC,credit,0,-1,1
4260000,4260,0,NOC_NPS_VNOC_X3Y1,VNOC,data_vc,0,5,1
4260000,4260,1,NOC_NPS_VNOC_X3Y0,VNOC,credit,1,-1,1
4260000,4260,1,NOC_NPS_VNOC_X3Y0,VNOC,data_vc,1,5,1
4261000,4261,0,NOC_NPS_VNOC_X3Y1,VNOC,credit,0,-1,1
4261000,4261,0,NOC_NPS_VNOC_X3Y1,VNOC,data_vc,0,5,1
4261000,4261,1,NOC_NPS_VNOC_X3Y0,VNOC,credit,1,-1,1
4261000,4261,1,NOC_NPS_VNOC_X3Y0,VNOC,data_vc,1,5,1
4262000,4262,0,NOC_NPS_VNOC_X3Y1,VNOC,credit,0,-1,1
4262000,4262,0,NOC_NPS_VNOC_X3Y1,VNOC,data_vc,0,5,1
4262000,4262,1,NOC_NPS_VNOC_X3Y0,VNOC,credit,1,-1,1
4262000,4262,1,NOC_NPS_VNOC_X3Y0,VNOC,data_vc,1,5,1
4263000,4263,0,NOC_NPS_VNOC_X3Y1,VNOC,credit,0,-1,1
4263000,4263,0,NOC_NPS_VNOC_X3Y1,VNOC,data_vc,0,5,1
4263000,4263,1,NOC_NPS_VNOC_X3Y0,VNOC,credit,1,-1,1
4263000,4263,1,NOC_NPS_VNOC_X3Y0,VNOC,data_vc,1,5,1
4264000,4264,0,NOC_NPS_VNOC_X3Y1,VNOC,credit,0,-1,1
4264000,4264,0,NOC_NPS_VNOC_X3Y1,VNOC,data_vc,0,5,1
4264000,4264,1,NOC_NPS_VNOC_X3Y0,VNOC,credit,1,-1,1
4264000,4264,1,NOC_NPS_VNOC_X3Y0,VNOC,data_vc,1,5,1
4265000,4265,0,NOC_NPS_VNOC_X3Y1,VNOC,credit,0,-1,1
4265000,4265,0,NOC_NPS_VNOC_X3Y1,VNOC,data_vc,0,5,1
4265000,4265,1,NOC_NPS_VNOC_X3Y0,VNOC,credit,1,-1,1
4265000,4265,1,NOC_NPS_VNOC_X3Y0,VNOC,data_vc,1,5,1
4266000,4266,0,NOC_NPS_VNOC_X3Y1,VNOC,credit,0,-1,1
4266000,4266,0,NOC_NPS_VNOC_X3Y1,VNOC,data_vc,0,5,1
4266000,4266,1,NOC_NPS_VNOC_X3Y0,VNOC,credit,1,-1,1
4266000,4266,1,NOC_NPS_VNOC_X3Y0,VNOC,data_vc,1,5,1
4267000,4267,0,NOC_NPS_VNOC_X3Y1,VNOC,credit,0,-1,1
4267000,4267,0,NOC_NPS_VNOC_X3Y1,VNOC,data_vc,0,5,1
4267000,4267,1,NOC_NPS_VNOC_X3Y0,VNOC,credit,1,-1,1
4267000,4267,1,NOC_NPS_VNOC_X3Y0,VNOC,data_vc,1,5,1
4268000,4268,0,NOC_NPS_VNOC_X3Y1,VNOC,credit,0,-1,1
4268000,4268,0,NOC_NPS_VNOC_X3Y1,VNOC,data_vc,0,5,1
4268000,4268,1,NOC_NPS_VNOC_X3Y0,VNOC,credit,1,-1,1
4268000,4268,1,NOC_NPS_VNOC_X3Y0,VNOC,data_vc,1,5,1
4269000,4269,0,NOC_NPS_VNOC_X3Y1,VNOC,credit,0,-1,1
4269000,4269,0,NOC_NPS_VNOC_X3Y1,VNOC,data_vc,0,5,1
4269000,4269,1,NOC_NPS_VNOC_X3Y0,VNOC,credit,1,-1,1
4269000,4269,1,NOC_NPS_VNOC_X3Y0,VNOC,data_vc,1,5,1
4270000,4270,0,NOC_NPS_VNOC_X3Y1,VNOC,credit,0,-1,1
4270000,4270,0,NOC_NPS_VNOC_X3Y1,VNOC,data_vc,0,5,1
4270000,4270,1,NOC_NPS_VNOC_X3Y0,VNOC,credit,1,-1,1
4270000,4270,1,NOC_NPS_VNOC_X3Y0,VNOC,data_vc,1,5,1
4271000,4271,0,NOC_NPS_VNOC_X3Y1,VNOC,credit,0,-1,1
4271000,4271,0,NOC_NPS_VNOC_X3Y1,VNOC,data_vc,0,5,1
4271000,4271,1,NOC_NPS_VNOC_X3Y0,VNOC,credit,1,-1,1
4271000,4271,1,NOC_NPS_VNOC_X3Y0,VNOC,data_vc,1,5,1
4272000,4272,0,NOC_NPS_VNOC_X3Y1,VNOC,credit,0,-1,1
4272000,4272,0,NOC_NPS_VNOC_X3Y1,VNOC,data_vc,0,5,1
4272000,4272,1,NOC_NPS_VNOC_X3Y0,VNOC,credit,1,-1,1
4272000,4272,1,NOC_NPS_VNOC_X3Y0,VNOC,data_vc,1,5,1
4273000,4273,0,NOC_NPS_VNOC_X3Y1,VNOC,credit,0,-1,1
4273000,4273,0,NOC_NPS_VNOC_X3Y1,VNOC,data_vc,0,5,1
4273000,4273,1,NOC_NPS_VNOC_X3Y0,VNOC,credit,1,-1,1
4273000,4273,1,NOC_NPS_VNOC_X3Y0,VNOC,data_vc,1,5,1
4274000,4274,0,NOC_NPS_VNOC_X3Y1,VNOC,credit,0,-1,1
4274000,4274,0,NOC_NPS_VNOC_X3Y1,VNOC,data_vc,0,5,1
4274000,4274,1,NOC_NPS_VNOC_X3Y0,VNOC,credit,1,-1,1
4274000,4274,1,NOC_NPS_VNOC_X3Y0,VNOC,data_vc,1,5,1
4275000,4275,0,NOC_NPS_VNOC_X3Y1,VNOC,credit,0,-1,1
4275000,4275,0,NOC_NPS_VNOC_X3Y1,VNOC,data_vc,0,5,1
4275000,4275,1,NOC_NPS_VNOC_X3Y0,VNOC,credit,1,-1,1
4275000,4275,1,NOC_NPS_VNOC_X3Y0,VNOC,data_vc,1,5,1
4276000,4276,0,NOC_NPS_VNOC_X3Y1,VNOC,credit,0,-1,1
4276000,4276,0,NOC_NPS_VNOC_X3Y1,VNOC,data_vc,0,5,1
4276000,4276,1,NOC_NPS_VNOC_X3Y0,VNOC,credit,1,-1,1
4276000,4276,1,NOC_NPS_VNOC_X3Y0,VNOC,data_vc,1,5,1
4277000,4277,0,NOC_NPS_VNOC_X3Y1,VNOC,credit,0,-1,1
4277000,4277,0,NOC_NPS_VNOC_X3Y1,VNOC,data_vc,0,5,1
4277000,4277,1,NOC_NPS_VNOC_X3Y0,VNOC,credit,1,-1,1
4277000,4277,1,NOC_NPS_VNOC_X3Y0,VNOC,data_vc,1,5,1
4278000,4278,0,NOC_NPS_VNOC_X3Y1,VNOC,credit,0,-1,1
4278000,4278,0,NOC_NPS_VNOC_X3Y1,VNOC,data_vc,0,5,1
4278000,4278,1,NOC_NPS_VNOC_X3Y0,VNOC,credit,1,-1,1
4278000,4278,1,NOC_NPS_VNOC_X3Y0,VNOC,data_vc,1,5,1
4279000,4279,0,NOC_NPS_VNOC_X3Y1,VNOC,credit,0,-1,1
4279000,4279,0,NOC_NPS_VNOC_X3Y1,VNOC,data_vc,0,5,1
4279000,4279,1,NOC_NPS_VNOC_X3Y0,VNOC,credit,1,-1,1
4279000,4279,1,NOC_NPS_VNOC_X3Y0,VNOC,data_vc,1,5,1
4280000,4280,0,NOC_NPS_VNOC_X3Y1,VNOC,credit,0,-1,1
4280000,4280,0,NOC_NPS_VNOC_X3Y1,VNOC,data_vc,0,5,1
4280000,4280,1,NOC_NPS_VNOC_X3Y0,VNOC,credit,1,-1,1
4280000,4280,1,NOC_NPS_VNOC_X3Y0,VNOC,data_vc,1,5,1
4281000,4281,0,NOC_NPS_VNOC_X3Y1,VNOC,credit,0,-1,1
4281000,4281,0,NOC_NPS_VNOC_X3Y1,VNOC,data_vc,0,5,1
4281000,4281,1,NOC_NPS_VNOC_X3Y0,VNOC,credit,1,-1,1
4281000,4281,1,NOC_NPS_VNOC_X3Y0,VNOC,data_vc,1,5,1
4282000,4282,0,NOC_NPS_VNOC_X3Y1,VNOC,credit,0,-1,1
4282000,4282,0,NOC_NPS_VNOC_X3Y1,VNOC,data_vc,0,5,1
4282000,4282,1,NOC_NPS_VNOC_X3Y0,VNOC,credit,1,-1,1
4282000,4282,1,NOC_NPS_VNOC_X3Y0,VNOC,data_vc,1,5,1
4283000,4283,0,NOC_NPS_VNOC_X3Y1,VNOC,credit,0,-1,1
4283000,4283,0,NOC_NPS_VNOC_X3Y1,VNOC,data_vc,0,5,1
4283000,4283,1,NOC_NPS_VNOC_X3Y0,VNOC,credit,1,-1,1
4283000,4283,1,NOC_NPS_VNOC_X3Y0,VNOC,data_vc,1,5,1
4284000,4284,0,NOC_NPS_VNOC_X3Y1,VNOC,credit,0,-1,1
4284000,4284,0,NOC_NPS_VNOC_X3Y1,VNOC,data_vc,0,5,1
4284000,4284,1,NOC_NPS_VNOC_X3Y0,VNOC,credit,1,-1,1
4284000,4284,1,NOC_NPS_VNOC_X3Y0,VNOC,data_vc,1,5,1
4285000,4285,0,NOC_NPS_VNOC_X3Y1,VNOC,credit,0,-1,1
4285000,4285,0,NOC_NPS_VNOC_X3Y1,VNOC,data_vc,0,5,1
4285000,4285,1,NOC_NPS_VNOC_X3Y0,VNOC,credit,1,-1,1
4285000,4285,1,NOC_NPS_VNOC_X3Y0,VNOC,data_vc,1,5,1
4286000,4286,0,NOC_NPS_VNOC_X3Y1,VNOC,credit,0,-1,1
4286000,4286,0,NOC_NPS_VNOC_X3Y1,VNOC,data_vc,0,5,1
4286000,4286,1,NOC_NPS_VNOC_X3Y0,VNOC,credit,1,-1,1
4286000,4286,1,NOC_NPS_VNOC_X3Y0,VNOC,data_vc,1,5,1
4287000,4287,0,NOC_NPS_VNOC_X3Y1,VNOC,data_vc,0,5,1
4287000,4287,1,NOC_NPS_VNOC_X3Y0,VNOC,credit,1,-1,1
4287000,4287,1,NOC_NPS_VNOC_X3Y0,VNOC,data_vc,1,5,1
4288000,4288,0,NOC_NPS_VNOC_X3Y1,VNOC,data_vc,0,5,1
4288000,4288,1,NOC_NPS_VNOC_X3Y0,VNOC,credit,1,-1,1
4288000,4288,1,NOC_NPS_VNOC_X3Y0,VNOC,data_vc,1,5,1
4289000,4289,0,NOC_NPS_VNOC_X3Y1,VNOC,credit,0,-1,1
4289000,4289,0,NOC_NPS_VNOC_X3Y1,VNOC,data_vc,0,5,1
4289000,4289,1,NOC_NPS_VNOC_X3Y0,VNOC,data_vc,1,5,1
4290000,4290,0,NOC_NPS_VNOC_X3Y1,VNOC,credit,0,-1,1
4290000,4290,0,NOC_NPS_VNOC_X3Y1,VNOC,data_vc,0,5,1
4290000,4290,1,NOC_NPS_VNOC_X3Y0,VNOC,data_vc,1,5,1
4291000,4291,0,NOC_NPS_VNOC_X3Y1,VNOC,credit,0,-1,1
4291000,4291,0,NOC_NPS_VNOC_X3Y1,VNOC,data_vc,0,5,1
4291000,4291,1,NOC_NPS_VNOC_X3Y0,VNOC,credit,1,-1,1
4291000,4291,1,NOC_NPS_VNOC_X3Y0,VNOC,data_vc,1,5,1
4292000,4292,0,NOC_NPS_VNOC_X3Y1,VNOC,credit,0,-1,1
4292000,4292,0,NOC_NPS_VNOC_X3Y1,VNOC,data_vc,0,5,1
4292000,4292,1,NOC_NPS_VNOC_X3Y0,VNOC,credit,1,-1,1
4292000,4292,1,NOC_NPS_VNOC_X3Y0,VNOC,data_vc,1,5,1
4293000,4293,0,NOC_NPS_VNOC_X3Y1,VNOC,credit,0,-1,1
4293000,4293,0,NOC_NPS_VNOC_X3Y1,VNOC,data_vc,0,5,1
4293000,4293,1,NOC_NPS_VNOC_X3Y0,VNOC,credit,1,-1,1
4293000,4293,1,NOC_NPS_VNOC_X3Y0,VNOC,data_vc,1,5,1
4294000,4294,0,NOC_NPS_VNOC_X3Y1,VNOC,credit,0,-1,1
4294000,4294,0,NOC_NPS_VNOC_X3Y1,VNOC,data_vc,0,5,1
4294000,4294,1,NOC_NPS_VNOC_X3Y0,VNOC,credit,1,-1,1
4294000,4294,1,NOC_NPS_VNOC_X3Y0,VNOC,data_vc,1,5,1
4295000,4295,0,NOC_NPS_VNOC_X3Y1,VNOC,credit,0,-1,1
4295000,4295,0,NOC_NPS_VNOC_X3Y1,VNOC,data_vc,0,5,1
4295000,4295,1,NOC_NPS_VNOC_X3Y0,VNOC,credit,1,-1,1
4295000,4295,1,NOC_NPS_VNOC_X3Y0,VNOC,data_vc,1,5,1
4296000,4296,0,NOC_NPS_VNOC_X3Y1,VNOC,credit,0,-1,1
4296000,4296,0,NOC_NPS_VNOC_X3Y1,VNOC,data_vc,0,5,1
4296000,4296,1,NOC_NPS_VNOC_X3Y0,VNOC,credit,1,-1,1
4296000,4296,1,NOC_NPS_VNOC_X3Y0,VNOC,data_vc,1,5,1
4297000,4297,0,NOC_NPS_VNOC_X3Y1,VNOC,credit,0,-1,1
4297000,4297,0,NOC_NPS_VNOC_X3Y1,VNOC,data_vc,0,5,1
4297000,4297,1,NOC_NPS_VNOC_X3Y0,VNOC,credit,1,-1,1
4297000,4297,1,NOC_NPS_VNOC_X3Y0,VNOC,data_vc,1,5,1
4298000,4298,0,NOC_NPS_VNOC_X3Y1,VNOC,credit,0,-1,1
4298000,4298,0,NOC_NPS_VNOC_X3Y1,VNOC,data_vc,0,5,1
4298000,4298,1,NOC_NPS_VNOC_X3Y0,VNOC,credit,1,-1,1
4298000,4298,1,NOC_NPS_VNOC_X3Y0,VNOC,data_vc,1,5,1
4299000,4299,0,NOC_NPS_VNOC_X3Y1,VNOC,credit,0,-1,1
4299000,4299,0,NOC_NPS_VNOC_X3Y1,VNOC,data_vc,0,5,1
4299000,4299,1,NOC_NPS_VNOC_X3Y0,VNOC,credit,1,-1,1
4299000,4299,1,NOC_NPS_VNOC_X3Y0,VNOC,data_vc,1,5,1
4300000,4300,0,NOC_NPS_VNOC_X3Y1,VNOC,credit,0,-1,1
4300000,4300,0,NOC_NPS_VNOC_X3Y1,VNOC,data_vc,0,5,1
4300000,4300,1,NOC_NPS_VNOC_X3Y0,VNOC,credit,1,-1,1
4300000,4300,1,NOC_NPS_VNOC_X3Y0,VNOC,data_vc,1,5,1
4301000,4301,0,NOC_NPS_VNOC_X3Y1,VNOC,credit,0,-1,1
4301000,4301,0,NOC_NPS_VNOC_X3Y1,VNOC,data_vc,0,5,1
4301000,4301,1,NOC_NPS_VNOC_X3Y0,VNOC,credit,1,-1,1
4301000,4301,1,NOC_NPS_VNOC_X3Y0,VNOC,data_vc,1,5,1
4302000,4302,0,NOC_NPS_VNOC_X3Y1,VNOC,credit,0,-1,1
4302000,4302,0,NOC_NPS_VNOC_X3Y1,VNOC,data_vc,0,5,1
4302000,4302,1,NOC_NPS_VNOC_X3Y0,VNOC,credit,1,-1,1
4302000,4302,1,NOC_NPS_VNOC_X3Y0,VNOC,data_vc,1,5,1
4303000,4303,0,NOC_NPS_VNOC_X3Y1,VNOC,credit,0,-1,1
4303000,4303,0,NOC_NPS_VNOC_X3Y1,VNOC,data_vc,0,5,1
4303000,4303,1,NOC_NPS_VNOC_X3Y0,VNOC,credit,1,-1,1
4303000,4303,1,NOC_NPS_VNOC_X3Y0,VNOC,data_vc,1,5,1
4304000,4304,0,NOC_NPS_VNOC_X3Y1,VNOC,credit,0,-1,1
4304000,4304,0,NOC_NPS_VNOC_X3Y1,VNOC,data_vc,0,5,1
4304000,4304,1,NOC_NPS_VNOC_X3Y0,VNOC,credit,1,-1,1
4304000,4304,1,NOC_NPS_VNOC_X3Y0,VNOC,data_vc,1,5,1
4305000,4305,0,NOC_NPS_VNOC_X3Y1,VNOC,credit,0,-1,1
4305000,4305,0,NOC_NPS_VNOC_X3Y1,VNOC,data_vc,0,5,1
4305000,4305,1,NOC_NPS_VNOC_X3Y0,VNOC,credit,1,-1,1
4305000,4305,1,NOC_NPS_VNOC_X3Y0,VNOC,data_vc,1,5,1
4306000,4306,0,NOC_NPS_VNOC_X3Y1,VNOC,credit,0,-1,1
4306000,4306,0,NOC_NPS_VNOC_X3Y1,VNOC,data_vc,0,5,1
4306000,4306,1,NOC_NPS_VNOC_X3Y0,VNOC,credit,1,-1,1
4306000,4306,1,NOC_NPS_VNOC_X3Y0,VNOC,data_vc,1,5,1
4307000,4307,0,NOC_NPS_VNOC_X3Y1,VNOC,credit,0,-1,1
4307000,4307,0,NOC_NPS_VNOC_X3Y1,VNOC,data_vc,0,5,1
4307000,4307,1,NOC_NPS_VNOC_X3Y0,VNOC,credit,1,-1,1
4307000,4307,1,NOC_NPS_VNOC_X3Y0,VNOC,data_vc,1,5,1
4308000,4308,0,NOC_NPS_VNOC_X3Y1,VNOC,credit,0,-1,1
4308000,4308,0,NOC_NPS_VNOC_X3Y1,VNOC,data_vc,0,5,1
4308000,4308,1,NOC_NPS_VNOC_X3Y0,VNOC,credit,1,-1,1
4308000,4308,1,NOC_NPS_VNOC_X3Y0,VNOC,data_vc,1,5,1
4309000,4309,0,NOC_NPS_VNOC_X3Y1,VNOC,credit,0,-1,1
4309000,4309,0,NOC_NPS_VNOC_X3Y1,VNOC,data_vc,0,5,1
4309000,4309,1,NOC_NPS_VNOC_X3Y0,VNOC,credit,1,-1,1
4309000,4309,1,NOC_NPS_VNOC_X3Y0,VNOC,data_vc,1,5,1
4310000,4310,0,NOC_NPS_VNOC_X3Y1,VNOC,credit,0,-1,1
4310000,4310,0,NOC_NPS_VNOC_X3Y1,VNOC,data_vc,0,5,1
4310000,4310,1,NOC_NPS_VNOC_X3Y0,VNOC,credit,1,-1,1
4310000,4310,1,NOC_NPS_VNOC_X3Y0,VNOC,data_vc,1,5,1
4311000,4311,0,NOC_NPS_VNOC_X3Y1,VNOC,credit,0,-1,1
4311000,4311,0,NOC_NPS_VNOC_X3Y1,VNOC,data_vc,0,5,1
4311000,4311,1,NOC_NPS_VNOC_X3Y0,VNOC,credit,1,-1,1
4311000,4311,1,NOC_NPS_VNOC_X3Y0,VNOC,data_vc,1,5,1
4312000,4312,0,NOC_NPS_VNOC_X3Y1,VNOC,credit,0,-1,1
4312000,4312,0,NOC_NPS_VNOC_X3Y1,VNOC,data_vc,0,5,1
4312000,4312,1,NOC_NPS_VNOC_X3Y0,VNOC,credit,1,-1,1
4312000,4312,1,NOC_NPS_VNOC_X3Y0,VNOC,data_vc,1,5,1
4313000,4313,0,NOC_NPS_VNOC_X3Y1,VNOC,credit,0,-1,1
4313000,4313,0,NOC_NPS_VNOC_X3Y1,VNOC,data_vc,0,5,1
4313000,4313,1,NOC_NPS_VNOC_X3Y0,VNOC,credit,1,-1,1
4313000,4313,1,NOC_NPS_VNOC_X3Y0,VNOC,data_vc,1,5,1
4314000,4314,0,NOC_NPS_VNOC_X3Y1,VNOC,credit,0,-1,1
4314000,4314,0,NOC_NPS_VNOC_X3Y1,VNOC,data_vc,0,5,1
4314000,4314,1,NOC_NPS_VNOC_X3Y0,VNOC,credit,1,-1,1
4314000,4314,1,NOC_NPS_VNOC_X3Y0,VNOC,data_vc,1,5,1
4315000,4315,0,NOC_NPS_VNOC_X3Y1,VNOC,credit,0,-1,1
4315000,4315,0,NOC_NPS_VNOC_X3Y1,VNOC,data_vc,0,5,1
4315000,4315,1,NOC_NPS_VNOC_X3Y0,VNOC,credit,1,-1,1
4315000,4315,1,NOC_NPS_VNOC_X3Y0,VNOC,data_vc,1,5,1
4316000,4316,0,NOC_NPS_VNOC_X3Y1,VNOC,credit,0,-1,1
4316000,4316,0,NOC_NPS_VNOC_X3Y1,VNOC,data_vc,0,5,1
4316000,4316,1,NOC_NPS_VNOC_X3Y0,VNOC,credit,1,-1,1
4316000,4316,1,NOC_NPS_VNOC_X3Y0,VNOC,data_vc,1,5,1
4317000,4317,0,NOC_NPS_VNOC_X3Y1,VNOC,credit,0,-1,1
4317000,4317,0,NOC_NPS_VNOC_X3Y1,VNOC,data_vc,0,5,1
4317000,4317,1,NOC_NPS_VNOC_X3Y0,VNOC,credit,1,-1,1
4317000,4317,1,NOC_NPS_VNOC_X3Y0,VNOC,data_vc,1,5,1
4318000,4318,0,NOC_NPS_VNOC_X3Y1,VNOC,credit,0,-1,1
4318000,4318,0,NOC_NPS_VNOC_X3Y1,VNOC,data_vc,0,5,1
4318000,4318,1,NOC_NPS_VNOC_X3Y0,VNOC,credit,1,-1,1
4318000,4318,1,NOC_NPS_VNOC_X3Y0,VNOC,data_vc,1,5,1
4319000,4319,0,NOC_NPS_VNOC_X3Y1,VNOC,credit,0,-1,1
4319000,4319,0,NOC_NPS_VNOC_X3Y1,VNOC,data_vc,0,5,1
4319000,4319,1,NOC_NPS_VNOC_X3Y0,VNOC,credit,1,-1,1
4319000,4319,1,NOC_NPS_VNOC_X3Y0,VNOC,data_vc,1,5,1
4320000,4320,0,NOC_NPS_VNOC_X3Y1,VNOC,credit,0,-1,1
4320000,4320,0,NOC_NPS_VNOC_X3Y1,VNOC,data_vc,0,5,1
4320000,4320,1,NOC_NPS_VNOC_X3Y0,VNOC,credit,1,-1,1
4320000,4320,1,NOC_NPS_VNOC_X3Y0,VNOC,data_vc,1,5,1
4321000,4321,0,NOC_NPS_VNOC_X3Y1,VNOC,credit,0,-1,1
4321000,4321,0,NOC_NPS_VNOC_X3Y1,VNOC,data_vc,0,5,1
4321000,4321,1,NOC_NPS_VNOC_X3Y0,VNOC,credit,1,-1,1
4321000,4321,1,NOC_NPS_VNOC_X3Y0,VNOC,data_vc,1,5,1
4322000,4322,0,NOC_NPS_VNOC_X3Y1,VNOC,credit,0,-1,1
4322000,4322,0,NOC_NPS_VNOC_X3Y1,VNOC,data_vc,0,5,1
4322000,4322,1,NOC_NPS_VNOC_X3Y0,VNOC,credit,1,-1,1
4322000,4322,1,NOC_NPS_VNOC_X3Y0,VNOC,data_vc,1,5,1
4323000,4323,0,NOC_NPS_VNOC_X3Y1,VNOC,credit,0,-1,1
4323000,4323,0,NOC_NPS_VNOC_X3Y1,VNOC,data_vc,0,5,1
4323000,4323,1,NOC_NPS_VNOC_X3Y0,VNOC,credit,1,-1,1
4323000,4323,1,NOC_NPS_VNOC_X3Y0,VNOC,data_vc,1,5,1
4324000,4324,0,NOC_NPS_VNOC_X3Y1,VNOC,credit,0,-1,1
4324000,4324,0,NOC_NPS_VNOC_X3Y1,VNOC,data_vc,0,5,1
4324000,4324,1,NOC_NPS_VNOC_X3Y0,VNOC,credit,1,-1,1
4324000,4324,1,NOC_NPS_VNOC_X3Y0,VNOC,data_vc,1,5,1
4325000,4325,0,NOC_NPS_VNOC_X3Y1,VNOC,credit,0,-1,1
4325000,4325,0,NOC_NPS_VNOC_X3Y1,VNOC,data_vc,0,5,1
4325000,4325,1,NOC_NPS_VNOC_X3Y0,VNOC,credit,1,-1,1
4325000,4325,1,NOC_NPS_VNOC_X3Y0,VNOC,data_vc,1,5,1
4326000,4326,0,NOC_NPS_VNOC_X3Y1,VNOC,credit,0,-1,1
4326000,4326,0,NOC_NPS_VNOC_X3Y1,VNOC,data_vc,0,5,1
4326000,4326,1,NOC_NPS_VNOC_X3Y0,VNOC,credit,1,-1,1
4326000,4326,1,NOC_NPS_VNOC_X3Y0,VNOC,data_vc,1,5,1
4327000,4327,0,NOC_NPS_VNOC_X3Y1,VNOC,credit,0,-1,1
4327000,4327,0,NOC_NPS_VNOC_X3Y1,VNOC,data_vc,0,5,1
4327000,4327,1,NOC_NPS_VNOC_X3Y0,VNOC,credit,1,-1,1
4327000,4327,1,NOC_NPS_VNOC_X3Y0,VNOC,data_vc,1,5,1
4328000,4328,0,NOC_NPS_VNOC_X3Y1,VNOC,credit,0,-1,1
4328000,4328,0,NOC_NPS_VNOC_X3Y1,VNOC,data_vc,0,5,1
4328000,4328,1,NOC_NPS_VNOC_X3Y0,VNOC,credit,1,-1,1
4328000,4328,1,NOC_NPS_VNOC_X3Y0,VNOC,data_vc,1,5,1
4329000,4329,0,NOC_NPS_VNOC_X3Y1,VNOC,credit,0,-1,1
4329000,4329,0,NOC_NPS_VNOC_X3Y1,VNOC,data_vc,0,5,1
4329000,4329,1,NOC_NPS_VNOC_X3Y0,VNOC,credit,1,-1,1
4329000,4329,1,NOC_NPS_VNOC_X3Y0,VNOC,data_vc,1,5,1
4330000,4330,0,NOC_NPS_VNOC_X3Y1,VNOC,credit,0,-1,1
4330000,4330,0,NOC_NPS_VNOC_X3Y1,VNOC,data_vc,0,5,1
4330000,4330,1,NOC_NPS_VNOC_X3Y0,VNOC,credit,1,-1,1
4330000,4330,1,NOC_NPS_VNOC_X3Y0,VNOC,data_vc,1,5,1
4331000,4331,0,NOC_NPS_VNOC_X3Y1,VNOC,credit,0,-1,1
4331000,4331,0,NOC_NPS_VNOC_X3Y1,VNOC,data_vc,0,5,1
4331000,4331,1,NOC_NPS_VNOC_X3Y0,VNOC,credit,1,-1,1
4331000,4331,1,NOC_NPS_VNOC_X3Y0,VNOC,data_vc,1,5,1
4332000,4332,0,NOC_NPS_VNOC_X3Y1,VNOC,credit,0,-1,1
4332000,4332,0,NOC_NPS_VNOC_X3Y1,VNOC,data_vc,0,5,1
4332000,4332,1,NOC_NPS_VNOC_X3Y0,VNOC,credit,1,-1,1
4332000,4332,1,NOC_NPS_VNOC_X3Y0,VNOC,data_vc,1,5,1
4333000,4333,0,NOC_NPS_VNOC_X3Y1,VNOC,credit,0,-1,1
4333000,4333,0,NOC_NPS_VNOC_X3Y1,VNOC,data_vc,0,5,1
4333000,4333,1,NOC_NPS_VNOC_X3Y0,VNOC,credit,1,-1,1
4333000,4333,1,NOC_NPS_VNOC_X3Y0,VNOC,data_vc,1,5,1
4334000,4334,0,NOC_NPS_VNOC_X3Y1,VNOC,credit,0,-1,1
4334000,4334,0,NOC_NPS_VNOC_X3Y1,VNOC,data_vc,0,5,1
4334000,4334,1,NOC_NPS_VNOC_X3Y0,VNOC,credit,1,-1,1
4334000,4334,1,NOC_NPS_VNOC_X3Y0,VNOC,data_vc,1,5,1
4335000,4335,0,NOC_NPS_VNOC_X3Y1,VNOC,credit,0,-1,1
4335000,4335,0,NOC_NPS_VNOC_X3Y1,VNOC,data_vc,0,5,1
4335000,4335,1,NOC_NPS_VNOC_X3Y0,VNOC,credit,1,-1,1
4335000,4335,1,NOC_NPS_VNOC_X3Y0,VNOC,data_vc,1,5,1
4336000,4336,0,NOC_NPS_VNOC_X3Y1,VNOC,credit,0,-1,1
4336000,4336,0,NOC_NPS_VNOC_X3Y1,VNOC,data_vc,0,5,1
4336000,4336,1,NOC_NPS_VNOC_X3Y0,VNOC,credit,1,-1,1
4336000,4336,1,NOC_NPS_VNOC_X3Y0,VNOC,data_vc,1,5,1
4337000,4337,0,NOC_NPS_VNOC_X3Y1,VNOC,credit,0,-1,1
4337000,4337,0,NOC_NPS_VNOC_X3Y1,VNOC,data_vc,0,5,1
4337000,4337,1,NOC_NPS_VNOC_X3Y0,VNOC,credit,1,-1,1
4337000,4337,1,NOC_NPS_VNOC_X3Y0,VNOC,data_vc,1,5,1
4338000,4338,0,NOC_NPS_VNOC_X3Y1,VNOC,credit,0,-1,1
4338000,4338,0,NOC_NPS_VNOC_X3Y1,VNOC,data_vc,0,5,1
4338000,4338,1,NOC_NPS_VNOC_X3Y0,VNOC,credit,1,-1,1
4338000,4338,1,NOC_NPS_VNOC_X3Y0,VNOC,data_vc,1,5,1
4339000,4339,0,NOC_NPS_VNOC_X3Y1,VNOC,data_vc,0,5,1
4339000,4339,1,NOC_NPS_VNOC_X3Y0,VNOC,credit,1,-1,1
4339000,4339,1,NOC_NPS_VNOC_X3Y0,VNOC,data_vc,1,5,1
4340000,4340,0,NOC_NPS_VNOC_X3Y1,VNOC,data_vc,0,5,1
4340000,4340,1,NOC_NPS_VNOC_X3Y0,VNOC,credit,1,-1,1
4340000,4340,1,NOC_NPS_VNOC_X3Y0,VNOC,data_vc,1,5,1
4341000,4341,0,NOC_NPS_VNOC_X3Y1,VNOC,credit,0,-1,1
4341000,4341,0,NOC_NPS_VNOC_X3Y1,VNOC,data_vc,0,5,1
4341000,4341,1,NOC_NPS_VNOC_X3Y0,VNOC,data_vc,1,5,1
4342000,4342,0,NOC_NPS_VNOC_X3Y1,VNOC,credit,0,-1,1
4342000,4342,0,NOC_NPS_VNOC_X3Y1,VNOC,data_vc,0,5,1
4342000,4342,1,NOC_NPS_VNOC_X3Y0,VNOC,data_vc,1,5,1
4343000,4343,0,NOC_NPS_VNOC_X3Y1,VNOC,credit,0,-1,1
4343000,4343,0,NOC_NPS_VNOC_X3Y1,VNOC,data_vc,0,5,1
4343000,4343,1,NOC_NPS_VNOC_X3Y0,VNOC,credit,1,-1,1
4343000,4343,1,NOC_NPS_VNOC_X3Y0,VNOC,data_vc,1,5,1
4344000,4344,0,NOC_NPS_VNOC_X3Y1,VNOC,credit,0,-1,1
4344000,4344,0,NOC_NPS_VNOC_X3Y1,VNOC,data_vc,0,5,1
4344000,4344,1,NOC_NPS_VNOC_X3Y0,VNOC,credit,1,-1,1
4344000,4344,1,NOC_NPS_VNOC_X3Y0,VNOC,data_vc,1,5,1
4345000,4345,0,NOC_NPS_VNOC_X3Y1,VNOC,credit,0,-1,1
4345000,4345,0,NOC_NPS_VNOC_X3Y1,VNOC,data_vc,0,5,1
4345000,4345,1,NOC_NPS_VNOC_X3Y0,VNOC,credit,1,-1,1
4345000,4345,1,NOC_NPS_VNOC_X3Y0,VNOC,data_vc,1,5,1
4346000,4346,0,NOC_NPS_VNOC_X3Y1,VNOC,credit,0,-1,1
4346000,4346,0,NOC_NPS_VNOC_X3Y1,VNOC,data_vc,0,5,1
4346000,4346,1,NOC_NPS_VNOC_X3Y0,VNOC,credit,1,-1,1
4346000,4346,1,NOC_NPS_VNOC_X3Y0,VNOC,data_vc,1,5,1
4347000,4347,0,NOC_NPS_VNOC_X3Y1,VNOC,credit,0,-1,1
4347000,4347,0,NOC_NPS_VNOC_X3Y1,VNOC,data_vc,0,5,1
4347000,4347,1,NOC_NPS_VNOC_X3Y0,VNOC,credit,1,-1,1
4347000,4347,1,NOC_NPS_VNOC_X3Y0,VNOC,data_vc,1,5,1
4348000,4348,0,NOC_NPS_VNOC_X3Y1,VNOC,credit,0,-1,1
4348000,4348,0,NOC_NPS_VNOC_X3Y1,VNOC,data_vc,0,5,1
4348000,4348,1,NOC_NPS_VNOC_X3Y0,VNOC,credit,1,-1,1
4348000,4348,1,NOC_NPS_VNOC_X3Y0,VNOC,data_vc,1,5,1
4349000,4349,0,NOC_NPS_VNOC_X3Y1,VNOC,credit,0,-1,1
4349000,4349,0,NOC_NPS_VNOC_X3Y1,VNOC,data_vc,0,5,1
4349000,4349,1,NOC_NPS_VNOC_X3Y0,VNOC,credit,1,-1,1
4349000,4349,1,NOC_NPS_VNOC_X3Y0,VNOC,data_vc,1,5,1
4350000,4350,0,NOC_NPS_VNOC_X3Y1,VNOC,credit,0,-1,1
4350000,4350,0,NOC_NPS_VNOC_X3Y1,VNOC,data_vc,0,5,1
4350000,4350,1,NOC_NPS_VNOC_X3Y0,VNOC,credit,1,-1,1
4350000,4350,1,NOC_NPS_VNOC_X3Y0,VNOC,data_vc,1,5,1
4351000,4351,0,NOC_NPS_VNOC_X3Y1,VNOC,credit,0,-1,1
4351000,4351,0,NOC_NPS_VNOC_X3Y1,VNOC,data_vc,0,5,1
4351000,4351,1,NOC_NPS_VNOC_X3Y0,VNOC,credit,1,-1,1
4351000,4351,1,NOC_NPS_VNOC_X3Y0,VNOC,data_vc,1,5,1
4352000,4352,0,NOC_NPS_VNOC_X3Y1,VNOC,credit,0,-1,1
4352000,4352,0,NOC_NPS_VNOC_X3Y1,VNOC,data_vc,0,5,1
4352000,4352,1,NOC_NPS_VNOC_X3Y0,VNOC,credit,1,-1,1
4352000,4352,1,NOC_NPS_VNOC_X3Y0,VNOC,data_vc,1,5,1
4353000,4353,0,NOC_NPS_VNOC_X3Y1,VNOC,credit,0,-1,1
4353000,4353,0,NOC_NPS_VNOC_X3Y1,VNOC,data_vc,0,5,1
4353000,4353,1,NOC_NPS_VNOC_X3Y0,VNOC,credit,1,-1,1
4353000,4353,1,NOC_NPS_VNOC_X3Y0,VNOC,data_vc,1,5,1
4354000,4354,0,NOC_NPS_VNOC_X3Y1,VNOC,credit,0,-1,1
4354000,4354,0,NOC_NPS_VNOC_X3Y1,VNOC,data_vc,0,5,1
4354000,4354,1,NOC_NPS_VNOC_X3Y0,VNOC,credit,1,-1,1
4354000,4354,1,NOC_NPS_VNOC_X3Y0,VNOC,data_vc,1,5,1
4355000,4355,0,NOC_NPS_VNOC_X3Y1,VNOC,credit,0,-1,1
4355000,4355,0,NOC_NPS_VNOC_X3Y1,VNOC,data_vc,0,5,1
4355000,4355,1,NOC_NPS_VNOC_X3Y0,VNOC,credit,1,-1,1
4355000,4355,1,NOC_NPS_VNOC_X3Y0,VNOC,data_vc,1,5,1
4356000,4356,0,NOC_NPS_VNOC_X3Y1,VNOC,credit,0,-1,1
4356000,4356,0,NOC_NPS_VNOC_X3Y1,VNOC,data_vc,0,5,1
4356000,4356,1,NOC_NPS_VNOC_X3Y0,VNOC,credit,1,-1,1
4356000,4356,1,NOC_NPS_VNOC_X3Y0,VNOC,data_vc,1,5,1
4357000,4357,0,NOC_NPS_VNOC_X3Y1,VNOC,credit,0,-1,1
4357000,4357,0,NOC_NPS_VNOC_X3Y1,VNOC,data_vc,0,5,1
4357000,4357,1,NOC_NPS_VNOC_X3Y0,VNOC,credit,1,-1,1
4357000,4357,1,NOC_NPS_VNOC_X3Y0,VNOC,data_vc,1,5,1
4358000,4358,0,NOC_NPS_VNOC_X3Y1,VNOC,credit,0,-1,1
4358000,4358,0,NOC_NPS_VNOC_X3Y1,VNOC,data_vc,0,5,1
4358000,4358,1,NOC_NPS_VNOC_X3Y0,VNOC,credit,1,-1,1
4358000,4358,1,NOC_NPS_VNOC_X3Y0,VNOC,data_vc,1,5,1
4359000,4359,0,NOC_NPS_VNOC_X3Y1,VNOC,credit,0,-1,1
4359000,4359,0,NOC_NPS_VNOC_X3Y1,VNOC,data_vc,0,5,1
4359000,4359,1,NOC_NPS_VNOC_X3Y0,VNOC,credit,1,-1,1
4359000,4359,1,NOC_NPS_VNOC_X3Y0,VNOC,data_vc,1,5,1
4360000,4360,0,NOC_NPS_VNOC_X3Y1,VNOC,credit,0,-1,1
4360000,4360,0,NOC_NPS_VNOC_X3Y1,VNOC,data_vc,0,5,1
4360000,4360,1,NOC_NPS_VNOC_X3Y0,VNOC,credit,1,-1,1
4360000,4360,1,NOC_NPS_VNOC_X3Y0,VNOC,data_vc,1,5,1
4361000,4361,0,NOC_NPS_VNOC_X3Y1,VNOC,credit,0,-1,1
4361000,4361,0,NOC_NPS_VNOC_X3Y1,VNOC,data_vc,0,5,1
4361000,4361,1,NOC_NPS_VNOC_X3Y0,VNOC,credit,1,-1,1
4361000,4361,1,NOC_NPS_VNOC_X3Y0,VNOC,data_vc,1,5,1
4362000,4362,0,NOC_NPS_VNOC_X3Y1,VNOC,credit,0,-1,1
4362000,4362,0,NOC_NPS_VNOC_X3Y1,VNOC,data_vc,0,5,1
4362000,4362,1,NOC_NPS_VNOC_X3Y0,VNOC,credit,1,-1,1
4362000,4362,1,NOC_NPS_VNOC_X3Y0,VNOC,data_vc,1,5,1
4363000,4363,0,NOC_NPS_VNOC_X3Y1,VNOC,credit,0,-1,1
4363000,4363,0,NOC_NPS_VNOC_X3Y1,VNOC,data_vc,0,5,1
4363000,4363,1,NOC_NPS_VNOC_X3Y0,VNOC,credit,1,-1,1
4363000,4363,1,NOC_NPS_VNOC_X3Y0,VNOC,data_vc,1,5,1
4364000,4364,0,NOC_NPS_VNOC_X3Y1,VNOC,credit,0,-1,1
4364000,4364,0,NOC_NPS_VNOC_X3Y1,VNOC,data_vc,0,5,1
4364000,4364,1,NOC_NPS_VNOC_X3Y0,VNOC,credit,1,-1,1
4364000,4364,1,NOC_NPS_VNOC_X3Y0,VNOC,data_vc,1,5,1
4365000,4365,0,NOC_NPS_VNOC_X3Y1,VNOC,credit,0,-1,1
4365000,4365,0,NOC_NPS_VNOC_X3Y1,VNOC,data_vc,0,5,1
4365000,4365,1,NOC_NPS_VNOC_X3Y0,VNOC,credit,1,-1,1
4365000,4365,1,NOC_NPS_VNOC_X3Y0,VNOC,data_vc,1,5,1
4366000,4366,0,NOC_NPS_VNOC_X3Y1,VNOC,credit,0,-1,1
4366000,4366,0,NOC_NPS_VNOC_X3Y1,VNOC,data_vc,0,5,1
4366000,4366,1,NOC_NPS_VNOC_X3Y0,VNOC,credit,1,-1,1
4366000,4366,1,NOC_NPS_VNOC_X3Y0,VNOC,data_vc,1,5,1
4367000,4367,0,NOC_NPS_VNOC_X3Y1,VNOC,credit,0,-1,1
4367000,4367,0,NOC_NPS_VNOC_X3Y1,VNOC,data_vc,0,5,1
4367000,4367,1,NOC_NPS_VNOC_X3Y0,VNOC,credit,1,-1,1
4367000,4367,1,NOC_NPS_VNOC_X3Y0,VNOC,data_vc,1,5,1
4368000,4368,0,NOC_NPS_VNOC_X3Y1,VNOC,credit,0,-1,1
4368000,4368,0,NOC_NPS_VNOC_X3Y1,VNOC,data_vc,0,5,1
4368000,4368,1,NOC_NPS_VNOC_X3Y0,VNOC,credit,1,-1,1
4368000,4368,1,NOC_NPS_VNOC_X3Y0,VNOC,data_vc,1,5,1
4369000,4369,0,NOC_NPS_VNOC_X3Y1,VNOC,credit,0,-1,1
4369000,4369,0,NOC_NPS_VNOC_X3Y1,VNOC,data_vc,0,5,1
4369000,4369,1,NOC_NPS_VNOC_X3Y0,VNOC,credit,1,-1,1
4369000,4369,1,NOC_NPS_VNOC_X3Y0,VNOC,data_vc,1,5,1
4370000,4370,0,NOC_NPS_VNOC_X3Y1,VNOC,credit,0,-1,1
4370000,4370,0,NOC_NPS_VNOC_X3Y1,VNOC,data_vc,0,5,1
4370000,4370,1,NOC_NPS_VNOC_X3Y0,VNOC,credit,1,-1,1
4370000,4370,1,NOC_NPS_VNOC_X3Y0,VNOC,data_vc,1,5,1
4371000,4371,0,NOC_NPS_VNOC_X3Y1,VNOC,credit,0,-1,1
4371000,4371,0,NOC_NPS_VNOC_X3Y1,VNOC,data_vc,0,5,1
4371000,4371,1,NOC_NPS_VNOC_X3Y0,VNOC,credit,1,-1,1
4371000,4371,1,NOC_NPS_VNOC_X3Y0,VNOC,data_vc,1,5,1
4372000,4372,0,NOC_NPS_VNOC_X3Y1,VNOC,credit,0,-1,1
4372000,4372,0,NOC_NPS_VNOC_X3Y1,VNOC,data_vc,0,5,1
4372000,4372,1,NOC_NPS_VNOC_X3Y0,VNOC,credit,1,-1,1
4372000,4372,1,NOC_NPS_VNOC_X3Y0,VNOC,data_vc,1,5,1
4373000,4373,0,NOC_NPS_VNOC_X3Y1,VNOC,credit,0,-1,1
4373000,4373,0,NOC_NPS_VNOC_X3Y1,VNOC,data_vc,0,5,1
4373000,4373,1,NOC_NPS_VNOC_X3Y0,VNOC,credit,1,-1,1
4373000,4373,1,NOC_NPS_VNOC_X3Y0,VNOC,data_vc,1,5,1
4374000,4374,0,NOC_NPS_VNOC_X3Y1,VNOC,credit,0,-1,1
4374000,4374,0,NOC_NPS_VNOC_X3Y1,VNOC,data_vc,0,5,1
4374000,4374,1,NOC_NPS_VNOC_X3Y0,VNOC,credit,1,-1,1
4374000,4374,1,NOC_NPS_VNOC_X3Y0,VNOC,data_vc,1,5,1
4375000,4375,0,NOC_NPS_VNOC_X3Y1,VNOC,credit,0,-1,1
4375000,4375,0,NOC_NPS_VNOC_X3Y1,VNOC,data_vc,0,5,1
4375000,4375,1,NOC_NPS_VNOC_X3Y0,VNOC,credit,1,-1,1
4375000,4375,1,NOC_NPS_VNOC_X3Y0,VNOC,data_vc,1,5,1
4376000,4376,0,NOC_NPS_VNOC_X3Y1,VNOC,credit,0,-1,1
4376000,4376,0,NOC_NPS_VNOC_X3Y1,VNOC,data_vc,0,5,1
4376000,4376,1,NOC_NPS_VNOC_X3Y0,VNOC,credit,1,-1,1
4376000,4376,1,NOC_NPS_VNOC_X3Y0,VNOC,data_vc,1,5,1
4377000,4377,0,NOC_NPS_VNOC_X3Y1,VNOC,credit,0,-1,1
4377000,4377,0,NOC_NPS_VNOC_X3Y1,VNOC,data_vc,0,5,1
4377000,4377,1,NOC_NPS_VNOC_X3Y0,VNOC,credit,1,-1,1
4377000,4377,1,NOC_NPS_VNOC_X3Y0,VNOC,data_vc,1,5,1
4378000,4378,0,NOC_NPS_VNOC_X3Y1,VNOC,credit,0,-1,1
4378000,4378,0,NOC_NPS_VNOC_X3Y1,VNOC,data_vc,0,5,1
4378000,4378,1,NOC_NPS_VNOC_X3Y0,VNOC,credit,1,-1,1
4378000,4378,1,NOC_NPS_VNOC_X3Y0,VNOC,data_vc,1,5,1
4379000,4379,0,NOC_NPS_VNOC_X3Y1,VNOC,credit,0,-1,1
4379000,4379,0,NOC_NPS_VNOC_X3Y1,VNOC,data_vc,0,5,1
4379000,4379,1,NOC_NPS_VNOC_X3Y0,VNOC,credit,1,-1,1
4379000,4379,1,NOC_NPS_VNOC_X3Y0,VNOC,data_vc,1,5,1
4380000,4380,0,NOC_NPS_VNOC_X3Y1,VNOC,credit,0,-1,1
4380000,4380,0,NOC_NPS_VNOC_X3Y1,VNOC,data_vc,0,5,1
4380000,4380,1,NOC_NPS_VNOC_X3Y0,VNOC,credit,1,-1,1
4380000,4380,1,NOC_NPS_VNOC_X3Y0,VNOC,data_vc,1,5,1
4381000,4381,0,NOC_NPS_VNOC_X3Y1,VNOC,credit,0,-1,1
4381000,4381,0,NOC_NPS_VNOC_X3Y1,VNOC,data_vc,0,5,1
4381000,4381,1,NOC_NPS_VNOC_X3Y0,VNOC,credit,1,-1,1
4381000,4381,1,NOC_NPS_VNOC_X3Y0,VNOC,data_vc,1,5,1
4382000,4382,0,NOC_NPS_VNOC_X3Y1,VNOC,credit,0,-1,1
4382000,4382,0,NOC_NPS_VNOC_X3Y1,VNOC,data_vc,0,5,1
4382000,4382,1,NOC_NPS_VNOC_X3Y0,VNOC,credit,1,-1,1
4382000,4382,1,NOC_NPS_VNOC_X3Y0,VNOC,data_vc,1,5,1
4383000,4383,0,NOC_NPS_VNOC_X3Y1,VNOC,data_vc,0,5,1
4383000,4383,1,NOC_NPS_VNOC_X3Y0,VNOC,credit,1,-1,1
4383000,4383,1,NOC_NPS_VNOC_X3Y0,VNOC,data_vc,1,5,1
4384000,4384,0,NOC_NPS_VNOC_X3Y1,VNOC,data_vc,0,5,1
4384000,4384,1,NOC_NPS_VNOC_X3Y0,VNOC,credit,1,-1,1
4384000,4384,1,NOC_NPS_VNOC_X3Y0,VNOC,data_vc,1,5,1
4385000,4385,0,NOC_NPS_VNOC_X3Y1,VNOC,credit,0,-1,1
4385000,4385,0,NOC_NPS_VNOC_X3Y1,VNOC,data_vc,0,5,1
4385000,4385,1,NOC_NPS_VNOC_X3Y0,VNOC,data_vc,1,5,1
4386000,4386,0,NOC_NPS_VNOC_X3Y1,VNOC,credit,0,-1,1
4386000,4386,0,NOC_NPS_VNOC_X3Y1,VNOC,data_vc,0,5,1
4386000,4386,1,NOC_NPS_VNOC_X3Y0,VNOC,data_vc,1,5,1
4387000,4387,0,NOC_NPS_VNOC_X3Y1,VNOC,credit,0,-1,1
4387000,4387,0,NOC_NPS_VNOC_X3Y1,VNOC,data_vc,0,5,1
4387000,4387,1,NOC_NPS_VNOC_X3Y0,VNOC,credit,1,-1,1
4387000,4387,1,NOC_NPS_VNOC_X3Y0,VNOC,data_vc,1,5,1
4388000,4388,0,NOC_NPS_VNOC_X3Y1,VNOC,credit,0,-1,1
4388000,4388,0,NOC_NPS_VNOC_X3Y1,VNOC,data_vc,0,5,1
4388000,4388,1,NOC_NPS_VNOC_X3Y0,VNOC,credit,1,-1,1
4388000,4388,1,NOC_NPS_VNOC_X3Y0,VNOC,data_vc,1,5,1
4389000,4389,0,NOC_NPS_VNOC_X3Y1,VNOC,credit,0,-1,1
4389000,4389,0,NOC_NPS_VNOC_X3Y1,VNOC,data_vc,0,5,1
4389000,4389,1,NOC_NPS_VNOC_X3Y0,VNOC,credit,1,-1,1
4389000,4389,1,NOC_NPS_VNOC_X3Y0,VNOC,data_vc,1,5,1
4390000,4390,0,NOC_NPS_VNOC_X3Y1,VNOC,credit,0,-1,1
4390000,4390,0,NOC_NPS_VNOC_X3Y1,VNOC,data_vc,0,5,1
4390000,4390,1,NOC_NPS_VNOC_X3Y0,VNOC,credit,1,-1,1
4390000,4390,1,NOC_NPS_VNOC_X3Y0,VNOC,data_vc,1,5,1
4391000,4391,0,NOC_NPS_VNOC_X3Y1,VNOC,credit,0,-1,1
4391000,4391,0,NOC_NPS_VNOC_X3Y1,VNOC,data_vc,0,5,1
4391000,4391,1,NOC_NPS_VNOC_X3Y0,VNOC,credit,1,-1,1
4391000,4391,1,NOC_NPS_VNOC_X3Y0,VNOC,data_vc,1,5,1
4392000,4392,0,NOC_NPS_VNOC_X3Y1,VNOC,credit,0,-1,1
4392000,4392,0,NOC_NPS_VNOC_X3Y1,VNOC,data_vc,0,5,1
4392000,4392,1,NOC_NPS_VNOC_X3Y0,VNOC,credit,1,-1,1
4392000,4392,1,NOC_NPS_VNOC_X3Y0,VNOC,data_vc,1,5,1
4393000,4393,0,NOC_NPS_VNOC_X3Y1,VNOC,credit,0,-1,1
4393000,4393,0,NOC_NPS_VNOC_X3Y1,VNOC,data_vc,0,5,1
4393000,4393,1,NOC_NPS_VNOC_X3Y0,VNOC,credit,1,-1,1
4393000,4393,1,NOC_NPS_VNOC_X3Y0,VNOC,data_vc,1,5,1
4394000,4394,0,NOC_NPS_VNOC_X3Y1,VNOC,credit,0,-1,1
4394000,4394,0,NOC_NPS_VNOC_X3Y1,VNOC,data_vc,0,5,1
4394000,4394,1,NOC_NPS_VNOC_X3Y0,VNOC,credit,1,-1,1
4394000,4394,1,NOC_NPS_VNOC_X3Y0,VNOC,data_vc,1,5,1
4395000,4395,0,NOC_NPS_VNOC_X3Y1,VNOC,credit,0,-1,1
4395000,4395,0,NOC_NPS_VNOC_X3Y1,VNOC,data_vc,0,5,1
4395000,4395,1,NOC_NPS_VNOC_X3Y0,VNOC,credit,1,-1,1
4395000,4395,1,NOC_NPS_VNOC_X3Y0,VNOC,data_vc,1,5,1
4396000,4396,0,NOC_NPS_VNOC_X3Y1,VNOC,credit,0,-1,1
4396000,4396,0,NOC_NPS_VNOC_X3Y1,VNOC,data_vc,0,5,1
4396000,4396,1,NOC_NPS_VNOC_X3Y0,VNOC,credit,1,-1,1
4396000,4396,1,NOC_NPS_VNOC_X3Y0,VNOC,data_vc,1,5,1
4397000,4397,0,NOC_NPS_VNOC_X3Y1,VNOC,credit,0,-1,1
4397000,4397,0,NOC_NPS_VNOC_X3Y1,VNOC,data_vc,0,5,1
4397000,4397,1,NOC_NPS_VNOC_X3Y0,VNOC,credit,1,-1,1
4397000,4397,1,NOC_NPS_VNOC_X3Y0,VNOC,data_vc,1,5,1
4398000,4398,0,NOC_NPS_VNOC_X3Y1,VNOC,credit,0,-1,1
4398000,4398,0,NOC_NPS_VNOC_X3Y1,VNOC,data_vc,0,5,1
4398000,4398,1,NOC_NPS_VNOC_X3Y0,VNOC,credit,1,-1,1
4398000,4398,1,NOC_NPS_VNOC_X3Y0,VNOC,data_vc,1,5,1
4399000,4399,0,NOC_NPS_VNOC_X3Y1,VNOC,credit,0,-1,1
4399000,4399,0,NOC_NPS_VNOC_X3Y1,VNOC,data_vc,0,5,1
4399000,4399,1,NOC_NPS_VNOC_X3Y0,VNOC,credit,1,-1,1
4399000,4399,1,NOC_NPS_VNOC_X3Y0,VNOC,data_vc,1,5,1
4400000,4400,0,NOC_NPS_VNOC_X3Y1,VNOC,credit,0,-1,1
4400000,4400,0,NOC_NPS_VNOC_X3Y1,VNOC,data_vc,0,5,1
4400000,4400,1,NOC_NPS_VNOC_X3Y0,VNOC,credit,1,-1,1
4400000,4400,1,NOC_NPS_VNOC_X3Y0,VNOC,data_vc,1,5,1
4401000,4401,0,NOC_NPS_VNOC_X3Y1,VNOC,credit,0,-1,1
4401000,4401,0,NOC_NPS_VNOC_X3Y1,VNOC,data_vc,0,5,1
4401000,4401,1,NOC_NPS_VNOC_X3Y0,VNOC,credit,1,-1,1
4401000,4401,1,NOC_NPS_VNOC_X3Y0,VNOC,data_vc,1,5,1
4402000,4402,0,NOC_NPS_VNOC_X3Y1,VNOC,credit,0,-1,1
4402000,4402,0,NOC_NPS_VNOC_X3Y1,VNOC,data_vc,0,5,1
4402000,4402,1,NOC_NPS_VNOC_X3Y0,VNOC,credit,1,-1,1
4402000,4402,1,NOC_NPS_VNOC_X3Y0,VNOC,data_vc,1,5,1
4403000,4403,0,NOC_NPS_VNOC_X3Y1,VNOC,credit,0,-1,1
4403000,4403,0,NOC_NPS_VNOC_X3Y1,VNOC,data_vc,0,5,1
4403000,4403,1,NOC_NPS_VNOC_X3Y0,VNOC,credit,1,-1,1
4403000,4403,1,NOC_NPS_VNOC_X3Y0,VNOC,data_vc,1,5,1
4404000,4404,0,NOC_NPS_VNOC_X3Y1,VNOC,credit,0,-1,1
4404000,4404,0,NOC_NPS_VNOC_X3Y1,VNOC,data_vc,0,5,1
4404000,4404,1,NOC_NPS_VNOC_X3Y0,VNOC,credit,1,-1,1
4404000,4404,1,NOC_NPS_VNOC_X3Y0,VNOC,data_vc,1,5,1
4405000,4405,0,NOC_NPS_VNOC_X3Y1,VNOC,credit,0,-1,1
4405000,4405,0,NOC_NPS_VNOC_X3Y1,VNOC,data_vc,0,5,1
4405000,4405,1,NOC_NPS_VNOC_X3Y0,VNOC,credit,1,-1,1
4405000,4405,1,NOC_NPS_VNOC_X3Y0,VNOC,data_vc,1,5,1
4406000,4406,0,NOC_NPS_VNOC_X3Y1,VNOC,credit,0,-1,1
4406000,4406,0,NOC_NPS_VNOC_X3Y1,VNOC,data_vc,0,5,1
4406000,4406,1,NOC_NPS_VNOC_X3Y0,VNOC,credit,1,-1,1
4406000,4406,1,NOC_NPS_VNOC_X3Y0,VNOC,data_vc,1,5,1
4407000,4407,0,NOC_NPS_VNOC_X3Y1,VNOC,credit,0,-1,1
4407000,4407,0,NOC_NPS_VNOC_X3Y1,VNOC,data_vc,0,5,1
4407000,4407,1,NOC_NPS_VNOC_X3Y0,VNOC,credit,1,-1,1
4407000,4407,1,NOC_NPS_VNOC_X3Y0,VNOC,data_vc,1,5,1
4408000,4408,0,NOC_NPS_VNOC_X3Y1,VNOC,credit,0,-1,1
4408000,4408,0,NOC_NPS_VNOC_X3Y1,VNOC,data_vc,0,5,1
4408000,4408,1,NOC_NPS_VNOC_X3Y0,VNOC,credit,1,-1,1
4408000,4408,1,NOC_NPS_VNOC_X3Y0,VNOC,data_vc,1,5,1
4409000,4409,0,NOC_NPS_VNOC_X3Y1,VNOC,credit,0,-1,1
4409000,4409,0,NOC_NPS_VNOC_X3Y1,VNOC,data_vc,0,5,1
4409000,4409,1,NOC_NPS_VNOC_X3Y0,VNOC,credit,1,-1,1
4409000,4409,1,NOC_NPS_VNOC_X3Y0,VNOC,data_vc,1,5,1
4410000,4410,0,NOC_NPS_VNOC_X3Y1,VNOC,credit,0,-1,1
4410000,4410,0,NOC_NPS_VNOC_X3Y1,VNOC,data_vc,0,5,1
4410000,4410,1,NOC_NPS_VNOC_X3Y0,VNOC,credit,1,-1,1
4410000,4410,1,NOC_NPS_VNOC_X3Y0,VNOC,data_vc,1,5,1
4411000,4411,0,NOC_NPS_VNOC_X3Y1,VNOC,credit,0,-1,1
4411000,4411,0,NOC_NPS_VNOC_X3Y1,VNOC,data_vc,0,5,1
4411000,4411,1,NOC_NPS_VNOC_X3Y0,VNOC,credit,1,-1,1
4411000,4411,1,NOC_NPS_VNOC_X3Y0,VNOC,data_vc,1,5,1
4412000,4412,0,NOC_NPS_VNOC_X3Y1,VNOC,credit,0,-1,1
4412000,4412,0,NOC_NPS_VNOC_X3Y1,VNOC,data_vc,0,5,1
4412000,4412,1,NOC_NPS_VNOC_X3Y0,VNOC,credit,1,-1,1
4412000,4412,1,NOC_NPS_VNOC_X3Y0,VNOC,data_vc,1,5,1
4413000,4413,0,NOC_NPS_VNOC_X3Y1,VNOC,credit,0,-1,1
4413000,4413,0,NOC_NPS_VNOC_X3Y1,VNOC,data_vc,0,5,1
4413000,4413,1,NOC_NPS_VNOC_X3Y0,VNOC,credit,1,-1,1
4413000,4413,1,NOC_NPS_VNOC_X3Y0,VNOC,data_vc,1,5,1
4414000,4414,0,NOC_NPS_VNOC_X3Y1,VNOC,credit,0,-1,1
4414000,4414,0,NOC_NPS_VNOC_X3Y1,VNOC,data_vc,0,5,1
4414000,4414,1,NOC_NPS_VNOC_X3Y0,VNOC,credit,1,-1,1
4414000,4414,1,NOC_NPS_VNOC_X3Y0,VNOC,data_vc,1,5,1
4415000,4415,0,NOC_NPS_VNOC_X3Y1,VNOC,credit,0,-1,1
4415000,4415,0,NOC_NPS_VNOC_X3Y1,VNOC,data_vc,0,5,1
4415000,4415,1,NOC_NPS_VNOC_X3Y0,VNOC,credit,1,-1,1
4415000,4415,1,NOC_NPS_VNOC_X3Y0,VNOC,data_vc,1,5,1
4416000,4416,0,NOC_NPS_VNOC_X3Y1,VNOC,credit,0,-1,1
4416000,4416,0,NOC_NPS_VNOC_X3Y1,VNOC,data_vc,0,5,1
4416000,4416,1,NOC_NPS_VNOC_X3Y0,VNOC,credit,1,-1,1
4416000,4416,1,NOC_NPS_VNOC_X3Y0,VNOC,data_vc,1,5,1
4417000,4417,0,NOC_NPS_VNOC_X3Y1,VNOC,credit,0,-1,1
4417000,4417,0,NOC_NPS_VNOC_X3Y1,VNOC,data_vc,0,5,1
4417000,4417,1,NOC_NPS_VNOC_X3Y0,VNOC,credit,1,-1,1
4417000,4417,1,NOC_NPS_VNOC_X3Y0,VNOC,data_vc,1,5,1
4418000,4418,0,NOC_NPS_VNOC_X3Y1,VNOC,credit,0,-1,1
4418000,4418,0,NOC_NPS_VNOC_X3Y1,VNOC,data_vc,0,5,1
4418000,4418,1,NOC_NPS_VNOC_X3Y0,VNOC,credit,1,-1,1
4418000,4418,1,NOC_NPS_VNOC_X3Y0,VNOC,data_vc,1,5,1
4419000,4419,0,NOC_NPS_VNOC_X3Y1,VNOC,credit,0,-1,1
4419000,4419,0,NOC_NPS_VNOC_X3Y1,VNOC,data_vc,0,5,1
4419000,4419,1,NOC_NPS_VNOC_X3Y0,VNOC,credit,1,-1,1
4419000,4419,1,NOC_NPS_VNOC_X3Y0,VNOC,data_vc,1,5,1
4420000,4420,0,NOC_NPS_VNOC_X3Y1,VNOC,credit,0,-1,1
4420000,4420,0,NOC_NPS_VNOC_X3Y1,VNOC,data_vc,0,5,1
4420000,4420,1,NOC_NPS_VNOC_X3Y0,VNOC,credit,1,-1,1
4420000,4420,1,NOC_NPS_VNOC_X3Y0,VNOC,data_vc,1,5,1
4421000,4421,0,NOC_NPS_VNOC_X3Y1,VNOC,credit,0,-1,1
4421000,4421,0,NOC_NPS_VNOC_X3Y1,VNOC,data_vc,0,5,1
4421000,4421,1,NOC_NPS_VNOC_X3Y0,VNOC,credit,1,-1,1
4421000,4421,1,NOC_NPS_VNOC_X3Y0,VNOC,data_vc,1,5,1
4422000,4422,0,NOC_NPS_VNOC_X3Y1,VNOC,credit,0,-1,1
4422000,4422,0,NOC_NPS_VNOC_X3Y1,VNOC,data_vc,0,5,1
4422000,4422,1,NOC_NPS_VNOC_X3Y0,VNOC,credit,1,-1,1
4422000,4422,1,NOC_NPS_VNOC_X3Y0,VNOC,data_vc,1,5,1
4423000,4423,0,NOC_NPS_VNOC_X3Y1,VNOC,credit,0,-1,1
4423000,4423,0,NOC_NPS_VNOC_X3Y1,VNOC,data_vc,0,5,1
4423000,4423,1,NOC_NPS_VNOC_X3Y0,VNOC,credit,1,-1,1
4423000,4423,1,NOC_NPS_VNOC_X3Y0,VNOC,data_vc,1,5,1
4424000,4424,0,NOC_NPS_VNOC_X3Y1,VNOC,credit,0,-1,1
4424000,4424,0,NOC_NPS_VNOC_X3Y1,VNOC,data_vc,0,5,1
4424000,4424,1,NOC_NPS_VNOC_X3Y0,VNOC,credit,1,-1,1
4424000,4424,1,NOC_NPS_VNOC_X3Y0,VNOC,data_vc,1,5,1
4425000,4425,0,NOC_NPS_VNOC_X3Y1,VNOC,credit,0,-1,1
4425000,4425,0,NOC_NPS_VNOC_X3Y1,VNOC,data_vc,0,5,1
4425000,4425,1,NOC_NPS_VNOC_X3Y0,VNOC,credit,1,-1,1
4425000,4425,1,NOC_NPS_VNOC_X3Y0,VNOC,data_vc,1,5,1
4426000,4426,0,NOC_NPS_VNOC_X3Y1,VNOC,credit,0,-1,1
4426000,4426,0,NOC_NPS_VNOC_X3Y1,VNOC,data_vc,0,5,1
4426000,4426,1,NOC_NPS_VNOC_X3Y0,VNOC,credit,1,-1,1
4426000,4426,1,NOC_NPS_VNOC_X3Y0,VNOC,data_vc,1,5,1
4427000,4427,0,NOC_NPS_VNOC_X3Y1,VNOC,credit,0,-1,1
4427000,4427,0,NOC_NPS_VNOC_X3Y1,VNOC,data_vc,0,5,1
4427000,4427,1,NOC_NPS_VNOC_X3Y0,VNOC,credit,1,-1,1
4427000,4427,1,NOC_NPS_VNOC_X3Y0,VNOC,data_vc,1,5,1
4428000,4428,0,NOC_NPS_VNOC_X3Y1,VNOC,credit,0,-1,1
4428000,4428,0,NOC_NPS_VNOC_X3Y1,VNOC,data_vc,0,5,1
4428000,4428,1,NOC_NPS_VNOC_X3Y0,VNOC,credit,1,-1,1
4428000,4428,1,NOC_NPS_VNOC_X3Y0,VNOC,data_vc,1,5,1
4429000,4429,0,NOC_NPS_VNOC_X3Y1,VNOC,credit,0,-1,1
4429000,4429,0,NOC_NPS_VNOC_X3Y1,VNOC,data_vc,0,5,1
4429000,4429,1,NOC_NPS_VNOC_X3Y0,VNOC,credit,1,-1,1
4429000,4429,1,NOC_NPS_VNOC_X3Y0,VNOC,data_vc,1,5,1
4430000,4430,0,NOC_NPS_VNOC_X3Y1,VNOC,credit,0,-1,1
4430000,4430,0,NOC_NPS_VNOC_X3Y1,VNOC,data_vc,0,5,1
4430000,4430,1,NOC_NPS_VNOC_X3Y0,VNOC,credit,1,-1,1
4430000,4430,1,NOC_NPS_VNOC_X3Y0,VNOC,data_vc,1,5,1
4431000,4431,0,NOC_NPS_VNOC_X3Y1,VNOC,credit,0,-1,1
4431000,4431,0,NOC_NPS_VNOC_X3Y1,VNOC,data_vc,0,5,1
4431000,4431,1,NOC_NPS_VNOC_X3Y0,VNOC,credit,1,-1,1
4431000,4431,1,NOC_NPS_VNOC_X3Y0,VNOC,data_vc,1,5,1
4432000,4432,0,NOC_NPS_VNOC_X3Y1,VNOC,credit,0,-1,1
4432000,4432,0,NOC_NPS_VNOC_X3Y1,VNOC,data_vc,0,5,1
4432000,4432,1,NOC_NPS_VNOC_X3Y0,VNOC,credit,1,-1,1
4432000,4432,1,NOC_NPS_VNOC_X3Y0,VNOC,data_vc,1,5,1
4433000,4433,0,NOC_NPS_VNOC_X3Y1,VNOC,data_vc,0,5,1
4433000,4433,1,NOC_NPS_VNOC_X3Y0,VNOC,credit,1,-1,1
4433000,4433,1,NOC_NPS_VNOC_X3Y0,VNOC,data_vc,1,5,1
4434000,4434,0,NOC_NPS_VNOC_X3Y1,VNOC,data_vc,0,5,1
4434000,4434,1,NOC_NPS_VNOC_X3Y0,VNOC,credit,1,-1,1
4434000,4434,1,NOC_NPS_VNOC_X3Y0,VNOC,data_vc,1,5,1
4435000,4435,0,NOC_NPS_VNOC_X3Y1,VNOC,credit,0,-1,1
4435000,4435,0,NOC_NPS_VNOC_X3Y1,VNOC,data_vc,0,5,1
4435000,4435,1,NOC_NPS_VNOC_X3Y0,VNOC,data_vc,1,5,1
4436000,4436,0,NOC_NPS_VNOC_X3Y1,VNOC,credit,0,-1,1
4436000,4436,0,NOC_NPS_VNOC_X3Y1,VNOC,data_vc,0,5,1
4436000,4436,1,NOC_NPS_VNOC_X3Y0,VNOC,data_vc,1,5,1
4437000,4437,0,NOC_NPS_VNOC_X3Y1,VNOC,credit,0,-1,1
4437000,4437,0,NOC_NPS_VNOC_X3Y1,VNOC,data_vc,0,5,1
4437000,4437,1,NOC_NPS_VNOC_X3Y0,VNOC,credit,1,-1,1
4437000,4437,1,NOC_NPS_VNOC_X3Y0,VNOC,data_vc,1,5,1
4438000,4438,0,NOC_NPS_VNOC_X3Y1,VNOC,credit,0,-1,1
4438000,4438,0,NOC_NPS_VNOC_X3Y1,VNOC,data_vc,0,5,1
4438000,4438,1,NOC_NPS_VNOC_X3Y0,VNOC,credit,1,-1,1
4438000,4438,1,NOC_NPS_VNOC_X3Y0,VNOC,data_vc,1,5,1
4439000,4439,0,NOC_NPS_VNOC_X3Y1,VNOC,credit,0,-1,1
4439000,4439,0,NOC_NPS_VNOC_X3Y1,VNOC,data_vc,0,5,1
4439000,4439,1,NOC_NPS_VNOC_X3Y0,VNOC,credit,1,-1,1
4439000,4439,1,NOC_NPS_VNOC_X3Y0,VNOC,data_vc,1,5,1
4440000,4440,0,NOC_NPS_VNOC_X3Y1,VNOC,credit,0,-1,1
4440000,4440,0,NOC_NPS_VNOC_X3Y1,VNOC,data_vc,0,5,1
4440000,4440,1,NOC_NPS_VNOC_X3Y0,VNOC,credit,1,-1,1
4440000,4440,1,NOC_NPS_VNOC_X3Y0,VNOC,data_vc,1,5,1
4441000,4441,0,NOC_NPS_VNOC_X3Y1,VNOC,credit,0,-1,1
4441000,4441,0,NOC_NPS_VNOC_X3Y1,VNOC,data_vc,0,5,1
4441000,4441,1,NOC_NPS_VNOC_X3Y0,VNOC,credit,1,-1,1
4441000,4441,1,NOC_NPS_VNOC_X3Y0,VNOC,data_vc,1,5,1
4442000,4442,0,NOC_NPS_VNOC_X3Y1,VNOC,credit,0,-1,1
4442000,4442,0,NOC_NPS_VNOC_X3Y1,VNOC,data_vc,0,5,1
4442000,4442,1,NOC_NPS_VNOC_X3Y0,VNOC,credit,1,-1,1
4442000,4442,1,NOC_NPS_VNOC_X3Y0,VNOC,data_vc,1,5,1
4443000,4443,0,NOC_NPS_VNOC_X3Y1,VNOC,credit,0,-1,1
4443000,4443,0,NOC_NPS_VNOC_X3Y1,VNOC,data_vc,0,5,1
4443000,4443,1,NOC_NPS_VNOC_X3Y0,VNOC,credit,1,-1,1
4443000,4443,1,NOC_NPS_VNOC_X3Y0,VNOC,data_vc,1,5,1
4444000,4444,0,NOC_NPS_VNOC_X3Y1,VNOC,credit,0,-1,1
4444000,4444,0,NOC_NPS_VNOC_X3Y1,VNOC,data_vc,0,5,1
4444000,4444,1,NOC_NPS_VNOC_X3Y0,VNOC,credit,1,-1,1
4444000,4444,1,NOC_NPS_VNOC_X3Y0,VNOC,data_vc,1,5,1
4445000,4445,0,NOC_NPS_VNOC_X3Y1,VNOC,credit,0,-1,1
4445000,4445,0,NOC_NPS_VNOC_X3Y1,VNOC,data_vc,0,5,1
4445000,4445,1,NOC_NPS_VNOC_X3Y0,VNOC,credit,1,-1,1
4445000,4445,1,NOC_NPS_VNOC_X3Y0,VNOC,data_vc,1,5,1
4446000,4446,0,NOC_NPS_VNOC_X3Y1,VNOC,credit,0,-1,1
4446000,4446,0,NOC_NPS_VNOC_X3Y1,VNOC,data_vc,0,5,1
4446000,4446,1,NOC_NPS_VNOC_X3Y0,VNOC,credit,1,-1,1
4446000,4446,1,NOC_NPS_VNOC_X3Y0,VNOC,data_vc,1,5,1
4447000,4447,0,NOC_NPS_VNOC_X3Y1,VNOC,credit,0,-1,1
4447000,4447,0,NOC_NPS_VNOC_X3Y1,VNOC,data_vc,0,5,1
4447000,4447,1,NOC_NPS_VNOC_X3Y0,VNOC,credit,1,-1,1
4447000,4447,1,NOC_NPS_VNOC_X3Y0,VNOC,data_vc,1,5,1
4448000,4448,0,NOC_NPS_VNOC_X3Y1,VNOC,credit,0,-1,1
4448000,4448,0,NOC_NPS_VNOC_X3Y1,VNOC,data_vc,0,5,1
4448000,4448,1,NOC_NPS_VNOC_X3Y0,VNOC,credit,1,-1,1
4448000,4448,1,NOC_NPS_VNOC_X3Y0,VNOC,data_vc,1,5,1
4449000,4449,0,NOC_NPS_VNOC_X3Y1,VNOC,credit,0,-1,1
4449000,4449,0,NOC_NPS_VNOC_X3Y1,VNOC,data_vc,0,5,1
4449000,4449,1,NOC_NPS_VNOC_X3Y0,VNOC,credit,1,-1,1
4449000,4449,1,NOC_NPS_VNOC_X3Y0,VNOC,data_vc,1,5,1
4450000,4450,0,NOC_NPS_VNOC_X3Y1,VNOC,credit,0,-1,1
4450000,4450,0,NOC_NPS_VNOC_X3Y1,VNOC,data_vc,0,5,1
4450000,4450,1,NOC_NPS_VNOC_X3Y0,VNOC,credit,1,-1,1
4450000,4450,1,NOC_NPS_VNOC_X3Y0,VNOC,data_vc,1,5,1
4451000,4451,0,NOC_NPS_VNOC_X3Y1,VNOC,credit,0,-1,1
4451000,4451,0,NOC_NPS_VNOC_X3Y1,VNOC,data_vc,0,5,1
4451000,4451,1,NOC_NPS_VNOC_X3Y0,VNOC,credit,1,-1,1
4451000,4451,1,NOC_NPS_VNOC_X3Y0,VNOC,data_vc,1,5,1
4452000,4452,0,NOC_NPS_VNOC_X3Y1,VNOC,credit,0,-1,1
4452000,4452,0,NOC_NPS_VNOC_X3Y1,VNOC,data_vc,0,5,1
4452000,4452,1,NOC_NPS_VNOC_X3Y0,VNOC,credit,1,-1,1
4452000,4452,1,NOC_NPS_VNOC_X3Y0,VNOC,data_vc,1,5,1
4453000,4453,0,NOC_NPS_VNOC_X3Y1,VNOC,credit,0,-1,1
4453000,4453,0,NOC_NPS_VNOC_X3Y1,VNOC,data_vc,0,5,1
4453000,4453,1,NOC_NPS_VNOC_X3Y0,VNOC,credit,1,-1,1
4453000,4453,1,NOC_NPS_VNOC_X3Y0,VNOC,data_vc,1,5,1
4454000,4454,0,NOC_NPS_VNOC_X3Y1,VNOC,credit,0,-1,1
4454000,4454,0,NOC_NPS_VNOC_X3Y1,VNOC,data_vc,0,5,1
4454000,4454,1,NOC_NPS_VNOC_X3Y0,VNOC,credit,1,-1,1
4454000,4454,1,NOC_NPS_VNOC_X3Y0,VNOC,data_vc,1,5,1
4455000,4455,0,NOC_NPS_VNOC_X3Y1,VNOC,credit,0,-1,1
4455000,4455,0,NOC_NPS_VNOC_X3Y1,VNOC,data_vc,0,5,1
4455000,4455,1,NOC_NPS_VNOC_X3Y0,VNOC,credit,1,-1,1
4455000,4455,1,NOC_NPS_VNOC_X3Y0,VNOC,data_vc,1,5,1
4456000,4456,0,NOC_NPS_VNOC_X3Y1,VNOC,credit,0,-1,1
4456000,4456,0,NOC_NPS_VNOC_X3Y1,VNOC,data_vc,0,5,1
4456000,4456,1,NOC_NPS_VNOC_X3Y0,VNOC,credit,1,-1,1
4456000,4456,1,NOC_NPS_VNOC_X3Y0,VNOC,data_vc,1,5,1
4457000,4457,0,NOC_NPS_VNOC_X3Y1,VNOC,credit,0,-1,1
4457000,4457,0,NOC_NPS_VNOC_X3Y1,VNOC,data_vc,0,5,1
4457000,4457,1,NOC_NPS_VNOC_X3Y0,VNOC,credit,1,-1,1
4457000,4457,1,NOC_NPS_VNOC_X3Y0,VNOC,data_vc,1,5,1
4458000,4458,0,NOC_NPS_VNOC_X3Y1,VNOC,credit,0,-1,1
4458000,4458,0,NOC_NPS_VNOC_X3Y1,VNOC,data_vc,0,5,1
4458000,4458,1,NOC_NPS_VNOC_X3Y0,VNOC,credit,1,-1,1
4458000,4458,1,NOC_NPS_VNOC_X3Y0,VNOC,data_vc,1,5,1
4459000,4459,0,NOC_NPS_VNOC_X3Y1,VNOC,credit,0,-1,1
4459000,4459,0,NOC_NPS_VNOC_X3Y1,VNOC,data_vc,0,5,1
4459000,4459,1,NOC_NPS_VNOC_X3Y0,VNOC,credit,1,-1,1
4459000,4459,1,NOC_NPS_VNOC_X3Y0,VNOC,data_vc,1,5,1
4460000,4460,0,NOC_NPS_VNOC_X3Y1,VNOC,credit,0,-1,1
4460000,4460,0,NOC_NPS_VNOC_X3Y1,VNOC,data_vc,0,5,1
4460000,4460,1,NOC_NPS_VNOC_X3Y0,VNOC,credit,1,-1,1
4460000,4460,1,NOC_NPS_VNOC_X3Y0,VNOC,data_vc,1,5,1
4461000,4461,0,NOC_NPS_VNOC_X3Y1,VNOC,credit,0,-1,1
4461000,4461,0,NOC_NPS_VNOC_X3Y1,VNOC,data_vc,0,5,1
4461000,4461,1,NOC_NPS_VNOC_X3Y0,VNOC,credit,1,-1,1
4461000,4461,1,NOC_NPS_VNOC_X3Y0,VNOC,data_vc,1,5,1
4462000,4462,0,NOC_NPS_VNOC_X3Y1,VNOC,credit,0,-1,1
4462000,4462,0,NOC_NPS_VNOC_X3Y1,VNOC,data_vc,0,5,1
4462000,4462,1,NOC_NPS_VNOC_X3Y0,VNOC,credit,1,-1,1
4462000,4462,1,NOC_NPS_VNOC_X3Y0,VNOC,data_vc,1,5,1
4463000,4463,0,NOC_NPS_VNOC_X3Y1,VNOC,credit,0,-1,1
4463000,4463,0,NOC_NPS_VNOC_X3Y1,VNOC,data_vc,0,5,1
4463000,4463,1,NOC_NPS_VNOC_X3Y0,VNOC,credit,1,-1,1
4463000,4463,1,NOC_NPS_VNOC_X3Y0,VNOC,data_vc,1,5,1
4464000,4464,0,NOC_NPS_VNOC_X3Y1,VNOC,credit,0,-1,1
4464000,4464,0,NOC_NPS_VNOC_X3Y1,VNOC,data_vc,0,5,1
4464000,4464,1,NOC_NPS_VNOC_X3Y0,VNOC,credit,1,-1,1
4464000,4464,1,NOC_NPS_VNOC_X3Y0,VNOC,data_vc,1,5,1
4465000,4465,0,NOC_NPS_VNOC_X3Y1,VNOC,credit,0,-1,1
4465000,4465,0,NOC_NPS_VNOC_X3Y1,VNOC,data_vc,0,5,1
4465000,4465,1,NOC_NPS_VNOC_X3Y0,VNOC,credit,1,-1,1
4465000,4465,1,NOC_NPS_VNOC_X3Y0,VNOC,data_vc,1,5,1
4466000,4466,0,NOC_NPS_VNOC_X3Y1,VNOC,credit,0,-1,1
4466000,4466,0,NOC_NPS_VNOC_X3Y1,VNOC,data_vc,0,5,1
4466000,4466,1,NOC_NPS_VNOC_X3Y0,VNOC,credit,1,-1,1
4466000,4466,1,NOC_NPS_VNOC_X3Y0,VNOC,data_vc,1,5,1
4467000,4467,0,NOC_NPS_VNOC_X3Y1,VNOC,credit,0,-1,1
4467000,4467,0,NOC_NPS_VNOC_X3Y1,VNOC,data_vc,0,5,1
4467000,4467,1,NOC_NPS_VNOC_X3Y0,VNOC,credit,1,-1,1
4467000,4467,1,NOC_NPS_VNOC_X3Y0,VNOC,data_vc,1,5,1
4468000,4468,0,NOC_NPS_VNOC_X3Y1,VNOC,credit,0,-1,1
4468000,4468,0,NOC_NPS_VNOC_X3Y1,VNOC,data_vc,0,5,1
4468000,4468,1,NOC_NPS_VNOC_X3Y0,VNOC,credit,1,-1,1
4468000,4468,1,NOC_NPS_VNOC_X3Y0,VNOC,data_vc,1,5,1
4469000,4469,0,NOC_NPS_VNOC_X3Y1,VNOC,credit,0,-1,1
4469000,4469,0,NOC_NPS_VNOC_X3Y1,VNOC,data_vc,0,5,1
4469000,4469,1,NOC_NPS_VNOC_X3Y0,VNOC,credit,1,-1,1
4469000,4469,1,NOC_NPS_VNOC_X3Y0,VNOC,data_vc,1,5,1
4470000,4470,0,NOC_NPS_VNOC_X3Y1,VNOC,credit,0,-1,1
4470000,4470,0,NOC_NPS_VNOC_X3Y1,VNOC,data_vc,0,5,1
4470000,4470,1,NOC_NPS_VNOC_X3Y0,VNOC,credit,1,-1,1
4470000,4470,1,NOC_NPS_VNOC_X3Y0,VNOC,data_vc,1,5,1
4471000,4471,0,NOC_NPS_VNOC_X3Y1,VNOC,credit,0,-1,1
4471000,4471,0,NOC_NPS_VNOC_X3Y1,VNOC,data_vc,0,5,1
4471000,4471,1,NOC_NPS_VNOC_X3Y0,VNOC,credit,1,-1,1
4471000,4471,1,NOC_NPS_VNOC_X3Y0,VNOC,data_vc,1,5,1
4472000,4472,0,NOC_NPS_VNOC_X3Y1,VNOC,credit,0,-1,1
4472000,4472,0,NOC_NPS_VNOC_X3Y1,VNOC,data_vc,0,5,1
4472000,4472,1,NOC_NPS_VNOC_X3Y0,VNOC,credit,1,-1,1
4472000,4472,1,NOC_NPS_VNOC_X3Y0,VNOC,data_vc,1,5,1
4473000,4473,0,NOC_NPS_VNOC_X3Y1,VNOC,credit,0,-1,1
4473000,4473,0,NOC_NPS_VNOC_X3Y1,VNOC,data_vc,0,5,1
4473000,4473,1,NOC_NPS_VNOC_X3Y0,VNOC,credit,1,-1,1
4473000,4473,1,NOC_NPS_VNOC_X3Y0,VNOC,data_vc,1,5,1
4474000,4474,0,NOC_NPS_VNOC_X3Y1,VNOC,credit,0,-1,1
4474000,4474,0,NOC_NPS_VNOC_X3Y1,VNOC,data_vc,0,5,1
4474000,4474,1,NOC_NPS_VNOC_X3Y0,VNOC,credit,1,-1,1
4474000,4474,1,NOC_NPS_VNOC_X3Y0,VNOC,data_vc,1,5,1
4475000,4475,0,NOC_NPS_VNOC_X3Y1,VNOC,credit,0,-1,1
4475000,4475,0,NOC_NPS_VNOC_X3Y1,VNOC,data_vc,0,5,1
4475000,4475,1,NOC_NPS_VNOC_X3Y0,VNOC,credit,1,-1,1
4475000,4475,1,NOC_NPS_VNOC_X3Y0,VNOC,data_vc,1,5,1
4476000,4476,0,NOC_NPS_VNOC_X3Y1,VNOC,credit,0,-1,1
4476000,4476,0,NOC_NPS_VNOC_X3Y1,VNOC,data_vc,0,5,1
4476000,4476,1,NOC_NPS_VNOC_X3Y0,VNOC,credit,1,-1,1
4476000,4476,1,NOC_NPS_VNOC_X3Y0,VNOC,data_vc,1,5,1
4477000,4477,0,NOC_NPS_VNOC_X3Y1,VNOC,credit,0,-1,1
4477000,4477,0,NOC_NPS_VNOC_X3Y1,VNOC,data_vc,0,5,1
4477000,4477,1,NOC_NPS_VNOC_X3Y0,VNOC,credit,1,-1,1
4477000,4477,1,NOC_NPS_VNOC_X3Y0,VNOC,data_vc,1,5,1
4478000,4478,0,NOC_NPS_VNOC_X3Y1,VNOC,credit,0,-1,1
4478000,4478,0,NOC_NPS_VNOC_X3Y1,VNOC,data_vc,0,5,1
4478000,4478,1,NOC_NPS_VNOC_X3Y0,VNOC,credit,1,-1,1
4478000,4478,1,NOC_NPS_VNOC_X3Y0,VNOC,data_vc,1,5,1
4479000,4479,0,NOC_NPS_VNOC_X3Y1,VNOC,credit,0,-1,1
4479000,4479,0,NOC_NPS_VNOC_X3Y1,VNOC,data_vc,0,5,1
4479000,4479,1,NOC_NPS_VNOC_X3Y0,VNOC,credit,1,-1,1
4479000,4479,1,NOC_NPS_VNOC_X3Y0,VNOC,data_vc,1,5,1
4480000,4480,0,NOC_NPS_VNOC_X3Y1,VNOC,credit,0,-1,1
4480000,4480,0,NOC_NPS_VNOC_X3Y1,VNOC,data_vc,0,5,1
4480000,4480,1,NOC_NPS_VNOC_X3Y0,VNOC,credit,1,-1,1
4480000,4480,1,NOC_NPS_VNOC_X3Y0,VNOC,data_vc,1,5,1
4481000,4481,0,NOC_NPS_VNOC_X3Y1,VNOC,credit,0,-1,1
4481000,4481,0,NOC_NPS_VNOC_X3Y1,VNOC,data_vc,0,5,1
4481000,4481,1,NOC_NPS_VNOC_X3Y0,VNOC,credit,1,-1,1
4481000,4481,1,NOC_NPS_VNOC_X3Y0,VNOC,data_vc,1,5,1
4482000,4482,0,NOC_NPS_VNOC_X3Y1,VNOC,credit,0,-1,1
4482000,4482,0,NOC_NPS_VNOC_X3Y1,VNOC,data_vc,0,5,1
4482000,4482,1,NOC_NPS_VNOC_X3Y0,VNOC,credit,1,-1,1
4482000,4482,1,NOC_NPS_VNOC_X3Y0,VNOC,data_vc,1,5,1
4483000,4483,0,NOC_NPS_VNOC_X3Y1,VNOC,credit,0,-1,1
4483000,4483,0,NOC_NPS_VNOC_X3Y1,VNOC,data_vc,0,5,1
4483000,4483,1,NOC_NPS_VNOC_X3Y0,VNOC,credit,1,-1,1
4483000,4483,1,NOC_NPS_VNOC_X3Y0,VNOC,data_vc,1,5,1
4484000,4484,0,NOC_NPS_VNOC_X3Y1,VNOC,credit,0,-1,1
4484000,4484,0,NOC_NPS_VNOC_X3Y1,VNOC,data_vc,0,5,1
4484000,4484,1,NOC_NPS_VNOC_X3Y0,VNOC,credit,1,-1,1
4484000,4484,1,NOC_NPS_VNOC_X3Y0,VNOC,data_vc,1,5,1
4485000,4485,0,NOC_NPS_VNOC_X3Y1,VNOC,credit,0,-1,1
4485000,4485,0,NOC_NPS_VNOC_X3Y1,VNOC,data_vc,0,5,1
4485000,4485,1,NOC_NPS_VNOC_X3Y0,VNOC,credit,1,-1,1
4485000,4485,1,NOC_NPS_VNOC_X3Y0,VNOC,data_vc,1,5,1
4486000,4486,0,NOC_NPS_VNOC_X3Y1,VNOC,credit,0,-1,1
4486000,4486,0,NOC_NPS_VNOC_X3Y1,VNOC,data_vc,0,5,1
4486000,4486,1,NOC_NPS_VNOC_X3Y0,VNOC,credit,1,-1,1
4486000,4486,1,NOC_NPS_VNOC_X3Y0,VNOC,data_vc,1,5,1
4487000,4487,0,NOC_NPS_VNOC_X3Y1,VNOC,credit,0,-1,1
4487000,4487,0,NOC_NPS_VNOC_X3Y1,VNOC,data_vc,0,5,1
4487000,4487,1,NOC_NPS_VNOC_X3Y0,VNOC,credit,1,-1,1
4487000,4487,1,NOC_NPS_VNOC_X3Y0,VNOC,data_vc,1,5,1
4488000,4488,0,NOC_NPS_VNOC_X3Y1,VNOC,credit,0,-1,1
4488000,4488,0,NOC_NPS_VNOC_X3Y1,VNOC,data_vc,0,5,1
4488000,4488,1,NOC_NPS_VNOC_X3Y0,VNOC,credit,1,-1,1
4488000,4488,1,NOC_NPS_VNOC_X3Y0,VNOC,data_vc,1,5,1
4489000,4489,0,NOC_NPS_VNOC_X3Y1,VNOC,credit,0,-1,1
4489000,4489,0,NOC_NPS_VNOC_X3Y1,VNOC,data_vc,0,5,1
4489000,4489,1,NOC_NPS_VNOC_X3Y0,VNOC,credit,1,-1,1
4489000,4489,1,NOC_NPS_VNOC_X3Y0,VNOC,data_vc,1,5,1
4490000,4490,0,NOC_NPS_VNOC_X3Y1,VNOC,credit,0,-1,1
4490000,4490,0,NOC_NPS_VNOC_X3Y1,VNOC,data_vc,0,5,1
4490000,4490,1,NOC_NPS_VNOC_X3Y0,VNOC,credit,1,-1,1
4490000,4490,1,NOC_NPS_VNOC_X3Y0,VNOC,data_vc,1,5,1
4491000,4491,0,NOC_NPS_VNOC_X3Y1,VNOC,credit,0,-1,1
4491000,4491,0,NOC_NPS_VNOC_X3Y1,VNOC,data_vc,0,5,1
4491000,4491,1,NOC_NPS_VNOC_X3Y0,VNOC,credit,1,-1,1
4491000,4491,1,NOC_NPS_VNOC_X3Y0,VNOC,data_vc,1,5,1
4492000,4492,0,NOC_NPS_VNOC_X3Y1,VNOC,credit,0,-1,1
4492000,4492,0,NOC_NPS_VNOC_X3Y1,VNOC,data_vc,0,5,1
4492000,4492,1,NOC_NPS_VNOC_X3Y0,VNOC,credit,1,-1,1
4492000,4492,1,NOC_NPS_VNOC_X3Y0,VNOC,data_vc,1,5,1
4493000,4493,0,NOC_NPS_VNOC_X3Y1,VNOC,credit,0,-1,1
4493000,4493,0,NOC_NPS_VNOC_X3Y1,VNOC,data_vc,0,5,1
4493000,4493,1,NOC_NPS_VNOC_X3Y0,VNOC,credit,1,-1,1
4493000,4493,1,NOC_NPS_VNOC_X3Y0,VNOC,data_vc,1,5,1
4494000,4494,0,NOC_NPS_VNOC_X3Y1,VNOC,credit,0,-1,1
4494000,4494,0,NOC_NPS_VNOC_X3Y1,VNOC,data_vc,0,5,1
4494000,4494,1,NOC_NPS_VNOC_X3Y0,VNOC,credit,1,-1,1
4494000,4494,1,NOC_NPS_VNOC_X3Y0,VNOC,data_vc,1,5,1
4495000,4495,0,NOC_NPS_VNOC_X3Y1,VNOC,credit,0,-1,1
4495000,4495,0,NOC_NPS_VNOC_X3Y1,VNOC,data_vc,0,5,1
4495000,4495,1,NOC_NPS_VNOC_X3Y0,VNOC,credit,1,-1,1
4495000,4495,1,NOC_NPS_VNOC_X3Y0,VNOC,data_vc,1,5,1
4496000,4496,0,NOC_NPS_VNOC_X3Y1,VNOC,credit,0,-1,1
4496000,4496,0,NOC_NPS_VNOC_X3Y1,VNOC,data_vc,0,5,1
4496000,4496,1,NOC_NPS_VNOC_X3Y0,VNOC,credit,1,-1,1
4496000,4496,1,NOC_NPS_VNOC_X3Y0,VNOC,data_vc,1,5,1
4497000,4497,0,NOC_NPS_VNOC_X3Y1,VNOC,credit,0,-1,1
4497000,4497,0,NOC_NPS_VNOC_X3Y1,VNOC,data_vc,0,5,1
4497000,4497,1,NOC_NPS_VNOC_X3Y0,VNOC,credit,1,-1,1
4497000,4497,1,NOC_NPS_VNOC_X3Y0,VNOC,data_vc,1,5,1
4498000,4498,0,NOC_NPS_VNOC_X3Y1,VNOC,credit,0,-1,1
4498000,4498,0,NOC_NPS_VNOC_X3Y1,VNOC,data_vc,0,5,1
4498000,4498,1,NOC_NPS_VNOC_X3Y0,VNOC,credit,1,-1,1
4498000,4498,1,NOC_NPS_VNOC_X3Y0,VNOC,data_vc,1,5,1
4499000,4499,0,NOC_NPS_VNOC_X3Y1,VNOC,credit,0,-1,1
4499000,4499,0,NOC_NPS_VNOC_X3Y1,VNOC,data_vc,0,5,1
4499000,4499,1,NOC_NPS_VNOC_X3Y0,VNOC,credit,1,-1,1
4499000,4499,1,NOC_NPS_VNOC_X3Y0,VNOC,data_vc,1,5,1
4500000,4500,0,NOC_NPS_VNOC_X3Y1,VNOC,credit,0,-1,1
4500000,4500,0,NOC_NPS_VNOC_X3Y1,VNOC,data_vc,0,5,1
4500000,4500,1,NOC_NPS_VNOC_X3Y0,VNOC,credit,1,-1,1
4500000,4500,1,NOC_NPS_VNOC_X3Y0,VNOC,data_vc,1,5,1
4501000,4501,0,NOC_NPS_VNOC_X3Y1,VNOC,credit,0,-1,1
4501000,4501,0,NOC_NPS_VNOC_X3Y1,VNOC,data_vc,0,5,1
4501000,4501,1,NOC_NPS_VNOC_X3Y0,VNOC,credit,1,-1,1
4501000,4501,1,NOC_NPS_VNOC_X3Y0,VNOC,data_vc,1,5,1
4502000,4502,0,NOC_NPS_VNOC_X3Y1,VNOC,credit,0,-1,1
4502000,4502,0,NOC_NPS_VNOC_X3Y1,VNOC,data_vc,0,5,1
4502000,4502,1,NOC_NPS_VNOC_X3Y0,VNOC,credit,1,-1,1
4502000,4502,1,NOC_NPS_VNOC_X3Y0,VNOC,data_vc,1,5,1
4503000,4503,0,NOC_NPS_VNOC_X3Y1,VNOC,credit,0,-1,1
4503000,4503,0,NOC_NPS_VNOC_X3Y1,VNOC,data_vc,0,5,1
4503000,4503,1,NOC_NPS_VNOC_X3Y0,VNOC,credit,1,-1,1
4503000,4503,1,NOC_NPS_VNOC_X3Y0,VNOC,data_vc,1,5,1
4504000,4504,0,NOC_NPS_VNOC_X3Y1,VNOC,credit,0,-1,1
4504000,4504,0,NOC_NPS_VNOC_X3Y1,VNOC,data_vc,0,5,1
4504000,4504,1,NOC_NPS_VNOC_X3Y0,VNOC,credit,1,-1,1
4504000,4504,1,NOC_NPS_VNOC_X3Y0,VNOC,data_vc,1,5,1
4505000,4505,0,NOC_NPS_VNOC_X3Y1,VNOC,credit,0,-1,1
4505000,4505,0,NOC_NPS_VNOC_X3Y1,VNOC,data_vc,0,5,1
4505000,4505,1,NOC_NPS_VNOC_X3Y0,VNOC,credit,1,-1,1
4505000,4505,1,NOC_NPS_VNOC_X3Y0,VNOC,data_vc,1,5,1
4506000,4506,0,NOC_NPS_VNOC_X3Y1,VNOC,credit,0,-1,1
4506000,4506,0,NOC_NPS_VNOC_X3Y1,VNOC,data_vc,0,5,1
4506000,4506,1,NOC_NPS_VNOC_X3Y0,VNOC,credit,1,-1,1
4506000,4506,1,NOC_NPS_VNOC_X3Y0,VNOC,data_vc,1,5,1
4507000,4507,0,NOC_NPS_VNOC_X3Y1,VNOC,credit,0,-1,1
4507000,4507,0,NOC_NPS_VNOC_X3Y1,VNOC,data_vc,0,5,1
4507000,4507,1,NOC_NPS_VNOC_X3Y0,VNOC,credit,1,-1,1
4507000,4507,1,NOC_NPS_VNOC_X3Y0,VNOC,data_vc,1,5,1
4508000,4508,0,NOC_NPS_VNOC_X3Y1,VNOC,credit,0,-1,1
4508000,4508,0,NOC_NPS_VNOC_X3Y1,VNOC,data_vc,0,5,1
4508000,4508,1,NOC_NPS_VNOC_X3Y0,VNOC,credit,1,-1,1
4508000,4508,1,NOC_NPS_VNOC_X3Y0,VNOC,data_vc,1,5,1
4509000,4509,0,NOC_NPS_VNOC_X3Y1,VNOC,credit,0,-1,1
4509000,4509,0,NOC_NPS_VNOC_X3Y1,VNOC,data_vc,0,5,1
4509000,4509,1,NOC_NPS_VNOC_X3Y0,VNOC,credit,1,-1,1
4509000,4509,1,NOC_NPS_VNOC_X3Y0,VNOC,data_vc,1,5,1
4510000,4510,0,NOC_NPS_VNOC_X3Y1,VNOC,credit,0,-1,1
4510000,4510,0,NOC_NPS_VNOC_X3Y1,VNOC,data_vc,0,5,1
4510000,4510,1,NOC_NPS_VNOC_X3Y0,VNOC,credit,1,-1,1
4510000,4510,1,NOC_NPS_VNOC_X3Y0,VNOC,data_vc,1,5,1
4511000,4511,0,NOC_NPS_VNOC_X3Y1,VNOC,credit,0,-1,1
4511000,4511,0,NOC_NPS_VNOC_X3Y1,VNOC,data_vc,0,5,1
4511000,4511,1,NOC_NPS_VNOC_X3Y0,VNOC,credit,1,-1,1
4511000,4511,1,NOC_NPS_VNOC_X3Y0,VNOC,data_vc,1,5,1
4512000,4512,0,NOC_NPS_VNOC_X3Y1,VNOC,credit,0,-1,1
4512000,4512,0,NOC_NPS_VNOC_X3Y1,VNOC,data_vc,0,5,1
4512000,4512,1,NOC_NPS_VNOC_X3Y0,VNOC,credit,1,-1,1
4512000,4512,1,NOC_NPS_VNOC_X3Y0,VNOC,data_vc,1,5,1
4513000,4513,0,NOC_NPS_VNOC_X3Y1,VNOC,credit,0,-1,1
4513000,4513,0,NOC_NPS_VNOC_X3Y1,VNOC,data_vc,0,5,1
4513000,4513,1,NOC_NPS_VNOC_X3Y0,VNOC,credit,1,-1,1
4513000,4513,1,NOC_NPS_VNOC_X3Y0,VNOC,data_vc,1,5,1
4514000,4514,0,NOC_NPS_VNOC_X3Y1,VNOC,credit,0,-1,1
4514000,4514,0,NOC_NPS_VNOC_X3Y1,VNOC,data_vc,0,5,1
4514000,4514,1,NOC_NPS_VNOC_X3Y0,VNOC,credit,1,-1,1
4514000,4514,1,NOC_NPS_VNOC_X3Y0,VNOC,data_vc,1,5,1
4515000,4515,0,NOC_NPS_VNOC_X3Y1,VNOC,credit,0,-1,1
4515000,4515,0,NOC_NPS_VNOC_X3Y1,VNOC,data_vc,0,5,1
4515000,4515,1,NOC_NPS_VNOC_X3Y0,VNOC,credit,1,-1,1
4515000,4515,1,NOC_NPS_VNOC_X3Y0,VNOC,data_vc,1,5,1
4516000,4516,0,NOC_NPS_VNOC_X3Y1,VNOC,credit,0,-1,1
4516000,4516,0,NOC_NPS_VNOC_X3Y1,VNOC,data_vc,0,5,1
4516000,4516,1,NOC_NPS_VNOC_X3Y0,VNOC,credit,1,-1,1
4516000,4516,1,NOC_NPS_VNOC_X3Y0,VNOC,data_vc,1,5,1
4517000,4517,0,NOC_NPS_VNOC_X3Y1,VNOC,credit,0,-1,1
4517000,4517,0,NOC_NPS_VNOC_X3Y1,VNOC,data_vc,0,5,1
4517000,4517,1,NOC_NPS_VNOC_X3Y0,VNOC,credit,1,-1,1
4517000,4517,1,NOC_NPS_VNOC_X3Y0,VNOC,data_vc,1,5,1
4518000,4518,0,NOC_NPS_VNOC_X3Y1,VNOC,credit,0,-1,1
4518000,4518,0,NOC_NPS_VNOC_X3Y1,VNOC,data_vc,0,5,1
4518000,4518,1,NOC_NPS_VNOC_X3Y0,VNOC,credit,1,-1,1
4518000,4518,1,NOC_NPS_VNOC_X3Y0,VNOC,data_vc,1,5,1
4519000,4519,0,NOC_NPS_VNOC_X3Y1,VNOC,credit,0,-1,1
4519000,4519,0,NOC_NPS_VNOC_X3Y1,VNOC,data_vc,0,5,1
4519000,4519,1,NOC_NPS_VNOC_X3Y0,VNOC,credit,1,-1,1
4519000,4519,1,NOC_NPS_VNOC_X3Y0,VNOC,data_vc,1,5,1
4520000,4520,0,NOC_NPS_VNOC_X3Y1,VNOC,credit,0,-1,1
4520000,4520,0,NOC_NPS_VNOC_X3Y1,VNOC,data_vc,0,5,1
4520000,4520,1,NOC_NPS_VNOC_X3Y0,VNOC,credit,1,-1,1
4520000,4520,1,NOC_NPS_VNOC_X3Y0,VNOC,data_vc,1,5,1
4521000,4521,0,NOC_NPS_VNOC_X3Y1,VNOC,credit,0,-1,1
4521000,4521,0,NOC_NPS_VNOC_X3Y1,VNOC,data_vc,0,5,1
4521000,4521,1,NOC_NPS_VNOC_X3Y0,VNOC,credit,1,-1,1
4521000,4521,1,NOC_NPS_VNOC_X3Y0,VNOC,data_vc,1,5,1
4522000,4522,0,NOC_NPS_VNOC_X3Y1,VNOC,credit,0,-1,1
4522000,4522,0,NOC_NPS_VNOC_X3Y1,VNOC,data_vc,0,5,1
4522000,4522,1,NOC_NPS_VNOC_X3Y0,VNOC,credit,1,-1,1
4522000,4522,1,NOC_NPS_VNOC_X3Y0,VNOC,data_vc,1,5,1
4523000,4523,0,NOC_NPS_VNOC_X3Y1,VNOC,credit,0,-1,1
4523000,4523,0,NOC_NPS_VNOC_X3Y1,VNOC,data_vc,0,5,1
4523000,4523,1,NOC_NPS_VNOC_X3Y0,VNOC,credit,1,-1,1
4523000,4523,1,NOC_NPS_VNOC_X3Y0,VNOC,data_vc,1,5,1
4524000,4524,0,NOC_NPS_VNOC_X3Y1,VNOC,credit,0,-1,1
4524000,4524,0,NOC_NPS_VNOC_X3Y1,VNOC,data_vc,0,5,1
4524000,4524,1,NOC_NPS_VNOC_X3Y0,VNOC,credit,1,-1,1
4524000,4524,1,NOC_NPS_VNOC_X3Y0,VNOC,data_vc,1,5,1
4525000,4525,0,NOC_NPS_VNOC_X3Y1,VNOC,credit,0,-1,1
4525000,4525,0,NOC_NPS_VNOC_X3Y1,VNOC,data_vc,0,5,1
4525000,4525,1,NOC_NPS_VNOC_X3Y0,VNOC,credit,1,-1,1
4525000,4525,1,NOC_NPS_VNOC_X3Y0,VNOC,data_vc,1,5,1
4526000,4526,0,NOC_NPS_VNOC_X3Y1,VNOC,credit,0,-1,1
4526000,4526,0,NOC_NPS_VNOC_X3Y1,VNOC,data_vc,0,5,1
4526000,4526,1,NOC_NPS_VNOC_X3Y0,VNOC,credit,1,-1,1
4526000,4526,1,NOC_NPS_VNOC_X3Y0,VNOC,data_vc,1,5,1
4527000,4527,0,NOC_NPS_VNOC_X3Y1,VNOC,credit,0,-1,1
4527000,4527,0,NOC_NPS_VNOC_X3Y1,VNOC,data_vc,0,5,1
4527000,4527,1,NOC_NPS_VNOC_X3Y0,VNOC,credit,1,-1,1
4527000,4527,1,NOC_NPS_VNOC_X3Y0,VNOC,data_vc,1,5,1
4528000,4528,0,NOC_NPS_VNOC_X3Y1,VNOC,credit,0,-1,1
4528000,4528,0,NOC_NPS_VNOC_X3Y1,VNOC,data_vc,0,5,1
4528000,4528,1,NOC_NPS_VNOC_X3Y0,VNOC,credit,1,-1,1
4528000,4528,1,NOC_NPS_VNOC_X3Y0,VNOC,data_vc,1,5,1
4529000,4529,0,NOC_NPS_VNOC_X3Y1,VNOC,credit,0,-1,1
4529000,4529,0,NOC_NPS_VNOC_X3Y1,VNOC,data_vc,0,5,1
4529000,4529,1,NOC_NPS_VNOC_X3Y0,VNOC,credit,1,-1,1
4529000,4529,1,NOC_NPS_VNOC_X3Y0,VNOC,data_vc,1,5,1
4530000,4530,0,NOC_NPS_VNOC_X3Y1,VNOC,credit,0,-1,1
4530000,4530,0,NOC_NPS_VNOC_X3Y1,VNOC,data_vc,0,5,1
4530000,4530,1,NOC_NPS_VNOC_X3Y0,VNOC,credit,1,-1,1
4530000,4530,1,NOC_NPS_VNOC_X3Y0,VNOC,data_vc,1,5,1
4531000,4531,0,NOC_NPS_VNOC_X3Y1,VNOC,credit,0,-1,1
4531000,4531,0,NOC_NPS_VNOC_X3Y1,VNOC,data_vc,0,5,1
4531000,4531,1,NOC_NPS_VNOC_X3Y0,VNOC,credit,1,-1,1
4531000,4531,1,NOC_NPS_VNOC_X3Y0,VNOC,data_vc,1,5,1
4532000,4532,0,NOC_NPS_VNOC_X3Y1,VNOC,credit,0,-1,1
4532000,4532,0,NOC_NPS_VNOC_X3Y1,VNOC,data_vc,0,5,1
4532000,4532,1,NOC_NPS_VNOC_X3Y0,VNOC,credit,1,-1,1
4532000,4532,1,NOC_NPS_VNOC_X3Y0,VNOC,data_vc,1,5,1
4533000,4533,0,NOC_NPS_VNOC_X3Y1,VNOC,credit,0,-1,1
4533000,4533,0,NOC_NPS_VNOC_X3Y1,VNOC,data_vc,0,5,1
4533000,4533,1,NOC_NPS_VNOC_X3Y0,VNOC,credit,1,-1,1
4533000,4533,1,NOC_NPS_VNOC_X3Y0,VNOC,data_vc,1,5,1
4534000,4534,0,NOC_NPS_VNOC_X3Y1,VNOC,credit,0,-1,1
4534000,4534,0,NOC_NPS_VNOC_X3Y1,VNOC,data_vc,0,5,1
4534000,4534,1,NOC_NPS_VNOC_X3Y0,VNOC,credit,1,-1,1
4534000,4534,1,NOC_NPS_VNOC_X3Y0,VNOC,data_vc,1,5,1
4535000,4535,0,NOC_NPS_VNOC_X3Y1,VNOC,credit,0,-1,1
4535000,4535,0,NOC_NPS_VNOC_X3Y1,VNOC,data_vc,0,5,1
4535000,4535,1,NOC_NPS_VNOC_X3Y0,VNOC,credit,1,-1,1
4535000,4535,1,NOC_NPS_VNOC_X3Y0,VNOC,data_vc,1,5,1
4536000,4536,0,NOC_NPS_VNOC_X3Y1,VNOC,credit,0,-1,1
4536000,4536,0,NOC_NPS_VNOC_X3Y1,VNOC,data_vc,0,5,1
4536000,4536,1,NOC_NPS_VNOC_X3Y0,VNOC,credit,1,-1,1
4536000,4536,1,NOC_NPS_VNOC_X3Y0,VNOC,data_vc,1,5,1
4537000,4537,0,NOC_NPS_VNOC_X3Y1,VNOC,credit,0,-1,1
4537000,4537,0,NOC_NPS_VNOC_X3Y1,VNOC,data_vc,0,5,1
4537000,4537,1,NOC_NPS_VNOC_X3Y0,VNOC,credit,1,-1,1
4537000,4537,1,NOC_NPS_VNOC_X3Y0,VNOC,data_vc,1,5,1
4538000,4538,0,NOC_NPS_VNOC_X3Y1,VNOC,credit,0,-1,1
4538000,4538,0,NOC_NPS_VNOC_X3Y1,VNOC,data_vc,0,5,1
4538000,4538,1,NOC_NPS_VNOC_X3Y0,VNOC,credit,1,-1,1
4538000,4538,1,NOC_NPS_VNOC_X3Y0,VNOC,data_vc,1,5,1
4539000,4539,0,NOC_NPS_VNOC_X3Y1,VNOC,credit,0,-1,1
4539000,4539,0,NOC_NPS_VNOC_X3Y1,VNOC,data_vc,0,5,1
4539000,4539,1,NOC_NPS_VNOC_X3Y0,VNOC,credit,1,-1,1
4539000,4539,1,NOC_NPS_VNOC_X3Y0,VNOC,data_vc,1,5,1
4540000,4540,0,NOC_NPS_VNOC_X3Y1,VNOC,credit,0,-1,1
4540000,4540,0,NOC_NPS_VNOC_X3Y1,VNOC,data_vc,0,5,1
4540000,4540,1,NOC_NPS_VNOC_X3Y0,VNOC,credit,1,-1,1
4540000,4540,1,NOC_NPS_VNOC_X3Y0,VNOC,data_vc,1,5,1
4541000,4541,0,NOC_NPS_VNOC_X3Y1,VNOC,data_vc,0,5,1
4541000,4541,1,NOC_NPS_VNOC_X3Y0,VNOC,credit,1,-1,1
4541000,4541,1,NOC_NPS_VNOC_X3Y0,VNOC,data_vc,1,5,1
4542000,4542,0,NOC_NPS_VNOC_X3Y1,VNOC,data_vc,0,5,1
4542000,4542,1,NOC_NPS_VNOC_X3Y0,VNOC,credit,1,-1,1
4542000,4542,1,NOC_NPS_VNOC_X3Y0,VNOC,data_vc,1,5,1
4543000,4543,0,NOC_NPS_VNOC_X3Y1,VNOC,credit,0,-1,1
4543000,4543,0,NOC_NPS_VNOC_X3Y1,VNOC,data_vc,0,5,1
4543000,4543,1,NOC_NPS_VNOC_X3Y0,VNOC,data_vc,1,5,1
4544000,4544,0,NOC_NPS_VNOC_X3Y1,VNOC,credit,0,-1,1
4544000,4544,0,NOC_NPS_VNOC_X3Y1,VNOC,data_vc,0,5,1
4544000,4544,1,NOC_NPS_VNOC_X3Y0,VNOC,data_vc,1,5,1
4545000,4545,0,NOC_NPS_VNOC_X3Y1,VNOC,credit,0,-1,1
4545000,4545,0,NOC_NPS_VNOC_X3Y1,VNOC,data_vc,0,5,1
4545000,4545,1,NOC_NPS_VNOC_X3Y0,VNOC,credit,1,-1,1
4545000,4545,1,NOC_NPS_VNOC_X3Y0,VNOC,data_vc,1,5,1
4546000,4546,0,NOC_NPS_VNOC_X3Y1,VNOC,credit,0,-1,1
4546000,4546,0,NOC_NPS_VNOC_X3Y1,VNOC,data_vc,0,5,1
4546000,4546,1,NOC_NPS_VNOC_X3Y0,VNOC,credit,1,-1,1
4546000,4546,1,NOC_NPS_VNOC_X3Y0,VNOC,data_vc,1,5,1
4547000,4547,0,NOC_NPS_VNOC_X3Y1,VNOC,credit,0,-1,1
4547000,4547,0,NOC_NPS_VNOC_X3Y1,VNOC,data_vc,0,5,1
4547000,4547,1,NOC_NPS_VNOC_X3Y0,VNOC,credit,1,-1,1
4547000,4547,1,NOC_NPS_VNOC_X3Y0,VNOC,data_vc,1,5,1
4548000,4548,0,NOC_NPS_VNOC_X3Y1,VNOC,credit,0,-1,1
4548000,4548,0,NOC_NPS_VNOC_X3Y1,VNOC,data_vc,0,5,1
4548000,4548,1,NOC_NPS_VNOC_X3Y0,VNOC,credit,1,-1,1
4548000,4548,1,NOC_NPS_VNOC_X3Y0,VNOC,data_vc,1,5,1
4549000,4549,0,NOC_NPS_VNOC_X3Y1,VNOC,credit,0,-1,1
4549000,4549,0,NOC_NPS_VNOC_X3Y1,VNOC,data_vc,0,5,1
4549000,4549,1,NOC_NPS_VNOC_X3Y0,VNOC,credit,1,-1,1
4549000,4549,1,NOC_NPS_VNOC_X3Y0,VNOC,data_vc,1,5,1
4550000,4550,0,NOC_NPS_VNOC_X3Y1,VNOC,credit,0,-1,1
4550000,4550,0,NOC_NPS_VNOC_X3Y1,VNOC,data_vc,0,5,1
4550000,4550,1,NOC_NPS_VNOC_X3Y0,VNOC,credit,1,-1,1
4550000,4550,1,NOC_NPS_VNOC_X3Y0,VNOC,data_vc,1,5,1
4551000,4551,0,NOC_NPS_VNOC_X3Y1,VNOC,credit,0,-1,1
4551000,4551,0,NOC_NPS_VNOC_X3Y1,VNOC,data_vc,0,5,1
4551000,4551,1,NOC_NPS_VNOC_X3Y0,VNOC,credit,1,-1,1
4551000,4551,1,NOC_NPS_VNOC_X3Y0,VNOC,data_vc,1,5,1
4552000,4552,0,NOC_NPS_VNOC_X3Y1,VNOC,credit,0,-1,1
4552000,4552,0,NOC_NPS_VNOC_X3Y1,VNOC,data_vc,0,5,1
4552000,4552,1,NOC_NPS_VNOC_X3Y0,VNOC,credit,1,-1,1
4552000,4552,1,NOC_NPS_VNOC_X3Y0,VNOC,data_vc,1,5,1
4553000,4553,0,NOC_NPS_VNOC_X3Y1,VNOC,credit,0,-1,1
4553000,4553,0,NOC_NPS_VNOC_X3Y1,VNOC,data_vc,0,5,1
4553000,4553,1,NOC_NPS_VNOC_X3Y0,VNOC,credit,1,-1,1
4553000,4553,1,NOC_NPS_VNOC_X3Y0,VNOC,data_vc,1,5,1
4554000,4554,0,NOC_NPS_VNOC_X3Y1,VNOC,credit,0,-1,1
4554000,4554,0,NOC_NPS_VNOC_X3Y1,VNOC,data_vc,0,5,1
4554000,4554,1,NOC_NPS_VNOC_X3Y0,VNOC,credit,1,-1,1
4554000,4554,1,NOC_NPS_VNOC_X3Y0,VNOC,data_vc,1,5,1
4555000,4555,0,NOC_NPS_VNOC_X3Y1,VNOC,credit,0,-1,1
4555000,4555,0,NOC_NPS_VNOC_X3Y1,VNOC,data_vc,0,5,1
4555000,4555,1,NOC_NPS_VNOC_X3Y0,VNOC,credit,1,-1,1
4555000,4555,1,NOC_NPS_VNOC_X3Y0,VNOC,data_vc,1,5,1
4556000,4556,0,NOC_NPS_VNOC_X3Y1,VNOC,credit,0,-1,1
4556000,4556,0,NOC_NPS_VNOC_X3Y1,VNOC,data_vc,0,5,1
4556000,4556,1,NOC_NPS_VNOC_X3Y0,VNOC,credit,1,-1,1
4556000,4556,1,NOC_NPS_VNOC_X3Y0,VNOC,data_vc,1,5,1
4557000,4557,0,NOC_NPS_VNOC_X3Y1,VNOC,credit,0,-1,1
4557000,4557,0,NOC_NPS_VNOC_X3Y1,VNOC,data_vc,0,5,1
4557000,4557,1,NOC_NPS_VNOC_X3Y0,VNOC,credit,1,-1,1
4557000,4557,1,NOC_NPS_VNOC_X3Y0,VNOC,data_vc,1,5,1
4558000,4558,0,NOC_NPS_VNOC_X3Y1,VNOC,credit,0,-1,1
4558000,4558,0,NOC_NPS_VNOC_X3Y1,VNOC,data_vc,0,5,1
4558000,4558,1,NOC_NPS_VNOC_X3Y0,VNOC,credit,1,-1,1
4558000,4558,1,NOC_NPS_VNOC_X3Y0,VNOC,data_vc,1,5,1
4559000,4559,0,NOC_NPS_VNOC_X3Y1,VNOC,credit,0,-1,1
4559000,4559,0,NOC_NPS_VNOC_X3Y1,VNOC,data_vc,0,5,1
4559000,4559,1,NOC_NPS_VNOC_X3Y0,VNOC,credit,1,-1,1
4559000,4559,1,NOC_NPS_VNOC_X3Y0,VNOC,data_vc,1,5,1
4560000,4560,0,NOC_NPS_VNOC_X3Y1,VNOC,credit,0,-1,1
4560000,4560,0,NOC_NPS_VNOC_X3Y1,VNOC,data_vc,0,5,1
4560000,4560,1,NOC_NPS_VNOC_X3Y0,VNOC,credit,1,-1,1
4560000,4560,1,NOC_NPS_VNOC_X3Y0,VNOC,data_vc,1,5,1
4561000,4561,0,NOC_NPS_VNOC_X3Y1,VNOC,credit,0,-1,1
4561000,4561,0,NOC_NPS_VNOC_X3Y1,VNOC,data_vc,0,5,1
4561000,4561,1,NOC_NPS_VNOC_X3Y0,VNOC,credit,1,-1,1
4561000,4561,1,NOC_NPS_VNOC_X3Y0,VNOC,data_vc,1,5,1
4562000,4562,0,NOC_NPS_VNOC_X3Y1,VNOC,credit,0,-1,1
4562000,4562,0,NOC_NPS_VNOC_X3Y1,VNOC,data_vc,0,5,1
4562000,4562,1,NOC_NPS_VNOC_X3Y0,VNOC,credit,1,-1,1
4562000,4562,1,NOC_NPS_VNOC_X3Y0,VNOC,data_vc,1,5,1
4563000,4563,0,NOC_NPS_VNOC_X3Y1,VNOC,credit,0,-1,1
4563000,4563,0,NOC_NPS_VNOC_X3Y1,VNOC,data_vc,0,5,1
4563000,4563,1,NOC_NPS_VNOC_X3Y0,VNOC,credit,1,-1,1
4563000,4563,1,NOC_NPS_VNOC_X3Y0,VNOC,data_vc,1,5,1
4564000,4564,0,NOC_NPS_VNOC_X3Y1,VNOC,credit,0,-1,1
4564000,4564,0,NOC_NPS_VNOC_X3Y1,VNOC,data_vc,0,5,1
4564000,4564,1,NOC_NPS_VNOC_X3Y0,VNOC,credit,1,-1,1
4564000,4564,1,NOC_NPS_VNOC_X3Y0,VNOC,data_vc,1,5,1
4565000,4565,0,NOC_NPS_VNOC_X3Y1,VNOC,credit,0,-1,1
4565000,4565,0,NOC_NPS_VNOC_X3Y1,VNOC,data_vc,0,5,1
4565000,4565,1,NOC_NPS_VNOC_X3Y0,VNOC,credit,1,-1,1
4565000,4565,1,NOC_NPS_VNOC_X3Y0,VNOC,data_vc,1,5,1
4566000,4566,0,NOC_NPS_VNOC_X3Y1,VNOC,credit,0,-1,1
4566000,4566,0,NOC_NPS_VNOC_X3Y1,VNOC,data_vc,0,5,1
4566000,4566,1,NOC_NPS_VNOC_X3Y0,VNOC,credit,1,-1,1
4566000,4566,1,NOC_NPS_VNOC_X3Y0,VNOC,data_vc,1,5,1
4567000,4567,0,NOC_NPS_VNOC_X3Y1,VNOC,credit,0,-1,1
4567000,4567,0,NOC_NPS_VNOC_X3Y1,VNOC,data_vc,0,5,1
4567000,4567,1,NOC_NPS_VNOC_X3Y0,VNOC,credit,1,-1,1
4567000,4567,1,NOC_NPS_VNOC_X3Y0,VNOC,data_vc,1,5,1
4568000,4568,0,NOC_NPS_VNOC_X3Y1,VNOC,credit,0,-1,1
4568000,4568,0,NOC_NPS_VNOC_X3Y1,VNOC,data_vc,0,5,1
4568000,4568,1,NOC_NPS_VNOC_X3Y0,VNOC,credit,1,-1,1
4568000,4568,1,NOC_NPS_VNOC_X3Y0,VNOC,data_vc,1,5,1
4569000,4569,0,NOC_NPS_VNOC_X3Y1,VNOC,credit,0,-1,1
4569000,4569,0,NOC_NPS_VNOC_X3Y1,VNOC,data_vc,0,5,1
4569000,4569,1,NOC_NPS_VNOC_X3Y0,VNOC,credit,1,-1,1
4569000,4569,1,NOC_NPS_VNOC_X3Y0,VNOC,data_vc,1,5,1
4570000,4570,0,NOC_NPS_VNOC_X3Y1,VNOC,credit,0,-1,1
4570000,4570,0,NOC_NPS_VNOC_X3Y1,VNOC,data_vc,0,5,1
4570000,4570,1,NOC_NPS_VNOC_X3Y0,VNOC,credit,1,-1,1
4570000,4570,1,NOC_NPS_VNOC_X3Y0,VNOC,data_vc,1,5,1
4571000,4571,0,NOC_NPS_VNOC_X3Y1,VNOC,credit,0,-1,1
4571000,4571,0,NOC_NPS_VNOC_X3Y1,VNOC,data_vc,0,5,1
4571000,4571,1,NOC_NPS_VNOC_X3Y0,VNOC,credit,1,-1,1
4571000,4571,1,NOC_NPS_VNOC_X3Y0,VNOC,data_vc,1,5,1
4572000,4572,0,NOC_NPS_VNOC_X3Y1,VNOC,credit,0,-1,1
4572000,4572,0,NOC_NPS_VNOC_X3Y1,VNOC,data_vc,0,5,1
4572000,4572,1,NOC_NPS_VNOC_X3Y0,VNOC,credit,1,-1,1
4572000,4572,1,NOC_NPS_VNOC_X3Y0,VNOC,data_vc,1,5,1
4573000,4573,0,NOC_NPS_VNOC_X3Y1,VNOC,credit,0,-1,1
4573000,4573,0,NOC_NPS_VNOC_X3Y1,VNOC,data_vc,0,5,1
4573000,4573,1,NOC_NPS_VNOC_X3Y0,VNOC,credit,1,-1,1
4573000,4573,1,NOC_NPS_VNOC_X3Y0,VNOC,data_vc,1,5,1
4574000,4574,0,NOC_NPS_VNOC_X3Y1,VNOC,credit,0,-1,1
4574000,4574,0,NOC_NPS_VNOC_X3Y1,VNOC,data_vc,0,5,1
4574000,4574,1,NOC_NPS_VNOC_X3Y0,VNOC,credit,1,-1,1
4574000,4574,1,NOC_NPS_VNOC_X3Y0,VNOC,data_vc,1,5,1
4575000,4575,0,NOC_NPS_VNOC_X3Y1,VNOC,credit,0,-1,1
4575000,4575,0,NOC_NPS_VNOC_X3Y1,VNOC,data_vc,0,5,1
4575000,4575,1,NOC_NPS_VNOC_X3Y0,VNOC,credit,1,-1,1
4575000,4575,1,NOC_NPS_VNOC_X3Y0,VNOC,data_vc,1,5,1
4576000,4576,0,NOC_NPS_VNOC_X3Y1,VNOC,credit,0,-1,1
4576000,4576,0,NOC_NPS_VNOC_X3Y1,VNOC,data_vc,0,5,1
4576000,4576,1,NOC_NPS_VNOC_X3Y0,VNOC,credit,1,-1,1
4576000,4576,1,NOC_NPS_VNOC_X3Y0,VNOC,data_vc,1,5,1
4577000,4577,0,NOC_NPS_VNOC_X3Y1,VNOC,credit,0,-1,1
4577000,4577,0,NOC_NPS_VNOC_X3Y1,VNOC,data_vc,0,5,1
4577000,4577,1,NOC_NPS_VNOC_X3Y0,VNOC,credit,1,-1,1
4577000,4577,1,NOC_NPS_VNOC_X3Y0,VNOC,data_vc,1,5,1
4578000,4578,0,NOC_NPS_VNOC_X3Y1,VNOC,credit,0,-1,1
4578000,4578,0,NOC_NPS_VNOC_X3Y1,VNOC,data_vc,0,5,1
4578000,4578,1,NOC_NPS_VNOC_X3Y0,VNOC,credit,1,-1,1
4578000,4578,1,NOC_NPS_VNOC_X3Y0,VNOC,data_vc,1,5,1
4579000,4579,0,NOC_NPS_VNOC_X3Y1,VNOC,credit,0,-1,1
4579000,4579,0,NOC_NPS_VNOC_X3Y1,VNOC,data_vc,0,5,1
4579000,4579,1,NOC_NPS_VNOC_X3Y0,VNOC,credit,1,-1,1
4579000,4579,1,NOC_NPS_VNOC_X3Y0,VNOC,data_vc,1,5,1
4580000,4580,0,NOC_NPS_VNOC_X3Y1,VNOC,credit,0,-1,1
4580000,4580,0,NOC_NPS_VNOC_X3Y1,VNOC,data_vc,0,5,1
4580000,4580,1,NOC_NPS_VNOC_X3Y0,VNOC,credit,1,-1,1
4580000,4580,1,NOC_NPS_VNOC_X3Y0,VNOC,data_vc,1,5,1
4581000,4581,0,NOC_NPS_VNOC_X3Y1,VNOC,credit,0,-1,1
4581000,4581,0,NOC_NPS_VNOC_X3Y1,VNOC,data_vc,0,5,1
4581000,4581,1,NOC_NPS_VNOC_X3Y0,VNOC,credit,1,-1,1
4581000,4581,1,NOC_NPS_VNOC_X3Y0,VNOC,data_vc,1,5,1
4582000,4582,0,NOC_NPS_VNOC_X3Y1,VNOC,credit,0,-1,1
4582000,4582,0,NOC_NPS_VNOC_X3Y1,VNOC,data_vc,0,5,1
4582000,4582,1,NOC_NPS_VNOC_X3Y0,VNOC,credit,1,-1,1
4582000,4582,1,NOC_NPS_VNOC_X3Y0,VNOC,data_vc,1,5,1
4583000,4583,0,NOC_NPS_VNOC_X3Y1,VNOC,credit,0,-1,1
4583000,4583,0,NOC_NPS_VNOC_X3Y1,VNOC,data_vc,0,5,1
4583000,4583,1,NOC_NPS_VNOC_X3Y0,VNOC,credit,1,-1,1
4583000,4583,1,NOC_NPS_VNOC_X3Y0,VNOC,data_vc,1,5,1
4584000,4584,0,NOC_NPS_VNOC_X3Y1,VNOC,credit,0,-1,1
4584000,4584,0,NOC_NPS_VNOC_X3Y1,VNOC,data_vc,0,5,1
4584000,4584,1,NOC_NPS_VNOC_X3Y0,VNOC,credit,1,-1,1
4584000,4584,1,NOC_NPS_VNOC_X3Y0,VNOC,data_vc,1,5,1
4585000,4585,0,NOC_NPS_VNOC_X3Y1,VNOC,credit,0,-1,1
4585000,4585,0,NOC_NPS_VNOC_X3Y1,VNOC,data_vc,0,5,1
4585000,4585,1,NOC_NPS_VNOC_X3Y0,VNOC,credit,1,-1,1
4585000,4585,1,NOC_NPS_VNOC_X3Y0,VNOC,data_vc,1,5,1
4586000,4586,0,NOC_NPS_VNOC_X3Y1,VNOC,credit,0,-1,1
4586000,4586,0,NOC_NPS_VNOC_X3Y1,VNOC,data_vc,0,5,1
4586000,4586,1,NOC_NPS_VNOC_X3Y0,VNOC,credit,1,-1,1
4586000,4586,1,NOC_NPS_VNOC_X3Y0,VNOC,data_vc,1,5,1
4587000,4587,0,NOC_NPS_VNOC_X3Y1,VNOC,credit,0,-1,1
4587000,4587,0,NOC_NPS_VNOC_X3Y1,VNOC,data_vc,0,5,1
4587000,4587,1,NOC_NPS_VNOC_X3Y0,VNOC,credit,1,-1,1
4587000,4587,1,NOC_NPS_VNOC_X3Y0,VNOC,data_vc,1,5,1
4588000,4588,0,NOC_NPS_VNOC_X3Y1,VNOC,credit,0,-1,1
4588000,4588,0,NOC_NPS_VNOC_X3Y1,VNOC,data_vc,0,5,1
4588000,4588,1,NOC_NPS_VNOC_X3Y0,VNOC,credit,1,-1,1
4588000,4588,1,NOC_NPS_VNOC_X3Y0,VNOC,data_vc,1,5,1
4589000,4589,0,NOC_NPS_VNOC_X3Y1,VNOC,credit,0,-1,1
4589000,4589,0,NOC_NPS_VNOC_X3Y1,VNOC,data_vc,0,5,1
4589000,4589,1,NOC_NPS_VNOC_X3Y0,VNOC,credit,1,-1,1
4589000,4589,1,NOC_NPS_VNOC_X3Y0,VNOC,data_vc,1,5,1
4590000,4590,0,NOC_NPS_VNOC_X3Y1,VNOC,credit,0,-1,1
4590000,4590,0,NOC_NPS_VNOC_X3Y1,VNOC,data_vc,0,5,1
4590000,4590,1,NOC_NPS_VNOC_X3Y0,VNOC,credit,1,-1,1
4590000,4590,1,NOC_NPS_VNOC_X3Y0,VNOC,data_vc,1,5,1
4591000,4591,0,NOC_NPS_VNOC_X3Y1,VNOC,credit,0,-1,1
4591000,4591,0,NOC_NPS_VNOC_X3Y1,VNOC,data_vc,0,5,1
4591000,4591,1,NOC_NPS_VNOC_X3Y0,VNOC,credit,1,-1,1
4591000,4591,1,NOC_NPS_VNOC_X3Y0,VNOC,data_vc,1,5,1
4592000,4592,0,NOC_NPS_VNOC_X3Y1,VNOC,credit,0,-1,1
4592000,4592,0,NOC_NPS_VNOC_X3Y1,VNOC,data_vc,0,5,1
4592000,4592,1,NOC_NPS_VNOC_X3Y0,VNOC,credit,1,-1,1
4592000,4592,1,NOC_NPS_VNOC_X3Y0,VNOC,data_vc,1,5,1
4593000,4593,0,NOC_NPS_VNOC_X3Y1,VNOC,credit,0,-1,1
4593000,4593,0,NOC_NPS_VNOC_X3Y1,VNOC,data_vc,0,5,1
4593000,4593,1,NOC_NPS_VNOC_X3Y0,VNOC,credit,1,-1,1
4593000,4593,1,NOC_NPS_VNOC_X3Y0,VNOC,data_vc,1,5,1
4594000,4594,0,NOC_NPS_VNOC_X3Y1,VNOC,credit,0,-1,1
4594000,4594,0,NOC_NPS_VNOC_X3Y1,VNOC,data_vc,0,5,1
4594000,4594,1,NOC_NPS_VNOC_X3Y0,VNOC,credit,1,-1,1
4594000,4594,1,NOC_NPS_VNOC_X3Y0,VNOC,data_vc,1,5,1
4595000,4595,0,NOC_NPS_VNOC_X3Y1,VNOC,credit,0,-1,1
4595000,4595,0,NOC_NPS_VNOC_X3Y1,VNOC,data_vc,0,5,1
4595000,4595,1,NOC_NPS_VNOC_X3Y0,VNOC,credit,1,-1,1
4595000,4595,1,NOC_NPS_VNOC_X3Y0,VNOC,data_vc,1,5,1
4596000,4596,0,NOC_NPS_VNOC_X3Y1,VNOC,credit,0,-1,1
4596000,4596,0,NOC_NPS_VNOC_X3Y1,VNOC,data_vc,0,5,1
4596000,4596,1,NOC_NPS_VNOC_X3Y0,VNOC,credit,1,-1,1
4596000,4596,1,NOC_NPS_VNOC_X3Y0,VNOC,data_vc,1,5,1
4597000,4597,0,NOC_NPS_VNOC_X3Y1,VNOC,credit,0,-1,1
4597000,4597,0,NOC_NPS_VNOC_X3Y1,VNOC,data_vc,0,5,1
4597000,4597,1,NOC_NPS_VNOC_X3Y0,VNOC,credit,1,-1,1
4597000,4597,1,NOC_NPS_VNOC_X3Y0,VNOC,data_vc,1,5,1
4598000,4598,0,NOC_NPS_VNOC_X3Y1,VNOC,credit,0,-1,1
4598000,4598,0,NOC_NPS_VNOC_X3Y1,VNOC,data_vc,0,5,1
4598000,4598,1,NOC_NPS_VNOC_X3Y0,VNOC,credit,1,-1,1
4598000,4598,1,NOC_NPS_VNOC_X3Y0,VNOC,data_vc,1,5,1
4599000,4599,0,NOC_NPS_VNOC_X3Y1,VNOC,credit,0,-1,1
4599000,4599,0,NOC_NPS_VNOC_X3Y1,VNOC,data_vc,0,5,1
4599000,4599,1,NOC_NPS_VNOC_X3Y0,VNOC,credit,1,-1,1
4599000,4599,1,NOC_NPS_VNOC_X3Y0,VNOC,data_vc,1,5,1
4600000,4600,0,NOC_NPS_VNOC_X3Y1,VNOC,credit,0,-1,1
4600000,4600,0,NOC_NPS_VNOC_X3Y1,VNOC,data_vc,0,5,1
4600000,4600,1,NOC_NPS_VNOC_X3Y0,VNOC,credit,1,-1,1
4600000,4600,1,NOC_NPS_VNOC_X3Y0,VNOC,data_vc,1,5,1
4601000,4601,0,NOC_NPS_VNOC_X3Y1,VNOC,credit,0,-1,1
4601000,4601,0,NOC_NPS_VNOC_X3Y1,VNOC,data_vc,0,5,1
4601000,4601,1,NOC_NPS_VNOC_X3Y0,VNOC,credit,1,-1,1
4601000,4601,1,NOC_NPS_VNOC_X3Y0,VNOC,data_vc,1,5,1
4602000,4602,0,NOC_NPS_VNOC_X3Y1,VNOC,credit,0,-1,1
4602000,4602,0,NOC_NPS_VNOC_X3Y1,VNOC,data_vc,0,5,1
4602000,4602,1,NOC_NPS_VNOC_X3Y0,VNOC,credit,1,-1,1
4602000,4602,1,NOC_NPS_VNOC_X3Y0,VNOC,data_vc,1,5,1
4603000,4603,0,NOC_NPS_VNOC_X3Y1,VNOC,credit,0,-1,1
4603000,4603,0,NOC_NPS_VNOC_X3Y1,VNOC,data_vc,0,5,1
4603000,4603,1,NOC_NPS_VNOC_X3Y0,VNOC,credit,1,-1,1
4603000,4603,1,NOC_NPS_VNOC_X3Y0,VNOC,data_vc,1,5,1
4604000,4604,0,NOC_NPS_VNOC_X3Y1,VNOC,credit,0,-1,1
4604000,4604,0,NOC_NPS_VNOC_X3Y1,VNOC,data_vc,0,5,1
4604000,4604,1,NOC_NPS_VNOC_X3Y0,VNOC,credit,1,-1,1
4604000,4604,1,NOC_NPS_VNOC_X3Y0,VNOC,data_vc,1,5,1
4605000,4605,0,NOC_NPS_VNOC_X3Y1,VNOC,credit,0,-1,1
4605000,4605,0,NOC_NPS_VNOC_X3Y1,VNOC,data_vc,0,5,1
4605000,4605,1,NOC_NPS_VNOC_X3Y0,VNOC,credit,1,-1,1
4605000,4605,1,NOC_NPS_VNOC_X3Y0,VNOC,data_vc,1,5,1
4606000,4606,0,NOC_NPS_VNOC_X3Y1,VNOC,credit,0,-1,1
4606000,4606,0,NOC_NPS_VNOC_X3Y1,VNOC,data_vc,0,5,1
4606000,4606,1,NOC_NPS_VNOC_X3Y0,VNOC,credit,1,-1,1
4606000,4606,1,NOC_NPS_VNOC_X3Y0,VNOC,data_vc,1,5,1
4607000,4607,0,NOC_NPS_VNOC_X3Y1,VNOC,credit,0,-1,1
4607000,4607,0,NOC_NPS_VNOC_X3Y1,VNOC,data_vc,0,5,1
4607000,4607,1,NOC_NPS_VNOC_X3Y0,VNOC,credit,1,-1,1
4607000,4607,1,NOC_NPS_VNOC_X3Y0,VNOC,data_vc,1,5,1
4608000,4608,0,NOC_NPS_VNOC_X3Y1,VNOC,credit,0,-1,1
4608000,4608,0,NOC_NPS_VNOC_X3Y1,VNOC,data_vc,0,5,1
4608000,4608,1,NOC_NPS_VNOC_X3Y0,VNOC,credit,1,-1,1
4608000,4608,1,NOC_NPS_VNOC_X3Y0,VNOC,data_vc,1,5,1
4609000,4609,0,NOC_NPS_VNOC_X3Y1,VNOC,credit,0,-1,1
4609000,4609,0,NOC_NPS_VNOC_X3Y1,VNOC,data_vc,0,5,1
4609000,4609,1,NOC_NPS_VNOC_X3Y0,VNOC,credit,1,-1,1
4609000,4609,1,NOC_NPS_VNOC_X3Y0,VNOC,data_vc,1,5,1
4610000,4610,0,NOC_NPS_VNOC_X3Y1,VNOC,credit,0,-1,1
4610000,4610,0,NOC_NPS_VNOC_X3Y1,VNOC,data_vc,0,5,1
4610000,4610,1,NOC_NPS_VNOC_X3Y0,VNOC,credit,1,-1,1
4610000,4610,1,NOC_NPS_VNOC_X3Y0,VNOC,data_vc,1,5,1
4611000,4611,0,NOC_NPS_VNOC_X3Y1,VNOC,credit,0,-1,1
4611000,4611,0,NOC_NPS_VNOC_X3Y1,VNOC,data_vc,0,5,1
4611000,4611,1,NOC_NPS_VNOC_X3Y0,VNOC,credit,1,-1,1
4611000,4611,1,NOC_NPS_VNOC_X3Y0,VNOC,data_vc,1,5,1
4612000,4612,0,NOC_NPS_VNOC_X3Y1,VNOC,credit,0,-1,1
4612000,4612,0,NOC_NPS_VNOC_X3Y1,VNOC,data_vc,0,5,1
4612000,4612,1,NOC_NPS_VNOC_X3Y0,VNOC,credit,1,-1,1
4612000,4612,1,NOC_NPS_VNOC_X3Y0,VNOC,data_vc,1,5,1
4613000,4613,0,NOC_NPS_VNOC_X3Y1,VNOC,data_vc,0,5,1
4613000,4613,1,NOC_NPS_VNOC_X3Y0,VNOC,credit,1,-1,1
4613000,4613,1,NOC_NPS_VNOC_X3Y0,VNOC,data_vc,1,5,1
4614000,4614,0,NOC_NPS_VNOC_X3Y1,VNOC,data_vc,0,5,1
4614000,4614,1,NOC_NPS_VNOC_X3Y0,VNOC,credit,1,-1,1
4614000,4614,1,NOC_NPS_VNOC_X3Y0,VNOC,data_vc,1,5,1
4615000,4615,0,NOC_NPS_VNOC_X3Y1,VNOC,credit,0,-1,1
4615000,4615,0,NOC_NPS_VNOC_X3Y1,VNOC,data_vc,0,5,1
4615000,4615,1,NOC_NPS_VNOC_X3Y0,VNOC,data_vc,1,5,1
4616000,4616,0,NOC_NPS_VNOC_X3Y1,VNOC,credit,0,-1,1
4616000,4616,0,NOC_NPS_VNOC_X3Y1,VNOC,data_vc,0,5,1
4616000,4616,1,NOC_NPS_VNOC_X3Y0,VNOC,data_vc,1,5,1
4617000,4617,0,NOC_NPS_VNOC_X3Y1,VNOC,credit,0,-1,1
4617000,4617,0,NOC_NPS_VNOC_X3Y1,VNOC,data_vc,0,5,1
4617000,4617,1,NOC_NPS_VNOC_X3Y0,VNOC,credit,1,-1,1
4617000,4617,1,NOC_NPS_VNOC_X3Y0,VNOC,data_vc,1,5,1
4618000,4618,0,NOC_NPS_VNOC_X3Y1,VNOC,credit,0,-1,1
4618000,4618,0,NOC_NPS_VNOC_X3Y1,VNOC,data_vc,0,5,1
4618000,4618,1,NOC_NPS_VNOC_X3Y0,VNOC,credit,1,-1,1
4618000,4618,1,NOC_NPS_VNOC_X3Y0,VNOC,data_vc,1,5,1
4619000,4619,0,NOC_NPS_VNOC_X3Y1,VNOC,credit,0,-1,1
4619000,4619,0,NOC_NPS_VNOC_X3Y1,VNOC,data_vc,0,5,1
4619000,4619,1,NOC_NPS_VNOC_X3Y0,VNOC,credit,1,-1,1
4619000,4619,1,NOC_NPS_VNOC_X3Y0,VNOC,data_vc,1,5,1
4620000,4620,0,NOC_NPS_VNOC_X3Y1,VNOC,credit,0,-1,1
4620000,4620,0,NOC_NPS_VNOC_X3Y1,VNOC,data_vc,0,5,1
4620000,4620,1,NOC_NPS_VNOC_X3Y0,VNOC,credit,1,-1,1
4620000,4620,1,NOC_NPS_VNOC_X3Y0,VNOC,data_vc,1,5,1
4621000,4621,0,NOC_NPS_VNOC_X3Y1,VNOC,credit,0,-1,1
4621000,4621,0,NOC_NPS_VNOC_X3Y1,VNOC,data_vc,0,5,1
4621000,4621,1,NOC_NPS_VNOC_X3Y0,VNOC,credit,1,-1,1
4621000,4621,1,NOC_NPS_VNOC_X3Y0,VNOC,data_vc,1,5,1
4622000,4622,0,NOC_NPS_VNOC_X3Y1,VNOC,credit,0,-1,1
4622000,4622,0,NOC_NPS_VNOC_X3Y1,VNOC,data_vc,0,5,1
4622000,4622,1,NOC_NPS_VNOC_X3Y0,VNOC,credit,1,-1,1
4622000,4622,1,NOC_NPS_VNOC_X3Y0,VNOC,data_vc,1,5,1
4623000,4623,0,NOC_NPS_VNOC_X3Y1,VNOC,credit,0,-1,1
4623000,4623,0,NOC_NPS_VNOC_X3Y1,VNOC,data_vc,0,5,1
4623000,4623,1,NOC_NPS_VNOC_X3Y0,VNOC,credit,1,-1,1
4623000,4623,1,NOC_NPS_VNOC_X3Y0,VNOC,data_vc,1,5,1
4624000,4624,0,NOC_NPS_VNOC_X3Y1,VNOC,credit,0,-1,1
4624000,4624,0,NOC_NPS_VNOC_X3Y1,VNOC,data_vc,0,5,1
4624000,4624,1,NOC_NPS_VNOC_X3Y0,VNOC,credit,1,-1,1
4624000,4624,1,NOC_NPS_VNOC_X3Y0,VNOC,data_vc,1,5,1
4625000,4625,0,NOC_NPS_VNOC_X3Y1,VNOC,credit,0,-1,1
4625000,4625,0,NOC_NPS_VNOC_X3Y1,VNOC,data_vc,0,5,1
4625000,4625,1,NOC_NPS_VNOC_X3Y0,VNOC,credit,1,-1,1
4625000,4625,1,NOC_NPS_VNOC_X3Y0,VNOC,data_vc,1,5,1
4626000,4626,0,NOC_NPS_VNOC_X3Y1,VNOC,credit,0,-1,1
4626000,4626,0,NOC_NPS_VNOC_X3Y1,VNOC,data_vc,0,5,1
4626000,4626,1,NOC_NPS_VNOC_X3Y0,VNOC,credit,1,-1,1
4626000,4626,1,NOC_NPS_VNOC_X3Y0,VNOC,data_vc,1,5,1
4627000,4627,0,NOC_NPS_VNOC_X3Y1,VNOC,credit,0,-1,1
4627000,4627,0,NOC_NPS_VNOC_X3Y1,VNOC,data_vc,0,5,1
4627000,4627,1,NOC_NPS_VNOC_X3Y0,VNOC,credit,1,-1,1
4627000,4627,1,NOC_NPS_VNOC_X3Y0,VNOC,data_vc,1,5,1
4628000,4628,0,NOC_NPS_VNOC_X3Y1,VNOC,credit,0,-1,1
4628000,4628,0,NOC_NPS_VNOC_X3Y1,VNOC,data_vc,0,5,1
4628000,4628,1,NOC_NPS_VNOC_X3Y0,VNOC,credit,1,-1,1
4628000,4628,1,NOC_NPS_VNOC_X3Y0,VNOC,data_vc,1,5,1
4629000,4629,0,NOC_NPS_VNOC_X3Y1,VNOC,credit,0,-1,1
4629000,4629,0,NOC_NPS_VNOC_X3Y1,VNOC,data_vc,0,5,1
4629000,4629,1,NOC_NPS_VNOC_X3Y0,VNOC,credit,1,-1,1
4629000,4629,1,NOC_NPS_VNOC_X3Y0,VNOC,data_vc,1,5,1
4630000,4630,0,NOC_NPS_VNOC_X3Y1,VNOC,credit,0,-1,1
4630000,4630,0,NOC_NPS_VNOC_X3Y1,VNOC,data_vc,0,5,1
4630000,4630,1,NOC_NPS_VNOC_X3Y0,VNOC,credit,1,-1,1
4630000,4630,1,NOC_NPS_VNOC_X3Y0,VNOC,data_vc,1,5,1
4631000,4631,0,NOC_NPS_VNOC_X3Y1,VNOC,credit,0,-1,1
4631000,4631,0,NOC_NPS_VNOC_X3Y1,VNOC,data_vc,0,5,1
4631000,4631,1,NOC_NPS_VNOC_X3Y0,VNOC,credit,1,-1,1
4631000,4631,1,NOC_NPS_VNOC_X3Y0,VNOC,data_vc,1,5,1
4632000,4632,0,NOC_NPS_VNOC_X3Y1,VNOC,credit,0,-1,1
4632000,4632,0,NOC_NPS_VNOC_X3Y1,VNOC,data_vc,0,5,1
4632000,4632,1,NOC_NPS_VNOC_X3Y0,VNOC,credit,1,-1,1
4632000,4632,1,NOC_NPS_VNOC_X3Y0,VNOC,data_vc,1,5,1
4633000,4633,0,NOC_NPS_VNOC_X3Y1,VNOC,credit,0,-1,1
4633000,4633,0,NOC_NPS_VNOC_X3Y1,VNOC,data_vc,0,5,1
4633000,4633,1,NOC_NPS_VNOC_X3Y0,VNOC,credit,1,-1,1
4633000,4633,1,NOC_NPS_VNOC_X3Y0,VNOC,data_vc,1,5,1
4634000,4634,0,NOC_NPS_VNOC_X3Y1,VNOC,credit,0,-1,1
4634000,4634,0,NOC_NPS_VNOC_X3Y1,VNOC,data_vc,0,5,1
4634000,4634,1,NOC_NPS_VNOC_X3Y0,VNOC,credit,1,-1,1
4634000,4634,1,NOC_NPS_VNOC_X3Y0,VNOC,data_vc,1,5,1
4635000,4635,0,NOC_NPS_VNOC_X3Y1,VNOC,credit,0,-1,1
4635000,4635,0,NOC_NPS_VNOC_X3Y1,VNOC,data_vc,0,5,1
4635000,4635,1,NOC_NPS_VNOC_X3Y0,VNOC,credit,1,-1,1
4635000,4635,1,NOC_NPS_VNOC_X3Y0,VNOC,data_vc,1,5,1
4636000,4636,0,NOC_NPS_VNOC_X3Y1,VNOC,credit,0,-1,1
4636000,4636,0,NOC_NPS_VNOC_X3Y1,VNOC,data_vc,0,5,1
4636000,4636,1,NOC_NPS_VNOC_X3Y0,VNOC,credit,1,-1,1
4636000,4636,1,NOC_NPS_VNOC_X3Y0,VNOC,data_vc,1,5,1
4637000,4637,0,NOC_NPS_VNOC_X3Y1,VNOC,credit,0,-1,1
4637000,4637,0,NOC_NPS_VNOC_X3Y1,VNOC,data_vc,0,5,1
4637000,4637,1,NOC_NPS_VNOC_X3Y0,VNOC,credit,1,-1,1
4637000,4637,1,NOC_NPS_VNOC_X3Y0,VNOC,data_vc,1,5,1
4638000,4638,0,NOC_NPS_VNOC_X3Y1,VNOC,credit,0,-1,1
4638000,4638,0,NOC_NPS_VNOC_X3Y1,VNOC,data_vc,0,5,1
4638000,4638,1,NOC_NPS_VNOC_X3Y0,VNOC,credit,1,-1,1
4638000,4638,1,NOC_NPS_VNOC_X3Y0,VNOC,data_vc,1,5,1
4639000,4639,0,NOC_NPS_VNOC_X3Y1,VNOC,credit,0,-1,1
4639000,4639,0,NOC_NPS_VNOC_X3Y1,VNOC,data_vc,0,5,1
4639000,4639,1,NOC_NPS_VNOC_X3Y0,VNOC,credit,1,-1,1
4639000,4639,1,NOC_NPS_VNOC_X3Y0,VNOC,data_vc,1,5,1
4640000,4640,0,NOC_NPS_VNOC_X3Y1,VNOC,credit,0,-1,1
4640000,4640,0,NOC_NPS_VNOC_X3Y1,VNOC,data_vc,0,5,1
4640000,4640,1,NOC_NPS_VNOC_X3Y0,VNOC,credit,1,-1,1
4640000,4640,1,NOC_NPS_VNOC_X3Y0,VNOC,data_vc,1,5,1
4641000,4641,0,NOC_NPS_VNOC_X3Y1,VNOC,credit,0,-1,1
4641000,4641,0,NOC_NPS_VNOC_X3Y1,VNOC,data_vc,0,5,1
4641000,4641,1,NOC_NPS_VNOC_X3Y0,VNOC,credit,1,-1,1
4641000,4641,1,NOC_NPS_VNOC_X3Y0,VNOC,data_vc,1,5,1
4642000,4642,0,NOC_NPS_VNOC_X3Y1,VNOC,credit,0,-1,1
4642000,4642,0,NOC_NPS_VNOC_X3Y1,VNOC,data_vc,0,5,1
4642000,4642,1,NOC_NPS_VNOC_X3Y0,VNOC,credit,1,-1,1
4642000,4642,1,NOC_NPS_VNOC_X3Y0,VNOC,data_vc,1,5,1
4643000,4643,0,NOC_NPS_VNOC_X3Y1,VNOC,credit,0,-1,1
4643000,4643,0,NOC_NPS_VNOC_X3Y1,VNOC,data_vc,0,5,1
4643000,4643,1,NOC_NPS_VNOC_X3Y0,VNOC,credit,1,-1,1
4643000,4643,1,NOC_NPS_VNOC_X3Y0,VNOC,data_vc,1,5,1
4644000,4644,0,NOC_NPS_VNOC_X3Y1,VNOC,credit,0,-1,1
4644000,4644,0,NOC_NPS_VNOC_X3Y1,VNOC,data_vc,0,5,1
4644000,4644,1,NOC_NPS_VNOC_X3Y0,VNOC,credit,1,-1,1
4644000,4644,1,NOC_NPS_VNOC_X3Y0,VNOC,data_vc,1,5,1
4645000,4645,0,NOC_NPS_VNOC_X3Y1,VNOC,credit,0,-1,1
4645000,4645,0,NOC_NPS_VNOC_X3Y1,VNOC,data_vc,0,5,1
4645000,4645,1,NOC_NPS_VNOC_X3Y0,VNOC,credit,1,-1,1
4645000,4645,1,NOC_NPS_VNOC_X3Y0,VNOC,data_vc,1,5,1
4646000,4646,0,NOC_NPS_VNOC_X3Y1,VNOC,credit,0,-1,1
4646000,4646,0,NOC_NPS_VNOC_X3Y1,VNOC,data_vc,0,5,1
4646000,4646,1,NOC_NPS_VNOC_X3Y0,VNOC,credit,1,-1,1
4646000,4646,1,NOC_NPS_VNOC_X3Y0,VNOC,data_vc,1,5,1
4647000,4647,0,NOC_NPS_VNOC_X3Y1,VNOC,credit,0,-1,1
4647000,4647,0,NOC_NPS_VNOC_X3Y1,VNOC,data_vc,0,5,1
4647000,4647,1,NOC_NPS_VNOC_X3Y0,VNOC,credit,1,-1,1
4647000,4647,1,NOC_NPS_VNOC_X3Y0,VNOC,data_vc,1,5,1
4648000,4648,0,NOC_NPS_VNOC_X3Y1,VNOC,credit,0,-1,1
4648000,4648,0,NOC_NPS_VNOC_X3Y1,VNOC,data_vc,0,5,1
4648000,4648,1,NOC_NPS_VNOC_X3Y0,VNOC,credit,1,-1,1
4648000,4648,1,NOC_NPS_VNOC_X3Y0,VNOC,data_vc,1,5,1
4649000,4649,0,NOC_NPS_VNOC_X3Y1,VNOC,credit,0,-1,1
4649000,4649,0,NOC_NPS_VNOC_X3Y1,VNOC,data_vc,0,5,1
4649000,4649,1,NOC_NPS_VNOC_X3Y0,VNOC,credit,1,-1,1
4649000,4649,1,NOC_NPS_VNOC_X3Y0,VNOC,data_vc,1,5,1
4650000,4650,0,NOC_NPS_VNOC_X3Y1,VNOC,credit,0,-1,1
4650000,4650,0,NOC_NPS_VNOC_X3Y1,VNOC,data_vc,0,5,1
4650000,4650,1,NOC_NPS_VNOC_X3Y0,VNOC,credit,1,-1,1
4650000,4650,1,NOC_NPS_VNOC_X3Y0,VNOC,data_vc,1,5,1
4651000,4651,0,NOC_NPS_VNOC_X3Y1,VNOC,credit,0,-1,1
4651000,4651,0,NOC_NPS_VNOC_X3Y1,VNOC,data_vc,0,5,1
4651000,4651,1,NOC_NPS_VNOC_X3Y0,VNOC,credit,1,-1,1
4651000,4651,1,NOC_NPS_VNOC_X3Y0,VNOC,data_vc,1,5,1
4652000,4652,0,NOC_NPS_VNOC_X3Y1,VNOC,credit,0,-1,1
4652000,4652,0,NOC_NPS_VNOC_X3Y1,VNOC,data_vc,0,5,1
4652000,4652,1,NOC_NPS_VNOC_X3Y0,VNOC,credit,1,-1,1
4652000,4652,1,NOC_NPS_VNOC_X3Y0,VNOC,data_vc,1,5,1
4653000,4653,0,NOC_NPS_VNOC_X3Y1,VNOC,credit,0,-1,1
4653000,4653,1,NOC_NPS_VNOC_X3Y0,VNOC,credit,1,-1,1
4653000,4653,1,NOC_NPS_VNOC_X3Y0,VNOC,data_vc,1,5,1
4654000,4654,0,NOC_NPS_VNOC_X3Y1,VNOC,credit,0,-1,1
4654000,4654,1,NOC_NPS_VNOC_X3Y0,VNOC,credit,1,-1,1
4654000,4654,1,NOC_NPS_VNOC_X3Y0,VNOC,data_vc,1,5,1
4655000,4655,0,NOC_NPS_VNOC_X3Y1,VNOC,credit,0,-1,1
4655000,4655,0,NOC_NPS_VNOC_X3Y1,VNOC,data_vc,0,5,1
4655000,4655,1,NOC_NPS_VNOC_X3Y0,VNOC,credit,1,-1,1
4656000,4656,0,NOC_NPS_VNOC_X3Y1,VNOC,credit,0,-1,1
4656000,4656,0,NOC_NPS_VNOC_X3Y1,VNOC,data_vc,0,5,1
4656000,4656,1,NOC_NPS_VNOC_X3Y0,VNOC,credit,1,-1,1
4657000,4657,0,NOC_NPS_VNOC_X3Y1,VNOC,credit,0,-1,1
4657000,4657,0,NOC_NPS_VNOC_X3Y1,VNOC,data_vc,0,5,1
4657000,4657,1,NOC_NPS_VNOC_X3Y0,VNOC,credit,1,-1,1
4657000,4657,1,NOC_NPS_VNOC_X3Y0,VNOC,data_vc,1,5,1
4658000,4658,0,NOC_NPS_VNOC_X3Y1,VNOC,credit,0,-1,1
4658000,4658,0,NOC_NPS_VNOC_X3Y1,VNOC,data_vc,0,5,1
4658000,4658,1,NOC_NPS_VNOC_X3Y0,VNOC,credit,1,-1,1
4658000,4658,1,NOC_NPS_VNOC_X3Y0,VNOC,data_vc,1,5,1
4659000,4659,0,NOC_NPS_VNOC_X3Y1,VNOC,credit,0,-1,1
4659000,4659,0,NOC_NPS_VNOC_X3Y1,VNOC,data_vc,0,5,1
4659000,4659,1,NOC_NPS_VNOC_X3Y0,VNOC,credit,1,-1,1
4659000,4659,1,NOC_NPS_VNOC_X3Y0,VNOC,data_vc,1,5,1
4660000,4660,0,NOC_NPS_VNOC_X3Y1,VNOC,credit,0,-1,1
4660000,4660,0,NOC_NPS_VNOC_X3Y1,VNOC,data_vc,0,5,1
4660000,4660,1,NOC_NPS_VNOC_X3Y0,VNOC,credit,1,-1,1
4660000,4660,1,NOC_NPS_VNOC_X3Y0,VNOC,data_vc,1,5,1
4661000,4661,0,NOC_NPS_VNOC_X3Y1,VNOC,credit,0,-1,1
4661000,4661,0,NOC_NPS_VNOC_X3Y1,VNOC,data_vc,0,5,1
4661000,4661,1,NOC_NPS_VNOC_X3Y0,VNOC,credit,1,-1,1
4661000,4661,1,NOC_NPS_VNOC_X3Y0,VNOC,data_vc,1,5,1
4662000,4662,0,NOC_NPS_VNOC_X3Y1,VNOC,credit,0,-1,1
4662000,4662,0,NOC_NPS_VNOC_X3Y1,VNOC,data_vc,0,5,1
4662000,4662,1,NOC_NPS_VNOC_X3Y0,VNOC,credit,1,-1,1
4662000,4662,1,NOC_NPS_VNOC_X3Y0,VNOC,data_vc,1,5,1
4663000,4663,0,NOC_NPS_VNOC_X3Y1,VNOC,credit,0,-1,1
4663000,4663,0,NOC_NPS_VNOC_X3Y1,VNOC,data_vc,0,5,1
4663000,4663,1,NOC_NPS_VNOC_X3Y0,VNOC,credit,1,-1,1
4663000,4663,1,NOC_NPS_VNOC_X3Y0,VNOC,data_vc,1,5,1
4664000,4664,0,NOC_NPS_VNOC_X3Y1,VNOC,credit,0,-1,1
4664000,4664,0,NOC_NPS_VNOC_X3Y1,VNOC,data_vc,0,5,1
4664000,4664,1,NOC_NPS_VNOC_X3Y0,VNOC,credit,1,-1,1
4664000,4664,1,NOC_NPS_VNOC_X3Y0,VNOC,data_vc,1,5,1
4665000,4665,0,NOC_NPS_VNOC_X3Y1,VNOC,credit,0,-1,1
4665000,4665,0,NOC_NPS_VNOC_X3Y1,VNOC,data_vc,0,5,1
4665000,4665,1,NOC_NPS_VNOC_X3Y0,VNOC,credit,1,-1,1
4665000,4665,1,NOC_NPS_VNOC_X3Y0,VNOC,data_vc,1,5,1
4666000,4666,0,NOC_NPS_VNOC_X3Y1,VNOC,credit,0,-1,1
4666000,4666,0,NOC_NPS_VNOC_X3Y1,VNOC,data_vc,0,5,1
4666000,4666,1,NOC_NPS_VNOC_X3Y0,VNOC,credit,1,-1,1
4666000,4666,1,NOC_NPS_VNOC_X3Y0,VNOC,data_vc,1,5,1
4667000,4667,0,NOC_NPS_VNOC_X3Y1,VNOC,credit,0,-1,1
4667000,4667,0,NOC_NPS_VNOC_X3Y1,VNOC,data_vc,0,5,1
4667000,4667,1,NOC_NPS_VNOC_X3Y0,VNOC,credit,1,-1,1
4667000,4667,1,NOC_NPS_VNOC_X3Y0,VNOC,data_vc,1,5,1
4668000,4668,0,NOC_NPS_VNOC_X3Y1,VNOC,credit,0,-1,1
4668000,4668,0,NOC_NPS_VNOC_X3Y1,VNOC,data_vc,0,5,1
4668000,4668,1,NOC_NPS_VNOC_X3Y0,VNOC,credit,1,-1,1
4668000,4668,1,NOC_NPS_VNOC_X3Y0,VNOC,data_vc,1,5,1
4669000,4669,0,NOC_NPS_VNOC_X3Y1,VNOC,credit,0,-1,1
4669000,4669,0,NOC_NPS_VNOC_X3Y1,VNOC,data_vc,0,5,1
4669000,4669,1,NOC_NPS_VNOC_X3Y0,VNOC,credit,1,-1,1
4669000,4669,1,NOC_NPS_VNOC_X3Y0,VNOC,data_vc,1,5,1
4670000,4670,0,NOC_NPS_VNOC_X3Y1,VNOC,credit,0,-1,1
4670000,4670,0,NOC_NPS_VNOC_X3Y1,VNOC,data_vc,0,5,1
4670000,4670,1,NOC_NPS_VNOC_X3Y0,VNOC,credit,1,-1,1
4670000,4670,1,NOC_NPS_VNOC_X3Y0,VNOC,data_vc,1,5,1
4671000,4671,0,NOC_NPS_VNOC_X3Y1,VNOC,credit,0,-1,1
4671000,4671,0,NOC_NPS_VNOC_X3Y1,VNOC,data_vc,0,5,1
4671000,4671,1,NOC_NPS_VNOC_X3Y0,VNOC,credit,1,-1,1
4671000,4671,1,NOC_NPS_VNOC_X3Y0,VNOC,data_vc,1,5,1
4672000,4672,0,NOC_NPS_VNOC_X3Y1,VNOC,credit,0,-1,1
4672000,4672,0,NOC_NPS_VNOC_X3Y1,VNOC,data_vc,0,5,1
4672000,4672,1,NOC_NPS_VNOC_X3Y0,VNOC,credit,1,-1,1
4672000,4672,1,NOC_NPS_VNOC_X3Y0,VNOC,data_vc,1,5,1
4673000,4673,0,NOC_NPS_VNOC_X3Y1,VNOC,credit,0,-1,1
4673000,4673,0,NOC_NPS_VNOC_X3Y1,VNOC,data_vc,0,5,1
4673000,4673,1,NOC_NPS_VNOC_X3Y0,VNOC,credit,1,-1,1
4673000,4673,1,NOC_NPS_VNOC_X3Y0,VNOC,data_vc,1,5,1
4674000,4674,0,NOC_NPS_VNOC_X3Y1,VNOC,credit,0,-1,1
4674000,4674,0,NOC_NPS_VNOC_X3Y1,VNOC,data_vc,0,5,1
4674000,4674,1,NOC_NPS_VNOC_X3Y0,VNOC,credit,1,-1,1
4674000,4674,1,NOC_NPS_VNOC_X3Y0,VNOC,data_vc,1,5,1
4675000,4675,0,NOC_NPS_VNOC_X3Y1,VNOC,credit,0,-1,1
4675000,4675,0,NOC_NPS_VNOC_X3Y1,VNOC,data_vc,0,5,1
4675000,4675,1,NOC_NPS_VNOC_X3Y0,VNOC,credit,1,-1,1
4675000,4675,1,NOC_NPS_VNOC_X3Y0,VNOC,data_vc,1,5,1
4676000,4676,0,NOC_NPS_VNOC_X3Y1,VNOC,credit,0,-1,1
4676000,4676,0,NOC_NPS_VNOC_X3Y1,VNOC,data_vc,0,5,1
4676000,4676,1,NOC_NPS_VNOC_X3Y0,VNOC,credit,1,-1,1
4676000,4676,1,NOC_NPS_VNOC_X3Y0,VNOC,data_vc,1,5,1
4677000,4677,0,NOC_NPS_VNOC_X3Y1,VNOC,credit,0,-1,1
4677000,4677,0,NOC_NPS_VNOC_X3Y1,VNOC,data_vc,0,5,1
4677000,4677,1,NOC_NPS_VNOC_X3Y0,VNOC,credit,1,-1,1
4677000,4677,1,NOC_NPS_VNOC_X3Y0,VNOC,data_vc,1,5,1
4678000,4678,0,NOC_NPS_VNOC_X3Y1,VNOC,credit,0,-1,1
4678000,4678,0,NOC_NPS_VNOC_X3Y1,VNOC,data_vc,0,5,1
4678000,4678,1,NOC_NPS_VNOC_X3Y0,VNOC,credit,1,-1,1
4678000,4678,1,NOC_NPS_VNOC_X3Y0,VNOC,data_vc,1,5,1
4679000,4679,0,NOC_NPS_VNOC_X3Y1,VNOC,credit,0,-1,1
4679000,4679,0,NOC_NPS_VNOC_X3Y1,VNOC,data_vc,0,5,1
4679000,4679,1,NOC_NPS_VNOC_X3Y0,VNOC,credit,1,-1,1
4679000,4679,1,NOC_NPS_VNOC_X3Y0,VNOC,data_vc,1,5,1
4680000,4680,0,NOC_NPS_VNOC_X3Y1,VNOC,credit,0,-1,1
4680000,4680,0,NOC_NPS_VNOC_X3Y1,VNOC,data_vc,0,5,1
4680000,4680,1,NOC_NPS_VNOC_X3Y0,VNOC,credit,1,-1,1
4680000,4680,1,NOC_NPS_VNOC_X3Y0,VNOC,data_vc,1,5,1
4681000,4681,0,NOC_NPS_VNOC_X3Y1,VNOC,credit,0,-1,1
4681000,4681,0,NOC_NPS_VNOC_X3Y1,VNOC,data_vc,0,5,1
4681000,4681,1,NOC_NPS_VNOC_X3Y0,VNOC,credit,1,-1,1
4681000,4681,1,NOC_NPS_VNOC_X3Y0,VNOC,data_vc,1,5,1
4682000,4682,0,NOC_NPS_VNOC_X3Y1,VNOC,credit,0,-1,1
4682000,4682,0,NOC_NPS_VNOC_X3Y1,VNOC,data_vc,0,5,1
4682000,4682,1,NOC_NPS_VNOC_X3Y0,VNOC,credit,1,-1,1
4682000,4682,1,NOC_NPS_VNOC_X3Y0,VNOC,data_vc,1,5,1
4683000,4683,0,NOC_NPS_VNOC_X3Y1,VNOC,credit,0,-1,1
4683000,4683,0,NOC_NPS_VNOC_X3Y1,VNOC,data_vc,0,5,1
4683000,4683,1,NOC_NPS_VNOC_X3Y0,VNOC,credit,1,-1,1
4683000,4683,1,NOC_NPS_VNOC_X3Y0,VNOC,data_vc,1,5,1
4684000,4684,0,NOC_NPS_VNOC_X3Y1,VNOC,credit,0,-1,1
4684000,4684,0,NOC_NPS_VNOC_X3Y1,VNOC,data_vc,0,5,1
4684000,4684,1,NOC_NPS_VNOC_X3Y0,VNOC,credit,1,-1,1
4684000,4684,1,NOC_NPS_VNOC_X3Y0,VNOC,data_vc,1,5,1
4685000,4685,0,NOC_NPS_VNOC_X3Y1,VNOC,credit,0,-1,1
4685000,4685,0,NOC_NPS_VNOC_X3Y1,VNOC,data_vc,0,5,1
4685000,4685,1,NOC_NPS_VNOC_X3Y0,VNOC,credit,1,-1,1
4685000,4685,1,NOC_NPS_VNOC_X3Y0,VNOC,data_vc,1,5,1
4686000,4686,0,NOC_NPS_VNOC_X3Y1,VNOC,credit,0,-1,1
4686000,4686,0,NOC_NPS_VNOC_X3Y1,VNOC,data_vc,0,5,1
4686000,4686,1,NOC_NPS_VNOC_X3Y0,VNOC,credit,1,-1,1
4686000,4686,1,NOC_NPS_VNOC_X3Y0,VNOC,data_vc,1,5,1
4687000,4687,0,NOC_NPS_VNOC_X3Y1,VNOC,credit,0,-1,1
4687000,4687,0,NOC_NPS_VNOC_X3Y1,VNOC,data_vc,0,5,1
4687000,4687,1,NOC_NPS_VNOC_X3Y0,VNOC,credit,1,-1,1
4687000,4687,1,NOC_NPS_VNOC_X3Y0,VNOC,data_vc,1,5,1
4688000,4688,0,NOC_NPS_VNOC_X3Y1,VNOC,credit,0,-1,1
4688000,4688,0,NOC_NPS_VNOC_X3Y1,VNOC,data_vc,0,5,1
4688000,4688,1,NOC_NPS_VNOC_X3Y0,VNOC,credit,1,-1,1
4688000,4688,1,NOC_NPS_VNOC_X3Y0,VNOC,data_vc,1,5,1
4689000,4689,0,NOC_NPS_VNOC_X3Y1,VNOC,credit,0,-1,1
4689000,4689,0,NOC_NPS_VNOC_X3Y1,VNOC,data_vc,0,5,1
4689000,4689,1,NOC_NPS_VNOC_X3Y0,VNOC,credit,1,-1,1
4689000,4689,1,NOC_NPS_VNOC_X3Y0,VNOC,data_vc,1,5,1
4690000,4690,0,NOC_NPS_VNOC_X3Y1,VNOC,credit,0,-1,1
4690000,4690,0,NOC_NPS_VNOC_X3Y1,VNOC,data_vc,0,5,1
4690000,4690,1,NOC_NPS_VNOC_X3Y0,VNOC,credit,1,-1,1
4690000,4690,1,NOC_NPS_VNOC_X3Y0,VNOC,data_vc,1,5,1
4691000,4691,0,NOC_NPS_VNOC_X3Y1,VNOC,credit,0,-1,1
4691000,4691,0,NOC_NPS_VNOC_X3Y1,VNOC,data_vc,0,5,1
4691000,4691,1,NOC_NPS_VNOC_X3Y0,VNOC,credit,1,-1,1
4691000,4691,1,NOC_NPS_VNOC_X3Y0,VNOC,data_vc,1,5,1
4692000,4692,0,NOC_NPS_VNOC_X3Y1,VNOC,credit,0,-1,1
4692000,4692,0,NOC_NPS_VNOC_X3Y1,VNOC,data_vc,0,5,1
4692000,4692,1,NOC_NPS_VNOC_X3Y0,VNOC,credit,1,-1,1
4692000,4692,1,NOC_NPS_VNOC_X3Y0,VNOC,data_vc,1,5,1
4693000,4693,0,NOC_NPS_VNOC_X3Y1,VNOC,credit,0,-1,1
4693000,4693,0,NOC_NPS_VNOC_X3Y1,VNOC,data_vc,0,5,1
4693000,4693,1,NOC_NPS_VNOC_X3Y0,VNOC,credit,1,-1,1
4693000,4693,1,NOC_NPS_VNOC_X3Y0,VNOC,data_vc,1,5,1
4694000,4694,0,NOC_NPS_VNOC_X3Y1,VNOC,credit,0,-1,1
4694000,4694,0,NOC_NPS_VNOC_X3Y1,VNOC,data_vc,0,5,1
4694000,4694,1,NOC_NPS_VNOC_X3Y0,VNOC,credit,1,-1,1
4694000,4694,1,NOC_NPS_VNOC_X3Y0,VNOC,data_vc,1,5,1
4695000,4695,0,NOC_NPS_VNOC_X3Y1,VNOC,credit,0,-1,1
4695000,4695,0,NOC_NPS_VNOC_X3Y1,VNOC,data_vc,0,5,1
4695000,4695,1,NOC_NPS_VNOC_X3Y0,VNOC,credit,1,-1,1
4695000,4695,1,NOC_NPS_VNOC_X3Y0,VNOC,data_vc,1,5,1
4696000,4696,0,NOC_NPS_VNOC_X3Y1,VNOC,credit,0,-1,1
4696000,4696,0,NOC_NPS_VNOC_X3Y1,VNOC,data_vc,0,5,1
4696000,4696,1,NOC_NPS_VNOC_X3Y0,VNOC,credit,1,-1,1
4696000,4696,1,NOC_NPS_VNOC_X3Y0,VNOC,data_vc,1,5,1
4697000,4697,0,NOC_NPS_VNOC_X3Y1,VNOC,credit,0,-1,1
4697000,4697,0,NOC_NPS_VNOC_X3Y1,VNOC,data_vc,0,5,1
4697000,4697,1,NOC_NPS_VNOC_X3Y0,VNOC,credit,1,-1,1
4697000,4697,1,NOC_NPS_VNOC_X3Y0,VNOC,data_vc,1,5,1
4698000,4698,0,NOC_NPS_VNOC_X3Y1,VNOC,credit,0,-1,1
4698000,4698,0,NOC_NPS_VNOC_X3Y1,VNOC,data_vc,0,5,1
4698000,4698,1,NOC_NPS_VNOC_X3Y0,VNOC,credit,1,-1,1
4698000,4698,1,NOC_NPS_VNOC_X3Y0,VNOC,data_vc,1,5,1
4699000,4699,0,NOC_NPS_VNOC_X3Y1,VNOC,credit,0,-1,1
4699000,4699,0,NOC_NPS_VNOC_X3Y1,VNOC,data_vc,0,5,1
4699000,4699,1,NOC_NPS_VNOC_X3Y0,VNOC,credit,1,-1,1
4699000,4699,1,NOC_NPS_VNOC_X3Y0,VNOC,data_vc,1,5,1
4700000,4700,0,NOC_NPS_VNOC_X3Y1,VNOC,credit,0,-1,1
4700000,4700,0,NOC_NPS_VNOC_X3Y1,VNOC,data_vc,0,5,1
4700000,4700,1,NOC_NPS_VNOC_X3Y0,VNOC,credit,1,-1,1
4700000,4700,1,NOC_NPS_VNOC_X3Y0,VNOC,data_vc,1,5,1
4701000,4701,0,NOC_NPS_VNOC_X3Y1,VNOC,credit,0,-1,1
4701000,4701,0,NOC_NPS_VNOC_X3Y1,VNOC,data_vc,0,5,1
4701000,4701,1,NOC_NPS_VNOC_X3Y0,VNOC,credit,1,-1,1
4701000,4701,1,NOC_NPS_VNOC_X3Y0,VNOC,data_vc,1,5,1
4702000,4702,0,NOC_NPS_VNOC_X3Y1,VNOC,credit,0,-1,1
4702000,4702,0,NOC_NPS_VNOC_X3Y1,VNOC,data_vc,0,5,1
4702000,4702,1,NOC_NPS_VNOC_X3Y0,VNOC,credit,1,-1,1
4702000,4702,1,NOC_NPS_VNOC_X3Y0,VNOC,data_vc,1,5,1
4703000,4703,0,NOC_NPS_VNOC_X3Y1,VNOC,credit,0,-1,1
4703000,4703,0,NOC_NPS_VNOC_X3Y1,VNOC,data_vc,0,5,1
4703000,4703,1,NOC_NPS_VNOC_X3Y0,VNOC,credit,1,-1,1
4703000,4703,1,NOC_NPS_VNOC_X3Y0,VNOC,data_vc,1,5,1
4704000,4704,0,NOC_NPS_VNOC_X3Y1,VNOC,credit,0,-1,1
4704000,4704,0,NOC_NPS_VNOC_X3Y1,VNOC,data_vc,0,5,1
4704000,4704,1,NOC_NPS_VNOC_X3Y0,VNOC,credit,1,-1,1
4704000,4704,1,NOC_NPS_VNOC_X3Y0,VNOC,data_vc,1,5,1
4705000,4705,0,NOC_NPS_VNOC_X3Y1,VNOC,credit,0,-1,1
4705000,4705,0,NOC_NPS_VNOC_X3Y1,VNOC,data_vc,0,5,1
4705000,4705,1,NOC_NPS_VNOC_X3Y0,VNOC,credit,1,-1,1
4705000,4705,1,NOC_NPS_VNOC_X3Y0,VNOC,data_vc,1,5,1
4706000,4706,0,NOC_NPS_VNOC_X3Y1,VNOC,credit,0,-1,1
4706000,4706,0,NOC_NPS_VNOC_X3Y1,VNOC,data_vc,0,5,1
4706000,4706,1,NOC_NPS_VNOC_X3Y0,VNOC,credit,1,-1,1
4706000,4706,1,NOC_NPS_VNOC_X3Y0,VNOC,data_vc,1,5,1
4707000,4707,0,NOC_NPS_VNOC_X3Y1,VNOC,credit,0,-1,1
4707000,4707,0,NOC_NPS_VNOC_X3Y1,VNOC,data_vc,0,5,1
4707000,4707,1,NOC_NPS_VNOC_X3Y0,VNOC,credit,1,-1,1
4707000,4707,1,NOC_NPS_VNOC_X3Y0,VNOC,data_vc,1,5,1
4708000,4708,0,NOC_NPS_VNOC_X3Y1,VNOC,credit,0,-1,1
4708000,4708,0,NOC_NPS_VNOC_X3Y1,VNOC,data_vc,0,5,1
4708000,4708,1,NOC_NPS_VNOC_X3Y0,VNOC,credit,1,-1,1
4708000,4708,1,NOC_NPS_VNOC_X3Y0,VNOC,data_vc,1,5,1
4709000,4709,0,NOC_NPS_VNOC_X3Y1,VNOC,credit,0,-1,1
4709000,4709,0,NOC_NPS_VNOC_X3Y1,VNOC,data_vc,0,5,1
4709000,4709,1,NOC_NPS_VNOC_X3Y0,VNOC,credit,1,-1,1
4709000,4709,1,NOC_NPS_VNOC_X3Y0,VNOC,data_vc,1,5,1
4710000,4710,0,NOC_NPS_VNOC_X3Y1,VNOC,credit,0,-1,1
4710000,4710,0,NOC_NPS_VNOC_X3Y1,VNOC,data_vc,0,5,1
4710000,4710,1,NOC_NPS_VNOC_X3Y0,VNOC,credit,1,-1,1
4710000,4710,1,NOC_NPS_VNOC_X3Y0,VNOC,data_vc,1,5,1
4711000,4711,0,NOC_NPS_VNOC_X3Y1,VNOC,credit,0,-1,1
4711000,4711,0,NOC_NPS_VNOC_X3Y1,VNOC,data_vc,0,5,1
4711000,4711,1,NOC_NPS_VNOC_X3Y0,VNOC,credit,1,-1,1
4711000,4711,1,NOC_NPS_VNOC_X3Y0,VNOC,data_vc,1,5,1
4712000,4712,0,NOC_NPS_VNOC_X3Y1,VNOC,credit,0,-1,1
4712000,4712,0,NOC_NPS_VNOC_X3Y1,VNOC,data_vc,0,5,1
4712000,4712,1,NOC_NPS_VNOC_X3Y0,VNOC,credit,1,-1,1
4712000,4712,1,NOC_NPS_VNOC_X3Y0,VNOC,data_vc,1,5,1
4713000,4713,0,NOC_NPS_VNOC_X3Y1,VNOC,credit,0,-1,1
4713000,4713,0,NOC_NPS_VNOC_X3Y1,VNOC,data_vc,0,5,1
4713000,4713,1,NOC_NPS_VNOC_X3Y0,VNOC,credit,1,-1,1
4713000,4713,1,NOC_NPS_VNOC_X3Y0,VNOC,data_vc,1,5,1
4714000,4714,0,NOC_NPS_VNOC_X3Y1,VNOC,credit,0,-1,1
4714000,4714,0,NOC_NPS_VNOC_X3Y1,VNOC,data_vc,0,5,1
4714000,4714,1,NOC_NPS_VNOC_X3Y0,VNOC,credit,1,-1,1
4714000,4714,1,NOC_NPS_VNOC_X3Y0,VNOC,data_vc,1,5,1
4715000,4715,0,NOC_NPS_VNOC_X3Y1,VNOC,credit,0,-1,1
4715000,4715,0,NOC_NPS_VNOC_X3Y1,VNOC,data_vc,0,5,1
4715000,4715,1,NOC_NPS_VNOC_X3Y0,VNOC,credit,1,-1,1
4715000,4715,1,NOC_NPS_VNOC_X3Y0,VNOC,data_vc,1,5,1
4716000,4716,0,NOC_NPS_VNOC_X3Y1,VNOC,credit,0,-1,1
4716000,4716,0,NOC_NPS_VNOC_X3Y1,VNOC,data_vc,0,5,1
4716000,4716,1,NOC_NPS_VNOC_X3Y0,VNOC,credit,1,-1,1
4716000,4716,1,NOC_NPS_VNOC_X3Y0,VNOC,data_vc,1,5,1
4717000,4717,0,NOC_NPS_VNOC_X3Y1,VNOC,credit,0,-1,1
4717000,4717,0,NOC_NPS_VNOC_X3Y1,VNOC,data_vc,0,5,1
4717000,4717,1,NOC_NPS_VNOC_X3Y0,VNOC,credit,1,-1,1
4717000,4717,1,NOC_NPS_VNOC_X3Y0,VNOC,data_vc,1,5,1
4718000,4718,0,NOC_NPS_VNOC_X3Y1,VNOC,credit,0,-1,1
4718000,4718,0,NOC_NPS_VNOC_X3Y1,VNOC,data_vc,0,5,1
4718000,4718,1,NOC_NPS_VNOC_X3Y0,VNOC,credit,1,-1,1
4718000,4718,1,NOC_NPS_VNOC_X3Y0,VNOC,data_vc,1,5,1
4719000,4719,0,NOC_NPS_VNOC_X3Y1,VNOC,credit,0,-1,1
4719000,4719,0,NOC_NPS_VNOC_X3Y1,VNOC,data_vc,0,5,1
4719000,4719,1,NOC_NPS_VNOC_X3Y0,VNOC,credit,1,-1,1
4719000,4719,1,NOC_NPS_VNOC_X3Y0,VNOC,data_vc,1,5,1
4720000,4720,0,NOC_NPS_VNOC_X3Y1,VNOC,credit,0,-1,1
4720000,4720,0,NOC_NPS_VNOC_X3Y1,VNOC,data_vc,0,5,1
4720000,4720,1,NOC_NPS_VNOC_X3Y0,VNOC,credit,1,-1,1
4720000,4720,1,NOC_NPS_VNOC_X3Y0,VNOC,data_vc,1,5,1
4721000,4721,0,NOC_NPS_VNOC_X3Y1,VNOC,credit,0,-1,1
4721000,4721,0,NOC_NPS_VNOC_X3Y1,VNOC,data_vc,0,5,1
4721000,4721,1,NOC_NPS_VNOC_X3Y0,VNOC,credit,1,-1,1
4721000,4721,1,NOC_NPS_VNOC_X3Y0,VNOC,data_vc,1,5,1
4722000,4722,0,NOC_NPS_VNOC_X3Y1,VNOC,credit,0,-1,1
4722000,4722,0,NOC_NPS_VNOC_X3Y1,VNOC,data_vc,0,5,1
4722000,4722,1,NOC_NPS_VNOC_X3Y0,VNOC,credit,1,-1,1
4722000,4722,1,NOC_NPS_VNOC_X3Y0,VNOC,data_vc,1,5,1
4723000,4723,0,NOC_NPS_VNOC_X3Y1,VNOC,credit,0,-1,1
4723000,4723,0,NOC_NPS_VNOC_X3Y1,VNOC,data_vc,0,5,1
4723000,4723,1,NOC_NPS_VNOC_X3Y0,VNOC,credit,1,-1,1
4723000,4723,1,NOC_NPS_VNOC_X3Y0,VNOC,data_vc,1,5,1
4724000,4724,0,NOC_NPS_VNOC_X3Y1,VNOC,credit,0,-1,1
4724000,4724,0,NOC_NPS_VNOC_X3Y1,VNOC,data_vc,0,5,1
4724000,4724,1,NOC_NPS_VNOC_X3Y0,VNOC,credit,1,-1,1
4724000,4724,1,NOC_NPS_VNOC_X3Y0,VNOC,data_vc,1,5,1
4725000,4725,0,NOC_NPS_VNOC_X3Y1,VNOC,credit,0,-1,1
4725000,4725,0,NOC_NPS_VNOC_X3Y1,VNOC,data_vc,0,5,1
4725000,4725,1,NOC_NPS_VNOC_X3Y0,VNOC,credit,1,-1,1
4725000,4725,1,NOC_NPS_VNOC_X3Y0,VNOC,data_vc,1,5,1
4726000,4726,0,NOC_NPS_VNOC_X3Y1,VNOC,credit,0,-1,1
4726000,4726,0,NOC_NPS_VNOC_X3Y1,VNOC,data_vc,0,5,1
4726000,4726,1,NOC_NPS_VNOC_X3Y0,VNOC,credit,1,-1,1
4726000,4726,1,NOC_NPS_VNOC_X3Y0,VNOC,data_vc,1,5,1
4727000,4727,0,NOC_NPS_VNOC_X3Y1,VNOC,credit,0,-1,1
4727000,4727,0,NOC_NPS_VNOC_X3Y1,VNOC,data_vc,0,5,1
4727000,4727,1,NOC_NPS_VNOC_X3Y0,VNOC,credit,1,-1,1
4727000,4727,1,NOC_NPS_VNOC_X3Y0,VNOC,data_vc,1,5,1
4728000,4728,0,NOC_NPS_VNOC_X3Y1,VNOC,credit,0,-1,1
4728000,4728,0,NOC_NPS_VNOC_X3Y1,VNOC,data_vc,0,5,1
4728000,4728,1,NOC_NPS_VNOC_X3Y0,VNOC,credit,1,-1,1
4728000,4728,1,NOC_NPS_VNOC_X3Y0,VNOC,data_vc,1,5,1
4729000,4729,0,NOC_NPS_VNOC_X3Y1,VNOC,credit,0,-1,1
4729000,4729,0,NOC_NPS_VNOC_X3Y1,VNOC,data_vc,0,5,1
4729000,4729,1,NOC_NPS_VNOC_X3Y0,VNOC,credit,1,-1,1
4729000,4729,1,NOC_NPS_VNOC_X3Y0,VNOC,data_vc,1,5,1
4730000,4730,0,NOC_NPS_VNOC_X3Y1,VNOC,credit,0,-1,1
4730000,4730,0,NOC_NPS_VNOC_X3Y1,VNOC,data_vc,0,5,1
4730000,4730,1,NOC_NPS_VNOC_X3Y0,VNOC,credit,1,-1,1
4730000,4730,1,NOC_NPS_VNOC_X3Y0,VNOC,data_vc,1,5,1
4731000,4731,0,NOC_NPS_VNOC_X3Y1,VNOC,credit,0,-1,1
4731000,4731,0,NOC_NPS_VNOC_X3Y1,VNOC,data_vc,0,5,1
4731000,4731,1,NOC_NPS_VNOC_X3Y0,VNOC,credit,1,-1,1
4731000,4731,1,NOC_NPS_VNOC_X3Y0,VNOC,data_vc,1,5,1
4732000,4732,0,NOC_NPS_VNOC_X3Y1,VNOC,credit,0,-1,1
4732000,4732,0,NOC_NPS_VNOC_X3Y1,VNOC,data_vc,0,5,1
4732000,4732,1,NOC_NPS_VNOC_X3Y0,VNOC,credit,1,-1,1
4732000,4732,1,NOC_NPS_VNOC_X3Y0,VNOC,data_vc,1,5,1
4733000,4733,0,NOC_NPS_VNOC_X3Y1,VNOC,credit,0,-1,1
4733000,4733,0,NOC_NPS_VNOC_X3Y1,VNOC,data_vc,0,5,1
4733000,4733,1,NOC_NPS_VNOC_X3Y0,VNOC,credit,1,-1,1
4733000,4733,1,NOC_NPS_VNOC_X3Y0,VNOC,data_vc,1,5,1
4734000,4734,0,NOC_NPS_VNOC_X3Y1,VNOC,credit,0,-1,1
4734000,4734,0,NOC_NPS_VNOC_X3Y1,VNOC,data_vc,0,5,1
4734000,4734,1,NOC_NPS_VNOC_X3Y0,VNOC,credit,1,-1,1
4734000,4734,1,NOC_NPS_VNOC_X3Y0,VNOC,data_vc,1,5,1
4735000,4735,0,NOC_NPS_VNOC_X3Y1,VNOC,credit,0,-1,1
4735000,4735,0,NOC_NPS_VNOC_X3Y1,VNOC,data_vc,0,5,1
4735000,4735,1,NOC_NPS_VNOC_X3Y0,VNOC,credit,1,-1,1
4735000,4735,1,NOC_NPS_VNOC_X3Y0,VNOC,data_vc,1,5,1
4736000,4736,0,NOC_NPS_VNOC_X3Y1,VNOC,credit,0,-1,1
4736000,4736,0,NOC_NPS_VNOC_X3Y1,VNOC,data_vc,0,5,1
4736000,4736,1,NOC_NPS_VNOC_X3Y0,VNOC,credit,1,-1,1
4736000,4736,1,NOC_NPS_VNOC_X3Y0,VNOC,data_vc,1,5,1
4737000,4737,0,NOC_NPS_VNOC_X3Y1,VNOC,credit,0,-1,1
4737000,4737,0,NOC_NPS_VNOC_X3Y1,VNOC,data_vc,0,5,1
4737000,4737,1,NOC_NPS_VNOC_X3Y0,VNOC,credit,1,-1,1
4737000,4737,1,NOC_NPS_VNOC_X3Y0,VNOC,data_vc,1,5,1
4738000,4738,0,NOC_NPS_VNOC_X3Y1,VNOC,credit,0,-1,1
4738000,4738,0,NOC_NPS_VNOC_X3Y1,VNOC,data_vc,0,5,1
4738000,4738,1,NOC_NPS_VNOC_X3Y0,VNOC,credit,1,-1,1
4738000,4738,1,NOC_NPS_VNOC_X3Y0,VNOC,data_vc,1,5,1
4739000,4739,0,NOC_NPS_VNOC_X3Y1,VNOC,credit,0,-1,1
4739000,4739,0,NOC_NPS_VNOC_X3Y1,VNOC,data_vc,0,5,1
4739000,4739,1,NOC_NPS_VNOC_X3Y0,VNOC,credit,1,-1,1
4739000,4739,1,NOC_NPS_VNOC_X3Y0,VNOC,data_vc,1,5,1
4740000,4740,0,NOC_NPS_VNOC_X3Y1,VNOC,credit,0,-1,1
4740000,4740,0,NOC_NPS_VNOC_X3Y1,VNOC,data_vc,0,5,1
4740000,4740,1,NOC_NPS_VNOC_X3Y0,VNOC,credit,1,-1,1
4740000,4740,1,NOC_NPS_VNOC_X3Y0,VNOC,data_vc,1,5,1
4741000,4741,0,NOC_NPS_VNOC_X3Y1,VNOC,credit,0,-1,1
4741000,4741,0,NOC_NPS_VNOC_X3Y1,VNOC,data_vc,0,5,1
4741000,4741,1,NOC_NPS_VNOC_X3Y0,VNOC,credit,1,-1,1
4741000,4741,1,NOC_NPS_VNOC_X3Y0,VNOC,data_vc,1,5,1
4742000,4742,0,NOC_NPS_VNOC_X3Y1,VNOC,credit,0,-1,1
4742000,4742,0,NOC_NPS_VNOC_X3Y1,VNOC,data_vc,0,5,1
4742000,4742,1,NOC_NPS_VNOC_X3Y0,VNOC,credit,1,-1,1
4742000,4742,1,NOC_NPS_VNOC_X3Y0,VNOC,data_vc,1,5,1
4743000,4743,0,NOC_NPS_VNOC_X3Y1,VNOC,credit,0,-1,1
4743000,4743,0,NOC_NPS_VNOC_X3Y1,VNOC,data_vc,0,5,1
4743000,4743,1,NOC_NPS_VNOC_X3Y0,VNOC,credit,1,-1,1
4743000,4743,1,NOC_NPS_VNOC_X3Y0,VNOC,data_vc,1,5,1
4744000,4744,0,NOC_NPS_VNOC_X3Y1,VNOC,credit,0,-1,1
4744000,4744,0,NOC_NPS_VNOC_X3Y1,VNOC,data_vc,0,5,1
4744000,4744,1,NOC_NPS_VNOC_X3Y0,VNOC,credit,1,-1,1
4744000,4744,1,NOC_NPS_VNOC_X3Y0,VNOC,data_vc,1,5,1
4745000,4745,0,NOC_NPS_VNOC_X3Y1,VNOC,credit,0,-1,1
4745000,4745,0,NOC_NPS_VNOC_X3Y1,VNOC,data_vc,0,5,1
4745000,4745,1,NOC_NPS_VNOC_X3Y0,VNOC,credit,1,-1,1
4745000,4745,1,NOC_NPS_VNOC_X3Y0,VNOC,data_vc,1,5,1
4746000,4746,0,NOC_NPS_VNOC_X3Y1,VNOC,credit,0,-1,1
4746000,4746,0,NOC_NPS_VNOC_X3Y1,VNOC,data_vc,0,5,1
4746000,4746,1,NOC_NPS_VNOC_X3Y0,VNOC,credit,1,-1,1
4746000,4746,1,NOC_NPS_VNOC_X3Y0,VNOC,data_vc,1,5,1
4747000,4747,0,NOC_NPS_VNOC_X3Y1,VNOC,credit,0,-1,1
4747000,4747,0,NOC_NPS_VNOC_X3Y1,VNOC,data_vc,0,5,1
4747000,4747,1,NOC_NPS_VNOC_X3Y0,VNOC,credit,1,-1,1
4747000,4747,1,NOC_NPS_VNOC_X3Y0,VNOC,data_vc,1,5,1
4748000,4748,0,NOC_NPS_VNOC_X3Y1,VNOC,credit,0,-1,1
4748000,4748,0,NOC_NPS_VNOC_X3Y1,VNOC,data_vc,0,5,1
4748000,4748,1,NOC_NPS_VNOC_X3Y0,VNOC,credit,1,-1,1
4748000,4748,1,NOC_NPS_VNOC_X3Y0,VNOC,data_vc,1,5,1
4749000,4749,0,NOC_NPS_VNOC_X3Y1,VNOC,credit,0,-1,1
4749000,4749,0,NOC_NPS_VNOC_X3Y1,VNOC,data_vc,0,5,1
4749000,4749,1,NOC_NPS_VNOC_X3Y0,VNOC,credit,1,-1,1
4749000,4749,1,NOC_NPS_VNOC_X3Y0,VNOC,data_vc,1,5,1
4750000,4750,0,NOC_NPS_VNOC_X3Y1,VNOC,credit,0,-1,1
4750000,4750,0,NOC_NPS_VNOC_X3Y1,VNOC,data_vc,0,5,1
4750000,4750,1,NOC_NPS_VNOC_X3Y0,VNOC,credit,1,-1,1
4750000,4750,1,NOC_NPS_VNOC_X3Y0,VNOC,data_vc,1,5,1
4751000,4751,0,NOC_NPS_VNOC_X3Y1,VNOC,credit,0,-1,1
4751000,4751,0,NOC_NPS_VNOC_X3Y1,VNOC,data_vc,0,5,1
4751000,4751,1,NOC_NPS_VNOC_X3Y0,VNOC,credit,1,-1,1
4751000,4751,1,NOC_NPS_VNOC_X3Y0,VNOC,data_vc,1,5,1
4752000,4752,0,NOC_NPS_VNOC_X3Y1,VNOC,credit,0,-1,1
4752000,4752,0,NOC_NPS_VNOC_X3Y1,VNOC,data_vc,0,5,1
4752000,4752,1,NOC_NPS_VNOC_X3Y0,VNOC,credit,1,-1,1
4752000,4752,1,NOC_NPS_VNOC_X3Y0,VNOC,data_vc,1,5,1
4753000,4753,0,NOC_NPS_VNOC_X3Y1,VNOC,credit,0,-1,1
4753000,4753,0,NOC_NPS_VNOC_X3Y1,VNOC,data_vc,0,5,1
4753000,4753,1,NOC_NPS_VNOC_X3Y0,VNOC,credit,1,-1,1
4753000,4753,1,NOC_NPS_VNOC_X3Y0,VNOC,data_vc,1,5,1
4754000,4754,0,NOC_NPS_VNOC_X3Y1,VNOC,credit,0,-1,1
4754000,4754,0,NOC_NPS_VNOC_X3Y1,VNOC,data_vc,0,5,1
4754000,4754,1,NOC_NPS_VNOC_X3Y0,VNOC,credit,1,-1,1
4754000,4754,1,NOC_NPS_VNOC_X3Y0,VNOC,data_vc,1,5,1
4755000,4755,0,NOC_NPS_VNOC_X3Y1,VNOC,credit,0,-1,1
4755000,4755,0,NOC_NPS_VNOC_X3Y1,VNOC,data_vc,0,5,1
4755000,4755,1,NOC_NPS_VNOC_X3Y0,VNOC,credit,1,-1,1
4755000,4755,1,NOC_NPS_VNOC_X3Y0,VNOC,data_vc,1,5,1
4756000,4756,0,NOC_NPS_VNOC_X3Y1,VNOC,credit,0,-1,1
4756000,4756,0,NOC_NPS_VNOC_X3Y1,VNOC,data_vc,0,5,1
4756000,4756,1,NOC_NPS_VNOC_X3Y0,VNOC,credit,1,-1,1
4756000,4756,1,NOC_NPS_VNOC_X3Y0,VNOC,data_vc,1,5,1
4757000,4757,0,NOC_NPS_VNOC_X3Y1,VNOC,credit,0,-1,1
4757000,4757,0,NOC_NPS_VNOC_X3Y1,VNOC,data_vc,0,5,1
4757000,4757,1,NOC_NPS_VNOC_X3Y0,VNOC,credit,1,-1,1
4757000,4757,1,NOC_NPS_VNOC_X3Y0,VNOC,data_vc,1,5,1
4758000,4758,0,NOC_NPS_VNOC_X3Y1,VNOC,credit,0,-1,1
4758000,4758,0,NOC_NPS_VNOC_X3Y1,VNOC,data_vc,0,5,1
4758000,4758,1,NOC_NPS_VNOC_X3Y0,VNOC,credit,1,-1,1
4758000,4758,1,NOC_NPS_VNOC_X3Y0,VNOC,data_vc,1,5,1
4759000,4759,0,NOC_NPS_VNOC_X3Y1,VNOC,credit,0,-1,1
4759000,4759,0,NOC_NPS_VNOC_X3Y1,VNOC,data_vc,0,5,1
4759000,4759,1,NOC_NPS_VNOC_X3Y0,VNOC,credit,1,-1,1
4759000,4759,1,NOC_NPS_VNOC_X3Y0,VNOC,data_vc,1,5,1
4760000,4760,0,NOC_NPS_VNOC_X3Y1,VNOC,credit,0,-1,1
4760000,4760,0,NOC_NPS_VNOC_X3Y1,VNOC,data_vc,0,5,1
4760000,4760,1,NOC_NPS_VNOC_X3Y0,VNOC,credit,1,-1,1
4760000,4760,1,NOC_NPS_VNOC_X3Y0,VNOC,data_vc,1,5,1
4761000,4761,0,NOC_NPS_VNOC_X3Y1,VNOC,credit,0,-1,1
4761000,4761,0,NOC_NPS_VNOC_X3Y1,VNOC,data_vc,0,5,1
4761000,4761,1,NOC_NPS_VNOC_X3Y0,VNOC,credit,1,-1,1
4761000,4761,1,NOC_NPS_VNOC_X3Y0,VNOC,data_vc,1,5,1
4762000,4762,0,NOC_NPS_VNOC_X3Y1,VNOC,credit,0,-1,1
4762000,4762,0,NOC_NPS_VNOC_X3Y1,VNOC,data_vc,0,5,1
4762000,4762,1,NOC_NPS_VNOC_X3Y0,VNOC,credit,1,-1,1
4762000,4762,1,NOC_NPS_VNOC_X3Y0,VNOC,data_vc,1,5,1
4763000,4763,0,NOC_NPS_VNOC_X3Y1,VNOC,credit,0,-1,1
4763000,4763,0,NOC_NPS_VNOC_X3Y1,VNOC,data_vc,0,5,1
4763000,4763,1,NOC_NPS_VNOC_X3Y0,VNOC,credit,1,-1,1
4763000,4763,1,NOC_NPS_VNOC_X3Y0,VNOC,data_vc,1,5,1
4764000,4764,0,NOC_NPS_VNOC_X3Y1,VNOC,credit,0,-1,1
4764000,4764,0,NOC_NPS_VNOC_X3Y1,VNOC,data_vc,0,5,1
4764000,4764,1,NOC_NPS_VNOC_X3Y0,VNOC,credit,1,-1,1
4764000,4764,1,NOC_NPS_VNOC_X3Y0,VNOC,data_vc,1,5,1
4765000,4765,0,NOC_NPS_VNOC_X3Y1,VNOC,credit,0,-1,1
4765000,4765,0,NOC_NPS_VNOC_X3Y1,VNOC,data_vc,0,5,1
4765000,4765,1,NOC_NPS_VNOC_X3Y0,VNOC,credit,1,-1,1
4765000,4765,1,NOC_NPS_VNOC_X3Y0,VNOC,data_vc,1,5,1
4766000,4766,0,NOC_NPS_VNOC_X3Y1,VNOC,credit,0,-1,1
4766000,4766,0,NOC_NPS_VNOC_X3Y1,VNOC,data_vc,0,5,1
4766000,4766,1,NOC_NPS_VNOC_X3Y0,VNOC,credit,1,-1,1
4766000,4766,1,NOC_NPS_VNOC_X3Y0,VNOC,data_vc,1,5,1
4767000,4767,0,NOC_NPS_VNOC_X3Y1,VNOC,credit,0,-1,1
4767000,4767,0,NOC_NPS_VNOC_X3Y1,VNOC,data_vc,0,5,1
4767000,4767,1,NOC_NPS_VNOC_X3Y0,VNOC,credit,1,-1,1
4767000,4767,1,NOC_NPS_VNOC_X3Y0,VNOC,data_vc,1,5,1
4768000,4768,0,NOC_NPS_VNOC_X3Y1,VNOC,credit,0,-1,1
4768000,4768,0,NOC_NPS_VNOC_X3Y1,VNOC,data_vc,0,5,1
4768000,4768,1,NOC_NPS_VNOC_X3Y0,VNOC,credit,1,-1,1
4768000,4768,1,NOC_NPS_VNOC_X3Y0,VNOC,data_vc,1,5,1
4769000,4769,0,NOC_NPS_VNOC_X3Y1,VNOC,credit,0,-1,1
4769000,4769,0,NOC_NPS_VNOC_X3Y1,VNOC,data_vc,0,5,1
4769000,4769,1,NOC_NPS_VNOC_X3Y0,VNOC,credit,1,-1,1
4769000,4769,1,NOC_NPS_VNOC_X3Y0,VNOC,data_vc,1,5,1
4770000,4770,0,NOC_NPS_VNOC_X3Y1,VNOC,credit,0,-1,1
4770000,4770,0,NOC_NPS_VNOC_X3Y1,VNOC,data_vc,0,5,1
4770000,4770,1,NOC_NPS_VNOC_X3Y0,VNOC,credit,1,-1,1
4770000,4770,1,NOC_NPS_VNOC_X3Y0,VNOC,data_vc,1,5,1
4771000,4771,0,NOC_NPS_VNOC_X3Y1,VNOC,credit,0,-1,1
4771000,4771,0,NOC_NPS_VNOC_X3Y1,VNOC,data_vc,0,5,1
4771000,4771,1,NOC_NPS_VNOC_X3Y0,VNOC,credit,1,-1,1
4771000,4771,1,NOC_NPS_VNOC_X3Y0,VNOC,data_vc,1,5,1
4772000,4772,0,NOC_NPS_VNOC_X3Y1,VNOC,credit,0,-1,1
4772000,4772,0,NOC_NPS_VNOC_X3Y1,VNOC,data_vc,0,5,1
4772000,4772,1,NOC_NPS_VNOC_X3Y0,VNOC,credit,1,-1,1
4772000,4772,1,NOC_NPS_VNOC_X3Y0,VNOC,data_vc,1,5,1
4773000,4773,0,NOC_NPS_VNOC_X3Y1,VNOC,credit,0,-1,1
4773000,4773,0,NOC_NPS_VNOC_X3Y1,VNOC,data_vc,0,5,1
4773000,4773,1,NOC_NPS_VNOC_X3Y0,VNOC,credit,1,-1,1
4773000,4773,1,NOC_NPS_VNOC_X3Y0,VNOC,data_vc,1,5,1
4774000,4774,0,NOC_NPS_VNOC_X3Y1,VNOC,credit,0,-1,1
4774000,4774,0,NOC_NPS_VNOC_X3Y1,VNOC,data_vc,0,5,1
4774000,4774,1,NOC_NPS_VNOC_X3Y0,VNOC,credit,1,-1,1
4774000,4774,1,NOC_NPS_VNOC_X3Y0,VNOC,data_vc,1,5,1
4775000,4775,0,NOC_NPS_VNOC_X3Y1,VNOC,credit,0,-1,1
4775000,4775,0,NOC_NPS_VNOC_X3Y1,VNOC,data_vc,0,5,1
4775000,4775,1,NOC_NPS_VNOC_X3Y0,VNOC,credit,1,-1,1
4775000,4775,1,NOC_NPS_VNOC_X3Y0,VNOC,data_vc,1,5,1
4776000,4776,0,NOC_NPS_VNOC_X3Y1,VNOC,credit,0,-1,1
4776000,4776,0,NOC_NPS_VNOC_X3Y1,VNOC,data_vc,0,5,1
4776000,4776,1,NOC_NPS_VNOC_X3Y0,VNOC,credit,1,-1,1
4776000,4776,1,NOC_NPS_VNOC_X3Y0,VNOC,data_vc,1,5,1
4777000,4777,0,NOC_NPS_VNOC_X3Y1,VNOC,credit,0,-1,1
4777000,4777,0,NOC_NPS_VNOC_X3Y1,VNOC,data_vc,0,5,1
4777000,4777,1,NOC_NPS_VNOC_X3Y0,VNOC,credit,1,-1,1
4777000,4777,1,NOC_NPS_VNOC_X3Y0,VNOC,data_vc,1,5,1
4778000,4778,0,NOC_NPS_VNOC_X3Y1,VNOC,credit,0,-1,1
4778000,4778,0,NOC_NPS_VNOC_X3Y1,VNOC,data_vc,0,5,1
4778000,4778,1,NOC_NPS_VNOC_X3Y0,VNOC,credit,1,-1,1
4778000,4778,1,NOC_NPS_VNOC_X3Y0,VNOC,data_vc,1,5,1
4779000,4779,0,NOC_NPS_VNOC_X3Y1,VNOC,credit,0,-1,1
4779000,4779,0,NOC_NPS_VNOC_X3Y1,VNOC,data_vc,0,5,1
4779000,4779,1,NOC_NPS_VNOC_X3Y0,VNOC,credit,1,-1,1
4779000,4779,1,NOC_NPS_VNOC_X3Y0,VNOC,data_vc,1,5,1
4780000,4780,0,NOC_NPS_VNOC_X3Y1,VNOC,credit,0,-1,1
4780000,4780,0,NOC_NPS_VNOC_X3Y1,VNOC,data_vc,0,5,1
4780000,4780,1,NOC_NPS_VNOC_X3Y0,VNOC,credit,1,-1,1
4780000,4780,1,NOC_NPS_VNOC_X3Y0,VNOC,data_vc,1,5,1
4781000,4781,0,NOC_NPS_VNOC_X3Y1,VNOC,credit,0,-1,1
4781000,4781,0,NOC_NPS_VNOC_X3Y1,VNOC,data_vc,0,5,1
4781000,4781,1,NOC_NPS_VNOC_X3Y0,VNOC,credit,1,-1,1
4781000,4781,1,NOC_NPS_VNOC_X3Y0,VNOC,data_vc,1,5,1
4782000,4782,0,NOC_NPS_VNOC_X3Y1,VNOC,credit,0,-1,1
4782000,4782,0,NOC_NPS_VNOC_X3Y1,VNOC,data_vc,0,5,1
4782000,4782,1,NOC_NPS_VNOC_X3Y0,VNOC,credit,1,-1,1
4782000,4782,1,NOC_NPS_VNOC_X3Y0,VNOC,data_vc,1,5,1
4783000,4783,0,NOC_NPS_VNOC_X3Y1,VNOC,credit,0,-1,1
4783000,4783,0,NOC_NPS_VNOC_X3Y1,VNOC,data_vc,0,5,1
4783000,4783,1,NOC_NPS_VNOC_X3Y0,VNOC,credit,1,-1,1
4783000,4783,1,NOC_NPS_VNOC_X3Y0,VNOC,data_vc,1,5,1
4784000,4784,0,NOC_NPS_VNOC_X3Y1,VNOC,credit,0,-1,1
4784000,4784,0,NOC_NPS_VNOC_X3Y1,VNOC,data_vc,0,5,1
4784000,4784,1,NOC_NPS_VNOC_X3Y0,VNOC,credit,1,-1,1
4784000,4784,1,NOC_NPS_VNOC_X3Y0,VNOC,data_vc,1,5,1
4785000,4785,0,NOC_NPS_VNOC_X3Y1,VNOC,credit,0,-1,1
4785000,4785,1,NOC_NPS_VNOC_X3Y0,VNOC,credit,1,-1,1
4785000,4785,1,NOC_NPS_VNOC_X3Y0,VNOC,data_vc,1,5,1
4786000,4786,0,NOC_NPS_VNOC_X3Y1,VNOC,credit,0,-1,1
4786000,4786,1,NOC_NPS_VNOC_X3Y0,VNOC,credit,1,-1,1
4786000,4786,1,NOC_NPS_VNOC_X3Y0,VNOC,data_vc,1,5,1
4787000,4787,1,NOC_NPS_VNOC_X3Y0,VNOC,credit,1,-1,1
4788000,4788,1,NOC_NPS_VNOC_X3Y0,VNOC,credit,1,-1,1
