Source,Target,SourcePort,TargetPort,Channel
NOC_NSU128_X0Y13,NOC_NPS7575_X0Y7,resp,port0_in,760
NOC_NSU128_X0Y13,NOC_NPS7575_X0Y7,req,port0_out,764
NOC_NPS7575_X0Y7,NOC_NPS7575_X1Y7,port2_in,port0_out,768
NOC_NPS7575_X0Y7,NOC_NPS7575_X1Y7,port2_out,port0_in,765
NOC_NMU128_X0Y22,NOC_NPS7575_X0Y6,req_out,port0_in,761
NOC_NPS7575_X0Y6,NOC_NMU128_X0Y22,port0_out,resp_in,762
NOC_NPS7575_X0Y6,NOC_NPS7575_X1Y6,port2_in,port0_out,766
NOC_NPS7575_X0Y6,NOC_NPS7575_X1Y6,port2_out,port0_in,763
NOC_NPS7575_X1Y6,NOC_NPS7575_X2Y6,port2_in,port0_out,770
NOC_NPS7575_X1Y6,NOC_NPS7575_X2Y6,port2_out,port0_in,767
NOC_NPS7575_X1Y7,NOC_NPS7575_X2Y7,port2_in,port0_out,772
NOC_NPS7575_X1Y7,NOC_NPS7575_X2Y7,port2_out,port0_in,769
NOC_NPS7575_X2Y7,NOC_NPS7575_X3Y7,port2_in,port0_out,776
NOC_NPS7575_X2Y7,NOC_NPS7575_X3Y7,port2_out,port0_in,773
NOC_NPS7575_X2Y6,NOC_NPS7575_X3Y6,port2_in,port0_out,774
NOC_NPS7575_X2Y6,NOC_NPS7575_X3Y6,port2_out,port0_in,771
NOC_NPS7575_X3Y7,NOC_NPP_RPTR_X0Y13,port2_in,port1_out,782
NOC_NPS7575_X3Y7,NOC_NPP_RPTR_X0Y13,port2_out,port0_in,777
NOC_NPS7575_X3Y6,NOC_NPP_RPTR_X0Y12,port2_in,port1_out,780
NOC_NPS7575_X3Y6,NOC_NPP_RPTR_X0Y12,port2_out,port0_in,775
NOC_NPP_RPTR_X0Y13,NOC_NPS7575_X4Y7,port1_in,port0_out,788
NOC_NPP_RPTR_X0Y13,NOC_NPS7575_X4Y7,port0_out,port0_in,783
NOC_NPP_RPTR_X0Y12,NOC_NPS7575_X4Y6,port1_in,port0_out,784
NOC_NPP_RPTR_X0Y12,NOC_NPS7575_X4Y6,port0_out,port0_in,781
NOC_NSU128_X0Y1,NOC_NPS5555_X0Y0,resp,port0_in,1691
NOC_NPS5555_X0Y0,NOC_NSU128_X0Y1,port0_out,req,1704
NOC_NSU128_X0Y0,NOC_NPS5555_X0Y0,resp,port1_in,1688
NOC_NSU128_X0Y0,NOC_NPS5555_X0Y0,req,port1_out,1705
NOC_NMU128_X0Y1,NOC_NPS5555_X1Y1,req_out,port1_in,1690
NOC_NMU128_X0Y1,NOC_NPS5555_X1Y1,resp_in,port1_out,1717
NOC_NMU128_X0Y0,NOC_NPS5555_X1Y0,req_out,port3_in,1689
NOC_NMU128_X0Y0,NOC_NPS5555_X1Y0,resp_in,port3_out,1715
NOC_NMU128_X0Y3,NOC_NPS5555_X1Y0,req_out,port1_in,1693
NOC_NMU128_X0Y3,NOC_NPS5555_X1Y0,resp_in,port1_out,1713
NOC_NMU128_X0Y2,NOC_NPS5555_X1Y1,req_out,port0_in,1692
NOC_NMU128_X0Y2,NOC_NPS5555_X1Y1,resp_in,port0_out,1716
NOC_NMU128_X0Y9,NOC_NPS5555_X2Y1,req_out,port1_in,1703
NOC_NMU128_X0Y9,NOC_NPS5555_X2Y1,resp_in,port1_out,1725
NOC_NMU128_X0Y8,NOC_NPS5555_X2Y0,req_out,port1_in,1702
NOC_NMU128_X0Y8,NOC_NPS5555_X2Y0,resp_in,port1_out,1721
NOC_NMU128_X0Y7,NOC_NPS5555_X3Y1,req_out,port3_in,1701
NOC_NMU128_X0Y7,NOC_NPS5555_X3Y1,resp_in,port3_out,1735
NOC_NMU128_X0Y6,NOC_NPS5555_X3Y0,req_out,port3_in,1700
NOC_NMU128_X0Y6,NOC_NPS5555_X3Y0,resp_in,port3_out,1731
NOC_NMU128_X0Y4,NOC_NPS5555_X4Y1,req_out,port1_in,1694
NOC_NMU128_X0Y4,NOC_NPS5555_X4Y1,resp_in,port1_out,1741
NOC_NSU128_X0Y4,NOC_NPS5555_X4Y0,resp,port1_in,1698
NOC_NSU128_X0Y4,NOC_NPS5555_X4Y0,req,port1_out,1737
NOC_NMU128_X0Y5,NOC_NPS5555_X4Y0,req_out,port3_in,1695
NOC_NMU128_X0Y5,NOC_NPS5555_X4Y0,resp_in,port3_out,1739
NOC_NSU128_X0Y5,NOC_NPS5555_X4Y1,resp,port3_in,1699
NOC_NSU128_X0Y5,NOC_NPS5555_X4Y1,req,port3_out,1743
NOC_NSU128_X0Y2,NOC_NPS5555_X5Y0,resp,port1_in,1696
NOC_NSU128_X0Y2,NOC_NPS5555_X5Y0,req,port1_out,1745
NOC_NSU128_X0Y3,NOC_NPS5555_X5Y1,resp,port3_in,1697
NOC_NSU128_X0Y3,NOC_NPS5555_X5Y1,req,port3_out,1749
NOC_NPS5555_X0Y1,NOC_NPS5555_X1Y0,port0_in,port0_out,1712
NOC_NPS5555_X1Y0,NOC_NPS5555_X0Y1,port0_in,port0_out,1708
NOC_NPS5555_X0Y0,NOC_NPS5555_X0Y1,port3_out,port1_in,1707
NOC_NPS5555_X0Y0,NOC_NPS5555_X0Y1,port3_in,port1_out,1709
NOC_NPS5555_X1Y1,NOC_NPS5555_X0Y1,port3_out,port3_in,1719
NOC_NPS5555_X1Y1,NOC_NPS5555_X0Y1,port3_in,port3_out,1711
NOC_NPS5555_X0Y0,NOC_NPS5555_X2Y0,port2_in,port0_out,1720
NOC_NPS5555_X0Y0,NOC_NPS5555_X2Y0,port2_out,port0_in,1706
NOC_NPS5555_X0Y1,NOC_NPS5555_X2Y1,port2_in,port0_out,1724
NOC_NPS5555_X0Y1,NOC_NPS5555_X2Y1,port2_out,port0_in,1710
NOC_NPS5555_X1Y1,NOC_NPS5555_X3Y1,port2_in,port0_out,1732
NOC_NPS5555_X1Y1,NOC_NPS5555_X3Y1,port2_out,port0_in,1718
NOC_NPS5555_X1Y0,NOC_NPS5555_X3Y0,port2_in,port0_out,1728
NOC_NPS5555_X1Y0,NOC_NPS5555_X3Y0,port2_out,port0_in,1714
DDRMC_X0Y0,NOC_NPS5555_X2Y1,Port1_req,port3_out,1727
DDRMC_X0Y0,NOC_NPS5555_X2Y1,Port1_resp,port3_in,1947
DDRMC_X0Y0,NOC_NPS5555_X2Y0,Port0_req,port3_out,1723
NOC_NPS5555_X2Y0,DDRMC_X0Y0,port3_in,Port0_resp,1946
DDRMC_X0Y0,NOC_NPS5555_X3Y1,Port2_req,port1_out,1733
DDRMC_X0Y0,NOC_NPS5555_X3Y1,Port2_resp,port1_in,1948
DDRMC_X0Y0,NOC_NPS5555_X3Y0,Port3_req,port1_out,1729
NOC_NPS5555_X3Y0,DDRMC_X0Y0,port1_in,Port3_resp,1949
NOC_NPS5555_X2Y1,NOC_NPS5555_X4Y1,port2_in,port0_out,1740
NOC_NPS5555_X2Y1,NOC_NPS5555_X4Y1,port2_out,port0_in,1726
NOC_NPS5555_X2Y0,NOC_NPS5555_X4Y0,port2_in,port0_out,1736
NOC_NPS5555_X2Y0,NOC_NPS5555_X4Y0,port2_out,port0_in,1722
NOC_NPS5555_X3Y0,NOC_NPS5555_X5Y0,port2_in,port0_out,1744
NOC_NPS5555_X3Y0,NOC_NPS5555_X5Y0,port2_out,port0_in,1730
NOC_NPS5555_X5Y0,NOC_NPS5555_X7Y0,port2_in,port0_out,1760
NOC_NPS5555_X5Y0,NOC_NPS5555_X7Y0,port2_out,port0_in,1746
NOC_NPS5555_X4Y0,NOC_NPS5555_X6Y0,port2_in,port0_out,1750
NOC_NPS5555_X6Y0,NOC_NPS5555_X4Y0,port0_in,port2_out,1738
NOC_NPS5555_X5Y1,NOC_NPS5555_X7Y2,port2_in,port0_out,1767
NOC_NPS5555_X5Y1,NOC_NPS5555_X7Y2,port2_out,port0_in,1748
NOC_NPS5555_X4Y1,NOC_NPS5555_X6Y2,port2_in,port0_out,1757
NOC_NPS5555_X6Y2,NOC_NPS5555_X4Y1,port0_in,port2_out,1742
NOC_NSU128_X0Y7,NOC_NPS7575_X0Y3,resp,port0_in,1204
NOC_NSU128_X0Y7,NOC_NPS7575_X0Y3,req,port0_out,1208
NOC_NPS7575_X0Y3,NOC_NPS7575_X1Y3,port2_in,port0_out,1212
NOC_NPS7575_X0Y3,NOC_NPS7575_X1Y3,port2_out,port0_in,1209
NOC_NMU128_X0Y12,NOC_NPS7575_X0Y2,req_out,port0_in,1205
NOC_NMU128_X0Y12,NOC_NPS7575_X0Y2,resp_in,port0_out,1206
NOC_NPS7575_X0Y2,NOC_NPS7575_X1Y2,port2_in,port0_out,1210
NOC_NPS7575_X0Y2,NOC_NPS7575_X1Y2,port2_out,port0_in,1207
NOC_NPS7575_X1Y3,NOC_NPS7575_X2Y3,port2_in,port0_out,1216
NOC_NPS7575_X1Y3,NOC_NPS7575_X2Y3,port2_out,port0_in,1213
NOC_NPS7575_X1Y2,NOC_NPS7575_X2Y2,port2_in,port0_out,1214
NOC_NPS7575_X1Y2,NOC_NPS7575_X2Y2,port2_out,port0_in,1211
NOC_NPS7575_X2Y3,NOC_NPS7575_X3Y3,port2_in,port0_out,1220
NOC_NPS7575_X2Y3,NOC_NPS7575_X3Y3,port2_out,port0_in,1217
NOC_NPS7575_X2Y2,NOC_NPS7575_X3Y2,port2_in,port0_out,1218
NOC_NPS7575_X2Y2,NOC_NPS7575_X3Y2,port2_out,port0_in,1215
NOC_NPS7575_X3Y2,NOC_NPP_RPTR_X0Y4,port2_in,port1_out,1224
NOC_NPS7575_X3Y2,NOC_NPP_RPTR_X0Y4,port2_out,port0_in,1219
NOC_NPS7575_X3Y3,NOC_NPP_RPTR_X0Y5,port2_in,port1_out,1226
NOC_NPS7575_X3Y3,NOC_NPP_RPTR_X0Y5,port2_out,port0_in,1221
NOC_NPP_RPTR_X0Y4,NOC_NPS7575_X4Y2,port1_in,port0_out,1228
NOC_NPP_RPTR_X0Y4,NOC_NPS7575_X4Y2,port0_out,port0_in,1225
NOC_NMU_HBM2E_X2Y0,NOC_NPS6_X0Y1,resp_in,port1_out,197
NOC_NMU_HBM2E_X2Y0,NOC_NPS6_X0Y1,req_out,port1_in,442
NOC_NMU_HBM2E_X3Y0,NOC_NPS6_X0Y1,resp_in,port2_out,198
NOC_NMU_HBM2E_X3Y0,NOC_NPS6_X0Y1,req_out,port2_in,443
NOC_NMU_HBM2E_X1Y0,NOC_NPS6_X0Y0,resp_in,port2_out,193
NOC_NMU_HBM2E_X1Y0,NOC_NPS6_X0Y0,req_out,port2_in,441
NOC_NMU_HBM2E_X0Y0,NOC_NPS6_X0Y0,resp_in,port1_out,192
NOC_NMU_HBM2E_X0Y0,NOC_NPS6_X0Y0,req_out,port1_in,440
NOC_NMU_HBM2E_X4Y0,NOC_NPS6_X0Y2,resp_in,port1_out,202
NOC_NMU_HBM2E_X4Y0,NOC_NPS6_X0Y2,req_out,port1_in,444
NOC_NMU_HBM2E_X5Y0,NOC_NPS6_X0Y2,resp_in,port2_out,203
NOC_NMU_HBM2E_X5Y0,NOC_NPS6_X0Y2,req_out,port2_in,445
NOC_NMU_HBM2E_X6Y0,NOC_NPS6_X0Y3,resp_in,port1_out,207
NOC_NMU_HBM2E_X6Y0,NOC_NPS6_X0Y3,req_out,port1_in,446
NOC_NMU_HBM2E_X7Y0,NOC_NPS6_X0Y3,resp_in,port2_out,208
NOC_NMU_HBM2E_X7Y0,NOC_NPS6_X0Y3,req_out,port2_in,447
NOC_NPS6_X0Y1,NOC_NPS4_X0Y1,port4_in,portSideA1_out,17
NOC_NPS6_X0Y1,NOC_NPS4_X0Y1,port4_out,portSideA1_in,200
NOC_NPS6_X0Y1,NOC_NPS4_X0Y0,port5_in,portSideA1_out,9
NOC_NPS6_X0Y1,NOC_NPS4_X0Y0,port5_out,portSideA1_in,201
NOC_NPS6_X0Y1,NOC_NPS5555_X5Y4,port3_out,port1_in,199
NOC_NPS5555_X5Y4,NOC_NPS6_X0Y1,port1_out,port3_in,217
NOC_NPS6_X0Y0,NOC_NPS4_X0Y1,port4_in,portSideA0_out,16
NOC_NPS6_X0Y0,NOC_NPS4_X0Y1,port4_out,portSideA0_in,195
NOC_NPS6_X0Y0,NOC_NPS4_X0Y0,port5_in,portSideA0_out,8
NOC_NPS6_X0Y0,NOC_NPS4_X0Y0,port5_out,portSideA0_in,196
NOC_NPS6_X0Y0,NOC_NPS5555_X5Y3,port3_in,port0_out,212
NOC_NPS6_X0Y0,NOC_NPS5555_X5Y3,port3_out,port0_in,194
NOC_NPS6_X0Y2,NOC_NPS4_X0Y1,port4_in,portSideA2_out,18
NOC_NPS6_X0Y2,NOC_NPS4_X0Y1,port4_out,portSideA2_in,205
NOC_NPS6_X0Y2,NOC_NPS4_X0Y0,port5_in,portSideA2_out,10
NOC_NPS6_X0Y2,NOC_NPS4_X0Y0,port5_out,portSideA2_in,206
NOC_NPS6_X0Y2,NOC_NPS5555_X5Y6,port3_out,port1_in,204
NOC_NPS5555_X5Y6,NOC_NPS6_X0Y2,port1_out,port3_in,225
NOC_NPS6_X0Y3,NOC_NPS4_X0Y1,port4_in,portSideA3_out,19
NOC_NPS6_X0Y3,NOC_NPS4_X0Y1,port4_out,portSideA3_in,210
NOC_NPS6_X0Y3,NOC_NPS4_X0Y0,port5_in,portSideA3_out,11
NOC_NPS6_X0Y3,NOC_NPS4_X0Y0,port5_out,portSideA3_in,211
NOC_NPS6_X0Y3,NOC_NPS5555_X5Y5,port3_out,port0_in,209
NOC_NPS5555_X5Y5,NOC_NPS6_X0Y3,port0_out,port3_in,220
NOC_NPS4_X0Y1,HBM_MC_X1Y0,portSideB2_in,pc0_port1_out,21
NOC_NPS4_X0Y1,HBM_MC_X1Y0,portSideB3_in,pc1_port1_out,23
NOC_NPS4_X0Y1,HBM_MC_X1Y0,portSideB2_out,pc0_port1_in,14
NOC_NPS4_X0Y1,HBM_MC_X1Y0,portSideB3_out,pc1_port1_in,15
HBM_MC_X1Y0,NOC_NPS4_X0Y0,pc1_port0_out,portSideB3_in,22
HBM_MC_X1Y0,NOC_NPS4_X0Y0,pc0_port0_out,portSideB2_in,20
HBM_MC_X1Y0,NOC_NPS4_X0Y0,pc1_port0_in,portSideB3_out,7
HBM_MC_X1Y0,NOC_NPS4_X0Y0,pc0_port0_in,portSideB2_out,6
HBM_MC_X0Y0,NOC_NPS4_X0Y1,pc1_port1_out,portSideB1_in,3
HBM_MC_X0Y0,NOC_NPS4_X0Y1,pc0_port1_out,portSideB0_in,1
HBM_MC_X0Y0,NOC_NPS4_X0Y1,pc1_port1_in,portSideB1_out,13
HBM_MC_X0Y0,NOC_NPS4_X0Y1,pc0_port1_in,portSideB0_out,12
HBM_MC_X0Y0,NOC_NPS4_X0Y0,pc1_port0_out,portSideB1_in,2
HBM_MC_X0Y0,NOC_NPS4_X0Y0,pc0_port0_out,portSideB0_in,0
HBM_MC_X0Y0,NOC_NPS4_X0Y0,pc1_port0_in,portSideB1_out,5
HBM_MC_X0Y0,NOC_NPS4_X0Y0,pc0_port0_in,portSideB0_out,4
NOC_NPS5555_X5Y5,NOC_NPS6_X1Y3,port1_in,port0_out,246
NOC_NPS5555_X5Y5,NOC_NPS6_X1Y3,port1_out,port0_in,221
NOC_NPS5555_X5Y3,NOC_NPS6_X1Y0,port1_in,port0_out,228
NOC_NPS5555_X5Y3,NOC_NPS6_X1Y0,port1_out,port0_in,213
NOC_NPS5555_X5Y6,NOC_NPS6_X1Y2,port2_in,port0_out,240
NOC_NPS5555_X5Y6,NOC_NPS6_X1Y2,port2_out,port0_in,226
NOC_NPS5555_X5Y4,NOC_NPS6_X1Y1,port2_in,port0_out,234
NOC_NPS5555_X5Y4,NOC_NPS6_X1Y1,port2_out,port0_in,218
NOC_NPS5555_X5Y5,NOC_NPS5555_X5Y6,port2_out,port0_in,222
NOC_NPS5555_X5Y5,NOC_NPS5555_X5Y6,port2_in,port0_out,224
NOC_NPS5555_X5Y5,NOC_NPS5555_X5Y3,port3_out,port3_in,223
NOC_NPS5555_X5Y5,NOC_NPS5555_X5Y3,port3_in,port3_out,215
NOC_NPS5555_X5Y3,NOC_NPS5555_X5Y4,port2_out,port0_in,214
NOC_NPS5555_X5Y3,NOC_NPS5555_X5Y4,port2_in,port0_out,216
NOC_NPS5555_X5Y6,NOC_NCRB_X0Y0,port3_out,port1_in,227
NOC_NPS5555_X5Y6,NOC_NCRB_X0Y1,port3_in,port1_out,507
NOC_NPS5555_X5Y4,NOC_NCRB_X0Y0,port3_out,port0_in,219
NOC_NPS5555_X5Y4,NOC_NCRB_X0Y1,port3_in,port0_out,506
NOC_NCRB_X0Y1,NOC_NPS_VNOC_X0Y36,port1_in,port2_out,542
NOC_NCRB_X0Y0,NOC_NPS_VNOC_X0Y37,port0_out,port0_in,504
NOC_NCRB_X0Y1,NOC_NPS_VNOC_X0Y37,port0_in,port0_out,524
NOC_NCRB_X0Y0,NOC_NPS_VNOC_X0Y36,port1_out,port2_in,505
NOC_NMU512_X0Y18,NOC_NPS_VNOC_X0Y37,resp_in,port3_out,527
NOC_NMU512_X0Y18,NOC_NPS_VNOC_X0Y37,req_out,port3_in,520
NOC_NPS_VNOC_X0Y37,NOC_NPS_VNOC_X0Y36,port1_in,port1_out,541
NOC_NPS_VNOC_X0Y37,NOC_NPS_VNOC_X0Y36,port1_out,port1_in,525
NOC_NPS_VNOC_X0Y36,NOC_NSU512_X0Y18,port3_in,resp,556
NOC_NPS_VNOC_X0Y36,NOC_NSU512_X0Y18,port3_out,req,543
NOC_NPS_VNOC_X0Y37,NOC_NPS_VNOC_X0Y35,port2_out,port0_in,526
NOC_NPS_VNOC_X0Y37,NOC_NPS_VNOC_X0Y35,port2_in,port0_out,564
NOC_NPS_VNOC_X0Y36,NOC_NPS_VNOC_X0Y34,port0_out,port2_in,540
NOC_NPS_VNOC_X0Y36,NOC_NPS_VNOC_X0Y34,port0_in,port2_out,582
NOC_NMU512_X0Y17,NOC_NPS_VNOC_X0Y35,resp_in,port3_out,567
NOC_NMU512_X0Y17,NOC_NPS_VNOC_X0Y35,req_out,port3_in,560
NOC_NPS_VNOC_X0Y35,NOC_NPS_VNOC_X0Y34,port1_in,port1_out,581
NOC_NPS_VNOC_X0Y35,NOC_NPS_VNOC_X0Y34,port1_out,port1_in,565
NOC_NPS_VNOC_X0Y34,NOC_NSU512_X0Y17,port3_in,resp,596
NOC_NPS_VNOC_X0Y34,NOC_NSU512_X0Y17,port3_out,req,583
NOC_NPS_VNOC_X0Y35,NOC_NPS_VNOC_X0Y33,port2_out,port0_in,566
NOC_NPS_VNOC_X0Y35,NOC_NPS_VNOC_X0Y33,port2_in,port0_out,604
NOC_NPS_VNOC_X0Y34,NOC_NPS_VNOC_X0Y32,port0_out,port2_in,580
NOC_NPS_VNOC_X0Y34,NOC_NPS_VNOC_X0Y32,port0_in,port2_out,622
NOC_NMU512_X0Y16,NOC_NPS_VNOC_X0Y33,resp_in,port3_out,607
NOC_NMU512_X0Y16,NOC_NPS_VNOC_X0Y33,req_out,port3_in,600
NOC_NPS_VNOC_X0Y33,NOC_NPS_VNOC_X0Y32,port1_in,port1_out,621
NOC_NPS_VNOC_X0Y33,NOC_NPS_VNOC_X0Y32,port1_out,port1_in,605
NOC_NPS_VNOC_X0Y32,NOC_NSU512_X0Y16,port3_in,resp,636
NOC_NPS_VNOC_X0Y32,NOC_NSU512_X0Y16,port3_out,req,623
NOC_NPS_VNOC_X0Y33,NOC_NPS_VNOC_X0Y31,port2_out,port0_in,606
NOC_NPS_VNOC_X0Y33,NOC_NPS_VNOC_X0Y31,port2_in,port0_out,644
NOC_NPS_VNOC_X0Y32,NOC_NPS_VNOC_X0Y30,port0_out,port2_in,620
NOC_NPS_VNOC_X0Y32,NOC_NPS_VNOC_X0Y30,port0_in,port2_out,662
NOC_NMU512_X0Y15,NOC_NPS_VNOC_X0Y31,resp_in,port3_out,647
NOC_NMU512_X0Y15,NOC_NPS_VNOC_X0Y31,req_out,port3_in,640
NOC_NPS_VNOC_X0Y31,NOC_NPS_VNOC_X0Y30,port1_in,port1_out,661
NOC_NPS_VNOC_X0Y31,NOC_NPS_VNOC_X0Y30,port1_out,port1_in,645
NOC_NPS_VNOC_X0Y30,NOC_NSU512_X0Y15,port3_in,resp,676
NOC_NPS_VNOC_X0Y30,NOC_NSU512_X0Y15,port3_out,req,663
NOC_NPS_VNOC_X0Y31,NOC_NPS_VNOC_X0Y29,port2_out,port0_in,646
NOC_NPS_VNOC_X0Y31,NOC_NPS_VNOC_X0Y29,port2_in,port0_out,684
NOC_NPS_VNOC_X0Y30,NOC_NPS_VNOC_X0Y28,port0_out,port2_in,660
NOC_NPS_VNOC_X0Y30,NOC_NPS_VNOC_X0Y28,port0_in,port2_out,702
NOC_NMU512_X0Y14,NOC_NPS_VNOC_X0Y29,resp_in,port3_out,687
NOC_NPS_VNOC_X0Y29,NOC_NPS_VNOC_X0Y28,port1_in,port1_out,701
NOC_NPS_VNOC_X0Y29,NOC_NPS_VNOC_X0Y28,port1_out,port1_in,685
NOC_NMU512_X0Y14,NOC_NPS_VNOC_X0Y29,req_out,port3_in,680
NOC_NPS_VNOC_X0Y28,NOC_NSU512_X0Y14,port3_in,resp,716
NOC_NPS_VNOC_X0Y28,NOC_NSU512_X0Y14,port3_out,req,703
NOC_NPS_VNOC_X0Y29,NOC_NPS_VNOC_X0Y27,port2_out,port0_in,686
NOC_NPS_VNOC_X0Y29,NOC_NPS_VNOC_X0Y27,port2_in,port0_out,724
NOC_NPS_VNOC_X0Y28,NOC_NPS_VNOC_X0Y26,port0_out,port2_in,700
NOC_NPS_VNOC_X0Y28,NOC_NPS_VNOC_X0Y26,port0_in,port2_out,742
NOC_NMU512_X0Y13,NOC_NPS_VNOC_X0Y27,resp_in,port3_out,727
NOC_NMU512_X0Y13,NOC_NPS_VNOC_X0Y27,req_out,port3_in,720
NOC_NPS_VNOC_X0Y27,NOC_NPS_VNOC_X0Y26,port1_in,port1_out,741
NOC_NPS_VNOC_X0Y27,NOC_NPS_VNOC_X0Y26,port1_out,port1_in,725
NOC_NPS_VNOC_X0Y26,NOC_NSU512_X0Y13,port3_in,resp,756
NOC_NPS_VNOC_X0Y26,NOC_NSU512_X0Y13,port3_out,req,743
NOC_NPS_VNOC_X0Y26,NOC_NPS7575_X4Y6,port0_out,port1_in,740
NOC_NPS_VNOC_X0Y26,NOC_NPS7575_X4Y6,port0_in,port1_out,785
NOC_NPS_VNOC_X0Y27,NOC_NPS7575_X4Y7,port2_out,port3_in,726
NOC_NPS7575_X4Y7,NOC_NPS_VNOC_X0Y27,port3_out,port2_in,791
NOC_NPS5555_X7Y0,NOC_NPS5555_X9Y0,port2_in,port0_out,1781
NOC_NPS5555_X9Y0,NOC_NPS5555_X7Y0,port0_in,port2_out,1761
NOC_NPS5555_X7Y0,NOC_NPS5555_X7Y1,port3_out,port1_in,1762
NOC_NPS5555_X7Y0,NOC_NPS5555_X7Y1,port3_in,port1_out,1764
NOC_NPS5555_X6Y0,NOC_NPS5555_X8Y0,port2_in,port0_out,1770
NOC_NPS5555_X8Y0,NOC_NPS5555_X6Y0,port0_in,port2_out,1751
NOC_NPS5555_X6Y0,NOC_NPS5555_X6Y1,port3_out,port1_in,1752
NOC_NPS5555_X6Y0,NOC_NPS5555_X6Y1,port3_in,port1_out,1754
NOC_NPS5555_X6Y1,NOC_NPS_VNOC_X0Y1,port0_out,port2_in,1753
NOC_NPS_VNOC_X0Y1,NOC_NPS5555_X6Y1,port2_out,port0_in,1654
NOC_NPS5555_X6Y1,NOC_NPS5555_X7Y1,port2_in,port0_out,1763
NOC_NPS5555_X7Y1,NOC_NPS5555_X6Y1,port0_in,port2_out,1755
NOC_NPS5555_X7Y1,NOC_NPS_VNOC_X0Y0,port2_in,port0_out,1668
NOC_NPS_VNOC_X0Y0,NOC_NPS5555_X7Y1,port0_in,port2_out,1765
NOC_NPS5555_X6Y1,NOC_NPS5555_X6Y2,port3_out,port1_in,1756
NOC_NPS5555_X6Y1,NOC_NPS5555_X6Y2,port3_in,port1_out,1758
NOC_NPS5555_X7Y1,NOC_NPS5555_X7Y2,port3_out,port1_in,1766
NOC_NPS5555_X7Y1,NOC_NPS5555_X7Y2,port3_in,port1_out,1768
NOC_NPS5555_X7Y2,NOC_NPS5555_X9Y2,port2_in,port0_out,1788
NOC_NPS5555_X7Y2,NOC_NPS5555_X9Y2,port2_out,port0_in,1769
NOC_NPS5555_X6Y2,NOC_NPS5555_X8Y2,port2_in,port0_out,1777
NOC_NPS5555_X6Y2,NOC_NPS5555_X8Y2,port2_out,port0_in,1759
NOC_NPS5555_X9Y0,NOC_NPS5555_X11Y0,port2_in,port0_out,1801
NOC_NPS5555_X11Y0,NOC_NPS5555_X9Y0,port0_in,port2_out,1783
NOC_NPS5555_X9Y0,NOC_NPS5555_X9Y1,port3_out,port1_in,1784
NOC_NPS5555_X9Y0,NOC_NPS5555_X9Y1,port3_in,port1_out,1786
NOC_NPS5555_X9Y0,DDRMC_X1Y0,port1_out,Port3_req,1782
DDRMC_X1Y0,NOC_NPS5555_X9Y0,Port3_resp,port1_in,1953
NOC_NPS5555_X8Y0,NOC_NPS5555_X10Y0,port2_in,port0_out,1792
NOC_NPS5555_X10Y0,NOC_NPS5555_X8Y0,port0_in,port2_out,1772
NOC_NPS5555_X8Y0,DDRMC_X1Y0,port1_out,Port0_req,1771
DDRMC_X1Y0,NOC_NPS5555_X8Y0,Port0_resp,port1_in,1950
NOC_NPS5555_X8Y0,NOC_NPS5555_X8Y1,port3_out,port1_in,1773
NOC_NPS5555_X8Y0,NOC_NPS5555_X8Y1,port3_in,port1_out,1774
NOC_NPS5555_X9Y1,NOC_NPS5555_X8Y1,port0_out,port2_in,1785
NOC_NPS5555_X9Y1,NOC_NPS5555_X8Y1,port0_in,port2_out,1775
NOC_NPS5555_X9Y1,NOC_NPS5555_X9Y2,port3_out,port1_in,1787
NOC_NPS5555_X9Y1,NOC_NPS5555_X9Y2,port3_in,port1_out,1789
NOC_NPS5555_X8Y1,NOC_NPS5555_X8Y2,port3_in,port1_out,1778
NOC_NPS5555_X8Y1,NOC_NPS5555_X8Y2,port3_out,port1_in,1776
NOC_NPS5555_X9Y2,DDRMC_X1Y0,port3_out,Port2_req,1791
NOC_NPS5555_X9Y2,DDRMC_X1Y0,port3_in,Port2_resp,1952
NOC_NPS5555_X9Y2,NOC_NPS5555_X11Y2,port2_in,port0_out,1808
NOC_NPS5555_X11Y2,NOC_NPS5555_X9Y2,port0_in,port2_out,1790
NOC_NPS5555_X8Y2,NOC_NPS5555_X10Y2,port2_in,port0_out,1798
NOC_NPS5555_X10Y2,NOC_NPS5555_X8Y2,port0_in,port2_out,1779
NOC_NPS5555_X8Y2,DDRMC_X1Y0,port3_out,Port1_req,1780
DDRMC_X1Y0,NOC_NPS5555_X8Y2,Port1_resp,port3_in,1951
NOC_NPS5555_X11Y0,NOC_NPS5555_X13Y0,port2_in,port0_out,1821
NOC_NPS5555_X13Y0,NOC_NPS5555_X11Y0,port0_in,port2_out,1802
NOC_NPS5555_X11Y0,NOC_NPS5555_X11Y1,port3_out,port1_in,1803
NOC_NPS5555_X11Y0,NOC_NPS5555_X11Y1,port3_in,port1_out,1805
NOC_NPS5555_X13Y0,NOC_NPS5555_X15Y0,port2_in,port0_out,1841
NOC_NPS5555_X15Y0,NOC_NPS5555_X13Y0,port0_in,port2_out,1822
NOC_NPS5555_X13Y0,NOC_NPS5555_X13Y1,port3_out,port1_in,1823
NOC_NPS5555_X13Y0,NOC_NPS5555_X13Y1,port3_in,port1_out,1825
NOC_NPS5555_X10Y0,NOC_NPS5555_X12Y0,port2_in,port0_out,1811
NOC_NPS5555_X12Y0,NOC_NPS5555_X10Y0,port0_in,port2_out,1793
NOC_NPS5555_X10Y0,NOC_NPS5555_X10Y1,port3_out,port1_in,1794
NOC_NPS5555_X10Y0,NOC_NPS5555_X10Y1,port3_in,port1_out,1795
NOC_NPS5555_X12Y0,NOC_NPS5555_X14Y0,port2_in,port0_out,1830
NOC_NPS5555_X14Y0,NOC_NPS5555_X12Y0,port0_in,port2_out,1812
NOC_NPS5555_X12Y0,NOC_NPS5555_X12Y1,port3_out,port1_in,1813
NOC_NPS5555_X12Y0,NOC_NPS5555_X12Y1,port3_in,port1_out,1815
NOC_NPS5555_X11Y1,NOC_NPS_VNOC_X1Y1,port2_in,port2_out,1658
NOC_NPS_VNOC_X1Y1,NOC_NPS5555_X11Y1,port2_in,port2_out,1806
NOC_NPS5555_X11Y1,NOC_NPS5555_X10Y1,port0_out,port2_in,1804
NOC_NPS5555_X10Y1,NOC_NPS5555_X11Y1,port2_out,port0_in,1796
NOC_NPS5555_X11Y1,NOC_NPS5555_X11Y2,port3_out,port1_in,1807
NOC_NPS5555_X11Y1,NOC_NPS5555_X11Y2,port3_in,port1_out,1809
NOC_NPS5555_X10Y1,NOC_NPS5555_X10Y2,port3_out,port1_in,1797
NOC_NPS5555_X10Y1,NOC_NPS5555_X10Y2,port3_in,port1_out,1799
NOC_NPS5555_X10Y2,NOC_NPS5555_X12Y2,port2_in,port0_out,1818
NOC_NPS5555_X10Y2,NOC_NPS5555_X12Y2,port2_out,port0_in,1800
NOC_NPS5555_X11Y2,NOC_NPS5555_X13Y2,port2_in,port0_out,1827
NOC_NPS5555_X11Y2,NOC_NPS5555_X13Y2,port2_out,port0_in,1810
NOC_NPS5555_X12Y1,NOC_NPS_VNOC_X1Y0,port0_in,port0_out,1672
NOC_NPS_VNOC_X1Y0,NOC_NPS5555_X12Y1,port0_in,port0_out,1814
NOC_NPS5555_X12Y1,NOC_NPS5555_X13Y1,port2_in,port0_out,1824
NOC_NPS5555_X12Y1,NOC_NPS5555_X13Y1,port2_out,port0_in,1816
NOC_NPS5555_X12Y1,NOC_NPS5555_X12Y2,port3_out,port1_in,1817
NOC_NPS5555_X12Y1,NOC_NPS5555_X12Y2,port3_in,port1_out,1819
NOC_NPS5555_X13Y1,NOC_NPS5555_X13Y2,port3_out,port1_in,1826
NOC_NPS5555_X13Y1,NOC_NPS5555_X13Y2,port3_in,port1_out,1828
NOC_NPS5555_X13Y2,NOC_NPS5555_X15Y2,port2_in,port0_out,1848
NOC_NPS5555_X15Y2,NOC_NPS5555_X13Y2,port0_in,port2_out,1829
NOC_NPS5555_X12Y2,NOC_NPS5555_X14Y2,port2_in,port0_out,1837
NOC_NPS5555_X12Y2,NOC_NPS5555_X14Y2,port2_out,port0_in,1820
NOC_NPS5555_X15Y0,NOC_NPS5555_X15Y1,port3_out,port1_in,1844
NOC_NPS5555_X15Y0,NOC_NPS5555_X15Y1,port3_in,port1_out,1846
NOC_NPS5555_X15Y0,DDRMC_X2Y0,port1_out,Port3_req,1842
DDRMC_X2Y0,NOC_NPS5555_X15Y0,Port3_resp,port1_in,1957
NOC_NPS5555_X14Y0,NOC_NPS5555_X16Y0,port2_in,port0_out,1852
NOC_NPS5555_X16Y0,NOC_NPS5555_X14Y0,port0_in,port2_out,1832
NOC_NPS5555_X14Y0,NOC_NPS5555_X14Y1,port3_out,port1_in,1833
NOC_NPS5555_X14Y0,NOC_NPS5555_X14Y1,port3_in,port1_out,1834
NOC_NPS5555_X14Y0,DDRMC_X2Y0,port1_out,Port0_req,1831
NOC_NPS5555_X14Y0,DDRMC_X2Y0,port1_in,Port0_resp,1954
NOC_NPS5555_X15Y1,NOC_NPS5555_X14Y1,port0_out,port2_in,1845
NOC_NPS5555_X15Y1,NOC_NPS5555_X14Y1,port0_in,port2_out,1835
NOC_NPS5555_X15Y1,NOC_NPS5555_X15Y2,port3_out,port1_in,1847
NOC_NPS5555_X15Y1,NOC_NPS5555_X15Y2,port3_in,port1_out,1849
NOC_NPS5555_X14Y1,NOC_NPS5555_X14Y2,port3_out,port1_in,1836
NOC_NPS5555_X14Y1,NOC_NPS5555_X14Y2,port3_in,port1_out,1838
NOC_NPS5555_X15Y2,DDRMC_X2Y0,port3_in,Port2_resp,1956
DDRMC_X2Y0,NOC_NPS5555_X15Y2,Port2_req,port3_out,1851
NOC_NPS5555_X14Y2,DDRMC_X2Y0,port3_out,Port1_req,1840
DDRMC_X2Y0,NOC_NPS5555_X14Y2,Port1_resp,port3_in,1955
NOC_NPS5555_X14Y2,NOC_NPS5555_X16Y2,port2_in,port0_out,1859
NOC_NPS5555_X16Y2,NOC_NPS5555_X14Y2,port0_in,port2_out,1839
NOC_NMU512_X0Y0,NOC_NPS_VNOC_X0Y1,req_out,port3_in,1648
NOC_NMU512_X0Y0,NOC_NPS_VNOC_X0Y1,resp_in,port3_out,1655
NOC_NPS_VNOC_X0Y1,NOC_NPS_VNOC_X0Y0,port1_in,port1_out,1669
NOC_NPS_VNOC_X0Y1,NOC_NPS_VNOC_X0Y0,port1_out,port1_in,1653
NOC_NSU512_X0Y0,NOC_NPS_VNOC_X0Y0,resp,port3_in,1684
NOC_NPS_VNOC_X0Y0,NOC_NSU512_X0Y0,port3_out,req,1671
NOC_NMU512_X0Y1,NOC_NPS_VNOC_X0Y3,resp_in,port3_out,1615
NOC_NMU512_X0Y1,NOC_NPS_VNOC_X0Y3,req_out,port3_in,1608
NOC_NPS_VNOC_X0Y3,NOC_NPS_VNOC_X0Y2,port1_in,port1_out,1629
NOC_NPS_VNOC_X0Y3,NOC_NPS_VNOC_X0Y2,port1_out,port1_in,1613
NOC_NPS_VNOC_X0Y2,NOC_NSU512_X0Y1,port3_in,resp,1644
NOC_NPS_VNOC_X0Y2,NOC_NSU512_X0Y1,port3_out,req,1631
NOC_NPS_VNOC_X0Y1,NOC_NPS_VNOC_X0Y3,port0_in,port2_out,1614
NOC_NPS_VNOC_X0Y3,NOC_NPS_VNOC_X0Y1,port2_in,port0_out,1652
NOC_NPS_VNOC_X0Y0,NOC_NPS_VNOC_X0Y2,port2_in,port0_out,1628
NOC_NPS_VNOC_X0Y2,NOC_NPS_VNOC_X0Y0,port0_in,port2_out,1670
NOC_NPS_VNOC_X0Y3,NOC_NPS_VNOC_X0Y5,port0_in,port2_out,1574
NOC_NPS_VNOC_X0Y3,NOC_NPS_VNOC_X0Y5,port0_out,port2_in,1612
NOC_NPS_VNOC_X0Y2,NOC_NPS_VNOC_X0Y4,port2_in,port0_out,1588
NOC_NPS_VNOC_X0Y2,NOC_NPS_VNOC_X0Y4,port2_out,port0_in,1630
NOC_NMU512_X0Y2,NOC_NPS_VNOC_X0Y5,resp_in,port3_out,1575
NOC_NMU512_X0Y2,NOC_NPS_VNOC_X0Y5,req_out,port3_in,1568
NOC_NPS_VNOC_X0Y5,NOC_NPS_VNOC_X0Y4,port1_in,port1_out,1589
NOC_NPS_VNOC_X0Y5,NOC_NPS_VNOC_X0Y4,port1_out,port1_in,1573
NOC_NPS_VNOC_X0Y4,NOC_NSU512_X0Y2,port3_in,resp,1604
NOC_NPS_VNOC_X0Y4,NOC_NSU512_X0Y2,port3_out,req,1591
NOC_NPS_VNOC_X0Y5,NOC_NPS_VNOC_X0Y7,port0_in,port2_out,1534
NOC_NPS_VNOC_X0Y5,NOC_NPS_VNOC_X0Y7,port0_out,port2_in,1572
NOC_NPS_VNOC_X0Y4,NOC_NPS_VNOC_X0Y6,port2_in,port0_out,1548
NOC_NPS_VNOC_X0Y4,NOC_NPS_VNOC_X0Y6,port2_out,port0_in,1590
NOC_NMU512_X0Y3,NOC_NPS_VNOC_X0Y7,resp_in,port3_out,1535
NOC_NMU512_X0Y3,NOC_NPS_VNOC_X0Y7,req_out,port3_in,1528
NOC_NPS_VNOC_X0Y7,NOC_NPS_VNOC_X0Y6,port1_in,port1_out,1549
NOC_NPS_VNOC_X0Y7,NOC_NPS_VNOC_X0Y6,port1_out,port1_in,1533
NOC_NPS_VNOC_X0Y6,NOC_NSU512_X0Y3,port3_in,resp,1564
NOC_NPS_VNOC_X0Y6,NOC_NSU512_X0Y3,port3_out,req,1551
NOC_NPS_VNOC_X0Y7,NOC_NPS_VNOC_X0Y9,port0_in,port2_out,1494
NOC_NPS_VNOC_X0Y9,NOC_NPS_VNOC_X0Y7,port2_in,port0_out,1532
NOC_NPS_VNOC_X0Y6,NOC_NPS_VNOC_X0Y8,port2_in,port0_out,1508
NOC_NPS_VNOC_X0Y8,NOC_NPS_VNOC_X0Y6,port0_in,port2_out,1550
NOC_NMU512_X0Y4,NOC_NPS_VNOC_X0Y9,resp_in,port3_out,1495
NOC_NMU512_X0Y4,NOC_NPS_VNOC_X0Y9,req_out,port3_in,1488
NOC_NPS_VNOC_X0Y9,NOC_NPS_VNOC_X0Y8,port1_in,port1_out,1509
NOC_NPS_VNOC_X0Y9,NOC_NPS_VNOC_X0Y8,port1_out,port1_in,1493
NOC_NPS_VNOC_X0Y8,NOC_NSU512_X0Y4,port3_in,resp,1524
NOC_NPS_VNOC_X0Y8,NOC_NSU512_X0Y4,port3_out,req,1511
NOC_NPS_VNOC_X0Y11,NOC_NPS_VNOC_X0Y9,port2_out,port0_in,1454
NOC_NPS_VNOC_X0Y11,NOC_NPS_VNOC_X0Y9,port2_in,port0_out,1492
NOC_NPS_VNOC_X0Y10,NOC_NPS_VNOC_X0Y8,port0_out,port2_in,1468
NOC_NPS_VNOC_X0Y10,NOC_NPS_VNOC_X0Y8,port0_in,port2_out,1510
NOC_NMU512_X0Y5,NOC_NPS_VNOC_X0Y11,resp_in,port3_out,1455
NOC_NMU512_X0Y5,NOC_NPS_VNOC_X0Y11,req_out,port3_in,1448
NOC_NPS_VNOC_X0Y11,NOC_NPS_VNOC_X0Y10,port1_in,port1_out,1469
NOC_NPS_VNOC_X0Y11,NOC_NPS_VNOC_X0Y10,port1_out,port1_in,1453
NOC_NPS_VNOC_X0Y10,NOC_NSU512_X0Y5,port3_in,resp,1484
NOC_NPS_VNOC_X0Y10,NOC_NSU512_X0Y5,port3_out,req,1471
NOC_NPS_VNOC_X0Y13,NOC_NPS_VNOC_X0Y11,port2_out,port0_in,1414
NOC_NPS_VNOC_X0Y13,NOC_NPS_VNOC_X0Y11,port2_in,port0_out,1452
NOC_NPS_VNOC_X0Y12,NOC_NPS_VNOC_X0Y10,port0_out,port2_in,1428
NOC_NPS_VNOC_X0Y12,NOC_NPS_VNOC_X0Y10,port0_in,port2_out,1470
NOC_NMU512_X0Y6,NOC_NPS_VNOC_X0Y13,resp_in,port3_out,1415
NOC_NMU512_X0Y6,NOC_NPS_VNOC_X0Y13,req_out,port3_in,1408
NOC_NPS_VNOC_X0Y13,NOC_NPS_VNOC_X0Y12,port1_in,port1_out,1429
NOC_NPS_VNOC_X0Y13,NOC_NPS_VNOC_X0Y12,port1_out,port1_in,1413
NOC_NPS_VNOC_X0Y12,NOC_NSU512_X0Y6,port3_in,resp,1444
NOC_NPS_VNOC_X0Y12,NOC_NSU512_X0Y6,port3_out,req,1431
NOC_NPS7575_X0Y1,NOC_NPS_VNOC_X0Y13,port3_out,port0_in,1331
NOC_NPS7575_X0Y1,NOC_NPS_VNOC_X0Y13,port3_in,port0_out,1412
NOC_NPS_VNOC_X0Y12,NOC_NPS7575_X0Y0,port2_in,port1_out,1325
NOC_NPS7575_X0Y0,NOC_NPS_VNOC_X0Y12,port1_in,port2_out,1430
NOC_NPS7575_X0Y1,NOC_NPP_RPTR_X0Y3,port2_out,port0_in,1330
NOC_NPP_RPTR_X0Y3,NOC_NPS7575_X0Y1,port1_out,port2_in,1336
NOC_NPS7575_X0Y1,NOC_NPP_RPTR_X0Y1,port0_out,port1_in,1328
NOC_NPP_RPTR_X0Y1,NOC_NPS7575_X0Y1,port0_out,port0_in,1323
NOC_NPS7575_X0Y1,NOC_NIDB_X0Y0,port1_in,port0_out,1318
NOC_NPS7575_X0Y1,NOC_NIDB_X0Y0,port1_out,port0_in,1329
NOC_NPP_RPTR_X0Y1,NOC_NCRB_SSIT_X0Y1,port0_in,port1_out,1317
NOC_NPP_RPTR_X0Y1,NOC_NCRB_SSIT_X0Y0,port1_out,port1_in,1322
NOC_NCRB_SSIT_X0Y1,NOC_NPP_RPTR_X0Y0,port0_out,port0_in,1316
NOC_NCRB_SSIT_X0Y0,NOC_NPP_RPTR_X0Y0,port0_in,port1_out,1320
NOC_NPP_RPTR_X0Y0,NOC_NPS7575_X0Y0,port1_in,port0_out,1324
NOC_NPP_RPTR_X0Y0,NOC_NPS7575_X0Y0,port0_out,port0_in,1321
NOC_NIDB_X0Y0,NOC_NIDB_X0Y2,port1_in,port1_out,1223
NOC_NIDB_X0Y2,NOC_NIDB_X0Y0,port1_in,port1_out,1319
NOC_NPS7575_X0Y0,NOC_NIDB_X0Y1,port3_in,port0_out,1332
NOC_NPS7575_X0Y0,NOC_NIDB_X0Y1,port3_out,port0_in,1327
NOC_NPS7575_X0Y0,NOC_NPP_RPTR_X0Y2,port2_in,port1_out,1334
NOC_NPP_RPTR_X0Y2,NOC_NPS7575_X0Y0,port0_in,port2_out,1326
NOC_NIDB_X0Y3,NOC_NIDB_X0Y1,port1_out,port1_in,1237
NOC_NIDB_X0Y1,NOC_NIDB_X0Y3,port1_out,port1_in,1333
NOC_NPP_RPTR_X0Y5,NOC_NPS7575_X4Y3,port1_in,port0_out,1232
NOC_NPP_RPTR_X0Y5,NOC_NPS7575_X4Y3,port0_out,port0_in,1227
NOC_NIDB_X0Y2,NOC_NPS7575_X4Y3,port0_in,port1_out,1233
NOC_NIDB_X0Y2,NOC_NPS7575_X4Y3,port0_out,port1_in,1222
NOC_NPS7575_X4Y3,NOC_NPP_RPTR_X0Y7,port2_in,port1_out,1240
NOC_NPP_RPTR_X0Y7,NOC_NPS7575_X4Y3,port0_in,port2_out,1234
NOC_NPS7575_X4Y3,NOC_NPS_VNOC_X0Y15,port3_in,port2_out,1170
NOC_NPS_VNOC_X0Y15,NOC_NPS7575_X4Y3,port2_in,port3_out,1235
NOC_NPS7575_X4Y2,NOC_NPS_VNOC_X0Y14,port1_in,port0_out,1184
NOC_NPS_VNOC_X0Y14,NOC_NPS7575_X4Y2,port0_in,port1_out,1229
NOC_NPS7575_X4Y2,NOC_NIDB_X0Y3,port3_in,port0_out,1236
NOC_NPS7575_X4Y2,NOC_NIDB_X0Y3,port3_out,port0_in,1231
NOC_NPS7575_X4Y2,NOC_NPP_RPTR_X0Y6,port2_in,port1_out,1238
NOC_NPP_RPTR_X0Y6,NOC_NPS7575_X4Y2,port0_in,port2_out,1230
NOC_NMU512_X0Y7,NOC_NPS_VNOC_X0Y15,resp_in,port3_out,1171
NOC_NMU512_X0Y7,NOC_NPS_VNOC_X0Y15,req_out,port3_in,1164
NOC_NPS_VNOC_X0Y15,NOC_NPS_VNOC_X0Y14,port1_in,port1_out,1185
NOC_NPS_VNOC_X0Y15,NOC_NPS_VNOC_X0Y14,port1_out,port1_in,1169
NOC_NPS_VNOC_X0Y14,NOC_NSU512_X0Y7,port3_in,resp,1200
NOC_NPS_VNOC_X0Y14,NOC_NSU512_X0Y7,port3_out,req,1187
NOC_NPS_VNOC_X0Y17,NOC_NPS_VNOC_X0Y15,port2_out,port0_in,1130
NOC_NPS_VNOC_X0Y17,NOC_NPS_VNOC_X0Y15,port2_in,port0_out,1168
NOC_NPS_VNOC_X0Y16,NOC_NPS_VNOC_X0Y14,port0_out,port2_in,1144
NOC_NPS_VNOC_X0Y16,NOC_NPS_VNOC_X0Y14,port0_in,port2_out,1186
NOC_NMU512_X0Y8,NOC_NPS_VNOC_X0Y17,resp_in,port3_out,1131
NOC_NMU512_X0Y8,NOC_NPS_VNOC_X0Y17,req_out,port3_in,1124
NOC_NPS_VNOC_X0Y17,NOC_NPS_VNOC_X0Y16,port1_in,port1_out,1145
NOC_NPS_VNOC_X0Y17,NOC_NPS_VNOC_X0Y16,port1_out,port1_in,1129
NOC_NPS_VNOC_X0Y16,NOC_NSU512_X0Y8,port3_in,resp,1160
NOC_NPS_VNOC_X0Y16,NOC_NSU512_X0Y8,port3_out,req,1147
NOC_NPS_VNOC_X0Y19,NOC_NPS_VNOC_X0Y17,port2_out,port0_in,1090
NOC_NPS_VNOC_X0Y19,NOC_NPS_VNOC_X0Y17,port2_in,port0_out,1128
NOC_NPS_VNOC_X0Y18,NOC_NPS_VNOC_X0Y16,port0_out,port2_in,1104
NOC_NPS_VNOC_X0Y18,NOC_NPS_VNOC_X0Y16,port0_in,port2_out,1146
NOC_NMU512_X0Y9,NOC_NPS_VNOC_X0Y19,resp_in,port3_out,1091
NOC_NMU512_X0Y9,NOC_NPS_VNOC_X0Y19,req_out,port3_in,1084
NOC_NPS_VNOC_X0Y19,NOC_NPS_VNOC_X0Y18,port1_in,port1_out,1105
NOC_NPS_VNOC_X0Y19,NOC_NPS_VNOC_X0Y18,port1_out,port1_in,1089
NOC_NPS_VNOC_X0Y18,NOC_NSU512_X0Y9,port3_in,resp,1120
NOC_NPS_VNOC_X0Y18,NOC_NSU512_X0Y9,port3_out,req,1107
NOC_NPS_VNOC_X0Y19,NOC_NPS_VNOC_X0Y21,port0_in,port2_out,1050
NOC_NPS_VNOC_X0Y21,NOC_NPS_VNOC_X0Y19,port2_in,port0_out,1088
NOC_NPS_VNOC_X0Y20,NOC_NPS_VNOC_X0Y18,port0_out,port2_in,1064
NOC_NPS_VNOC_X0Y18,NOC_NPS_VNOC_X0Y20,port2_out,port0_in,1106
NOC_NMU512_X0Y10,NOC_NPS_VNOC_X0Y21,resp_in,port3_out,1051
NOC_NMU512_X0Y10,NOC_NPS_VNOC_X0Y21,req_out,port3_in,1044
NOC_NPS_VNOC_X0Y21,NOC_NPS_VNOC_X0Y20,port1_in,port1_out,1065
NOC_NPS_VNOC_X0Y21,NOC_NPS_VNOC_X0Y20,port1_out,port1_in,1049
NOC_NPS_VNOC_X0Y20,NOC_NSU512_X0Y10,port3_in,resp,1080
NOC_NPS_VNOC_X0Y20,NOC_NSU512_X0Y10,port3_out,req,1067
NOC_NPS_VNOC_X0Y21,NOC_NPS_VNOC_X0Y23,port0_in,port2_out,1010
NOC_NPS_VNOC_X0Y23,NOC_NPS_VNOC_X0Y21,port2_in,port0_out,1048
NOC_NPS_VNOC_X0Y22,NOC_NPS_VNOC_X0Y20,port0_out,port2_in,1024
NOC_NPS_VNOC_X0Y20,NOC_NPS_VNOC_X0Y22,port2_out,port0_in,1066
NOC_NMU512_X0Y11,NOC_NPS_VNOC_X0Y23,resp_in,port3_out,1011
NOC_NMU512_X0Y11,NOC_NPS_VNOC_X0Y23,req_out,port3_in,1004
NOC_NPS_VNOC_X0Y23,NOC_NPS_VNOC_X0Y22,port1_in,port1_out,1025
NOC_NPS_VNOC_X0Y23,NOC_NPS_VNOC_X0Y22,port1_out,port1_in,1009
NOC_NPS_VNOC_X0Y22,NOC_NSU512_X0Y11,port3_in,resp,1040
NOC_NPS_VNOC_X0Y22,NOC_NSU512_X0Y11,port3_out,req,1027
NOC_NPS_VNOC_X0Y23,NOC_NPS_VNOC_X0Y25,port0_in,port2_out,970
NOC_NPS_VNOC_X0Y23,NOC_NPS_VNOC_X0Y25,port0_out,port2_in,1008
NOC_NPS_VNOC_X0Y22,NOC_NPS_VNOC_X0Y24,port2_in,port0_out,984
NOC_NPS_VNOC_X0Y22,NOC_NPS_VNOC_X0Y24,port2_out,port0_in,1026
NOC_NMU512_X0Y12,NOC_NPS_VNOC_X0Y25,resp_in,port3_out,971
NOC_NMU512_X0Y12,NOC_NPS_VNOC_X0Y25,req_out,port3_in,964
NOC_NPS_VNOC_X0Y25,NOC_NPS_VNOC_X0Y24,port1_in,port1_out,985
NOC_NPS_VNOC_X0Y25,NOC_NPS_VNOC_X0Y24,port1_out,port1_in,969
NOC_NPS_VNOC_X0Y24,NOC_NSU512_X0Y12,port3_in,resp,1000
NOC_NPS_VNOC_X0Y24,NOC_NSU512_X0Y12,port3_out,req,987
NOC_NPS_VNOC_X0Y25,NOC_NPS7575_X4Y5,port0_in,port3_out,887
NOC_NPS_VNOC_X0Y25,NOC_NPS7575_X4Y5,port0_out,port3_in,968
NOC_NPS_VNOC_X0Y24,NOC_NPS7575_X4Y4,port2_in,port1_out,881
NOC_NPS_VNOC_X0Y24,NOC_NPS7575_X4Y4,port2_out,port1_in,986
NOC_NPS7575_X4Y5,NOC_NIDB_X0Y4,port1_in,port0_out,874
NOC_NPS7575_X4Y5,NOC_NIDB_X0Y4,port1_out,port0_in,885
NOC_NPS7575_X4Y5,NOC_NPP_RPTR_X0Y11,port2_in,port1_out,892
NOC_NPP_RPTR_X0Y11,NOC_NPS7575_X4Y5,port0_in,port2_out,886
NOC_NPS7575_X4Y5,NOC_NPP_RPTR_X0Y9,port0_in,port0_out,879
NOC_NPP_RPTR_X0Y9,NOC_NPS7575_X4Y5,port1_in,port0_out,884
NOC_NPP_RPTR_X0Y9,NOC_NCRB_SSIT_X0Y4,port1_out,port1_in,878
NOC_NPP_RPTR_X0Y9,NOC_NCRB_SSIT_X0Y5,port0_in,port1_out,873
NOC_NCRB_SSIT_X0Y5,NOC_NPP_RPTR_X0Y8,port0_out,port0_in,872
NOC_NCRB_SSIT_X0Y4,NOC_NPP_RPTR_X0Y8,port0_in,port1_out,876
NOC_NPP_RPTR_X0Y8,NOC_NPS7575_X4Y4,port1_in,port0_out,880
NOC_NPP_RPTR_X0Y8,NOC_NPS7575_X4Y4,port0_out,port0_in,877
NOC_NPS7575_X4Y4,NOC_NIDB_X0Y5,port3_in,port0_out,888
NOC_NPS7575_X4Y4,NOC_NIDB_X0Y5,port3_out,port0_in,883
NOC_NPS7575_X4Y4,NOC_NPP_RPTR_X0Y10,port2_in,port1_out,890
NOC_NPP_RPTR_X0Y10,NOC_NPS7575_X4Y4,port0_in,port2_out,882
NOC_NIDB_X0Y4,NOC_NIDB_X0Y6,port1_in,port1_out,779
NOC_NIDB_X0Y6,NOC_NIDB_X0Y4,port1_in,port1_out,875
NOC_NIDB_X0Y5,NOC_NIDB_X0Y7,port1_in,port1_out,793
NOC_NIDB_X0Y7,NOC_NIDB_X0Y5,port1_in,port1_out,889
NOC_NIDB_X0Y7,NOC_NPS7575_X4Y6,port0_out,port3_in,792
NOC_NIDB_X0Y7,NOC_NPS7575_X4Y6,port0_in,port3_out,787
NOC_NIDB_X0Y6,NOC_NPS7575_X4Y7,port0_out,port1_in,778
NOC_NIDB_X0Y6,NOC_NPS7575_X4Y7,port0_in,port1_out,789
NOC_NPS7575_X4Y7,NOC_NPP_RPTR_X0Y15,port2_in,port1_out,796
NOC_NPP_RPTR_X0Y15,NOC_NPS7575_X4Y7,port0_in,port2_out,790
NOC_NPS7575_X4Y6,NOC_NPP_RPTR_X0Y14,port2_in,port1_out,794
NOC_NPP_RPTR_X0Y14,NOC_NPS7575_X4Y6,port0_in,port2_out,786
NOC_NPP_RPTR_X0Y6,NOC_NCRB_SSIT_X1Y2,port0_out,port0_in,1239
NOC_NPP_RPTR_X0Y6,NOC_NCRB_SSIT_X1Y3,port1_in,port0_out,1244
NOC_NPP_RPTR_X0Y7,NOC_NCRB_SSIT_X1Y3,port1_in,port1_out,1245
NOC_NPP_RPTR_X0Y7,NOC_NCRB_SSIT_X1Y2,port0_out,port1_in,1241
NOC_NCRB_SSIT_X1Y3,NOC_NPP_RPTR_X1Y5,port1_in,port1_out,1250
NOC_NCRB_SSIT_X1Y3,NOC_NPP_RPTR_X1Y4,port0_in,port1_out,1248
NOC_NCRB_SSIT_X1Y2,NOC_NPP_RPTR_X1Y4,port0_out,port0_in,1242
NOC_NCRB_SSIT_X1Y2,NOC_NPP_RPTR_X1Y5,port1_out,port0_in,1243
NOC_NPP_RPTR_X1Y4,NOC_NPS7575_X5Y2,port1_in,port0_out,1252
NOC_NPS7575_X5Y2,NOC_NPP_RPTR_X1Y4,port0_in,port0_out,1249
NOC_NPP_RPTR_X1Y5,NOC_NPS7575_X5Y3,port1_in,port0_out,1256
NOC_NPS7575_X5Y3,NOC_NPP_RPTR_X1Y5,port0_in,port0_out,1251
NOC_NPP_RPTR_X0Y2,NOC_NCRB_SSIT_X1Y1,port0_out,port0_in,1335
NOC_NPP_RPTR_X0Y2,NOC_NCRB_SSIT_X1Y0,port1_in,port0_out,1338
NOC_NPP_RPTR_X0Y3,NOC_NCRB_SSIT_X1Y0,port1_in,port1_out,1339
NOC_NPP_RPTR_X0Y3,NOC_NCRB_SSIT_X1Y1,port0_out,port1_in,1337
NOC_NCRB_SSIT_X1Y0,NOC_NPP_RPTR_X1Y1,port1_in,port1_out,1346
NOC_NCRB_SSIT_X1Y0,NOC_NPP_RPTR_X1Y0,port0_in,port1_out,1344
NOC_NCRB_SSIT_X1Y1,NOC_NPP_RPTR_X1Y0,port0_out,port0_in,1340
NOC_NCRB_SSIT_X1Y1,NOC_NPP_RPTR_X1Y1,port1_out,port0_in,1341
NOC_NPP_RPTR_X1Y0,NOC_NPS7575_X5Y0,port1_in,port0_out,1348
NOC_NPS7575_X5Y0,NOC_NPP_RPTR_X1Y0,port0_in,port0_out,1345
NOC_NPP_RPTR_X1Y1,NOC_NPS7575_X5Y1,port1_in,port0_out,1352
NOC_NPS7575_X5Y1,NOC_NPP_RPTR_X1Y1,port0_in,port0_out,1347
NOC_NPP_RPTR_X0Y10,NOC_NCRB_SSIT_X2Y5,port0_out,port0_in,891
NOC_NPP_RPTR_X0Y10,NOC_NCRB_SSIT_X2Y4,port1_in,port0_out,894
NOC_NPP_RPTR_X0Y11,NOC_NCRB_SSIT_X2Y4,port1_in,port1_out,895
NOC_NPP_RPTR_X0Y11,NOC_NCRB_SSIT_X2Y5,port0_out,port1_in,893
NOC_NCRB_SSIT_X2Y4,NOC_NPP_RPTR_X1Y9,port1_in,port1_out,902
NOC_NCRB_SSIT_X2Y4,NOC_NPP_RPTR_X1Y8,port0_in,port1_out,900
NOC_NCRB_SSIT_X2Y5,NOC_NPP_RPTR_X1Y8,port0_out,port0_in,896
NOC_NCRB_SSIT_X2Y5,NOC_NPP_RPTR_X1Y9,port1_out,port0_in,897
NOC_NPP_RPTR_X1Y8,NOC_NPS7575_X5Y4,port1_in,port0_out,904
NOC_NPS7575_X5Y4,NOC_NPP_RPTR_X1Y8,port0_in,port0_out,901
NOC_NPP_RPTR_X1Y9,NOC_NPS7575_X5Y5,port1_in,port0_out,908
NOC_NPS7575_X5Y5,NOC_NPP_RPTR_X1Y9,port0_in,port0_out,903
NOC_NPP_RPTR_X0Y14,NOC_NCRB_SSIT_X1Y6,port0_out,port0_in,795
NOC_NPP_RPTR_X0Y14,NOC_NCRB_SSIT_X1Y7,port1_in,port0_out,800
NOC_NPP_RPTR_X0Y15,NOC_NCRB_SSIT_X1Y7,port1_in,port1_out,801
NOC_NPP_RPTR_X0Y15,NOC_NCRB_SSIT_X1Y6,port0_out,port1_in,797
NOC_NCRB_SSIT_X1Y7,NOC_NPP_RPTR_X1Y13,port1_in,port1_out,806
NOC_NCRB_SSIT_X1Y7,NOC_NPP_RPTR_X1Y12,port0_in,port1_out,804
NOC_NCRB_SSIT_X1Y6,NOC_NPP_RPTR_X1Y12,port0_out,port0_in,798
NOC_NCRB_SSIT_X1Y6,NOC_NPP_RPTR_X1Y13,port1_out,port0_in,799
NOC_NPP_RPTR_X1Y12,NOC_NPS7575_X5Y6,port1_in,port0_out,808
NOC_NPS7575_X5Y6,NOC_NPP_RPTR_X1Y12,port0_in,port0_out,805
NOC_NPP_RPTR_X1Y13,NOC_NPS7575_X5Y7,port1_in,port0_out,812
NOC_NPS7575_X5Y7,NOC_NPP_RPTR_X1Y13,port0_in,port0_out,807
NOC_NMU512_X1Y0,NOC_NPS_VNOC_X1Y1,resp_in,port3_out,1659
NOC_NMU512_X1Y0,NOC_NPS_VNOC_X1Y1,req_out,port3_in,1649
NOC_NPS_VNOC_X1Y1,NOC_NPS_VNOC_X1Y0,port1_in,port1_out,1673
NOC_NPS_VNOC_X1Y1,NOC_NPS_VNOC_X1Y0,port1_out,port1_in,1657
NOC_NPS_VNOC_X1Y0,NOC_NSU512_X1Y0,port3_in,resp,1685
NOC_NPS_VNOC_X1Y0,NOC_NSU512_X1Y0,port3_out,req,1675
NOC_NPS_VNOC_X1Y3,NOC_NPS_VNOC_X1Y1,port2_out,port0_in,1618
NOC_NPS_VNOC_X1Y3,NOC_NPS_VNOC_X1Y1,port2_in,port0_out,1656
NOC_NPS_VNOC_X1Y2,NOC_NPS_VNOC_X1Y0,port0_out,port2_in,1632
NOC_NPS_VNOC_X1Y0,NOC_NPS_VNOC_X1Y2,port2_out,port0_in,1674
NOC_NMU512_X1Y1,NOC_NPS_VNOC_X1Y3,resp_in,port3_out,1619
NOC_NMU512_X1Y1,NOC_NPS_VNOC_X1Y3,req_out,port3_in,1609
NOC_NPS_VNOC_X1Y3,NOC_NPS_VNOC_X1Y2,port1_in,port1_out,1633
NOC_NPS_VNOC_X1Y3,NOC_NPS_VNOC_X1Y2,port1_out,port1_in,1617
NOC_NPS_VNOC_X1Y2,NOC_NSU512_X1Y1,port3_in,resp,1645
NOC_NPS_VNOC_X1Y2,NOC_NSU512_X1Y1,port3_out,req,1635
NOC_NPS_VNOC_X1Y3,NOC_NPS_VNOC_X1Y5,port0_in,port2_out,1578
NOC_NPS_VNOC_X1Y3,NOC_NPS_VNOC_X1Y5,port0_out,port2_in,1616
NOC_NPS_VNOC_X1Y4,NOC_NPS_VNOC_X1Y2,port0_out,port2_in,1592
NOC_NPS_VNOC_X1Y2,NOC_NPS_VNOC_X1Y4,port2_out,port0_in,1634
NOC_NMU512_X1Y2,NOC_NPS_VNOC_X1Y5,resp_in,port3_out,1579
NOC_NMU512_X1Y2,NOC_NPS_VNOC_X1Y5,req_out,port3_in,1569
NOC_NPS_VNOC_X1Y5,NOC_NPS_VNOC_X1Y4,port1_in,port1_out,1593
NOC_NPS_VNOC_X1Y5,NOC_NPS_VNOC_X1Y4,port1_out,port1_in,1577
NOC_NPS_VNOC_X1Y4,NOC_NSU512_X1Y2,port3_in,resp,1605
NOC_NPS_VNOC_X1Y4,NOC_NSU512_X1Y2,port3_out,req,1595
NOC_NPS_VNOC_X1Y7,NOC_NPS_VNOC_X1Y5,port2_out,port0_in,1538
NOC_NPS_VNOC_X1Y7,NOC_NPS_VNOC_X1Y5,port2_in,port0_out,1576
NOC_NPS_VNOC_X1Y6,NOC_NPS_VNOC_X1Y4,port0_out,port2_in,1552
NOC_NPS_VNOC_X1Y6,NOC_NPS_VNOC_X1Y4,port0_in,port2_out,1594
NOC_NMU512_X1Y3,NOC_NPS_VNOC_X1Y7,resp_in,port3_out,1539
NOC_NMU512_X1Y3,NOC_NPS_VNOC_X1Y7,req_out,port3_in,1529
NOC_NPS_VNOC_X1Y7,NOC_NPS_VNOC_X1Y6,port1_in,port1_out,1553
NOC_NPS_VNOC_X1Y7,NOC_NPS_VNOC_X1Y6,port1_out,port1_in,1537
NOC_NPS_VNOC_X1Y6,NOC_NSU512_X1Y3,port3_in,resp,1565
NOC_NPS_VNOC_X1Y6,NOC_NSU512_X1Y3,port3_out,req,1555
NOC_NPS_VNOC_X1Y7,NOC_NPS_VNOC_X1Y9,port0_in,port2_out,1498
NOC_NPS_VNOC_X1Y9,NOC_NPS_VNOC_X1Y7,port2_in,port0_out,1536
NOC_NPS_VNOC_X1Y8,NOC_NPS_VNOC_X1Y6,port0_out,port2_in,1512
NOC_NPS_VNOC_X1Y8,NOC_NPS_VNOC_X1Y6,port0_in,port2_out,1554
NOC_NMU512_X1Y4,NOC_NPS_VNOC_X1Y9,resp_in,port3_out,1499
NOC_NMU512_X1Y4,NOC_NPS_VNOC_X1Y9,req_out,port3_in,1489
NOC_NPS_VNOC_X1Y9,NOC_NPS_VNOC_X1Y8,port1_in,port1_out,1513
NOC_NPS_VNOC_X1Y9,NOC_NPS_VNOC_X1Y8,port1_out,port1_in,1497
NOC_NPS_VNOC_X1Y8,NOC_NSU512_X1Y4,port3_in,resp,1525
NOC_NPS_VNOC_X1Y8,NOC_NSU512_X1Y4,port3_out,req,1515
NOC_NPS_VNOC_X1Y9,NOC_NPS_VNOC_X1Y11,port0_in,port2_out,1458
NOC_NPS_VNOC_X1Y11,NOC_NPS_VNOC_X1Y9,port2_in,port0_out,1496
NOC_NPS_VNOC_X1Y10,NOC_NPS_VNOC_X1Y8,port0_out,port2_in,1472
NOC_NPS_VNOC_X1Y10,NOC_NPS_VNOC_X1Y8,port0_in,port2_out,1514
NOC_NPS_VNOC_X1Y13,NOC_NPS_VNOC_X1Y11,port2_out,port0_in,1418
NOC_NPS_VNOC_X1Y13,NOC_NPS_VNOC_X1Y11,port2_in,port0_out,1456
NOC_NPS_VNOC_X1Y12,NOC_NPS_VNOC_X1Y10,port0_out,port2_in,1432
NOC_NPS_VNOC_X1Y12,NOC_NPS_VNOC_X1Y10,port0_in,port2_out,1474
NOC_NMU512_X1Y5,NOC_NPS_VNOC_X1Y11,resp_in,port3_out,1459
NOC_NMU512_X1Y5,NOC_NPS_VNOC_X1Y11,req_out,port3_in,1449
NOC_NPS_VNOC_X1Y11,NOC_NPS_VNOC_X1Y10,port1_in,port1_out,1473
NOC_NPS_VNOC_X1Y11,NOC_NPS_VNOC_X1Y10,port1_out,port1_in,1457
NOC_NPS_VNOC_X1Y10,NOC_NSU512_X1Y5,port3_in,resp,1485
NOC_NPS_VNOC_X1Y10,NOC_NSU512_X1Y5,port3_out,req,1475
NOC_NMU512_X1Y6,NOC_NPS_VNOC_X1Y13,resp_in,port3_out,1419
NOC_NMU512_X1Y6,NOC_NPS_VNOC_X1Y13,req_out,port3_in,1409
NOC_NPS_VNOC_X1Y13,NOC_NPS_VNOC_X1Y12,port1_in,port1_out,1433
NOC_NPS_VNOC_X1Y13,NOC_NPS_VNOC_X1Y12,port1_out,port1_in,1417
NOC_NPS_VNOC_X1Y12,NOC_NSU512_X1Y6,port3_in,resp,1445
NOC_NPS_VNOC_X1Y12,NOC_NSU512_X1Y6,port3_out,req,1435
NOC_NPS_VNOC_X1Y13,NOC_NPS7575_X5Y1,port0_in,port3_out,1355
NOC_NPS7575_X5Y1,NOC_NPS_VNOC_X1Y13,port3_in,port0_out,1416
NOC_NPS_VNOC_X1Y12,NOC_NPS7575_X5Y0,port2_in,port1_out,1349
NOC_NPS7575_X5Y0,NOC_NPS_VNOC_X1Y12,port1_in,port2_out,1434
NOC_NPS7575_X5Y1,NOC_NIDB_X1Y0,port1_in,port0_out,1342
NOC_NIDB_X1Y0,NOC_NPS7575_X5Y1,port0_in,port1_out,1353
NOC_NPS7575_X5Y1,NOC_NPP_RPTR_X1Y3,port2_in,port1_out,1360
NOC_NPP_RPTR_X1Y3,NOC_NPS7575_X5Y1,port0_in,port2_out,1354
NOC_NIDB_X1Y0,NOC_NIDB_X1Y2,port1_in,port1_out,1247
NOC_NIDB_X1Y2,NOC_NIDB_X1Y0,port1_in,port1_out,1343
NOC_NIDB_X1Y2,NOC_NPS7575_X5Y3,port0_in,port1_out,1257
NOC_NIDB_X1Y2,NOC_NPS7575_X5Y3,port0_out,port1_in,1246
NOC_NPS7575_X5Y0,NOC_NIDB_X1Y1,port3_in,port0_out,1356
NOC_NPS7575_X5Y0,NOC_NIDB_X1Y1,port3_out,port0_in,1351
NOC_NPS7575_X5Y0,NOC_NPP_RPTR_X1Y2,port2_in,port1_out,1358
NOC_NPP_RPTR_X1Y2,NOC_NPS7575_X5Y0,port0_in,port2_out,1350
NOC_NIDB_X1Y1,NOC_NIDB_X1Y3,port1_in,port1_out,1261
NOC_NIDB_X1Y3,NOC_NIDB_X1Y1,port1_in,port1_out,1357
NOC_NPS7575_X5Y3,NOC_NPP_RPTR_X1Y7,port2_in,port1_out,1264
NOC_NPP_RPTR_X1Y7,NOC_NPS7575_X5Y3,port0_in,port2_out,1258
NOC_NPS7575_X5Y3,NOC_NPS_VNOC_X1Y15,port3_in,port2_out,1174
NOC_NPS_VNOC_X1Y15,NOC_NPS7575_X5Y3,port2_in,port3_out,1259
NOC_NPS7575_X5Y2,NOC_NPS_VNOC_X1Y14,port1_in,port0_out,1188
NOC_NPS_VNOC_X1Y14,NOC_NPS7575_X5Y2,port0_in,port1_out,1253
NOC_NPS7575_X5Y2,NOC_NIDB_X1Y3,port3_in,port0_out,1260
NOC_NPS7575_X5Y2,NOC_NIDB_X1Y3,port3_out,port0_in,1255
NOC_NPS7575_X5Y2,NOC_NPP_RPTR_X1Y6,port2_in,port1_out,1262
NOC_NPP_RPTR_X1Y6,NOC_NPS7575_X5Y2,port0_in,port2_out,1254
NOC_NMU512_X1Y7,NOC_NPS_VNOC_X1Y15,resp_in,port3_out,1175
NOC_NMU512_X1Y7,NOC_NPS_VNOC_X1Y15,req_out,port3_in,1165
NOC_NPS_VNOC_X1Y15,NOC_NPS_VNOC_X1Y14,port1_in,port1_out,1189
NOC_NPS_VNOC_X1Y15,NOC_NPS_VNOC_X1Y14,port1_out,port1_in,1173
NOC_NPS_VNOC_X1Y14,NOC_NSU512_X1Y7,port3_in,resp,1201
NOC_NPS_VNOC_X1Y14,NOC_NSU512_X1Y7,port3_out,req,1191
NOC_NPS_VNOC_X1Y15,NOC_NPS_VNOC_X1Y17,port0_in,port2_out,1134
NOC_NPS_VNOC_X1Y17,NOC_NPS_VNOC_X1Y15,port2_in,port0_out,1172
NOC_NPS_VNOC_X1Y16,NOC_NPS_VNOC_X1Y14,port0_out,port2_in,1148
NOC_NPS_VNOC_X1Y16,NOC_NPS_VNOC_X1Y14,port0_in,port2_out,1190
NOC_NMU512_X1Y8,NOC_NPS_VNOC_X1Y17,resp_in,port3_out,1135
NOC_NMU512_X1Y8,NOC_NPS_VNOC_X1Y17,req_out,port3_in,1125
NOC_NPS_VNOC_X1Y17,NOC_NPS_VNOC_X1Y16,port1_in,port1_out,1149
NOC_NPS_VNOC_X1Y17,NOC_NPS_VNOC_X1Y16,port1_out,port1_in,1133
NOC_NPS_VNOC_X1Y16,NOC_NSU512_X1Y8,port3_in,resp,1161
NOC_NPS_VNOC_X1Y16,NOC_NSU512_X1Y8,port3_out,req,1151
NOC_NPS_VNOC_X1Y17,NOC_NPS_VNOC_X1Y19,port0_in,port2_out,1094
NOC_NPS_VNOC_X1Y17,NOC_NPS_VNOC_X1Y19,port0_out,port2_in,1132
NOC_NPS_VNOC_X1Y16,NOC_NPS_VNOC_X1Y18,port2_in,port0_out,1108
NOC_NPS_VNOC_X1Y18,NOC_NPS_VNOC_X1Y16,port0_in,port2_out,1150
NOC_NMU512_X1Y9,NOC_NPS_VNOC_X1Y19,resp_in,port3_out,1095
NOC_NMU512_X1Y9,NOC_NPS_VNOC_X1Y19,req_out,port3_in,1085
NOC_NPS_VNOC_X1Y19,NOC_NPS_VNOC_X1Y18,port1_in,port1_out,1109
NOC_NPS_VNOC_X1Y19,NOC_NPS_VNOC_X1Y18,port1_out,port1_in,1093
NOC_NPS_VNOC_X1Y18,NOC_NSU512_X1Y9,port3_in,resp,1121
NOC_NPS_VNOC_X1Y18,NOC_NSU512_X1Y9,port3_out,req,1111
NOC_NPS_VNOC_X1Y19,NOC_NPS_VNOC_X1Y21,port0_in,port2_out,1054
NOC_NPS_VNOC_X1Y21,NOC_NPS_VNOC_X1Y19,port2_in,port0_out,1092
NOC_NPS_VNOC_X1Y20,NOC_NPS_VNOC_X1Y18,port0_out,port2_in,1068
NOC_NPS_VNOC_X1Y20,NOC_NPS_VNOC_X1Y18,port0_in,port2_out,1110
NOC_NMU512_X1Y10,NOC_NPS_VNOC_X1Y21,resp_in,port3_out,1055
NOC_NMU512_X1Y10,NOC_NPS_VNOC_X1Y21,req_out,port3_in,1045
NOC_NPS_VNOC_X1Y21,NOC_NPS_VNOC_X1Y20,port1_in,port1_out,1069
NOC_NPS_VNOC_X1Y21,NOC_NPS_VNOC_X1Y20,port1_out,port1_in,1053
NOC_NPS_VNOC_X1Y20,NOC_NSU512_X1Y10,port3_in,resp,1081
NOC_NPS_VNOC_X1Y20,NOC_NSU512_X1Y10,port3_out,req,1071
NOC_NPS_VNOC_X1Y21,NOC_NPS_VNOC_X1Y23,port0_in,port2_out,1014
NOC_NPS_VNOC_X1Y23,NOC_NPS_VNOC_X1Y21,port2_in,port0_out,1052
NOC_NPS_VNOC_X1Y22,NOC_NPS_VNOC_X1Y20,port0_out,port2_in,1028
NOC_NPS_VNOC_X1Y22,NOC_NPS_VNOC_X1Y20,port0_in,port2_out,1070
NOC_NMU512_X1Y11,NOC_NPS_VNOC_X1Y23,resp_in,port3_out,1015
NOC_NMU512_X1Y11,NOC_NPS_VNOC_X1Y23,req_out,port3_in,1005
NOC_NPS_VNOC_X1Y23,NOC_NPS_VNOC_X1Y22,port1_in,port1_out,1029
NOC_NPS_VNOC_X1Y23,NOC_NPS_VNOC_X1Y22,port1_out,port1_in,1013
NOC_NPS_VNOC_X1Y22,NOC_NSU512_X1Y11,port3_in,resp,1041
NOC_NPS_VNOC_X1Y22,NOC_NSU512_X1Y11,port3_out,req,1031
NOC_NPS_VNOC_X1Y23,NOC_NPS_VNOC_X1Y25,port0_in,port2_out,974
NOC_NPS_VNOC_X1Y25,NOC_NPS_VNOC_X1Y23,port2_in,port0_out,1012
NOC_NPS_VNOC_X1Y24,NOC_NPS_VNOC_X1Y22,port0_out,port2_in,988
NOC_NPS_VNOC_X1Y24,NOC_NPS_VNOC_X1Y22,port0_in,port2_out,1030
NOC_NMU512_X1Y12,NOC_NPS_VNOC_X1Y25,resp_in,port3_out,975
NOC_NMU512_X1Y12,NOC_NPS_VNOC_X1Y25,req_out,port3_in,965
NOC_NPS_VNOC_X1Y25,NOC_NPS_VNOC_X1Y24,port1_in,port1_out,989
NOC_NPS_VNOC_X1Y25,NOC_NPS_VNOC_X1Y24,port1_out,port1_in,973
NOC_NPS_VNOC_X1Y24,NOC_NSU512_X1Y12,port3_in,resp,1001
NOC_NPS_VNOC_X1Y24,NOC_NSU512_X1Y12,port3_out,req,991
NOC_NPS_VNOC_X1Y25,NOC_NPS7575_X5Y5,port0_in,port3_out,911
NOC_NPS7575_X5Y5,NOC_NPS_VNOC_X1Y25,port3_in,port0_out,972
NOC_NPS_VNOC_X1Y24,NOC_NPS7575_X5Y4,port2_in,port1_out,905
NOC_NPS7575_X5Y4,NOC_NPS_VNOC_X1Y24,port1_in,port2_out,990
NOC_NPS7575_X5Y5,NOC_NIDB_X1Y4,port1_in,port0_out,898
NOC_NPS7575_X5Y5,NOC_NIDB_X1Y4,port1_out,port0_in,909
NOC_NPS7575_X5Y5,NOC_NPP_RPTR_X1Y11,port2_in,port1_out,916
NOC_NPP_RPTR_X1Y11,NOC_NPS7575_X5Y5,port0_in,port2_out,910
NOC_NIDB_X1Y4,NOC_NIDB_X1Y6,port1_in,port1_out,803
NOC_NIDB_X1Y6,NOC_NIDB_X1Y4,port1_in,port1_out,899
NOC_NIDB_X1Y5,NOC_NPS7575_X5Y4,port0_out,port3_in,912
NOC_NPS7575_X5Y4,NOC_NIDB_X1Y5,port3_out,port0_in,907
NOC_NIDB_X1Y5,NOC_NIDB_X1Y7,port1_in,port1_out,817
NOC_NIDB_X1Y7,NOC_NIDB_X1Y5,port1_in,port1_out,913
NOC_NPS7575_X5Y4,NOC_NPP_RPTR_X1Y10,port2_in,port1_out,914
NOC_NPP_RPTR_X1Y10,NOC_NPS7575_X5Y4,port0_in,port2_out,906
NOC_NIDB_X1Y6,NOC_NPS7575_X5Y7,port0_in,port1_out,813
NOC_NIDB_X1Y6,NOC_NPS7575_X5Y7,port0_out,port1_in,802
NOC_NPS7575_X5Y7,NOC_NPP_RPTR_X1Y15,port2_in,port1_out,820
NOC_NPP_RPTR_X1Y15,NOC_NPS7575_X5Y7,port0_in,port2_out,814
NOC_NPS7575_X5Y7,NOC_NPS_VNOC_X1Y27,port3_in,port2_out,730
NOC_NPS_VNOC_X1Y27,NOC_NPS7575_X5Y7,port2_in,port3_out,815
NOC_NPS7575_X5Y6,NOC_NPS_VNOC_X1Y26,port1_in,port0_out,744
NOC_NPS_VNOC_X1Y26,NOC_NPS7575_X5Y6,port0_in,port1_out,809
NOC_NPS7575_X5Y6,NOC_NIDB_X1Y7,port3_in,port0_out,816
NOC_NPS7575_X5Y6,NOC_NIDB_X1Y7,port3_out,port0_in,811
NOC_NPS7575_X5Y6,NOC_NPP_RPTR_X1Y14,port2_in,port1_out,818
NOC_NPP_RPTR_X1Y14,NOC_NPS7575_X5Y6,port0_in,port2_out,810
NOC_NMU512_X1Y13,NOC_NPS_VNOC_X1Y27,resp_in,port3_out,731
NOC_NMU512_X1Y13,NOC_NPS_VNOC_X1Y27,req_out,port3_in,721
NOC_NPS_VNOC_X1Y27,NOC_NPS_VNOC_X1Y26,port1_in,port1_out,745
NOC_NPS_VNOC_X1Y27,NOC_NPS_VNOC_X1Y26,port1_out,port1_in,729
NOC_NPS_VNOC_X1Y26,NOC_NSU512_X1Y13,port3_in,resp,757
NOC_NPS_VNOC_X1Y26,NOC_NSU512_X1Y13,port3_out,req,747
NOC_NPS_VNOC_X1Y27,NOC_NPS_VNOC_X1Y29,port0_in,port2_out,690
NOC_NPS_VNOC_X1Y29,NOC_NPS_VNOC_X1Y27,port2_in,port0_out,728
NOC_NPS_VNOC_X1Y26,NOC_NPS_VNOC_X1Y28,port2_in,port0_out,704
NOC_NPS_VNOC_X1Y28,NOC_NPS_VNOC_X1Y26,port0_in,port2_out,746
NOC_NMU512_X1Y14,NOC_NPS_VNOC_X1Y29,resp_in,port3_out,691
NOC_NMU512_X1Y14,NOC_NPS_VNOC_X1Y29,req_out,port3_in,681
NOC_NPS_VNOC_X1Y29,NOC_NPS_VNOC_X1Y28,port1_in,port1_out,705
NOC_NPS_VNOC_X1Y29,NOC_NPS_VNOC_X1Y28,port1_out,port1_in,689
NOC_NPS_VNOC_X1Y28,NOC_NSU512_X1Y14,port3_in,resp,717
NOC_NPS_VNOC_X1Y28,NOC_NSU512_X1Y14,port3_out,req,707
NOC_NPS_VNOC_X1Y29,NOC_NPS_VNOC_X1Y31,port0_in,port2_out,650
NOC_NPS_VNOC_X1Y31,NOC_NPS_VNOC_X1Y29,port2_in,port0_out,688
NOC_NPS_VNOC_X1Y28,NOC_NPS_VNOC_X1Y30,port2_in,port0_out,664
NOC_NPS_VNOC_X1Y30,NOC_NPS_VNOC_X1Y28,port0_in,port2_out,706
NOC_NMU512_X1Y15,NOC_NPS_VNOC_X1Y31,resp_in,port3_out,651
NOC_NMU512_X1Y15,NOC_NPS_VNOC_X1Y31,req_out,port3_in,641
NOC_NPS_VNOC_X1Y31,NOC_NPS_VNOC_X1Y30,port1_in,port1_out,665
NOC_NPS_VNOC_X1Y31,NOC_NPS_VNOC_X1Y30,port1_out,port1_in,649
NOC_NPS_VNOC_X1Y30,NOC_NSU512_X1Y15,port3_in,resp,677
NOC_NPS_VNOC_X1Y30,NOC_NSU512_X1Y15,port3_out,req,667
NOC_NPS_VNOC_X1Y31,NOC_NPS_VNOC_X1Y33,port0_in,port2_out,610
NOC_NPS_VNOC_X1Y33,NOC_NPS_VNOC_X1Y31,port2_in,port0_out,648
NOC_NPS_VNOC_X1Y30,NOC_NPS_VNOC_X1Y32,port2_in,port0_out,624
NOC_NPS_VNOC_X1Y32,NOC_NPS_VNOC_X1Y30,port0_in,port2_out,666
NOC_NMU512_X1Y16,NOC_NPS_VNOC_X1Y33,resp_in,port3_out,611
NOC_NMU512_X1Y16,NOC_NPS_VNOC_X1Y33,req_out,port3_in,601
NOC_NPS_VNOC_X1Y33,NOC_NPS_VNOC_X1Y32,port1_in,port1_out,625
NOC_NPS_VNOC_X1Y33,NOC_NPS_VNOC_X1Y32,port1_out,port1_in,609
NOC_NPS_VNOC_X1Y32,NOC_NSU512_X1Y16,port3_in,resp,637
NOC_NPS_VNOC_X1Y32,NOC_NSU512_X1Y16,port3_out,req,627
NOC_NPS_VNOC_X1Y33,NOC_NPS_VNOC_X1Y35,port0_in,port2_out,570
NOC_NPS_VNOC_X1Y35,NOC_NPS_VNOC_X1Y33,port2_in,port0_out,608
NOC_NPS_VNOC_X1Y32,NOC_NPS_VNOC_X1Y34,port2_in,port0_out,584
NOC_NPS_VNOC_X1Y34,NOC_NPS_VNOC_X1Y32,port0_in,port2_out,626
NOC_NMU512_X1Y17,NOC_NPS_VNOC_X1Y35,resp_in,port3_out,571
NOC_NMU512_X1Y17,NOC_NPS_VNOC_X1Y35,req_out,port3_in,561
NOC_NPS_VNOC_X1Y35,NOC_NPS_VNOC_X1Y34,port1_in,port1_out,585
NOC_NPS_VNOC_X1Y35,NOC_NPS_VNOC_X1Y34,port1_out,port1_in,569
NOC_NPS_VNOC_X1Y34,NOC_NSU512_X1Y17,port3_in,resp,597
NOC_NPS_VNOC_X1Y34,NOC_NSU512_X1Y17,port3_out,req,587
NOC_NPS_VNOC_X1Y35,NOC_NPS_VNOC_X1Y37,port0_in,port2_out,530
NOC_NPS_VNOC_X1Y37,NOC_NPS_VNOC_X1Y35,port2_in,port0_out,568
NOC_NPS_VNOC_X1Y34,NOC_NPS_VNOC_X1Y36,port2_in,port0_out,544
NOC_NPS_VNOC_X1Y36,NOC_NPS_VNOC_X1Y34,port0_in,port2_out,586
NOC_NMU512_X1Y18,NOC_NPS_VNOC_X1Y37,resp_in,port3_out,531
NOC_NMU512_X1Y18,NOC_NPS_VNOC_X1Y37,req_out,port3_in,521
NOC_NPS_VNOC_X1Y37,NOC_NPS_VNOC_X1Y36,port1_in,port1_out,545
NOC_NPS_VNOC_X1Y37,NOC_NPS_VNOC_X1Y36,port1_out,port1_in,529
NOC_NPS_VNOC_X1Y36,NOC_NSU512_X1Y18,port3_in,resp,557
NOC_NPS_VNOC_X1Y36,NOC_NSU512_X1Y18,port3_out,req,547
NOC_NPS_VNOC_X1Y37,NOC_NCRB_X1Y1,port0_out,port0_in,528
NOC_NPS_VNOC_X1Y37,NOC_NCRB_X1Y0,port0_in,port0_out,508
NOC_NPS_VNOC_X1Y36,NOC_NCRB_X1Y0,port2_in,port1_out,509
NOC_NPS_VNOC_X1Y36,NOC_NCRB_X1Y1,port2_out,port1_in,546
NOC_NCRB_X1Y1,NOC_NPS5555_X6Y4,port0_out,port3_in,510
NOC_NCRB_X1Y1,NOC_NPS5555_X6Y6,port1_out,port3_in,511
NOC_NCRB_X1Y0,NOC_NPS5555_X6Y6,port1_in,port3_out,291
NOC_NCRB_X1Y0,NOC_NPS5555_X6Y4,port0_in,port3_out,283
NOC_NPP_RPTR_X1Y14,NOC_NCRB_SSIT_X2Y7,port1_in,port0_out,824
NOC_NPP_RPTR_X1Y14,NOC_NCRB_SSIT_X2Y6,port0_out,port0_in,819
NOC_NPP_RPTR_X1Y15,NOC_NCRB_SSIT_X2Y7,port1_in,port1_out,825
NOC_NPP_RPTR_X1Y15,NOC_NCRB_SSIT_X2Y6,port0_out,port1_in,821
NOC_NCRB_SSIT_X2Y6,NOC_NPP_RPTR_X2Y12,port0_out,port0_in,822
NOC_NCRB_SSIT_X2Y6,NOC_NPP_RPTR_X2Y13,port1_out,port0_in,823
NOC_NCRB_SSIT_X2Y7,NOC_NPP_RPTR_X2Y13,port1_in,port1_out,830
NOC_NCRB_SSIT_X2Y7,NOC_NPP_RPTR_X2Y12,port0_in,port1_out,828
NOC_NPP_RPTR_X2Y12,NOC_NPS7575_X6Y6,port1_in,port0_out,832
NOC_NPS7575_X6Y6,NOC_NPP_RPTR_X2Y12,port0_in,port0_out,829
NOC_NPP_RPTR_X2Y13,NOC_NPS7575_X6Y7,port1_in,port0_out,836
NOC_NPS7575_X6Y7,NOC_NPP_RPTR_X2Y13,port0_in,port0_out,831
NOC_NPP_RPTR_X1Y10,NOC_NCRB_SSIT_X4Y4,port1_in,port0_out,918
NOC_NPP_RPTR_X1Y10,NOC_NCRB_SSIT_X4Y5,port0_out,port0_in,915
NOC_NPP_RPTR_X1Y11,NOC_NCRB_SSIT_X4Y4,port1_in,port1_out,919
NOC_NPP_RPTR_X1Y11,NOC_NCRB_SSIT_X4Y5,port0_out,port1_in,917
NOC_NCRB_SSIT_X4Y4,NOC_NPP_RPTR_X2Y8,port0_in,port1_out,924
NOC_NCRB_SSIT_X4Y4,NOC_NPP_RPTR_X2Y9,port1_in,port1_out,926
NOC_NCRB_SSIT_X4Y5,NOC_NPP_RPTR_X2Y8,port0_out,port0_in,920
NOC_NCRB_SSIT_X4Y5,NOC_NPP_RPTR_X2Y9,port1_out,port0_in,921
NOC_NPP_RPTR_X2Y8,NOC_NPS7575_X6Y4,port1_in,port0_out,928
NOC_NPS7575_X6Y4,NOC_NPP_RPTR_X2Y8,port0_in,port0_out,925
NOC_NPP_RPTR_X2Y9,NOC_NPS7575_X6Y5,port1_in,port0_out,932
NOC_NPS7575_X6Y5,NOC_NPP_RPTR_X2Y9,port0_in,port0_out,927
NOC_NPP_RPTR_X1Y6,NOC_NCRB_SSIT_X3Y2,port0_out,port0_in,1263
NOC_NPP_RPTR_X1Y6,NOC_NCRB_SSIT_X3Y3,port1_in,port0_out,1268
NOC_NPP_RPTR_X1Y7,NOC_NCRB_SSIT_X3Y3,port1_in,port1_out,1269
NOC_NPP_RPTR_X1Y7,NOC_NCRB_SSIT_X3Y2,port0_out,port1_in,1265
NOC_NCRB_SSIT_X3Y3,NOC_NPP_RPTR_X2Y5,port1_in,port1_out,1274
NOC_NCRB_SSIT_X3Y3,NOC_NPP_RPTR_X2Y4,port0_in,port1_out,1272
NOC_NCRB_SSIT_X3Y2,NOC_NPP_RPTR_X2Y4,port0_out,port0_in,1266
NOC_NCRB_SSIT_X3Y2,NOC_NPP_RPTR_X2Y5,port1_out,port0_in,1267
NOC_NPP_RPTR_X2Y4,NOC_NPS7575_X6Y2,port1_in,port0_out,1276
NOC_NPS7575_X6Y2,NOC_NPP_RPTR_X2Y4,port0_in,port0_out,1273
NOC_NPP_RPTR_X2Y5,NOC_NPS7575_X6Y3,port1_in,port0_out,1280
NOC_NPS7575_X6Y3,NOC_NPP_RPTR_X2Y5,port0_in,port0_out,1275
NOC_NPP_RPTR_X1Y2,NOC_NCRB_SSIT_X2Y1,port0_out,port0_in,1359
NOC_NPP_RPTR_X1Y2,NOC_NCRB_SSIT_X2Y0,port1_in,port0_out,1362
NOC_NPP_RPTR_X1Y3,NOC_NCRB_SSIT_X2Y0,port1_in,port1_out,1363
NOC_NPP_RPTR_X1Y3,NOC_NCRB_SSIT_X2Y1,port0_out,port1_in,1361
NOC_NCRB_SSIT_X2Y0,NOC_NPP_RPTR_X2Y1,port1_in,port1_out,1370
NOC_NCRB_SSIT_X2Y0,NOC_NPP_RPTR_X2Y0,port0_in,port1_out,1368
NOC_NCRB_SSIT_X2Y1,NOC_NPP_RPTR_X2Y0,port0_out,port0_in,1364
NOC_NCRB_SSIT_X2Y1,NOC_NPP_RPTR_X2Y1,port1_out,port0_in,1365
NOC_NPP_RPTR_X2Y0,NOC_NPS7575_X6Y0,port1_in,port0_out,1372
NOC_NPS7575_X6Y0,NOC_NPP_RPTR_X2Y0,port0_in,port0_out,1369
NOC_NPP_RPTR_X2Y1,NOC_NPS7575_X6Y1,port1_in,port0_out,1376
NOC_NPS7575_X6Y1,NOC_NPP_RPTR_X2Y1,port0_in,port0_out,1371
NOC_NPP_RPTR_X2Y14,NOC_NPS7575_X6Y6,port1_out,port2_in,842
NOC_NPS7575_X6Y6,NOC_NPP_RPTR_X2Y14,port2_out,port0_in,834
NOC_NPP_RPTR_X2Y14,NOC_NCRB_SSIT_X3Y7,port1_in,port0_out,848
NOC_NPP_RPTR_X2Y14,NOC_NCRB_SSIT_X3Y6,port0_out,port0_in,843
NOC_NPP_RPTR_X2Y15,NOC_NPS7575_X6Y7,port1_out,port2_in,844
NOC_NPS7575_X6Y7,NOC_NPP_RPTR_X2Y15,port2_out,port0_in,838
NOC_NPP_RPTR_X2Y15,NOC_NCRB_SSIT_X3Y6,port0_out,port1_in,845
NOC_NPP_RPTR_X2Y15,NOC_NCRB_SSIT_X3Y7,port1_in,port1_out,849
NOC_NCRB_SSIT_X3Y6,NOC_NPP_RPTR_X3Y13,port1_out,port0_in,847
NOC_NCRB_SSIT_X3Y6,NOC_NPP_RPTR_X3Y12,port0_out,port0_in,846
NOC_NCRB_SSIT_X3Y7,NOC_NPP_RPTR_X3Y13,port1_in,port1_out,854
NOC_NCRB_SSIT_X3Y7,NOC_NPP_RPTR_X3Y12,port0_in,port1_out,852
NOC_NPP_RPTR_X3Y12,NOC_NPS7575_X7Y6,port1_in,port0_out,856
NOC_NPS7575_X7Y6,NOC_NPP_RPTR_X3Y12,port0_in,port0_out,853
NOC_NPP_RPTR_X3Y13,NOC_NPS7575_X7Y7,port1_in,port0_out,860
NOC_NPS7575_X7Y7,NOC_NPP_RPTR_X3Y13,port0_in,port0_out,855
NOC_NPP_RPTR_X2Y10,NOC_NPS7575_X6Y4,port1_out,port2_in,938
NOC_NPS7575_X6Y4,NOC_NPP_RPTR_X2Y10,port2_out,port0_in,930
NOC_NPP_RPTR_X2Y11,NOC_NPS7575_X6Y5,port1_out,port2_in,940
NOC_NPS7575_X6Y5,NOC_NPP_RPTR_X2Y11,port2_out,port0_in,934
NOC_NPP_RPTR_X2Y10,NOC_NCRB_SSIT_X6Y5,port0_out,port0_in,939
NOC_NPP_RPTR_X2Y10,NOC_NCRB_SSIT_X6Y4,port1_in,port0_out,942
NOC_NPP_RPTR_X2Y11,NOC_NCRB_SSIT_X6Y4,port1_in,port1_out,943
NOC_NPP_RPTR_X2Y11,NOC_NCRB_SSIT_X6Y5,port0_out,port1_in,941
NOC_NCRB_SSIT_X6Y5,NOC_NPP_RPTR_X3Y8,port0_out,port0_in,944
NOC_NCRB_SSIT_X6Y5,NOC_NPP_RPTR_X3Y9,port1_out,port0_in,945
NOC_NCRB_SSIT_X6Y4,NOC_NPP_RPTR_X3Y8,port0_in,port1_out,948
NOC_NCRB_SSIT_X6Y4,NOC_NPP_RPTR_X3Y9,port1_in,port1_out,950
NOC_NPP_RPTR_X3Y8,NOC_NPS7575_X7Y4,port1_in,port0_out,952
NOC_NPS7575_X7Y4,NOC_NPP_RPTR_X3Y8,port0_in,port0_out,949
NOC_NPP_RPTR_X3Y9,NOC_NPS7575_X7Y5,port1_in,port0_out,956
NOC_NPS7575_X7Y5,NOC_NPP_RPTR_X3Y9,port0_in,port0_out,951
NOC_NCRB_SSIT_X4Y7,NOC_NPP_RPTR_X3Y14,port0_out,port1_in,870
NOC_NCRB_SSIT_X4Y7,NOC_NPP_RPTR_X3Y15,port1_out,port1_in,871
NOC_NCRB_SSIT_X4Y6,NOC_NPP_RPTR_X3Y14,port0_in,port0_out,867
NOC_NCRB_SSIT_X4Y6,NOC_NPP_RPTR_X3Y15,port1_in,port0_out,869
NOC_NPP_RPTR_X3Y14,NOC_NPS7575_X7Y6,port1_out,port2_in,866
NOC_NPS7575_X7Y6,NOC_NPP_RPTR_X3Y14,port2_out,port0_in,858
NOC_NPP_RPTR_X3Y15,NOC_NPS7575_X7Y7,port1_out,port2_in,868
NOC_NPS7575_X7Y7,NOC_NPP_RPTR_X3Y15,port2_out,port0_in,862
NOC_NCRB_SSIT_X7Y3,NOC_NPP_RPTR_X3Y6,port0_out,port1_in,1314
NOC_NCRB_SSIT_X7Y3,NOC_NPP_RPTR_X3Y7,port1_out,port1_in,1315
NOC_NCRB_SSIT_X7Y2,NOC_NPP_RPTR_X3Y6,port0_in,port0_out,1311
NOC_NCRB_SSIT_X7Y2,NOC_NPP_RPTR_X3Y7,port1_in,port0_out,1313
NOC_NPP_RPTR_X3Y6,NOC_NPS7575_X7Y2,port1_out,port2_in,1310
NOC_NPS7575_X7Y2,NOC_NPP_RPTR_X3Y6,port2_out,port0_in,1302
NOC_NPP_RPTR_X3Y7,NOC_NPS7575_X7Y3,port1_out,port2_in,1312
NOC_NPS7575_X7Y3,NOC_NPP_RPTR_X3Y7,port2_out,port0_in,1306
NOC_NPP_RPTR_X2Y6,NOC_NPS7575_X6Y2,port1_out,port2_in,1286
NOC_NPS7575_X6Y2,NOC_NPP_RPTR_X2Y6,port2_out,port0_in,1278
NOC_NPP_RPTR_X2Y6,NOC_NCRB_SSIT_X5Y3,port1_in,port0_out,1292
NOC_NPP_RPTR_X2Y6,NOC_NCRB_SSIT_X5Y2,port0_out,port0_in,1287
NOC_NPP_RPTR_X2Y7,NOC_NPS7575_X6Y3,port1_out,port2_in,1288
NOC_NPS7575_X6Y3,NOC_NPP_RPTR_X2Y7,port2_out,port0_in,1282
NOC_NPP_RPTR_X2Y7,NOC_NCRB_SSIT_X5Y2,port0_out,port1_in,1289
NOC_NPP_RPTR_X2Y7,NOC_NCRB_SSIT_X5Y3,port1_in,port1_out,1293
NOC_NCRB_SSIT_X5Y2,NOC_NPP_RPTR_X3Y5,port1_out,port0_in,1291
NOC_NCRB_SSIT_X5Y2,NOC_NPP_RPTR_X3Y4,port0_out,port0_in,1290
NOC_NCRB_SSIT_X5Y3,NOC_NPP_RPTR_X3Y4,port0_in,port1_out,1296
NOC_NCRB_SSIT_X5Y3,NOC_NPP_RPTR_X3Y5,port1_in,port1_out,1298
NOC_NPP_RPTR_X3Y4,NOC_NPS7575_X7Y2,port1_in,port0_out,1300
NOC_NPS7575_X7Y2,NOC_NPP_RPTR_X3Y4,port0_in,port0_out,1297
NOC_NPP_RPTR_X3Y5,NOC_NPS7575_X7Y3,port1_in,port0_out,1304
NOC_NPS7575_X7Y3,NOC_NPP_RPTR_X3Y5,port0_in,port0_out,1299
NOC_NPP_RPTR_X3Y0,NOC_NPS7575_X7Y0,port1_in,port0_out,1396
NOC_NPS7575_X7Y0,NOC_NPP_RPTR_X3Y0,port0_in,port0_out,1393
NOC_NPP_RPTR_X3Y0,NOC_NCRB_SSIT_X3Y0,port1_out,port0_in,1392
NOC_NPP_RPTR_X3Y0,NOC_NCRB_SSIT_X3Y1,port0_in,port0_out,1388
NOC_NPP_RPTR_X3Y1,NOC_NPS7575_X7Y1,port1_in,port0_out,1400
NOC_NPS7575_X7Y1,NOC_NPP_RPTR_X3Y1,port0_in,port0_out,1395
NOC_NPP_RPTR_X3Y1,NOC_NCRB_SSIT_X3Y0,port1_out,port1_in,1394
NOC_NPP_RPTR_X3Y1,NOC_NCRB_SSIT_X3Y1,port0_in,port1_out,1389
NOC_NCRB_SSIT_X3Y1,NOC_NPP_RPTR_X2Y2,port0_in,port0_out,1383
NOC_NCRB_SSIT_X3Y1,NOC_NPP_RPTR_X2Y3,port1_in,port0_out,1385
NOC_NCRB_SSIT_X3Y0,NOC_NPP_RPTR_X2Y2,port0_out,port1_in,1386
NOC_NCRB_SSIT_X3Y0,NOC_NPP_RPTR_X2Y3,port1_out,port1_in,1387
NOC_NPP_RPTR_X2Y2,NOC_NPS7575_X6Y0,port1_out,port2_in,1382
NOC_NPS7575_X6Y0,NOC_NPP_RPTR_X2Y2,port2_out,port0_in,1374
NOC_NPP_RPTR_X2Y3,NOC_NPS7575_X6Y1,port1_out,port2_in,1384
NOC_NPS7575_X6Y1,NOC_NPP_RPTR_X2Y3,port2_out,port0_in,1378
NOC_NPS5555_X16Y2,NOC_NPS5555_X16Y1,port1_in,port3_out,1858
NOC_NPS5555_X16Y1,NOC_NPS5555_X16Y2,port3_in,port1_out,1860
NOC_NPS5555_X16Y2,NOC_NPS5555_X18Y2,port2_in,port0_out,1878
NOC_NPS5555_X18Y2,NOC_NPS5555_X16Y2,port0_in,port2_out,1861
NOC_NPS5555_X17Y2,NOC_NPS5555_X15Y2,port0_out,port2_in,1869
NOC_NPS5555_X15Y2,NOC_NPS5555_X17Y2,port2_out,port0_in,1850
NOC_NPS5555_X17Y2,NOC_NPS5555_X17Y1,port1_in,port3_out,1868
NOC_NPS5555_X17Y1,NOC_NPS5555_X17Y2,port3_in,port1_out,1870
NOC_NPS5555_X17Y2,NOC_NPS5555_X19Y2,port2_in,port0_out,1887
NOC_NPS5555_X17Y2,NOC_NPS5555_X19Y2,port2_out,port0_in,1871
NOC_NPS5555_X16Y1,NOC_NPS5555_X17Y1,port2_out,port0_in,1857
NOC_NPS5555_X16Y1,NOC_NPS5555_X17Y1,port2_in,port0_out,1865
NOC_NPS5555_X16Y1,NOC_NPS5555_X16Y0,port1_in,port3_out,1854
NOC_NPS5555_X16Y1,NOC_NPS5555_X16Y0,port1_out,port3_in,1856
NOC_NPS5555_X16Y1,NOC_NPS_VNOC_X2Y1,port0_in,port2_out,1662
NOC_NPS_VNOC_X2Y1,NOC_NPS5555_X16Y1,port2_in,port0_out,1855
NOC_NPS5555_X17Y1,NOC_NPS5555_X17Y0,port1_in,port3_out,1864
NOC_NPS5555_X17Y1,NOC_NPS5555_X17Y0,port1_out,port3_in,1866
NOC_NPS5555_X17Y1,NOC_NPS_VNOC_X2Y0,port2_in,port0_out,1676
NOC_NPS_VNOC_X2Y0,NOC_NPS5555_X17Y1,port0_in,port2_out,1867
NOC_NPS5555_X16Y0,NOC_NPS5555_X18Y0,port2_in,port0_out,1872
NOC_NPS5555_X18Y0,NOC_NPS5555_X16Y0,port0_in,port2_out,1853
NOC_NPS5555_X17Y0,NOC_NPS5555_X15Y0,port0_in,port2_out,1843
NOC_NPS5555_X15Y0,NOC_NPS5555_X17Y0,port2_in,port0_out,1862
NOC_NPS5555_X17Y0,NOC_NPS5555_X19Y0,port2_in,port0_out,1881
NOC_NPS5555_X17Y0,NOC_NPS5555_X19Y0,port2_out,port0_in,1863
NOC_NPS5555_X21Y0,NOC_NPS5555_X23Y0,port2_in,port0_out,1922
NOC_NPS5555_X23Y0,NOC_NPS5555_X21Y0,port0_in,port2_out,1903
NOC_NPS5555_X21Y0,NOC_NPS5555_X21Y1,port3_out,port1_in,1904
NOC_NPS5555_X21Y0,NOC_NPS5555_X21Y1,port3_in,port1_out,1906
NOC_NPS5555_X21Y0,DDRMC_X3Y0,port1_out,Port3_req,1902
DDRMC_X3Y0,NOC_NPS5555_X21Y0,Port3_resp,port1_in,1961
NOC_NPS5555_X20Y0,NOC_NPS5555_X22Y0,port2_in,port0_out,1912
NOC_NPS5555_X22Y0,NOC_NPS5555_X20Y0,port0_in,port2_out,1892
NOC_NPS5555_X20Y0,NOC_NPS5555_X20Y1,port3_out,port1_in,1893
NOC_NPS5555_X20Y0,NOC_NPS5555_X20Y1,port3_in,port1_out,1894
DDRMC_X3Y0,NOC_NPS5555_X20Y0,Port0_req,port1_out,1891
NOC_NPS5555_X20Y0,DDRMC_X3Y0,port1_in,Port0_resp,1958
NOC_NPS5555_X21Y1,NOC_NPS5555_X20Y1,port0_out,port2_in,1905
NOC_NPS5555_X21Y1,NOC_NPS5555_X20Y1,port0_in,port2_out,1895
NOC_NPS5555_X21Y1,NOC_NPS5555_X21Y2,port3_out,port1_in,1907
NOC_NPS5555_X21Y1,NOC_NPS5555_X21Y2,port3_in,port1_out,1909
NOC_NPS5555_X20Y1,NOC_NPS5555_X20Y2,port3_out,port1_in,1896
NOC_NPS5555_X20Y1,NOC_NPS5555_X20Y2,port3_in,port1_out,1898
NOC_NPS5555_X21Y2,NOC_NPS5555_X19Y2,port0_out,port2_in,1908
NOC_NPS5555_X19Y2,NOC_NPS5555_X21Y2,port2_out,port0_in,1889
NOC_NPS5555_X21Y2,NOC_NPS5555_X23Y2,port2_in,port0_out,1929
NOC_NPS5555_X23Y2,NOC_NPS5555_X21Y2,port0_in,port2_out,1910
NOC_NPS5555_X21Y2,DDRMC_X3Y0,port3_out,Port2_req,1911
DDRMC_X3Y0,NOC_NPS5555_X21Y2,Port2_resp,port3_in,1960
NOC_NPS5555_X20Y2,NOC_NPS5555_X18Y2,port0_out,port2_in,1897
NOC_NPS5555_X18Y2,NOC_NPS5555_X20Y2,port2_out,port0_in,1880
NOC_NPS5555_X20Y2,NOC_NPS5555_X22Y2,port2_in,port0_out,1919
NOC_NPS5555_X20Y2,NOC_NPS5555_X22Y2,port2_out,port0_in,1899
NOC_NPS5555_X20Y2,DDRMC_X3Y0,port3_out,Port1_req,1900
DDRMC_X3Y0,NOC_NPS5555_X20Y2,Port1_resp,port3_in,1959
NOC_NPS5555_X19Y0,NOC_NPS5555_X19Y1,port3_out,port1_in,1883
NOC_NPS5555_X19Y0,NOC_NPS5555_X19Y1,port3_in,port1_out,1885
NOC_NPS5555_X19Y1,NOC_NPS5555_X18Y1,port0_out,port2_in,1884
NOC_NPS5555_X19Y1,NOC_NPS5555_X18Y1,port0_in,port2_out,1876
NOC_NPS5555_X18Y0,NOC_NPS5555_X18Y1,port3_out,port1_in,1874
NOC_NPS5555_X18Y0,NOC_NPS5555_X18Y1,port3_in,port1_out,1875
NOC_NPS5555_X19Y1,NOC_NPS5555_X19Y2,port3_out,port1_in,1886
NOC_NPS5555_X19Y1,NOC_NPS5555_X19Y2,port3_in,port1_out,1888
NOC_NPS5555_X18Y1,NOC_NPS5555_X18Y2,port3_out,port1_in,1877
NOC_NPS5555_X18Y1,NOC_NPS5555_X18Y2,port3_in,port1_out,1879
NOC_NPS_VNOC_X3Y1,NOC_NPS5555_X22Y1,port2_out,port0_in,1666
NOC_NPS5555_X22Y1,NOC_NPS_VNOC_X3Y1,port0_out,port2_in,1915
NOC_NPS_VNOC_X3Y0,NOC_NPS5555_X23Y1,port0_out,port2_in,1680
NOC_NPS5555_X23Y1,NOC_NPS_VNOC_X3Y0,port2_out,port0_in,1927
NOC_NPS5555_X23Y0,NOC_NPS5555_X25Y0,port2_in,port0_out,1939
NOC_NPS5555_X25Y0,NOC_NPS5555_X23Y0,port0_in,port2_out,1923
NOC_NPS5555_X23Y0,NOC_NPS5555_X23Y1,port3_out,port1_in,1924
NOC_NPS5555_X23Y0,NOC_NPS5555_X23Y1,port3_in,port1_out,1926
NOC_NPS5555_X22Y0,NOC_NPS5555_X22Y1,port3_out,port1_in,1914
NOC_NPS5555_X22Y0,NOC_NPS5555_X22Y1,port3_in,port1_out,1916
NOC_NPS5555_X22Y1,NOC_NPS5555_X23Y1,port2_out,port0_in,1917
NOC_NPS5555_X22Y1,NOC_NPS5555_X23Y1,port2_in,port0_out,1925
NOC_NPS5555_X22Y0,NOC_NPS5555_X24Y0,port2_in,port0_out,1932
NOC_NPS5555_X24Y0,NOC_NPS5555_X22Y0,port0_in,port2_out,1913
NOC_NPS5555_X22Y1,NOC_NPS5555_X22Y2,port3_out,port1_in,1918
NOC_NPS5555_X22Y1,NOC_NPS5555_X22Y2,port3_in,port1_out,1920
NOC_NPS5555_X23Y1,NOC_NPS5555_X23Y2,port3_out,port1_in,1928
NOC_NPS5555_X23Y1,NOC_NPS5555_X23Y2,port3_in,port1_out,1930
NOC_NPS5555_X23Y2,NOC_NPS5555_X25Y2,port2_in,port0_out,1944
NOC_NPS5555_X25Y2,NOC_NPS5555_X23Y2,port0_in,port2_out,1931
NOC_NPS5555_X22Y2,NOC_NPS5555_X24Y2,port2_in,port0_out,1937
NOC_NPS5555_X24Y2,NOC_NPS5555_X22Y2,port0_in,port2_out,1921
NOC_NPS5555_X25Y0,NOC_NPS5555_X25Y1,port3_out,port1_in,1940
NOC_NPS5555_X25Y0,NOC_NPS5555_X25Y1,port3_in,port1_out,1942
NOC_NPS5555_X24Y0,NOC_NPS5555_X24Y1,port3_out,port1_in,1933
NOC_NPS5555_X24Y0,NOC_NPS5555_X24Y1,port3_in,port1_out,1934
NOC_NPS5555_X24Y1,NOC_NPS5555_X25Y1,port2_in,port0_out,1941
NOC_NPS5555_X25Y1,NOC_NPS5555_X24Y1,port0_in,port2_out,1935
NOC_NPS5555_X25Y1,NOC_NPS5555_X25Y2,port3_out,port1_in,1943
NOC_NPS5555_X25Y1,NOC_NPS5555_X25Y2,port3_in,port1_out,1945
NOC_NPS5555_X24Y1,NOC_NPS5555_X24Y2,port3_out,port1_in,1936
NOC_NPS5555_X24Y1,NOC_NPS5555_X24Y2,port3_in,port1_out,1938
NOC_NMU_HBM2E_X10Y0,NOC_NPS6_X1Y1,resp_in,port1_out,235
NOC_NPS6_X1Y1,NOC_NMU_HBM2E_X10Y0,port1_in,req_out,450
NOC_NMU_HBM2E_X11Y0,NOC_NPS6_X1Y1,req_out,port2_in,451
NOC_NMU_HBM2E_X11Y0,NOC_NPS6_X1Y1,resp_in,port2_out,236
NOC_NMU_HBM2E_X8Y0,NOC_NPS6_X1Y0,resp_in,port1_out,229
NOC_NMU_HBM2E_X8Y0,NOC_NPS6_X1Y0,req_out,port1_in,448
NOC_NMU_HBM2E_X9Y0,NOC_NPS6_X1Y0,resp_in,port2_out,230
NOC_NMU_HBM2E_X9Y0,NOC_NPS6_X1Y0,req_out,port2_in,449
NOC_NMU_HBM2E_X12Y0,NOC_NPS6_X1Y2,resp_in,port1_out,241
NOC_NMU_HBM2E_X12Y0,NOC_NPS6_X1Y2,req_out,port1_in,452
NOC_NMU_HBM2E_X13Y0,NOC_NPS6_X1Y2,resp_in,port2_out,242
NOC_NMU_HBM2E_X13Y0,NOC_NPS6_X1Y2,req_out,port2_in,453
NOC_NMU_HBM2E_X14Y0,NOC_NPS6_X1Y3,resp_in,port1_out,247
NOC_NMU_HBM2E_X14Y0,NOC_NPS6_X1Y3,req_out,port1_in,454
NOC_NMU_HBM2E_X15Y0,NOC_NPS6_X1Y3,resp_in,port2_out,248
NOC_NMU_HBM2E_X15Y0,NOC_NPS6_X1Y3,req_out,port2_in,455
NOC_NMU_HBM2E_X19Y0,NOC_NPS6_X2Y1,resp_in,port2_out,260
NOC_NMU_HBM2E_X19Y0,NOC_NPS6_X2Y1,req_out,port2_in,459
NOC_NMU_HBM2E_X18Y0,NOC_NPS6_X2Y1,resp_in,port1_out,259
NOC_NMU_HBM2E_X18Y0,NOC_NPS6_X2Y1,req_out,port1_in,458
NOC_NMU_HBM2E_X17Y0,NOC_NPS6_X2Y0,resp_in,port2_out,254
NOC_NMU_HBM2E_X17Y0,NOC_NPS6_X2Y0,req_out,port2_in,457
NOC_NMU_HBM2E_X16Y0,NOC_NPS6_X2Y0,resp_in,port1_out,253
NOC_NMU_HBM2E_X16Y0,NOC_NPS6_X2Y0,req_out,port1_in,456
NOC_NMU_HBM2E_X20Y0,NOC_NPS6_X2Y2,resp_in,port1_out,265
NOC_NMU_HBM2E_X20Y0,NOC_NPS6_X2Y2,req_out,port1_in,460
NOC_NMU_HBM2E_X21Y0,NOC_NPS6_X2Y2,resp_in,port2_out,266
NOC_NMU_HBM2E_X21Y0,NOC_NPS6_X2Y2,req_out,port2_in,461
NOC_NMU_HBM2E_X22Y0,NOC_NPS6_X2Y3,resp_in,port1_out,271
NOC_NMU_HBM2E_X22Y0,NOC_NPS6_X2Y3,req_out,port1_in,462
NOC_NMU_HBM2E_X23Y0,NOC_NPS6_X2Y3,resp_in,port2_out,272
NOC_NMU_HBM2E_X23Y0,NOC_NPS6_X2Y3,req_out,port2_in,463
NOC_NMU_HBM2E_X27Y0,NOC_NPS6_X3Y1,resp_in,port2_out,300
NOC_NMU_HBM2E_X27Y0,NOC_NPS6_X3Y1,req_out,port2_in,467
NOC_NMU_HBM2E_X26Y0,NOC_NPS6_X3Y1,resp_in,port1_out,299
NOC_NMU_HBM2E_X26Y0,NOC_NPS6_X3Y1,req_out,port1_in,466
NOC_NMU_HBM2E_X25Y0,NOC_NPS6_X3Y0,resp_in,port2_out,294
NOC_NMU_HBM2E_X25Y0,NOC_NPS6_X3Y0,req_out,port2_in,465
NOC_NMU_HBM2E_X24Y0,NOC_NPS6_X3Y0,resp_in,port1_out,293
NOC_NMU_HBM2E_X24Y0,NOC_NPS6_X3Y0,req_out,port1_in,464
NOC_NMU_HBM2E_X28Y0,NOC_NPS6_X3Y2,resp_in,port1_out,305
NOC_NMU_HBM2E_X28Y0,NOC_NPS6_X3Y2,req_out,port1_in,468
NOC_NMU_HBM2E_X29Y0,NOC_NPS6_X3Y2,resp_in,port2_out,306
NOC_NMU_HBM2E_X29Y0,NOC_NPS6_X3Y2,req_out,port2_in,469
NOC_NMU_HBM2E_X30Y0,NOC_NPS6_X3Y3,resp_in,port1_out,311
NOC_NMU_HBM2E_X30Y0,NOC_NPS6_X3Y3,req_out,port1_in,470
NOC_NMU_HBM2E_X31Y0,NOC_NPS6_X3Y3,resp_in,port2_out,312
NOC_NMU_HBM2E_X31Y0,NOC_NPS6_X3Y3,req_out,port2_in,471
NOC_NMU_HBM2E_X35Y0,NOC_NPS6_X4Y1,resp_in,port2_out,324
NOC_NMU_HBM2E_X35Y0,NOC_NPS6_X4Y1,req_out,port2_in,475
NOC_NMU_HBM2E_X34Y0,NOC_NPS6_X4Y1,resp_in,port1_out,323
NOC_NMU_HBM2E_X34Y0,NOC_NPS6_X4Y1,req_out,port1_in,474
NOC_NMU_HBM2E_X33Y0,NOC_NPS6_X4Y0,resp_in,port2_out,318
NOC_NPS6_X4Y0,NOC_NMU_HBM2E_X33Y0,port2_in,req_out,473
NOC_NMU_HBM2E_X32Y0,NOC_NPS6_X4Y0,resp_in,port1_out,317
NOC_NPS6_X4Y0,NOC_NMU_HBM2E_X32Y0,port1_in,req_out,472
NOC_NMU_HBM2E_X37Y0,NOC_NPS6_X4Y2,resp_in,port2_out,330
NOC_NMU_HBM2E_X37Y0,NOC_NPS6_X4Y2,req_out,port2_in,477
NOC_NMU_HBM2E_X36Y0,NOC_NPS6_X4Y2,resp_in,port1_out,329
NOC_NMU_HBM2E_X36Y0,NOC_NPS6_X4Y2,req_out,port1_in,476
NOC_NMU_HBM2E_X39Y0,NOC_NPS6_X4Y3,resp_in,port2_out,336
NOC_NMU_HBM2E_X39Y0,NOC_NPS6_X4Y3,req_out,port2_in,479
NOC_NMU_HBM2E_X38Y0,NOC_NPS6_X4Y3,resp_in,port1_out,335
NOC_NMU_HBM2E_X38Y0,NOC_NPS6_X4Y3,req_out,port1_in,478
NOC_NMU_HBM2E_X43Y0,NOC_NPS6_X5Y1,resp_in,port2_out,364
NOC_NMU_HBM2E_X43Y0,NOC_NPS6_X5Y1,req_out,port2_in,483
NOC_NMU_HBM2E_X42Y0,NOC_NPS6_X5Y1,resp_in,port1_out,363
NOC_NMU_HBM2E_X42Y0,NOC_NPS6_X5Y1,req_out,port1_in,482
NOC_NMU_HBM2E_X41Y0,NOC_NPS6_X5Y0,resp_in,port2_out,358
NOC_NMU_HBM2E_X41Y0,NOC_NPS6_X5Y0,req_out,port2_in,481
NOC_NMU_HBM2E_X40Y0,NOC_NPS6_X5Y0,resp_in,port1_out,357
NOC_NMU_HBM2E_X40Y0,NOC_NPS6_X5Y0,req_out,port1_in,480
NOC_NMU_HBM2E_X44Y0,NOC_NPS6_X5Y2,resp_in,port1_out,369
NOC_NMU_HBM2E_X44Y0,NOC_NPS6_X5Y2,req_out,port1_in,484
NOC_NMU_HBM2E_X45Y0,NOC_NPS6_X5Y2,resp_in,port2_out,370
NOC_NMU_HBM2E_X45Y0,NOC_NPS6_X5Y2,req_out,port2_in,485
NOC_NMU_HBM2E_X46Y0,NOC_NPS6_X5Y3,resp_in,port1_out,375
NOC_NMU_HBM2E_X46Y0,NOC_NPS6_X5Y3,req_out,port1_in,486
NOC_NMU_HBM2E_X47Y0,NOC_NPS6_X5Y3,resp_in,port2_out,376
NOC_NMU_HBM2E_X47Y0,NOC_NPS6_X5Y3,req_out,port2_in,487
NOC_NMU_HBM2E_X51Y0,NOC_NPS6_X6Y1,resp_in,port2_out,388
NOC_NMU_HBM2E_X51Y0,NOC_NPS6_X6Y1,req_out,port2_in,491
NOC_NMU_HBM2E_X50Y0,NOC_NPS6_X6Y1,resp_in,port1_out,387
NOC_NMU_HBM2E_X50Y0,NOC_NPS6_X6Y1,req_out,port1_in,490
NOC_NMU_HBM2E_X49Y0,NOC_NPS6_X6Y0,resp_in,port2_out,382
NOC_NMU_HBM2E_X49Y0,NOC_NPS6_X6Y0,req_out,port2_in,489
NOC_NMU_HBM2E_X48Y0,NOC_NPS6_X6Y0,resp_in,port1_out,381
NOC_NMU_HBM2E_X48Y0,NOC_NPS6_X6Y0,req_out,port1_in,488
NOC_NMU_HBM2E_X52Y0,NOC_NPS6_X6Y2,resp_in,port1_out,393
NOC_NMU_HBM2E_X52Y0,NOC_NPS6_X6Y2,req_out,port1_in,492
NOC_NMU_HBM2E_X53Y0,NOC_NPS6_X6Y2,resp_in,port2_out,394
NOC_NMU_HBM2E_X53Y0,NOC_NPS6_X6Y2,req_out,port2_in,493
NOC_NMU_HBM2E_X54Y0,NOC_NPS6_X6Y3,resp_in,port1_out,399
NOC_NMU_HBM2E_X54Y0,NOC_NPS6_X6Y3,req_out,port1_in,494
NOC_NMU_HBM2E_X55Y0,NOC_NPS6_X6Y3,resp_in,port2_out,400
NOC_NMU_HBM2E_X55Y0,NOC_NPS6_X6Y3,req_out,port2_in,495
NOC_NMU_HBM2E_X59Y0,NOC_NPS6_X7Y1,resp_in,port2_out,427
NOC_NMU_HBM2E_X59Y0,NOC_NPS6_X7Y1,req_out,port2_in,499
NOC_NMU_HBM2E_X58Y0,NOC_NPS6_X7Y1,resp_in,port1_out,426
NOC_NMU_HBM2E_X58Y0,NOC_NPS6_X7Y1,req_out,port1_in,498
NOC_NMU_HBM2E_X57Y0,NOC_NPS6_X7Y0,resp_in,port2_out,422
NOC_NMU_HBM2E_X57Y0,NOC_NPS6_X7Y0,req_out,port2_in,497
NOC_NMU_HBM2E_X56Y0,NOC_NPS6_X7Y0,resp_in,port1_out,421
NOC_NMU_HBM2E_X56Y0,NOC_NPS6_X7Y0,req_out,port1_in,496
NOC_NMU_HBM2E_X60Y0,NOC_NPS6_X7Y2,resp_in,port1_out,431
NOC_NMU_HBM2E_X60Y0,NOC_NPS6_X7Y2,req_out,port1_in,500
NOC_NMU_HBM2E_X61Y0,NOC_NPS6_X7Y2,resp_in,port2_out,432
NOC_NMU_HBM2E_X61Y0,NOC_NPS6_X7Y2,req_out,port2_in,501
NOC_NMU_HBM2E_X62Y0,NOC_NPS6_X7Y3,resp_in,port1_out,436
NOC_NMU_HBM2E_X62Y0,NOC_NPS6_X7Y3,req_out,port1_in,502
NOC_NMU_HBM2E_X63Y0,NOC_NPS6_X7Y3,resp_in,port2_out,437
NOC_NMU_HBM2E_X63Y0,NOC_NPS6_X7Y3,req_out,port2_in,503
HBM_MC_X3Y0,NOC_NPS4_X1Y1,pc0_port1_in,portSideB2_out,38
HBM_MC_X3Y0,NOC_NPS4_X1Y1,pc1_port1_in,portSideB3_out,39
HBM_MC_X3Y0,NOC_NPS4_X1Y1,pc0_port1_out,portSideB2_in,45
HBM_MC_X3Y0,NOC_NPS4_X1Y1,pc1_port1_out,portSideB3_in,47
HBM_MC_X3Y0,NOC_NPS4_X1Y0,pc1_port0_out,portSideB3_in,46
HBM_MC_X3Y0,NOC_NPS4_X1Y0,pc0_port0_out,portSideB2_in,44
HBM_MC_X3Y0,NOC_NPS4_X1Y0,pc1_port0_in,portSideB3_out,31
HBM_MC_X3Y0,NOC_NPS4_X1Y0,pc0_port0_in,portSideB2_out,30
HBM_MC_X2Y0,NOC_NPS4_X1Y0,pc1_port0_out,portSideB1_in,26
HBM_MC_X2Y0,NOC_NPS4_X1Y0,pc0_port0_out,portSideB0_in,24
HBM_MC_X2Y0,NOC_NPS4_X1Y0,pc1_port0_in,portSideB1_out,29
HBM_MC_X2Y0,NOC_NPS4_X1Y0,pc0_port0_in,portSideB0_out,28
HBM_MC_X2Y0,NOC_NPS4_X1Y1,pc1_port1_out,portSideB1_in,27
HBM_MC_X2Y0,NOC_NPS4_X1Y1,pc0_port1_out,portSideB0_in,25
HBM_MC_X2Y0,NOC_NPS4_X1Y1,pc1_port1_in,portSideB1_out,37
HBM_MC_X2Y0,NOC_NPS4_X1Y1,pc0_port1_in,portSideB0_out,36
HBM_MC_X5Y0,NOC_NPS4_X2Y1,pc0_port1_in,portSideB2_out,62
HBM_MC_X5Y0,NOC_NPS4_X2Y1,pc1_port1_in,portSideB3_out,63
HBM_MC_X5Y0,NOC_NPS4_X2Y1,pc0_port1_out,portSideB2_in,69
HBM_MC_X5Y0,NOC_NPS4_X2Y1,pc1_port1_out,portSideB3_in,71
HBM_MC_X5Y0,NOC_NPS4_X2Y0,pc1_port0_out,portSideB3_in,70
HBM_MC_X5Y0,NOC_NPS4_X2Y0,pc0_port0_out,portSideB2_in,68
HBM_MC_X5Y0,NOC_NPS4_X2Y0,pc1_port0_in,portSideB3_out,55
HBM_MC_X5Y0,NOC_NPS4_X2Y0,pc0_port0_in,portSideB2_out,54
HBM_MC_X4Y0,NOC_NPS4_X2Y0,pc1_port0_out,portSideB1_in,50
HBM_MC_X4Y0,NOC_NPS4_X2Y0,pc0_port0_out,portSideB0_in,48
HBM_MC_X4Y0,NOC_NPS4_X2Y0,pc1_port0_in,portSideB1_out,53
HBM_MC_X4Y0,NOC_NPS4_X2Y0,pc0_port0_in,portSideB0_out,52
HBM_MC_X4Y0,NOC_NPS4_X2Y1,pc1_port1_out,portSideB1_in,51
HBM_MC_X4Y0,NOC_NPS4_X2Y1,pc0_port1_out,portSideB0_in,49
HBM_MC_X4Y0,NOC_NPS4_X2Y1,pc1_port1_in,portSideB1_out,61
HBM_MC_X4Y0,NOC_NPS4_X2Y1,pc0_port1_in,portSideB0_out,60
HBM_MC_X7Y0,NOC_NPS4_X3Y1,pc0_port1_in,portSideB2_out,86
HBM_MC_X7Y0,NOC_NPS4_X3Y1,pc1_port1_in,portSideB3_out,87
HBM_MC_X7Y0,NOC_NPS4_X3Y1,pc0_port1_out,portSideB2_in,93
HBM_MC_X7Y0,NOC_NPS4_X3Y1,pc1_port1_out,portSideB3_in,95
HBM_MC_X7Y0,NOC_NPS4_X3Y0,pc1_port0_out,portSideB3_in,94
HBM_MC_X7Y0,NOC_NPS4_X3Y0,pc0_port0_out,portSideB2_in,92
HBM_MC_X7Y0,NOC_NPS4_X3Y0,pc1_port0_in,portSideB3_out,79
HBM_MC_X7Y0,NOC_NPS4_X3Y0,pc0_port0_in,portSideB2_out,78
HBM_MC_X6Y0,NOC_NPS4_X3Y0,pc1_port0_out,portSideB1_in,74
HBM_MC_X6Y0,NOC_NPS4_X3Y0,pc0_port0_out,portSideB0_in,72
HBM_MC_X6Y0,NOC_NPS4_X3Y0,pc1_port0_in,portSideB1_out,77
HBM_MC_X6Y0,NOC_NPS4_X3Y0,pc0_port0_in,portSideB0_out,76
HBM_MC_X6Y0,NOC_NPS4_X3Y1,pc1_port1_out,portSideB1_in,75
HBM_MC_X6Y0,NOC_NPS4_X3Y1,pc0_port1_out,portSideB0_in,73
HBM_MC_X6Y0,NOC_NPS4_X3Y1,pc1_port1_in,portSideB1_out,85
HBM_MC_X6Y0,NOC_NPS4_X3Y1,pc0_port1_in,portSideB0_out,84
HBM_MC_X8Y0,NOC_NPS4_X4Y1,pc0_port1_in,portSideB0_out,108
HBM_MC_X8Y0,NOC_NPS4_X4Y1,pc1_port1_in,portSideB1_out,109
HBM_MC_X8Y0,NOC_NPS4_X4Y1,pc0_port1_out,portSideB0_in,97
HBM_MC_X8Y0,NOC_NPS4_X4Y1,pc1_port1_out,portSideB1_in,99
HBM_MC_X8Y0,NOC_NPS4_X4Y0,pc1_port0_out,portSideB1_in,98
HBM_MC_X8Y0,NOC_NPS4_X4Y0,pc0_port0_out,portSideB0_in,96
HBM_MC_X8Y0,NOC_NPS4_X4Y0,pc1_port0_in,portSideB1_out,101
HBM_MC_X8Y0,NOC_NPS4_X4Y0,pc0_port0_in,portSideB0_out,100
HBM_MC_X9Y0,NOC_NPS4_X4Y0,pc1_port0_out,portSideB3_in,118
HBM_MC_X9Y0,NOC_NPS4_X4Y0,pc0_port0_out,portSideB2_in,116
HBM_MC_X9Y0,NOC_NPS4_X4Y0,pc1_port0_in,portSideB3_out,103
HBM_MC_X9Y0,NOC_NPS4_X4Y0,pc0_port0_in,portSideB2_out,102
HBM_MC_X9Y0,NOC_NPS4_X4Y1,pc1_port1_out,portSideB3_in,119
HBM_MC_X9Y0,NOC_NPS4_X4Y1,pc0_port1_out,portSideB2_in,117
HBM_MC_X9Y0,NOC_NPS4_X4Y1,pc1_port1_in,portSideB3_out,111
HBM_MC_X9Y0,NOC_NPS4_X4Y1,pc0_port1_in,portSideB2_out,110
HBM_MC_X11Y0,NOC_NPS4_X5Y0,pc0_port0_in,portSideB2_out,126
HBM_MC_X11Y0,NOC_NPS4_X5Y0,pc1_port0_in,portSideB3_out,127
HBM_MC_X11Y0,NOC_NPS4_X5Y0,pc0_port0_out,portSideB2_in,140
HBM_MC_X11Y0,NOC_NPS4_X5Y0,pc1_port0_out,portSideB3_in,142
HBM_MC_X11Y0,NOC_NPS4_X5Y1,pc1_port1_out,portSideB3_in,143
HBM_MC_X11Y0,NOC_NPS4_X5Y1,pc0_port1_out,portSideB2_in,141
HBM_MC_X11Y0,NOC_NPS4_X5Y1,pc1_port1_in,portSideB3_out,135
HBM_MC_X11Y0,NOC_NPS4_X5Y1,pc0_port1_in,portSideB2_out,134
HBM_MC_X10Y0,NOC_NPS4_X5Y1,pc1_port1_out,portSideB1_in,123
HBM_MC_X10Y0,NOC_NPS4_X5Y1,pc0_port1_out,portSideB0_in,121
HBM_MC_X10Y0,NOC_NPS4_X5Y1,pc1_port1_in,portSideB1_out,133
HBM_MC_X10Y0,NOC_NPS4_X5Y1,pc0_port1_in,portSideB0_out,132
HBM_MC_X10Y0,NOC_NPS4_X5Y0,pc1_port0_out,portSideB1_in,122
HBM_MC_X10Y0,NOC_NPS4_X5Y0,pc0_port0_out,portSideB0_in,120
HBM_MC_X10Y0,NOC_NPS4_X5Y0,pc1_port0_in,portSideB1_out,125
HBM_MC_X10Y0,NOC_NPS4_X5Y0,pc0_port0_in,portSideB0_out,124
HBM_MC_X13Y0,NOC_NPS4_X6Y1,pc0_port1_in,portSideB2_out,158
HBM_MC_X13Y0,NOC_NPS4_X6Y1,pc1_port1_in,portSideB3_out,159
HBM_MC_X13Y0,NOC_NPS4_X6Y1,pc0_port1_out,portSideB2_in,165
HBM_MC_X13Y0,NOC_NPS4_X6Y1,pc1_port1_out,portSideB3_in,167
HBM_MC_X13Y0,NOC_NPS4_X6Y0,pc1_port0_out,portSideB3_in,166
HBM_MC_X13Y0,NOC_NPS4_X6Y0,pc0_port0_out,portSideB2_in,164
HBM_MC_X13Y0,NOC_NPS4_X6Y0,pc1_port0_in,portSideB3_out,151
HBM_MC_X13Y0,NOC_NPS4_X6Y0,pc0_port0_in,portSideB2_out,150
HBM_MC_X12Y0,NOC_NPS4_X6Y0,pc1_port0_out,portSideB1_in,146
HBM_MC_X12Y0,NOC_NPS4_X6Y0,pc0_port0_out,portSideB0_in,144
HBM_MC_X12Y0,NOC_NPS4_X6Y0,pc1_port0_in,portSideB1_out,149
HBM_MC_X12Y0,NOC_NPS4_X6Y0,pc0_port0_in,portSideB0_out,148
HBM_MC_X12Y0,NOC_NPS4_X6Y1,pc1_port1_out,portSideB1_in,147
HBM_MC_X12Y0,NOC_NPS4_X6Y1,pc0_port1_out,portSideB0_in,145
HBM_MC_X12Y0,NOC_NPS4_X6Y1,pc1_port1_in,portSideB1_out,157
HBM_MC_X12Y0,NOC_NPS4_X6Y1,pc0_port1_in,portSideB0_out,156
HBM_MC_X14Y0,NOC_NPS4_X7Y0,pc0_port0_in,portSideB0_out,172
HBM_MC_X14Y0,NOC_NPS4_X7Y0,pc1_port0_in,portSideB1_out,173
HBM_MC_X14Y0,NOC_NPS4_X7Y0,pc0_port0_out,portSideB0_in,168
HBM_MC_X14Y0,NOC_NPS4_X7Y0,pc1_port0_out,portSideB1_in,170
HBM_MC_X14Y0,NOC_NPS4_X7Y1,pc1_port1_out,portSideB1_in,171
HBM_MC_X14Y0,NOC_NPS4_X7Y1,pc0_port1_out,portSideB0_in,169
HBM_MC_X14Y0,NOC_NPS4_X7Y1,pc1_port1_in,portSideB1_out,181
HBM_MC_X14Y0,NOC_NPS4_X7Y1,pc0_port1_in,portSideB0_out,180
HBM_MC_X15Y0,NOC_NPS4_X7Y1,pc1_port1_out,portSideB3_in,191
HBM_MC_X15Y0,NOC_NPS4_X7Y1,pc0_port1_out,portSideB2_in,189
HBM_MC_X15Y0,NOC_NPS4_X7Y1,pc1_port1_in,portSideB3_out,183
HBM_MC_X15Y0,NOC_NPS4_X7Y1,pc0_port1_in,portSideB2_out,182
HBM_MC_X15Y0,NOC_NPS4_X7Y0,pc1_port0_out,portSideB3_in,190
HBM_MC_X15Y0,NOC_NPS4_X7Y0,pc0_port0_out,portSideB2_in,188
HBM_MC_X15Y0,NOC_NPS4_X7Y0,pc1_port0_in,portSideB3_out,175
HBM_MC_X15Y0,NOC_NPS4_X7Y0,pc0_port0_in,portSideB2_out,174
NOC_NPS6_X1Y1,NOC_NPS4_X1Y0,port5_in,portSideA1_out,33
NOC_NPS6_X1Y1,NOC_NPS4_X1Y0,port5_out,portSideA1_in,239
NOC_NPS6_X1Y1,NOC_NPS4_X1Y1,port4_in,portSideA1_out,41
NOC_NPS6_X1Y1,NOC_NPS4_X1Y1,port4_out,portSideA1_in,238
NOC_NPS6_X1Y1,NOC_NPS6_X2Y1,port3_in,port0_out,258
NOC_NPS6_X2Y1,NOC_NPS6_X1Y1,port0_in,port3_out,237
NOC_NPS6_X1Y0,NOC_NPS4_X1Y0,port5_in,portSideA0_out,32
NOC_NPS6_X1Y0,NOC_NPS4_X1Y0,port5_out,portSideA0_in,233
NOC_NPS6_X1Y0,NOC_NPS4_X1Y1,port4_in,portSideA0_out,40
NOC_NPS6_X1Y0,NOC_NPS4_X1Y1,port4_out,portSideA0_in,232
NOC_NPS6_X1Y0,NOC_NPS6_X2Y0,port3_in,port0_out,252
NOC_NPS6_X2Y0,NOC_NPS6_X1Y0,port0_in,port3_out,231
NOC_NPS6_X1Y2,NOC_NPS4_X1Y0,port5_in,portSideA2_out,34
NOC_NPS6_X1Y2,NOC_NPS4_X1Y0,port5_out,portSideA2_in,245
NOC_NPS6_X1Y2,NOC_NPS4_X1Y1,port4_in,portSideA2_out,42
NOC_NPS6_X1Y2,NOC_NPS4_X1Y1,port4_out,portSideA2_in,244
NOC_NPS6_X1Y2,NOC_NPS6_X2Y2,port3_in,port0_out,264
NOC_NPS6_X2Y2,NOC_NPS6_X1Y2,port0_in,port3_out,243
NOC_NPS6_X1Y3,NOC_NPS4_X1Y0,port5_in,portSideA3_out,35
NOC_NPS6_X1Y3,NOC_NPS4_X1Y0,port5_out,portSideA3_in,251
NOC_NPS6_X1Y3,NOC_NPS4_X1Y1,port4_in,portSideA3_out,43
NOC_NPS6_X1Y3,NOC_NPS4_X1Y1,port4_out,portSideA3_in,250
NOC_NPS6_X1Y3,NOC_NPS6_X2Y3,port3_in,port0_out,270
NOC_NPS6_X2Y3,NOC_NPS6_X1Y3,port0_in,port3_out,249
NOC_NPS6_X2Y1,NOC_NPS4_X2Y0,port5_in,portSideA1_out,57
NOC_NPS6_X2Y1,NOC_NPS4_X2Y0,port5_out,portSideA1_in,263
NOC_NPS6_X2Y1,NOC_NPS4_X2Y1,port4_in,portSideA1_out,65
NOC_NPS6_X2Y1,NOC_NPS4_X2Y1,port4_out,portSideA1_in,262
NOC_NPS6_X2Y1,NOC_NPS5555_X6Y4,port3_in,port1_out,281
NOC_NPS6_X2Y1,NOC_NPS5555_X6Y4,port3_out,port1_in,261
NOC_NPS6_X2Y0,NOC_NPS4_X2Y0,port5_in,portSideA0_out,56
NOC_NPS6_X2Y0,NOC_NPS4_X2Y0,port5_out,portSideA0_in,257
NOC_NPS6_X2Y0,NOC_NPS4_X2Y1,port4_in,portSideA0_out,64
NOC_NPS6_X2Y0,NOC_NPS4_X2Y1,port4_out,portSideA0_in,256
NOC_NPS6_X2Y0,NOC_NPS5555_X6Y3,port3_in,port0_out,276
NOC_NPS6_X2Y0,NOC_NPS5555_X6Y3,port3_out,port0_in,255
NOC_NPS6_X2Y2,NOC_NPS4_X2Y0,port5_in,portSideA2_out,58
NOC_NPS6_X2Y2,NOC_NPS4_X2Y0,port5_out,portSideA2_in,269
NOC_NPS6_X2Y2,NOC_NPS4_X2Y1,port4_in,portSideA2_out,66
NOC_NPS6_X2Y2,NOC_NPS4_X2Y1,port4_out,portSideA2_in,268
NOC_NPS6_X2Y2,NOC_NPS5555_X6Y6,port3_in,port1_out,289
NOC_NPS6_X2Y2,NOC_NPS5555_X6Y6,port3_out,port1_in,267
NOC_NPS6_X2Y3,NOC_NPS4_X2Y0,port5_in,portSideA3_out,59
NOC_NPS6_X2Y3,NOC_NPS4_X2Y0,port5_out,portSideA3_in,275
NOC_NPS6_X2Y3,NOC_NPS4_X2Y1,port4_in,portSideA3_out,67
NOC_NPS6_X2Y3,NOC_NPS4_X2Y1,port4_out,portSideA3_in,274
NOC_NPS6_X2Y3,NOC_NPS5555_X6Y5,port3_in,port0_out,284
NOC_NPS6_X2Y3,NOC_NPS5555_X6Y5,port3_out,port0_in,273
NOC_NPS5555_X6Y5,NOC_NPS6_X3Y3,port1_in,port0_out,310
NOC_NPS5555_X6Y5,NOC_NPS6_X3Y3,port1_out,port0_in,285
NOC_NPS5555_X6Y5,NOC_NPS5555_X6Y3,port3_out,port3_in,287
NOC_NPS5555_X6Y5,NOC_NPS5555_X6Y3,port3_in,port3_out,279
NOC_NPS5555_X6Y3,NOC_NPS6_X3Y0,port1_in,port0_out,292
NOC_NPS5555_X6Y3,NOC_NPS6_X3Y0,port1_out,port0_in,277
NOC_NPS5555_X6Y5,NOC_NPS5555_X6Y6,port2_out,port0_in,286
NOC_NPS5555_X6Y5,NOC_NPS5555_X6Y6,port2_in,port0_out,288
NOC_NPS5555_X6Y3,NOC_NPS5555_X6Y4,port2_out,port0_in,278
NOC_NPS5555_X6Y3,NOC_NPS5555_X6Y4,port2_in,port0_out,280
NOC_NPS5555_X6Y6,NOC_NPS6_X3Y2,port2_in,port0_out,304
NOC_NPS5555_X6Y6,NOC_NPS6_X3Y2,port2_out,port0_in,290
NOC_NPS5555_X6Y4,NOC_NPS6_X3Y1,port2_in,port0_out,298
NOC_NPS6_X3Y1,NOC_NPS5555_X6Y4,port0_in,port2_out,282
NOC_NPS6_X3Y1,NOC_NPS4_X3Y0,port5_in,portSideA1_out,81
NOC_NPS6_X3Y1,NOC_NPS4_X3Y0,port5_out,portSideA1_in,303
NOC_NPS6_X3Y1,NOC_NPS4_X3Y1,port4_in,portSideA1_out,89
NOC_NPS6_X3Y1,NOC_NPS4_X3Y1,port4_out,portSideA1_in,302
NOC_NPS6_X3Y1,NOC_NPS6_X4Y1,port3_in,port0_out,322
NOC_NPS6_X3Y1,NOC_NPS6_X4Y1,port3_out,port0_in,301
NOC_NPS6_X3Y0,NOC_NPS4_X3Y0,port5_in,portSideA0_out,80
NOC_NPS6_X3Y0,NOC_NPS4_X3Y0,port5_out,portSideA0_in,297
NOC_NPS6_X3Y0,NOC_NPS4_X3Y1,port4_in,portSideA0_out,88
NOC_NPS6_X3Y0,NOC_NPS4_X3Y1,port4_out,portSideA0_in,296
NOC_NPS6_X3Y2,NOC_NPS4_X3Y0,port5_in,portSideA2_out,82
NOC_NPS6_X3Y2,NOC_NPS4_X3Y0,port5_out,portSideA2_in,309
NOC_NPS6_X3Y2,NOC_NPS4_X3Y1,port4_in,portSideA2_out,90
NOC_NPS6_X3Y2,NOC_NPS4_X3Y1,port4_out,portSideA2_in,308
NOC_NPS6_X3Y2,NOC_NPS6_X4Y2,port3_in,port0_out,328
NOC_NPS6_X3Y2,NOC_NPS6_X4Y2,port3_out,port0_in,307
NOC_NPS6_X3Y3,NOC_NPS4_X3Y0,port5_in,portSideA3_out,83
NOC_NPS6_X3Y3,NOC_NPS4_X3Y0,port5_out,portSideA3_in,315
NOC_NPS6_X3Y3,NOC_NPS4_X3Y1,port4_in,portSideA3_out,91
NOC_NPS6_X3Y3,NOC_NPS4_X3Y1,port4_out,portSideA3_in,314
NOC_NPS6_X3Y3,NOC_NPS6_X4Y3,port3_in,port0_out,334
NOC_NPS6_X4Y3,NOC_NPS6_X3Y3,port0_in,port3_out,313
NOC_NPS6_X4Y1,NOC_NPS4_X4Y0,port5_in,portSideA1_out,105
NOC_NPS6_X4Y1,NOC_NPS4_X4Y0,port5_out,portSideA1_in,327
NOC_NPS6_X4Y1,NOC_NPS4_X4Y1,port4_in,portSideA1_out,113
NOC_NPS6_X4Y1,NOC_NPS4_X4Y1,port4_out,portSideA1_in,326
NOC_NPS6_X4Y1,NOC_NPS5555_X7Y4,port3_in,port1_out,345
NOC_NPS6_X4Y1,NOC_NPS5555_X7Y4,port3_out,port1_in,325
NOC_NPS6_X4Y0,NOC_NPS4_X4Y0,port5_in,portSideA0_out,104
NOC_NPS6_X4Y0,NOC_NPS4_X4Y0,port5_out,portSideA0_in,321
NOC_NPS6_X4Y0,NOC_NPS4_X4Y1,port4_in,portSideA0_out,112
NOC_NPS6_X4Y0,NOC_NPS4_X4Y1,port4_out,portSideA0_in,320
NOC_NPS6_X4Y0,NOC_NPS5555_X7Y3,port3_in,port0_out,340
NOC_NPS6_X4Y0,NOC_NPS5555_X7Y3,port3_out,port0_in,319
NOC_NPS6_X4Y2,NOC_NPS4_X4Y0,port5_in,portSideA2_out,106
NOC_NPS6_X4Y2,NOC_NPS4_X4Y0,port5_out,portSideA2_in,333
NOC_NPS6_X4Y2,NOC_NPS4_X4Y1,port4_in,portSideA2_out,114
NOC_NPS6_X4Y2,NOC_NPS4_X4Y1,port4_out,portSideA2_in,332
NOC_NPS6_X4Y2,NOC_NPS5555_X7Y6,port3_in,port1_out,353
NOC_NPS6_X4Y2,NOC_NPS5555_X7Y6,port3_out,port1_in,331
NOC_NPS6_X4Y3,NOC_NPS4_X4Y0,port5_in,portSideA3_out,107
NOC_NPS6_X4Y3,NOC_NPS4_X4Y0,port5_out,portSideA3_in,339
NOC_NPS6_X4Y3,NOC_NPS4_X4Y1,port4_in,portSideA3_out,115
NOC_NPS6_X4Y3,NOC_NPS4_X4Y1,port4_out,portSideA3_in,338
NOC_NPS6_X4Y3,NOC_NPS5555_X7Y5,port3_in,port0_out,348
NOC_NPS6_X4Y3,NOC_NPS5555_X7Y5,port3_out,port0_in,337
NOC_NPS5555_X7Y5,NOC_NPS6_X5Y3,port1_in,port0_out,374
NOC_NPS5555_X7Y5,NOC_NPS6_X5Y3,port1_out,port0_in,349
NOC_NPS5555_X7Y5,NOC_NPS5555_X7Y6,port2_out,port0_in,350
NOC_NPS5555_X7Y5,NOC_NPS5555_X7Y6,port2_in,port0_out,352
NOC_NPS5555_X7Y5,NOC_NPS5555_X7Y3,port3_out,port3_in,351
NOC_NPS5555_X7Y5,NOC_NPS5555_X7Y3,port3_in,port3_out,343
NOC_NPS5555_X7Y3,NOC_NPS6_X5Y0,port1_in,port0_out,356
NOC_NPS5555_X7Y3,NOC_NPS6_X5Y0,port1_out,port0_in,341
NOC_NPS5555_X7Y3,NOC_NPS5555_X7Y4,port2_out,port0_in,342
NOC_NPS5555_X7Y3,NOC_NPS5555_X7Y4,port2_in,port0_out,344
NOC_NPS5555_X7Y6,NOC_NPS6_X5Y2,port2_in,port0_out,368
NOC_NPS5555_X7Y6,NOC_NPS6_X5Y2,port2_out,port0_in,354
NOC_NPS5555_X7Y6,NOC_NCRB_X2Y0,port3_out,port1_in,355
NOC_NPS5555_X7Y6,NOC_NCRB_X2Y1,port3_in,port1_out,515
NOC_NPS5555_X7Y4,NOC_NPS6_X5Y1,port2_in,port0_out,362
NOC_NPS5555_X7Y4,NOC_NPS6_X5Y1,port2_out,port0_in,346
NOC_NPS5555_X7Y4,NOC_NCRB_X2Y0,port3_out,port0_in,347
NOC_NPS5555_X7Y4,NOC_NCRB_X2Y1,port3_in,port0_out,514
NOC_NCRB_X2Y1,NOC_NPS_VNOC_X2Y36,port1_in,port2_out,550
NOC_NCRB_X2Y1,NOC_NPS_VNOC_X2Y37,port0_in,port0_out,532
NOC_NCRB_X2Y0,NOC_NPS_VNOC_X2Y37,port0_out,port0_in,512
NOC_NCRB_X2Y0,NOC_NPS_VNOC_X2Y36,port1_out,port2_in,513
NOC_NPS6_X5Y1,NOC_NPS4_X5Y1,port4_in,portSideA1_out,137
NOC_NPS6_X5Y1,NOC_NPS4_X5Y1,port4_out,portSideA1_in,366
NOC_NPS6_X5Y1,NOC_NPS4_X5Y0,port5_in,portSideA1_out,129
NOC_NPS6_X5Y1,NOC_NPS4_X5Y0,port5_out,portSideA1_in,367
NOC_NPS6_X5Y1,NOC_NPS6_X6Y1,port3_in,port0_out,386
NOC_NPS6_X5Y1,NOC_NPS6_X6Y1,port3_out,port0_in,365
NOC_NPS6_X5Y0,NOC_NPS4_X5Y1,port4_in,portSideA0_out,136
NOC_NPS6_X5Y0,NOC_NPS4_X5Y1,port4_out,portSideA0_in,360
NOC_NPS6_X5Y0,NOC_NPS4_X5Y0,port5_in,portSideA0_out,128
NOC_NPS6_X5Y0,NOC_NPS4_X5Y0,port5_out,portSideA0_in,361
NOC_NPS6_X5Y0,NOC_NPS6_X6Y0,port3_in,port0_out,380
NOC_NPS6_X5Y0,NOC_NPS6_X6Y0,port3_out,port0_in,359
NOC_NPS6_X5Y2,NOC_NPS4_X5Y1,port4_in,portSideA2_out,138
NOC_NPS6_X5Y2,NOC_NPS4_X5Y1,port4_out,portSideA2_in,372
NOC_NPS6_X5Y2,NOC_NPS4_X5Y0,port5_in,portSideA2_out,130
NOC_NPS6_X5Y2,NOC_NPS4_X5Y0,port5_out,portSideA2_in,373
NOC_NPS6_X5Y2,NOC_NPS6_X6Y2,port3_in,port0_out,392
NOC_NPS6_X5Y2,NOC_NPS6_X6Y2,port3_out,port0_in,371
NOC_NPS6_X5Y3,NOC_NPS4_X5Y1,port4_in,portSideA3_out,139
NOC_NPS6_X5Y3,NOC_NPS4_X5Y1,port4_out,portSideA3_in,378
NOC_NPS6_X5Y3,NOC_NPS4_X5Y0,port5_in,portSideA3_out,131
NOC_NPS6_X5Y3,NOC_NPS4_X5Y0,port5_out,portSideA3_in,379
NOC_NPS6_X5Y3,NOC_NPS6_X6Y3,port3_in,port0_out,398
NOC_NPS6_X5Y3,NOC_NPS6_X6Y3,port3_out,port0_in,377
NOC_NPS6_X6Y1,NOC_NPS4_X6Y0,port5_in,portSideA1_out,153
NOC_NPS6_X6Y1,NOC_NPS4_X6Y0,port5_out,portSideA1_in,391
NOC_NPS6_X6Y1,NOC_NPS4_X6Y1,port4_in,portSideA1_out,161
NOC_NPS6_X6Y1,NOC_NPS4_X6Y1,port4_out,portSideA1_in,390
NOC_NPS6_X6Y1,NOC_NPS5555_X8Y4,port3_in,port1_out,409
NOC_NPS6_X6Y1,NOC_NPS5555_X8Y4,port3_out,port1_in,389
NOC_NPS6_X6Y0,NOC_NPS4_X6Y0,port5_in,portSideA0_out,152
NOC_NPS6_X6Y0,NOC_NPS4_X6Y0,port5_out,portSideA0_in,385
NOC_NPS6_X6Y0,NOC_NPS4_X6Y1,port4_in,portSideA0_out,160
NOC_NPS6_X6Y0,NOC_NPS4_X6Y1,port4_out,portSideA0_in,384
NOC_NPS6_X6Y0,NOC_NPS5555_X8Y3,port3_in,port0_out,404
NOC_NPS6_X6Y0,NOC_NPS5555_X8Y3,port3_out,port0_in,383
NOC_NPS6_X6Y2,NOC_NPS4_X6Y0,port5_in,portSideA2_out,154
NOC_NPS6_X6Y2,NOC_NPS4_X6Y0,port5_out,portSideA2_in,397
NOC_NPS6_X6Y2,NOC_NPS4_X6Y1,port4_in,portSideA2_out,162
NOC_NPS6_X6Y2,NOC_NPS4_X6Y1,port4_out,portSideA2_in,396
NOC_NPS6_X6Y2,NOC_NPS5555_X8Y6,port3_in,port1_out,417
NOC_NPS6_X6Y2,NOC_NPS5555_X8Y6,port3_out,port1_in,395
NOC_NPS6_X6Y3,NOC_NPS4_X6Y0,port5_in,portSideA3_out,155
NOC_NPS6_X6Y3,NOC_NPS4_X6Y0,port5_out,portSideA3_in,403
NOC_NPS6_X6Y3,NOC_NPS4_X6Y1,port4_in,portSideA3_out,163
NOC_NPS6_X6Y3,NOC_NPS4_X6Y1,port4_out,portSideA3_in,402
NOC_NPS6_X6Y3,NOC_NPS5555_X8Y5,port3_in,port0_out,412
NOC_NPS6_X6Y3,NOC_NPS5555_X8Y5,port3_out,port0_in,401
NOC_NPS5555_X8Y5,NOC_NPS5555_X8Y3,port3_out,port3_in,415
NOC_NPS5555_X8Y5,NOC_NPS5555_X8Y3,port3_in,port3_out,407
NOC_NPS5555_X8Y5,NOC_NPS5555_X8Y6,port2_out,port0_in,414
NOC_NPS5555_X8Y5,NOC_NPS5555_X8Y6,port2_in,port0_out,416
NOC_NPS5555_X8Y5,NOC_NPS6_X7Y3,port1_in,port0_out,435
NOC_NPS5555_X8Y5,NOC_NPS6_X7Y3,port1_out,port0_in,413
NOC_NPS5555_X8Y3,NOC_NPS6_X7Y0,port1_in,port0_out,420
NOC_NPS5555_X8Y3,NOC_NPS6_X7Y0,port1_out,port0_in,405
NOC_NPS5555_X8Y3,NOC_NPS5555_X8Y4,port2_out,port0_in,406
NOC_NPS5555_X8Y3,NOC_NPS5555_X8Y4,port2_in,port0_out,408
NOC_NPS5555_X8Y6,NOC_NPS6_X7Y2,port2_in,port0_out,430
NOC_NPS5555_X8Y6,NOC_NPS6_X7Y2,port2_out,port0_in,418
NOC_NPS5555_X8Y6,NOC_NCRB_X3Y0,port3_out,port1_in,419
NOC_NPS5555_X8Y6,NOC_NCRB_X3Y1,port3_in,port1_out,519
NOC_NPS5555_X8Y4,NOC_NPS6_X7Y1,port2_in,port0_out,425
NOC_NPS5555_X8Y4,NOC_NPS6_X7Y1,port2_out,port0_in,410
NOC_NPS5555_X8Y4,NOC_NCRB_X3Y0,port3_out,port0_in,411
NOC_NPS5555_X8Y4,NOC_NCRB_X3Y1,port3_in,port0_out,518
NOC_NCRB_X3Y1,NOC_NPS_VNOC_X3Y37,port0_in,port0_out,536
NOC_NCRB_X3Y1,NOC_NPS_VNOC_X3Y36,port1_in,port2_out,554
NOC_NCRB_X3Y0,NOC_NPS_VNOC_X3Y36,port1_out,port2_in,517
NOC_NCRB_X3Y0,NOC_NPS_VNOC_X3Y37,port0_out,port0_in,516
NOC_NPS6_X7Y1,NOC_NPS4_X7Y1,port4_in,portSideA1_out,185
NOC_NPS6_X7Y1,NOC_NPS4_X7Y1,port4_out,portSideA1_in,428
NOC_NPS6_X7Y1,NOC_NPS4_X7Y0,port5_in,portSideA1_out,177
NOC_NPS4_X7Y0,NOC_NPS6_X7Y1,portSideA1_in,port5_out,429
NOC_NPS6_X7Y0,NOC_NPS4_X7Y1,port4_in,portSideA0_out,184
NOC_NPS6_X7Y0,NOC_NPS4_X7Y1,port4_out,portSideA0_in,423
NOC_NPS6_X7Y0,NOC_NPS4_X7Y0,port5_in,portSideA0_out,176
NOC_NPS6_X7Y0,NOC_NPS4_X7Y0,port5_out,portSideA0_in,424
NOC_NPS6_X7Y2,NOC_NPS4_X7Y1,port4_in,portSideA2_out,186
NOC_NPS6_X7Y2,NOC_NPS4_X7Y1,port4_out,portSideA2_in,433
NOC_NPS6_X7Y2,NOC_NPS4_X7Y0,port5_in,portSideA2_out,178
NOC_NPS6_X7Y2,NOC_NPS4_X7Y0,port5_out,portSideA2_in,434
NOC_NPS6_X7Y3,NOC_NPS4_X7Y1,port4_in,portSideA3_out,187
NOC_NPS6_X7Y3,NOC_NPS4_X7Y1,port4_out,portSideA3_in,438
NOC_NPS6_X7Y3,NOC_NPS4_X7Y0,port5_in,portSideA3_out,179
NOC_NPS6_X7Y3,NOC_NPS4_X7Y0,port5_out,portSideA3_in,439
NOC_NMU512_X2Y0,NOC_NPS_VNOC_X2Y1,resp_in,port3_out,1663
NOC_NMU512_X2Y0,NOC_NPS_VNOC_X2Y1,req_out,port3_in,1650
NOC_NPS_VNOC_X2Y1,NOC_NPS_VNOC_X2Y0,port1_in,port1_out,1677
NOC_NPS_VNOC_X2Y1,NOC_NPS_VNOC_X2Y0,port1_out,port1_in,1661
NOC_NPS_VNOC_X2Y0,NOC_NSU512_X2Y0,port3_in,resp,1686
NOC_NPS_VNOC_X2Y0,NOC_NSU512_X2Y0,port3_out,req,1679
NOC_NPS_VNOC_X2Y1,NOC_NPS_VNOC_X2Y3,port0_in,port2_out,1622
NOC_NPS_VNOC_X2Y1,NOC_NPS_VNOC_X2Y3,port0_out,port2_in,1660
NOC_NPS_VNOC_X2Y0,NOC_NPS_VNOC_X2Y2,port2_in,port0_out,1636
NOC_NPS_VNOC_X2Y0,NOC_NPS_VNOC_X2Y2,port2_out,port0_in,1678
NOC_NMU512_X2Y1,NOC_NPS_VNOC_X2Y3,resp_in,port3_out,1623
NOC_NMU512_X2Y1,NOC_NPS_VNOC_X2Y3,req_out,port3_in,1610
NOC_NPS_VNOC_X2Y3,NOC_NPS_VNOC_X2Y2,port1_in,port1_out,1637
NOC_NPS_VNOC_X2Y3,NOC_NPS_VNOC_X2Y2,port1_out,port1_in,1621
NOC_NPS_VNOC_X2Y2,NOC_NSU512_X2Y1,port3_in,resp,1646
NOC_NPS_VNOC_X2Y2,NOC_NSU512_X2Y1,port3_out,req,1639
NOC_NPS_VNOC_X2Y3,NOC_NPS_VNOC_X2Y5,port0_in,port2_out,1582
NOC_NPS_VNOC_X2Y3,NOC_NPS_VNOC_X2Y5,port0_out,port2_in,1620
NOC_NPS_VNOC_X2Y2,NOC_NPS_VNOC_X2Y4,port2_in,port0_out,1596
NOC_NPS_VNOC_X2Y2,NOC_NPS_VNOC_X2Y4,port2_out,port0_in,1638
NOC_NMU512_X2Y2,NOC_NPS_VNOC_X2Y5,req_out,port3_in,1570
NOC_NMU512_X2Y2,NOC_NPS_VNOC_X2Y5,resp_in,port3_out,1583
NOC_NPS_VNOC_X2Y5,NOC_NPS_VNOC_X2Y7,port0_in,port2_out,1542
NOC_NPS_VNOC_X2Y5,NOC_NPS_VNOC_X2Y7,port0_out,port2_in,1580
NOC_NPS_VNOC_X2Y5,NOC_NPS_VNOC_X2Y4,port1_in,port1_out,1597
NOC_NPS_VNOC_X2Y5,NOC_NPS_VNOC_X2Y4,port1_out,port1_in,1581
NOC_NPS_VNOC_X2Y4,NOC_NPS_VNOC_X2Y6,port2_in,port0_out,1556
NOC_NPS_VNOC_X2Y4,NOC_NPS_VNOC_X2Y6,port2_out,port0_in,1598
NOC_NPS_VNOC_X2Y4,NOC_NSU512_X2Y2,port3_in,resp,1606
NOC_NPS_VNOC_X2Y4,NOC_NSU512_X2Y2,port3_out,req,1599
NOC_NMU512_X2Y3,NOC_NPS_VNOC_X2Y7,resp_in,port3_out,1543
NOC_NMU512_X2Y3,NOC_NPS_VNOC_X2Y7,req_out,port3_in,1530
NOC_NPS_VNOC_X2Y7,NOC_NPS_VNOC_X2Y9,port0_in,port2_out,1502
NOC_NPS_VNOC_X2Y7,NOC_NPS_VNOC_X2Y9,port0_out,port2_in,1540
NOC_NPS_VNOC_X2Y7,NOC_NPS_VNOC_X2Y6,port1_in,port1_out,1557
NOC_NPS_VNOC_X2Y7,NOC_NPS_VNOC_X2Y6,port1_out,port1_in,1541
NOC_NPS_VNOC_X2Y6,NOC_NPS_VNOC_X2Y8,port2_in,port0_out,1516
NOC_NPS_VNOC_X2Y6,NOC_NPS_VNOC_X2Y8,port2_out,port0_in,1558
NOC_NPS_VNOC_X2Y6,NOC_NSU512_X2Y3,port3_in,resp,1566
NOC_NPS_VNOC_X2Y6,NOC_NSU512_X2Y3,port3_out,req,1559
NOC_NPS_VNOC_X2Y9,NOC_NMU512_X2Y4,port3_in,req_out,1490
NOC_NPS_VNOC_X2Y9,NOC_NMU512_X2Y4,port3_out,resp_in,1503
NOC_NPS_VNOC_X2Y9,NOC_NPS_VNOC_X2Y11,port0_in,port2_out,1462
NOC_NPS_VNOC_X2Y9,NOC_NPS_VNOC_X2Y11,port0_out,port2_in,1500
NOC_NPS_VNOC_X2Y9,NOC_NPS_VNOC_X2Y8,port1_in,port1_out,1517
NOC_NPS_VNOC_X2Y9,NOC_NPS_VNOC_X2Y8,port1_out,port1_in,1501
NOC_NPS_VNOC_X2Y8,NOC_NPS_VNOC_X2Y10,port2_in,port0_out,1476
NOC_NPS_VNOC_X2Y8,NOC_NPS_VNOC_X2Y10,port2_out,port0_in,1518
NOC_NPS_VNOC_X2Y8,NOC_NSU512_X2Y4,port3_in,resp,1526
NOC_NPS_VNOC_X2Y8,NOC_NSU512_X2Y4,port3_out,req,1519
NOC_NPS_VNOC_X2Y11,NOC_NMU512_X2Y5,port3_in,req_out,1450
NOC_NPS_VNOC_X2Y11,NOC_NMU512_X2Y5,port3_out,resp_in,1463
NOC_NPS_VNOC_X2Y11,NOC_NPS_VNOC_X2Y13,port0_in,port2_out,1422
NOC_NPS_VNOC_X2Y11,NOC_NPS_VNOC_X2Y13,port0_out,port2_in,1460
NOC_NPS_VNOC_X2Y11,NOC_NPS_VNOC_X2Y10,port1_in,port1_out,1477
NOC_NPS_VNOC_X2Y11,NOC_NPS_VNOC_X2Y10,port1_out,port1_in,1461
NOC_NPS_VNOC_X2Y10,NOC_NPS_VNOC_X2Y12,port2_in,port0_out,1436
NOC_NPS_VNOC_X2Y10,NOC_NPS_VNOC_X2Y12,port2_out,port0_in,1478
NOC_NPS_VNOC_X2Y10,NOC_NSU512_X2Y5,port3_in,resp,1486
NOC_NPS_VNOC_X2Y10,NOC_NSU512_X2Y5,port3_out,req,1479
NOC_NPS_VNOC_X2Y13,NOC_NMU512_X2Y6,port3_in,req_out,1410
NOC_NPS_VNOC_X2Y13,NOC_NMU512_X2Y6,port3_out,resp_in,1423
NOC_NPS_VNOC_X2Y13,NOC_NPS7575_X6Y1,port0_in,port3_out,1379
NOC_NPS_VNOC_X2Y13,NOC_NPS7575_X6Y1,port0_out,port3_in,1420
NOC_NPS_VNOC_X2Y13,NOC_NPS_VNOC_X2Y12,port1_in,port1_out,1437
NOC_NPS_VNOC_X2Y13,NOC_NPS_VNOC_X2Y12,port1_out,port1_in,1421
NOC_NPS_VNOC_X2Y12,NOC_NPS7575_X6Y0,port2_in,port1_out,1373
NOC_NPS7575_X6Y0,NOC_NPS_VNOC_X2Y12,port1_in,port2_out,1438
NOC_NPS_VNOC_X2Y12,NOC_NSU512_X2Y6,port3_in,resp,1446
NOC_NPS_VNOC_X2Y12,NOC_NSU512_X2Y6,port3_out,req,1439
NOC_NPS7575_X6Y1,NOC_NIDB_X2Y0,port1_in,port0_out,1366
NOC_NPS7575_X6Y1,NOC_NIDB_X2Y0,port1_out,port0_in,1377
NOC_NIDB_X2Y0,NOC_NIDB_X2Y2,port1_in,port1_out,1271
NOC_NIDB_X2Y0,NOC_NIDB_X2Y2,port1_out,port1_in,1367
NOC_NPS7575_X6Y0,NOC_NIDB_X2Y1,port3_in,port0_out,1380
NOC_NPS7575_X6Y0,NOC_NIDB_X2Y1,port3_out,port0_in,1375
NOC_NIDB_X2Y1,NOC_NIDB_X2Y3,port1_in,port1_out,1285
NOC_NIDB_X2Y1,NOC_NIDB_X2Y3,port1_out,port1_in,1381
NOC_NIDB_X2Y2,NOC_NPS7575_X6Y3,port0_out,port1_in,1270
NOC_NIDB_X2Y2,NOC_NPS7575_X6Y3,port0_in,port1_out,1281
NOC_NPS7575_X6Y3,NOC_NPS_VNOC_X2Y15,port3_in,port2_out,1178
NOC_NPS_VNOC_X2Y15,NOC_NPS7575_X6Y3,port2_in,port3_out,1283
NOC_NIDB_X2Y3,NOC_NPS7575_X6Y2,port0_in,port3_out,1279
NOC_NIDB_X2Y3,NOC_NPS7575_X6Y2,port0_out,port3_in,1284
NOC_NPS7575_X6Y2,NOC_NPS_VNOC_X2Y14,port1_in,port0_out,1192
NOC_NPS7575_X6Y2,NOC_NPS_VNOC_X2Y14,port1_out,port0_in,1277
NOC_NPS_VNOC_X2Y15,NOC_NMU512_X2Y7,port3_in,req_out,1166
NOC_NPS_VNOC_X2Y15,NOC_NMU512_X2Y7,port3_out,resp_in,1179
NOC_NPS_VNOC_X2Y15,NOC_NPS_VNOC_X2Y17,port0_in,port2_out,1138
NOC_NPS_VNOC_X2Y15,NOC_NPS_VNOC_X2Y17,port0_out,port2_in,1176
NOC_NPS_VNOC_X2Y15,NOC_NPS_VNOC_X2Y14,port1_in,port1_out,1193
NOC_NPS_VNOC_X2Y15,NOC_NPS_VNOC_X2Y14,port1_out,port1_in,1177
NOC_NPS_VNOC_X2Y14,NOC_NPS_VNOC_X2Y16,port2_in,port0_out,1152
NOC_NPS_VNOC_X2Y14,NOC_NPS_VNOC_X2Y16,port2_out,port0_in,1194
NOC_NPS_VNOC_X2Y14,NOC_NSU512_X2Y7,port3_in,resp,1202
NOC_NPS_VNOC_X2Y14,NOC_NSU512_X2Y7,port3_out,req,1195
NOC_NPS_VNOC_X2Y17,NOC_NMU512_X2Y8,port3_in,req_out,1126
NOC_NPS_VNOC_X2Y17,NOC_NMU512_X2Y8,port3_out,resp_in,1139
NOC_NPS_VNOC_X2Y17,NOC_NPS_VNOC_X2Y19,port0_in,port2_out,1098
NOC_NPS_VNOC_X2Y17,NOC_NPS_VNOC_X2Y19,port0_out,port2_in,1136
NOC_NPS_VNOC_X2Y17,NOC_NPS_VNOC_X2Y16,port1_in,port1_out,1153
NOC_NPS_VNOC_X2Y17,NOC_NPS_VNOC_X2Y16,port1_out,port1_in,1137
NOC_NPS_VNOC_X2Y16,NOC_NPS_VNOC_X2Y18,port2_in,port0_out,1112
NOC_NPS_VNOC_X2Y16,NOC_NPS_VNOC_X2Y18,port2_out,port0_in,1154
NOC_NPS_VNOC_X2Y16,NOC_NSU512_X2Y8,port3_in,resp,1162
NOC_NPS_VNOC_X2Y16,NOC_NSU512_X2Y8,port3_out,req,1155
NOC_NPS_VNOC_X2Y19,NOC_NMU512_X2Y9,port3_in,req_out,1086
NOC_NPS_VNOC_X2Y19,NOC_NMU512_X2Y9,port3_out,resp_in,1099
NOC_NPS_VNOC_X2Y19,NOC_NPS_VNOC_X2Y21,port0_in,port2_out,1058
NOC_NPS_VNOC_X2Y19,NOC_NPS_VNOC_X2Y21,port0_out,port2_in,1096
NOC_NPS_VNOC_X2Y19,NOC_NPS_VNOC_X2Y18,port1_in,port1_out,1113
NOC_NPS_VNOC_X2Y19,NOC_NPS_VNOC_X2Y18,port1_out,port1_in,1097
NOC_NPS_VNOC_X2Y18,NOC_NPS_VNOC_X2Y20,port2_in,port0_out,1072
NOC_NPS_VNOC_X2Y18,NOC_NPS_VNOC_X2Y20,port2_out,port0_in,1114
NOC_NPS_VNOC_X2Y18,NOC_NSU512_X2Y9,port3_in,resp,1122
NOC_NPS_VNOC_X2Y18,NOC_NSU512_X2Y9,port3_out,req,1115
NOC_NPS_VNOC_X2Y21,NOC_NMU512_X2Y10,port3_out,resp_in,1059
NOC_NPS_VNOC_X2Y21,NOC_NMU512_X2Y10,port3_in,req_out,1046
NOC_NPS_VNOC_X2Y21,NOC_NPS_VNOC_X2Y23,port0_in,port2_out,1018
NOC_NPS_VNOC_X2Y21,NOC_NPS_VNOC_X2Y23,port0_out,port2_in,1056
NOC_NPS_VNOC_X2Y21,NOC_NPS_VNOC_X2Y20,port1_in,port1_out,1073
NOC_NPS_VNOC_X2Y21,NOC_NPS_VNOC_X2Y20,port1_out,port1_in,1057
NOC_NPS_VNOC_X2Y20,NOC_NPS_VNOC_X2Y22,port2_in,port0_out,1032
NOC_NPS_VNOC_X2Y20,NOC_NPS_VNOC_X2Y22,port2_out,port0_in,1074
NOC_NPS_VNOC_X2Y20,NOC_NSU512_X2Y10,port3_in,resp,1082
NOC_NPS_VNOC_X2Y20,NOC_NSU512_X2Y10,port3_out,req,1075
NOC_NPS_VNOC_X2Y23,NOC_NMU512_X2Y11,port3_in,req_out,1006
NOC_NPS_VNOC_X2Y23,NOC_NMU512_X2Y11,port3_out,resp_in,1019
NOC_NPS_VNOC_X2Y23,NOC_NPS_VNOC_X2Y25,port0_in,port2_out,978
NOC_NPS_VNOC_X2Y23,NOC_NPS_VNOC_X2Y25,port0_out,port2_in,1016
NOC_NPS_VNOC_X2Y23,NOC_NPS_VNOC_X2Y22,port1_in,port1_out,1033
NOC_NPS_VNOC_X2Y23,NOC_NPS_VNOC_X2Y22,port1_out,port1_in,1017
NOC_NPS_VNOC_X2Y22,NOC_NPS_VNOC_X2Y24,port2_in,port0_out,992
NOC_NPS_VNOC_X2Y22,NOC_NPS_VNOC_X2Y24,port2_out,port0_in,1034
NOC_NPS_VNOC_X2Y22,NOC_NSU512_X2Y11,port3_in,resp,1042
NOC_NPS_VNOC_X2Y22,NOC_NSU512_X2Y11,port3_out,req,1035
NOC_NPS_VNOC_X2Y25,NOC_NMU512_X2Y12,port3_in,req_out,966
NOC_NPS_VNOC_X2Y25,NOC_NMU512_X2Y12,port3_out,resp_in,979
NOC_NPS_VNOC_X2Y25,NOC_NPS7575_X6Y5,port0_in,port3_out,935
NOC_NPS_VNOC_X2Y25,NOC_NPS7575_X6Y5,port0_out,port3_in,976
NOC_NPS_VNOC_X2Y25,NOC_NPS_VNOC_X2Y24,port1_in,port1_out,993
NOC_NPS_VNOC_X2Y25,NOC_NPS_VNOC_X2Y24,port1_out,port1_in,977
NOC_NPS_VNOC_X2Y24,NOC_NPS7575_X6Y4,port2_in,port1_out,929
NOC_NPS_VNOC_X2Y24,NOC_NPS7575_X6Y4,port2_out,port1_in,994
NOC_NPS_VNOC_X2Y24,NOC_NSU512_X2Y12,port3_in,resp,1002
NOC_NPS_VNOC_X2Y24,NOC_NSU512_X2Y12,port3_out,req,995
NOC_NPS7575_X6Y5,NOC_NIDB_X2Y4,port1_in,port0_out,922
NOC_NPS7575_X6Y5,NOC_NIDB_X2Y4,port1_out,port0_in,933
NOC_NIDB_X2Y4,NOC_NIDB_X2Y6,port1_in,port1_out,827
NOC_NIDB_X2Y4,NOC_NIDB_X2Y6,port1_out,port1_in,923
NOC_NIDB_X2Y6,NOC_NPS7575_X6Y7,port0_in,port1_out,837
NOC_NIDB_X2Y6,NOC_NPS7575_X6Y7,port0_out,port1_in,826
NOC_NPS7575_X6Y4,NOC_NIDB_X2Y5,port3_in,port0_out,936
NOC_NPS7575_X6Y4,NOC_NIDB_X2Y5,port3_out,port0_in,931
NOC_NIDB_X2Y5,NOC_NIDB_X2Y7,port1_in,port1_out,841
NOC_NIDB_X2Y5,NOC_NIDB_X2Y7,port1_out,port1_in,937
NOC_NIDB_X2Y7,NOC_NPS7575_X6Y6,port0_out,port3_in,840
NOC_NIDB_X2Y7,NOC_NPS7575_X6Y6,port0_in,port3_out,835
NOC_NPS7575_X6Y7,NOC_NPS_VNOC_X2Y27,port3_in,port2_out,734
NOC_NPS_VNOC_X2Y27,NOC_NPS7575_X6Y7,port2_in,port3_out,839
NOC_NPS_VNOC_X2Y27,NOC_NMU512_X2Y13,port3_in,req_out,722
NOC_NPS_VNOC_X2Y27,NOC_NMU512_X2Y13,port3_out,resp_in,735
NOC_NPS_VNOC_X2Y27,NOC_NPS_VNOC_X2Y29,port0_in,port2_out,694
NOC_NPS_VNOC_X2Y27,NOC_NPS_VNOC_X2Y29,port0_out,port2_in,732
NOC_NPS_VNOC_X2Y27,NOC_NPS_VNOC_X2Y26,port1_in,port1_out,749
NOC_NPS_VNOC_X2Y27,NOC_NPS_VNOC_X2Y26,port1_out,port1_in,733
NOC_NPS_VNOC_X2Y26,NOC_NPS_VNOC_X2Y28,port2_in,port0_out,708
NOC_NPS_VNOC_X2Y26,NOC_NPS_VNOC_X2Y28,port2_out,port0_in,750
NOC_NPS_VNOC_X2Y26,NOC_NSU512_X2Y13,port3_in,resp,758
NOC_NPS_VNOC_X2Y26,NOC_NSU512_X2Y13,port3_out,req,751
NOC_NPS_VNOC_X2Y26,NOC_NPS7575_X6Y6,port0_out,port1_in,748
NOC_NPS_VNOC_X2Y26,NOC_NPS7575_X6Y6,port0_in,port1_out,833
NOC_NPS_VNOC_X2Y29,NOC_NMU512_X2Y14,port3_in,req_out,682
NOC_NPS_VNOC_X2Y29,NOC_NMU512_X2Y14,port3_out,resp_in,695
NOC_NPS_VNOC_X2Y29,NOC_NPS_VNOC_X2Y31,port0_in,port2_out,654
NOC_NPS_VNOC_X2Y29,NOC_NPS_VNOC_X2Y31,port0_out,port2_in,692
NOC_NPS_VNOC_X2Y29,NOC_NPS_VNOC_X2Y28,port1_in,port1_out,709
NOC_NPS_VNOC_X2Y29,NOC_NPS_VNOC_X2Y28,port1_out,port1_in,693
NOC_NPS_VNOC_X2Y28,NOC_NPS_VNOC_X2Y30,port2_in,port0_out,668
NOC_NPS_VNOC_X2Y28,NOC_NPS_VNOC_X2Y30,port2_out,port0_in,710
NOC_NPS_VNOC_X2Y28,NOC_NSU512_X2Y14,port3_in,resp,718
NOC_NPS_VNOC_X2Y28,NOC_NSU512_X2Y14,port3_out,req,711
NOC_NPS_VNOC_X2Y31,NOC_NMU512_X2Y15,port3_in,req_out,642
NOC_NPS_VNOC_X2Y31,NOC_NMU512_X2Y15,port3_out,resp_in,655
NOC_NPS_VNOC_X2Y31,NOC_NPS_VNOC_X2Y33,port0_in,port2_out,614
NOC_NPS_VNOC_X2Y31,NOC_NPS_VNOC_X2Y33,port0_out,port2_in,652
NOC_NPS_VNOC_X2Y31,NOC_NPS_VNOC_X2Y30,port1_in,port1_out,669
NOC_NPS_VNOC_X2Y31,NOC_NPS_VNOC_X2Y30,port1_out,port1_in,653
NOC_NPS_VNOC_X2Y30,NOC_NPS_VNOC_X2Y32,port2_in,port0_out,628
NOC_NPS_VNOC_X2Y30,NOC_NPS_VNOC_X2Y32,port2_out,port0_in,670
NOC_NPS_VNOC_X2Y30,NOC_NSU512_X2Y15,port3_in,resp,678
NOC_NPS_VNOC_X2Y30,NOC_NSU512_X2Y15,port3_out,req,671
NOC_NPS_VNOC_X2Y33,NOC_NMU512_X2Y16,port3_in,req_out,602
NOC_NPS_VNOC_X2Y33,NOC_NMU512_X2Y16,port3_out,resp_in,615
NOC_NPS_VNOC_X2Y33,NOC_NPS_VNOC_X2Y35,port0_in,port2_out,574
NOC_NPS_VNOC_X2Y33,NOC_NPS_VNOC_X2Y35,port0_out,port2_in,612
NOC_NPS_VNOC_X2Y33,NOC_NPS_VNOC_X2Y32,port1_in,port1_out,629
NOC_NPS_VNOC_X2Y33,NOC_NPS_VNOC_X2Y32,port1_out,port1_in,613
NOC_NPS_VNOC_X2Y32,NOC_NPS_VNOC_X2Y34,port2_in,port0_out,588
NOC_NPS_VNOC_X2Y32,NOC_NPS_VNOC_X2Y34,port2_out,port0_in,630
NOC_NPS_VNOC_X2Y32,NOC_NSU512_X2Y16,port3_in,resp,638
NOC_NPS_VNOC_X2Y32,NOC_NSU512_X2Y16,port3_out,req,631
NOC_NPS_VNOC_X2Y35,NOC_NMU512_X2Y17,port3_in,req_out,562
NOC_NPS_VNOC_X2Y35,NOC_NMU512_X2Y17,port3_out,resp_in,575
NOC_NPS_VNOC_X2Y35,NOC_NPS_VNOC_X2Y37,port0_in,port2_out,534
NOC_NPS_VNOC_X2Y35,NOC_NPS_VNOC_X2Y37,port0_out,port2_in,572
NOC_NPS_VNOC_X2Y35,NOC_NPS_VNOC_X2Y34,port1_in,port1_out,589
NOC_NPS_VNOC_X2Y35,NOC_NPS_VNOC_X2Y34,port1_out,port1_in,573
NOC_NPS_VNOC_X2Y34,NOC_NPS_VNOC_X2Y36,port2_in,port0_out,548
NOC_NPS_VNOC_X2Y34,NOC_NPS_VNOC_X2Y36,port2_out,port0_in,590
NOC_NPS_VNOC_X2Y34,NOC_NSU512_X2Y17,port3_in,resp,598
NOC_NPS_VNOC_X2Y34,NOC_NSU512_X2Y17,port3_out,req,591
NOC_NPS_VNOC_X2Y37,NOC_NMU512_X2Y18,port3_in,req_out,522
NOC_NPS_VNOC_X2Y37,NOC_NMU512_X2Y18,port3_out,resp_in,535
NOC_NPS_VNOC_X2Y37,NOC_NPS_VNOC_X2Y36,port1_in,port1_out,549
NOC_NPS_VNOC_X2Y37,NOC_NPS_VNOC_X2Y36,port1_out,port1_in,533
NOC_NPS_VNOC_X2Y36,NOC_NSU512_X2Y18,port3_in,resp,558
NOC_NPS_VNOC_X2Y36,NOC_NSU512_X2Y18,port3_out,req,551
NOC_NPS_VNOC_X3Y3,NOC_NMU512_X3Y1,port3_in,req_out,1611
NOC_NPS_VNOC_X3Y3,NOC_NMU512_X3Y1,port3_out,resp_in,1627
NOC_NPS_VNOC_X3Y3,NOC_NPS_VNOC_X3Y5,port0_in,port2_out,1586
NOC_NPS_VNOC_X3Y3,NOC_NPS_VNOC_X3Y5,port0_out,port2_in,1624
NOC_NPS_VNOC_X3Y3,NOC_NPS_VNOC_X3Y2,port1_in,port1_out,1641
NOC_NPS_VNOC_X3Y3,NOC_NPS_VNOC_X3Y2,port1_out,port1_in,1625
NOC_NPS_VNOC_X3Y2,NOC_NPS_VNOC_X3Y4,port2_in,port0_out,1600
NOC_NPS_VNOC_X3Y2,NOC_NPS_VNOC_X3Y4,port2_out,port0_in,1642
NOC_NPS_VNOC_X3Y2,NOC_NSU512_X3Y1,port3_in,resp,1647
NOC_NPS_VNOC_X3Y2,NOC_NSU512_X3Y1,port3_out,req,1643
NOC_NPS_VNOC_X3Y5,NOC_NMU512_X3Y2,port3_in,req_out,1571
NOC_NPS_VNOC_X3Y5,NOC_NMU512_X3Y2,port3_out,resp_in,1587
NOC_NPS_VNOC_X3Y5,NOC_NPS_VNOC_X3Y7,port0_in,port2_out,1546
NOC_NPS_VNOC_X3Y5,NOC_NPS_VNOC_X3Y7,port0_out,port2_in,1584
NOC_NPS_VNOC_X3Y5,NOC_NPS_VNOC_X3Y4,port1_in,port1_out,1601
NOC_NPS_VNOC_X3Y5,NOC_NPS_VNOC_X3Y4,port1_out,port1_in,1585
NOC_NPS_VNOC_X3Y4,NOC_NPS_VNOC_X3Y6,port2_in,port0_out,1560
NOC_NPS_VNOC_X3Y4,NOC_NPS_VNOC_X3Y6,port2_out,port0_in,1602
NOC_NPS_VNOC_X3Y4,NOC_NSU512_X3Y2,port3_in,resp,1607
NOC_NPS_VNOC_X3Y4,NOC_NSU512_X3Y2,port3_out,req,1603
NOC_NPS_VNOC_X3Y7,NOC_NMU512_X3Y3,port3_in,req_out,1531
NOC_NPS_VNOC_X3Y7,NOC_NMU512_X3Y3,port3_out,resp_in,1547
NOC_NPS_VNOC_X3Y7,NOC_NPS_VNOC_X3Y9,port0_in,port2_out,1506
NOC_NPS_VNOC_X3Y7,NOC_NPS_VNOC_X3Y9,port0_out,port2_in,1544
NOC_NPS_VNOC_X3Y7,NOC_NPS_VNOC_X3Y6,port1_in,port1_out,1561
NOC_NPS_VNOC_X3Y7,NOC_NPS_VNOC_X3Y6,port1_out,port1_in,1545
NOC_NPS_VNOC_X3Y6,NOC_NPS_VNOC_X3Y8,port2_in,port0_out,1520
NOC_NPS_VNOC_X3Y6,NOC_NPS_VNOC_X3Y8,port2_out,port0_in,1562
NOC_NPS_VNOC_X3Y6,NOC_NSU512_X3Y3,port3_in,resp,1567
NOC_NPS_VNOC_X3Y6,NOC_NSU512_X3Y3,port3_out,req,1563
NOC_NPS_VNOC_X3Y9,NOC_NMU512_X3Y4,port3_in,req_out,1491
NOC_NPS_VNOC_X3Y9,NOC_NMU512_X3Y4,port3_out,resp_in,1507
NOC_NPS_VNOC_X3Y9,NOC_NPS_VNOC_X3Y11,port0_in,port2_out,1466
NOC_NPS_VNOC_X3Y9,NOC_NPS_VNOC_X3Y11,port0_out,port2_in,1504
NOC_NPS_VNOC_X3Y9,NOC_NPS_VNOC_X3Y8,port1_in,port1_out,1521
NOC_NPS_VNOC_X3Y9,NOC_NPS_VNOC_X3Y8,port1_out,port1_in,1505
NOC_NPS_VNOC_X3Y8,NOC_NPS_VNOC_X3Y10,port2_in,port0_out,1480
NOC_NPS_VNOC_X3Y8,NOC_NPS_VNOC_X3Y10,port2_out,port0_in,1522
NOC_NPS_VNOC_X3Y8,NOC_NSU512_X3Y4,port3_in,resp,1527
NOC_NPS_VNOC_X3Y8,NOC_NSU512_X3Y4,port3_out,req,1523
NOC_NPS_VNOC_X3Y11,NOC_NMU512_X3Y5,port3_in,req_out,1451
NOC_NPS_VNOC_X3Y11,NOC_NMU512_X3Y5,port3_out,resp_in,1467
NOC_NPS_VNOC_X3Y11,NOC_NPS_VNOC_X3Y13,port0_in,port2_out,1426
NOC_NPS_VNOC_X3Y11,NOC_NPS_VNOC_X3Y13,port0_out,port2_in,1464
NOC_NPS_VNOC_X3Y11,NOC_NPS_VNOC_X3Y10,port1_in,port1_out,1481
NOC_NPS_VNOC_X3Y11,NOC_NPS_VNOC_X3Y10,port1_out,port1_in,1465
NOC_NPS_VNOC_X3Y10,NOC_NPS_VNOC_X3Y12,port2_in,port0_out,1440
NOC_NPS_VNOC_X3Y10,NOC_NPS_VNOC_X3Y12,port2_out,port0_in,1482
NOC_NPS_VNOC_X3Y10,NOC_NSU512_X3Y5,port3_in,resp,1487
NOC_NPS_VNOC_X3Y10,NOC_NSU512_X3Y5,port3_out,req,1483
NOC_NPS_VNOC_X3Y13,NOC_NMU512_X3Y6,port3_in,req_out,1411
NOC_NPS_VNOC_X3Y13,NOC_NMU512_X3Y6,port3_out,resp_in,1427
NOC_NPS_VNOC_X3Y13,NOC_NPS7575_X7Y1,port0_in,port3_out,1403
NOC_NPS_VNOC_X3Y13,NOC_NPS7575_X7Y1,port0_out,port3_in,1424
NOC_NPS_VNOC_X3Y13,NOC_NPS_VNOC_X3Y12,port1_in,port1_out,1441
NOC_NPS_VNOC_X3Y13,NOC_NPS_VNOC_X3Y12,port1_out,port1_in,1425
NOC_NPS_VNOC_X3Y12,NOC_NPS7575_X7Y0,port2_in,port1_out,1397
NOC_NPS7575_X7Y0,NOC_NPS_VNOC_X3Y12,port1_in,port2_out,1442
NOC_NPS_VNOC_X3Y12,NOC_NSU512_X3Y6,port3_in,resp,1447
NOC_NPS_VNOC_X3Y12,NOC_NSU512_X3Y6,port3_out,req,1443
NOC_NPS7575_X7Y1,NOC_NPP_RPTR_X3Y3,port2_in,port1_out,1407
NOC_NPS7575_X7Y1,NOC_NPP_RPTR_X3Y3,port2_out,port0_in,1402
NOC_NPS7575_X7Y1,NOC_NIDB_X3Y0,port1_in,port0_out,1390
NOC_NIDB_X3Y0,NOC_NPS7575_X7Y1,port0_in,port1_out,1401
NOC_NIDB_X3Y0,NOC_NIDB_X3Y2,port1_in,port1_out,1295
NOC_NIDB_X3Y2,NOC_NPS7575_X7Y3,port0_in,port1_out,1305
NOC_NIDB_X3Y2,NOC_NPS7575_X7Y3,port0_out,port1_in,1294
NOC_NIDB_X3Y2,NOC_NIDB_X3Y0,port1_in,port1_out,1391
NOC_NPS7575_X7Y0,NOC_NPP_RPTR_X3Y2,port2_in,port1_out,1406
NOC_NPS7575_X7Y0,NOC_NPP_RPTR_X3Y2,port2_out,port0_in,1398
NOC_NPS7575_X7Y0,NOC_NIDB_X3Y1,port3_in,port0_out,1404
NOC_NPS7575_X7Y0,NOC_NIDB_X3Y1,port3_out,port0_in,1399
NOC_NIDB_X3Y1,NOC_NIDB_X3Y3,port1_in,port1_out,1309
NOC_NIDB_X3Y3,NOC_NIDB_X3Y1,port1_in,port1_out,1405
NOC_NPS7575_X7Y3,NOC_NPS_VNOC_X3Y15,port3_in,port2_out,1182
NOC_NPS_VNOC_X3Y15,NOC_NPS7575_X7Y3,port2_in,port3_out,1307
NOC_NIDB_X3Y3,NOC_NPS7575_X7Y2,port0_out,port3_in,1308
NOC_NIDB_X3Y3,NOC_NPS7575_X7Y2,port0_in,port3_out,1303
NOC_NPS7575_X7Y2,NOC_NPS_VNOC_X3Y14,port1_in,port0_out,1196
NOC_NPS_VNOC_X3Y14,NOC_NPS7575_X7Y2,port0_in,port1_out,1301
NOC_NMU512_X3Y7,NOC_NPS_VNOC_X3Y15,resp_in,port3_out,1183
NOC_NMU512_X3Y7,NOC_NPS_VNOC_X3Y15,req_out,port3_in,1167
NOC_NPS_VNOC_X3Y15,NOC_NPS_VNOC_X3Y17,port0_in,port2_out,1142
NOC_NPS_VNOC_X3Y17,NOC_NPS_VNOC_X3Y15,port2_in,port0_out,1180
NOC_NPS_VNOC_X3Y15,NOC_NPS_VNOC_X3Y14,port1_in,port1_out,1197
NOC_NPS_VNOC_X3Y14,NOC_NPS_VNOC_X3Y15,port1_in,port1_out,1181
NOC_NPS_VNOC_X3Y14,NOC_NPS_VNOC_X3Y16,port2_in,port0_out,1156
NOC_NPS_VNOC_X3Y16,NOC_NPS_VNOC_X3Y14,port0_in,port2_out,1198
NOC_NPS_VNOC_X3Y14,NOC_NSU512_X3Y7,port3_in,resp,1203
NOC_NPS_VNOC_X3Y14,NOC_NSU512_X3Y7,port3_out,req,1199
NOC_NPS_VNOC_X3Y17,NOC_NMU512_X3Y8,port3_in,req_out,1127
NOC_NPS_VNOC_X3Y17,NOC_NMU512_X3Y8,port3_out,resp_in,1143
NOC_NPS_VNOC_X3Y17,NOC_NPS_VNOC_X3Y19,port0_in,port2_out,1102
NOC_NPS_VNOC_X3Y19,NOC_NPS_VNOC_X3Y17,port2_in,port0_out,1140
NOC_NPS_VNOC_X3Y17,NOC_NPS_VNOC_X3Y16,port1_in,port1_out,1157
NOC_NPS_VNOC_X3Y16,NOC_NPS_VNOC_X3Y18,port2_in,port0_out,1116
NOC_NPS_VNOC_X3Y18,NOC_NPS_VNOC_X3Y16,port0_in,port2_out,1158
NOC_NPS_VNOC_X3Y16,NOC_NSU512_X3Y8,port3_in,resp,1163
NOC_NSU512_X3Y8,NOC_NPS_VNOC_X3Y16,req,port3_out,1159
NOC_NPS_VNOC_X3Y16,NOC_NPS_VNOC_X3Y17,port1_in,port1_out,1141
NOC_NPS_VNOC_X3Y19,NOC_NMU512_X3Y9,port3_in,req_out,1087
NOC_NMU512_X3Y9,NOC_NPS_VNOC_X3Y19,resp_in,port3_out,1103
NOC_NPS_VNOC_X3Y19,NOC_NPS_VNOC_X3Y21,port0_in,port2_out,1062
NOC_NPS_VNOC_X3Y21,NOC_NPS_VNOC_X3Y19,port2_in,port0_out,1100
NOC_NPS_VNOC_X3Y19,NOC_NPS_VNOC_X3Y18,port1_in,port1_out,1117
NOC_NPS_VNOC_X3Y19,NOC_NPS_VNOC_X3Y18,port1_out,port1_in,1101
NOC_NPS_VNOC_X3Y18,NOC_NPS_VNOC_X3Y20,port2_in,port0_out,1076
NOC_NPS_VNOC_X3Y20,NOC_NPS_VNOC_X3Y18,port0_in,port2_out,1118
NOC_NPS_VNOC_X3Y18,NOC_NSU512_X3Y9,port3_in,resp,1123
NOC_NSU512_X3Y9,NOC_NPS_VNOC_X3Y18,req,port3_out,1119
NOC_NPS_VNOC_X3Y21,NOC_NMU512_X3Y10,port3_in,req_out,1047
NOC_NMU512_X3Y10,NOC_NPS_VNOC_X3Y21,resp_in,port3_out,1063
NOC_NPS_VNOC_X3Y21,NOC_NPS_VNOC_X3Y23,port0_in,port2_out,1022
NOC_NPS_VNOC_X3Y23,NOC_NPS_VNOC_X3Y21,port2_in,port0_out,1060
NOC_NPS_VNOC_X3Y21,NOC_NPS_VNOC_X3Y20,port1_in,port1_out,1077
NOC_NPS_VNOC_X3Y20,NOC_NPS_VNOC_X3Y21,port1_in,port1_out,1061
NOC_NPS_VNOC_X3Y20,NOC_NPS_VNOC_X3Y22,port2_in,port0_out,1036
NOC_NPS_VNOC_X3Y22,NOC_NPS_VNOC_X3Y20,port0_in,port2_out,1078
NOC_NPS_VNOC_X3Y20,NOC_NSU512_X3Y10,port3_in,resp,1083
NOC_NSU512_X3Y10,NOC_NPS_VNOC_X3Y20,req,port3_out,1079
NOC_NPS_VNOC_X3Y23,NOC_NMU512_X3Y11,port3_in,req_out,1007
NOC_NMU512_X3Y11,NOC_NPS_VNOC_X3Y23,resp_in,port3_out,1023
NOC_NPS_VNOC_X3Y23,NOC_NPS_VNOC_X3Y25,port0_in,port2_out,982
NOC_NPS_VNOC_X3Y25,NOC_NPS_VNOC_X3Y23,port2_in,port0_out,1020
NOC_NPS_VNOC_X3Y23,NOC_NPS_VNOC_X3Y22,port1_in,port1_out,1037
NOC_NPS_VNOC_X3Y22,NOC_NPS_VNOC_X3Y23,port1_in,port1_out,1021
NOC_NPS_VNOC_X3Y22,NOC_NPS_VNOC_X3Y24,port2_in,port0_out,996
NOC_NPS_VNOC_X3Y24,NOC_NPS_VNOC_X3Y22,port0_in,port2_out,1038
NOC_NPS_VNOC_X3Y22,NOC_NSU512_X3Y11,port3_in,resp,1043
NOC_NSU512_X3Y11,NOC_NPS_VNOC_X3Y22,req,port3_out,1039
NOC_NPS_VNOC_X3Y25,NOC_NMU512_X3Y12,port3_in,req_out,967
NOC_NMU512_X3Y12,NOC_NPS_VNOC_X3Y25,resp_in,port3_out,983
NOC_NPS_VNOC_X3Y25,NOC_NPS_VNOC_X3Y24,port1_in,port1_out,997
NOC_NPS_VNOC_X3Y25,NOC_NPS_VNOC_X3Y24,port1_out,port1_in,981
NOC_NPS_VNOC_X3Y24,NOC_NSU512_X3Y12,port3_in,resp,1003
NOC_NPS_VNOC_X3Y24,NOC_NSU512_X3Y12,port3_out,req,999
NOC_NPS_VNOC_X3Y25,NOC_NPS7575_X7Y5,port0_in,port3_out,959
NOC_NPS7575_X7Y5,NOC_NPS_VNOC_X3Y25,port3_in,port0_out,980
NOC_NPS_VNOC_X3Y24,NOC_NPS7575_X7Y4,port2_in,port1_out,953
NOC_NPS7575_X7Y4,NOC_NPS_VNOC_X3Y24,port1_in,port2_out,998
NOC_NPS7575_X7Y5,NOC_NPP_RPTR_X3Y11,port2_in,port1_out,963
NOC_NPP_RPTR_X3Y11,NOC_NPS7575_X7Y5,port0_in,port2_out,958
NOC_NPS7575_X7Y5,NOC_NIDB_X3Y4,port1_in,port0_out,946
NOC_NIDB_X3Y4,NOC_NPS7575_X7Y5,port0_in,port1_out,957
NOC_NIDB_X3Y4,NOC_NIDB_X3Y6,port1_in,port1_out,851
NOC_NIDB_X3Y6,NOC_NIDB_X3Y4,port1_in,port1_out,947
NOC_NIDB_X3Y6,NOC_NPS7575_X7Y7,port0_in,port1_out,861
NOC_NIDB_X3Y6,NOC_NPS7575_X7Y7,port0_out,port1_in,850
NOC_NPS7575_X7Y4,NOC_NPP_RPTR_X3Y10,port2_in,port1_out,962
NOC_NPP_RPTR_X3Y10,NOC_NPS7575_X7Y4,port0_in,port2_out,954
NOC_NPS7575_X7Y4,NOC_NIDB_X3Y5,port3_out,port0_in,955
NOC_NPS7575_X7Y4,NOC_NIDB_X3Y5,port3_in,port0_out,960
NOC_NIDB_X3Y5,NOC_NIDB_X3Y7,port1_in,port1_out,865
NOC_NIDB_X3Y7,NOC_NIDB_X3Y5,port1_in,port1_out,961
NOC_NIDB_X3Y7,NOC_NPS7575_X7Y6,port0_out,port3_in,864
NOC_NIDB_X3Y7,NOC_NPS7575_X7Y6,port0_in,port3_out,859
NOC_NPS7575_X7Y7,NOC_NPS_VNOC_X3Y27,port3_in,port2_out,738
NOC_NPS_VNOC_X3Y27,NOC_NPS7575_X7Y7,port2_in,port3_out,863
NOC_NPS7575_X7Y6,NOC_NPS_VNOC_X3Y26,port1_in,port0_out,752
NOC_NPS_VNOC_X3Y26,NOC_NPS7575_X7Y6,port0_in,port1_out,857
NOC_NPS_VNOC_X3Y27,NOC_NMU512_X3Y13,port3_in,req_out,723
NOC_NMU512_X3Y13,NOC_NPS_VNOC_X3Y27,resp_in,port3_out,739
NOC_NPS_VNOC_X3Y27,NOC_NPS_VNOC_X3Y29,port0_in,port2_out,698
NOC_NPS_VNOC_X3Y29,NOC_NPS_VNOC_X3Y27,port2_in,port0_out,736
NOC_NPS_VNOC_X3Y27,NOC_NPS_VNOC_X3Y26,port1_in,port1_out,753
NOC_NPS_VNOC_X3Y26,NOC_NPS_VNOC_X3Y27,port1_in,port1_out,737
NOC_NPS_VNOC_X3Y26,NOC_NPS_VNOC_X3Y28,port2_in,port0_out,712
NOC_NPS_VNOC_X3Y28,NOC_NPS_VNOC_X3Y26,port0_in,port2_out,754
NOC_NPS_VNOC_X3Y26,NOC_NSU512_X3Y13,port3_in,resp,759
NOC_NSU512_X3Y13,NOC_NPS_VNOC_X3Y26,req,port3_out,755
NOC_NPS_VNOC_X3Y29,NOC_NMU512_X3Y14,port3_in,req_out,683
NOC_NMU512_X3Y14,NOC_NPS_VNOC_X3Y29,resp_in,port3_out,699
NOC_NPS_VNOC_X3Y29,NOC_NPS_VNOC_X3Y31,port0_in,port2_out,658
NOC_NPS_VNOC_X3Y31,NOC_NPS_VNOC_X3Y29,port2_in,port0_out,696
NOC_NPS_VNOC_X3Y29,NOC_NPS_VNOC_X3Y28,port1_in,port1_out,713
NOC_NPS_VNOC_X3Y28,NOC_NPS_VNOC_X3Y29,port1_in,port1_out,697
NOC_NPS_VNOC_X3Y28,NOC_NPS_VNOC_X3Y30,port2_in,port0_out,672
NOC_NPS_VNOC_X3Y30,NOC_NPS_VNOC_X3Y28,port0_in,port2_out,714
NOC_NPS_VNOC_X3Y28,NOC_NSU512_X3Y14,port3_in,resp,719
NOC_NSU512_X3Y14,NOC_NPS_VNOC_X3Y28,req,port3_out,715
NOC_NPS_VNOC_X3Y31,NOC_NMU512_X3Y15,port3_in,req_out,643
NOC_NMU512_X3Y15,NOC_NPS_VNOC_X3Y31,resp_in,port3_out,659
NOC_NPS_VNOC_X3Y31,NOC_NPS_VNOC_X3Y33,port0_in,port2_out,618
NOC_NPS_VNOC_X3Y33,NOC_NPS_VNOC_X3Y31,port2_in,port0_out,656
NOC_NPS_VNOC_X3Y31,NOC_NPS_VNOC_X3Y30,port1_in,port1_out,673
NOC_NPS_VNOC_X3Y30,NOC_NPS_VNOC_X3Y31,port1_in,port1_out,657
NOC_NPS_VNOC_X3Y30,NOC_NPS_VNOC_X3Y32,port2_in,port0_out,632
NOC_NPS_VNOC_X3Y32,NOC_NPS_VNOC_X3Y30,port0_in,port2_out,674
NOC_NPS_VNOC_X3Y30,NOC_NSU512_X3Y15,port3_in,resp,679
NOC_NSU512_X3Y15,NOC_NPS_VNOC_X3Y30,req,port3_out,675
NOC_NPS_VNOC_X3Y33,NOC_NMU512_X3Y16,port3_in,req_out,603
NOC_NMU512_X3Y16,NOC_NPS_VNOC_X3Y33,resp_in,port3_out,619
NOC_NPS_VNOC_X3Y33,NOC_NPS_VNOC_X3Y35,port0_in,port2_out,578
NOC_NPS_VNOC_X3Y35,NOC_NPS_VNOC_X3Y33,port2_in,port0_out,616
NOC_NPS_VNOC_X3Y33,NOC_NPS_VNOC_X3Y32,port1_in,port1_out,633
NOC_NPS_VNOC_X3Y32,NOC_NPS_VNOC_X3Y33,port1_in,port1_out,617
NOC_NPS_VNOC_X3Y32,NOC_NPS_VNOC_X3Y34,port2_in,port0_out,592
NOC_NPS_VNOC_X3Y34,NOC_NPS_VNOC_X3Y32,port0_in,port2_out,634
NOC_NPS_VNOC_X3Y32,NOC_NSU512_X3Y16,port3_in,resp,639
NOC_NSU512_X3Y16,NOC_NPS_VNOC_X3Y32,req,port3_out,635
NOC_NPS_VNOC_X3Y35,NOC_NMU512_X3Y17,port3_in,req_out,563
NOC_NMU512_X3Y17,NOC_NPS_VNOC_X3Y35,resp_in,port3_out,579
NOC_NPS_VNOC_X3Y35,NOC_NPS_VNOC_X3Y37,port0_in,port2_out,538
NOC_NPS_VNOC_X3Y37,NOC_NMU512_X3Y18,port3_in,req_out,523
NOC_NMU512_X3Y18,NOC_NPS_VNOC_X3Y37,resp_in,port3_out,539
NOC_NPS_VNOC_X3Y37,NOC_NPS_VNOC_X3Y35,port2_in,port0_out,576
NOC_NPS_VNOC_X3Y37,NOC_NPS_VNOC_X3Y36,port1_in,port1_out,553
NOC_NPS_VNOC_X3Y36,NOC_NPS_VNOC_X3Y37,port1_in,port1_out,537
NOC_NPS_VNOC_X3Y35,NOC_NPS_VNOC_X3Y34,port1_in,port1_out,593
NOC_NPS_VNOC_X3Y34,NOC_NPS_VNOC_X3Y35,port1_in,port1_out,577
NOC_NPS_VNOC_X3Y34,NOC_NPS_VNOC_X3Y36,port2_in,port0_out,552
NOC_NPS_VNOC_X3Y36,NOC_NPS_VNOC_X3Y34,port0_in,port2_out,594
NOC_NPS_VNOC_X3Y34,NOC_NSU512_X3Y17,port3_in,resp,599
NOC_NSU512_X3Y17,NOC_NPS_VNOC_X3Y34,req,port3_out,595
NOC_NPS_VNOC_X3Y36,NOC_NSU512_X3Y18,port3_in,resp,559
NOC_NSU512_X3Y18,NOC_NPS_VNOC_X3Y36,req,port3_out,555
NOC_NPS_VNOC_X3Y1,NOC_NMU512_X3Y0,port3_in,req_out,1651
NOC_NPS_VNOC_X3Y1,NOC_NMU512_X3Y0,port3_out,resp_in,1667
NOC_NPS_VNOC_X3Y1,NOC_NPS_VNOC_X3Y3,port0_in,port2_out,1626
NOC_NPS_VNOC_X3Y3,NOC_NPS_VNOC_X3Y1,port2_in,port0_out,1664
NOC_NPS_VNOC_X3Y1,NOC_NPS_VNOC_X3Y0,port1_in,port1_out,1681
NOC_NPS_VNOC_X3Y0,NOC_NPS_VNOC_X3Y1,port1_in,port1_out,1665
NOC_NPS_VNOC_X3Y0,NOC_NPS_VNOC_X3Y2,port2_in,port0_out,1640
NOC_NPS_VNOC_X3Y2,NOC_NPS_VNOC_X3Y0,port0_in,port2_out,1682
NOC_NPS_VNOC_X3Y0,NOC_NSU512_X3Y0,port3_in,resp,1687
NOC_NSU512_X3Y0,NOC_NPS_VNOC_X3Y0,req,port3_out,1683
NOC_NPS6_X3Y0,NOC_NPS6_X4Y0,port3_out,port0_in,295
NOC_NPS6_X4Y0,NOC_NPS6_X3Y0,port0_out,port3_in,316
NOC_NPS5555_X21Y0,NOC_NPS5555_X19Y0,port0_in,port2_out,1882
NOC_NPS5555_X19Y0,NOC_NPS5555_X21Y0,port2_in,port0_out,1901
NOC_NPS5555_X20Y0,NOC_NPS5555_X18Y0,port0_out,port2_in,1890
NOC_NPS5555_X18Y0,NOC_NPS5555_X20Y0,port2_out,port0_in,1873
NOC_NPS5555_X3Y1,NOC_NPS5555_X5Y1,port2_in,port0_out,1747
NOC_NPS5555_X5Y1,NOC_NPS5555_X3Y1,port0_in,port2_out,1734
